{"type": "FeatureCollection", "name": "avenida_torrencial", "crs": {"type": "name", "properties": {"name": "urn:ogc:def:crs:OGC:1.3:CRS84"}}, "features": [{"type": "Feature", "geometry": {"type": "MultiPolygon", "coordinates": [[[[-75.413052, 6.35667], [-75.412998, 6.356626], [-75.413062, 6.356569], [-75.413052, 6.35667]]], [[[-75.413764, 6.356184], [-75.41373, 6.356175], [-75.413704, 6.356041], [-75.413764, 6.356184]]], [[[-75.413795, 6.354548], [-75.413811, 6.354641], [-75.413773, 6.354672], [-75.413795, 6.354548]]], [[[-75.420843, 6.392662], [-75.420573, 6.392733], [-75.419892, 6.392696], [-75.420186, 6.392608], [-75.420528, 6.392699], [-75.420843, 6.392662]]], [[[-75.419507, 6.392619], [-75.419053, 6.392697], [-75.418278, 6.392523], [-75.418184, 6.392376], [-75.418497, 6.392505], [-75.419507, 6.392619]]], [[[-75.419283, 6.392341], [-75.418751, 6.392176], [-75.418607, 6.392053], [-75.418546, 6.391773], [-75.418647, 6.391472], [-75.419099, 6.391555], [-75.418723, 6.391634], [-75.418685, 6.391972], [-75.418795, 6.392114], [-75.419148, 6.392204], [-75.419283, 6.392341]]], [[[-75.420356, 6.342752], [-75.420236, 6.342676], [-75.420048, 6.342479], [-75.42018, 6.342548], [-75.420356, 6.342752]]], [[[-75.419878, 6.342413], [-75.419571, 6.34232], [-75.419526, 6.342284], [-75.419878, 6.342413]]], [[[-75.419913, 6.341753], [-75.41998, 6.341488], [-75.420117, 6.341232], [-75.419996, 6.3416], [-75.419913, 6.341753]]], [[[-75.420183, 6.34169], [-75.420167, 6.3418], [-75.4201, 6.34192], [-75.420111, 6.341795], [-75.420183, 6.34169]]], [[[-75.4219, 6.391697], [-75.421591, 6.39185], [-75.421409, 6.391851], [-75.421872, 6.391587], [-75.4219, 6.391697]]], [[[-75.421138, 6.391847], [-75.420346, 6.392083], [-75.420195, 6.392307], [-75.42009, 6.39216], [-75.420104, 6.391879], [-75.419818, 6.391944], [-75.419741, 6.39175], [-75.41985, 6.391623], [-75.420107, 6.391596], [-75.421138, 6.391847]]], [[[-75.421326, 6.390228], [-75.421275, 6.390253], [-75.421275, 6.390177], [-75.421326, 6.390228]]], [[[-75.421294, 6.390578], [-75.421156, 6.390511], [-75.421032, 6.39033], [-75.4212, 6.390434], [-75.421294, 6.390578]]], [[[-75.420961, 6.390198], [-75.420796, 6.389636], [-75.420585, 6.389419], [-75.420949, 6.389745], [-75.420961, 6.390198]]], [[[-75.421132, 6.389755], [-75.42093, 6.389439], [-75.420927, 6.389366], [-75.421132, 6.389755]]], [[[-75.421201, 6.390056], [-75.421229, 6.389994], [-75.42125, 6.390082], [-75.421201, 6.390056]]], [[[-75.42017, 6.389252], [-75.42022, 6.389148], [-75.420232, 6.389004], [-75.420244, 6.389298], [-75.42017, 6.389252]]], [[[-75.42026, 6.388309], [-75.420184, 6.388292], [-75.420182, 6.388261], [-75.42026, 6.388309]]], [[[-75.420371, 6.388684], [-75.420357, 6.388727], [-75.420331, 6.388676], [-75.420371, 6.388684]]], [[[-75.421018, 6.339611], [-75.421028, 6.340089], [-75.420796, 6.340432], [-75.420979, 6.340055], [-75.421018, 6.339611]]], [[[-75.420357, 6.340706], [-75.420342, 6.340373], [-75.420422, 6.340148], [-75.420357, 6.340706]]], [[[-75.420469, 6.339935], [-75.420416, 6.339592], [-75.420127, 6.339175], [-75.42016, 6.339074], [-75.420635, 6.33922], [-75.420943, 6.339223], [-75.421061, 6.339339], [-75.421043, 6.339398], [-75.420887, 6.339294], [-75.420552, 6.339314], [-75.420469, 6.339935]]], [[[-75.421179, 6.398467], [-75.421052, 6.398443], [-75.421037, 6.398378], [-75.421179, 6.398467]]], [[[-75.421053, 6.398262], [-75.421039, 6.398136], [-75.421064, 6.398102], [-75.421053, 6.398262]]], [[[-75.421298, 6.343449], [-75.421178, 6.343358], [-75.42112, 6.343225], [-75.421259, 6.34336], [-75.421298, 6.343449]]], [[[-75.421869, 6.399414], [-75.421922, 6.399506], [-75.421889, 6.399565], [-75.421752, 6.399473], [-75.421869, 6.399414]]], [[[-75.421885, 6.391025], [-75.42185, 6.390891], [-75.421731, 6.39072], [-75.421887, 6.390869], [-75.421885, 6.391025]]], [[[-75.421983, 6.398976], [-75.421915, 6.398999], [-75.421853, 6.398562], [-75.421969, 6.398714], [-75.421983, 6.398976]]], [[[-75.422038, 6.390266], [-75.421842, 6.390272], [-75.422152, 6.390146], [-75.422038, 6.390266]]], [[[-75.422448, 6.361634], [-75.422258, 6.36141], [-75.4223, 6.361329], [-75.422419, 6.361389], [-75.422448, 6.361634]]], [[[-75.421943, 6.361065], [-75.421856, 6.360924], [-75.421993, 6.360893], [-75.421932, 6.360938], [-75.421943, 6.361065]]], [[[-75.422929, 6.389266], [-75.42273, 6.389646], [-75.422532, 6.389785], [-75.422929, 6.389266]]], [[[-75.422793, 6.397399], [-75.422765, 6.397517], [-75.422679, 6.397557], [-75.422689, 6.39737], [-75.422793, 6.397399]]], [[[-75.422878, 6.391619], [-75.422747, 6.391481], [-75.422626, 6.390766], [-75.422729, 6.390474], [-75.422672, 6.390859], [-75.422878, 6.391619]]], [[[-75.423638, 6.395222], [-75.423343, 6.395411], [-75.423074, 6.395421], [-75.423638, 6.395222]]], [[[-75.422834, 6.395807], [-75.422842, 6.396109], [-75.422814, 6.396143], [-75.422834, 6.395807]]], [[[-75.423031, 6.388638], [-75.423009, 6.388588], [-75.422853, 6.388347], [-75.423009, 6.38852], [-75.423031, 6.388638]]], [[[-75.423284, 6.389842], [-75.423234, 6.389959], [-75.423158, 6.39001], [-75.423234, 6.389877], [-75.423284, 6.389842]]], [[[-75.423316, 6.388206], [-75.423228, 6.388183], [-75.423254, 6.388083], [-75.423347, 6.388105], [-75.423316, 6.388206]]], [[[-75.423451, 6.389209], [-75.423316, 6.38932], [-75.423399, 6.389133], [-75.423451, 6.389209]]], [[[-75.424002, 6.392358], [-75.423952, 6.392404], [-75.423952, 6.392331], [-75.424002, 6.392358]]], [[[-75.423778, 6.392161], [-75.423649, 6.392085], [-75.42342, 6.392075], [-75.423683, 6.392051], [-75.423778, 6.392161]]], [[[-75.424376, 6.406018], [-75.423917, 6.40578], [-75.423702, 6.405233], [-75.423739, 6.405088], [-75.42385, 6.405036], [-75.423827, 6.405198], [-75.42415, 6.405145], [-75.424135, 6.404995], [-75.423929, 6.404941], [-75.423936, 6.404714], [-75.424085, 6.404505], [-75.424404, 6.40439], [-75.424574, 6.404444], [-75.424578, 6.404647], [-75.424792, 6.404837], [-75.424843, 6.405006], [-75.42516, 6.404927], [-75.425456, 6.405064], [-75.425498, 6.405158], [-75.425369, 6.405446], [-75.424914, 6.405912], [-75.424712, 6.406029], [-75.424376, 6.406018]]], [[[-75.424871, 6.404485], [-75.425184, 6.404099], [-75.425384, 6.40421], [-75.425281, 6.40441], [-75.424995, 6.404582], [-75.424871, 6.404485]]], [[[-75.424093, 6.393594], [-75.423962, 6.393539], [-75.423829, 6.393311], [-75.423566, 6.393202], [-75.423444, 6.393027], [-75.423859, 6.393185], [-75.424093, 6.393594]]], [[[-75.430957, 6.395105], [-75.43085, 6.395054], [-75.430872, 6.394978], [-75.430957, 6.395105]]], [[[-75.43076, 6.394757], [-75.429498, 6.394928], [-75.429185, 6.39513], [-75.429347, 6.3954], [-75.43008, 6.395507], [-75.430186, 6.395674], [-75.430059, 6.395775], [-75.42975, 6.395774], [-75.429323, 6.395908], [-75.428907, 6.395889], [-75.428748, 6.395987], [-75.428586, 6.397511], [-75.428466, 6.397526], [-75.428089, 6.397239], [-75.427708, 6.397103], [-75.427489, 6.396521], [-75.427414, 6.39564], [-75.427456, 6.395292], [-75.427693, 6.394917], [-75.427415, 6.393959], [-75.427478, 6.393829], [-75.427851, 6.393658], [-75.427939, 6.39352], [-75.427749, 6.393177], [-75.427751, 6.392622], [-75.427641, 6.392325], [-75.427695, 6.392191], [-75.427848, 6.392162], [-75.427963, 6.391473], [-75.42812, 6.391294], [-75.428518, 6.391362], [-75.428845, 6.392665], [-75.429296, 6.393245], [-75.429444, 6.394649], [-75.429804, 6.394797], [-75.430616, 6.394529], [-75.430801, 6.394606], [-75.43076, 6.394757]]], [[[-75.42725, 6.39622], [-75.427281, 6.396102], [-75.427324, 6.39607], [-75.427341, 6.396354], [-75.42725, 6.39622]]], [[[-75.427193, 6.394097], [-75.427198, 6.393958], [-75.42729, 6.393915], [-75.427312, 6.39416], [-75.427193, 6.394097]]], [[[-75.427466, 6.39245], [-75.427293, 6.392574], [-75.427355, 6.392231], [-75.427307, 6.391816], [-75.427106, 6.391462], [-75.42731, 6.391444], [-75.427433, 6.391299], [-75.42753, 6.391357], [-75.427498, 6.391567], [-75.427631, 6.391887], [-75.427466, 6.39245]]], [[[-75.426769, 6.394022], [-75.426659, 6.39406], [-75.426699, 6.393917], [-75.426766, 6.393945], [-75.426769, 6.394022]]], [[[-75.426627, 6.394458], [-75.426549, 6.394558], [-75.426486, 6.394549], [-75.426566, 6.394334], [-75.426627, 6.394458]]], [[[-75.42621, 6.395589], [-75.42617, 6.395827], [-75.425792, 6.396125], [-75.425475, 6.396108], [-75.426094, 6.395409], [-75.42621, 6.395589]]], [[[-75.424497, 6.397673], [-75.424611, 6.397934], [-75.424443, 6.398194], [-75.424323, 6.397764], [-75.424363, 6.397623], [-75.424497, 6.397673]]], [[[-75.425326, 6.399583], [-75.425473, 6.3998], [-75.425026, 6.399541], [-75.424333, 6.399405], [-75.424226, 6.399224], [-75.424245, 6.398893], [-75.424398, 6.398855], [-75.425326, 6.399583]]], [[[-75.424079, 6.398688], [-75.423891, 6.399187], [-75.424122, 6.399594], [-75.424037, 6.399724], [-75.42377, 6.399542], [-75.423533, 6.399145], [-75.423859, 6.398697], [-75.424079, 6.398688]]], [[[-75.426311, 6.392849], [-75.426648, 6.392213], [-75.426738, 6.391384], [-75.426991, 6.391157], [-75.42673, 6.391915], [-75.426695, 6.392308], [-75.426311, 6.392849]]], [[[-75.429791, 6.393748], [-75.430181, 6.393686], [-75.430372, 6.393813], [-75.430391, 6.393983], [-75.429949, 6.39428], [-75.429512, 6.394261], [-75.429428, 6.394161], [-75.429456, 6.393983], [-75.429791, 6.393748]]], [[[-75.430421, 6.394455], [-75.429902, 6.394685], [-75.429648, 6.394686], [-75.429498, 6.394573], [-75.430143, 6.394377], [-75.430591, 6.394104], [-75.430641, 6.394249], [-75.430421, 6.394455]]], [[[-75.426855, 6.392622], [-75.42693, 6.392801], [-75.426934, 6.392898], [-75.426684, 6.392526], [-75.426855, 6.392622]]], [[[-75.427718, 6.390932], [-75.427667, 6.390886], [-75.427727, 6.390894], [-75.427718, 6.390932]]], [[[-75.426293, 6.401042], [-75.426844, 6.400911], [-75.426814, 6.400315], [-75.426873, 6.400956], [-75.426356, 6.401061], [-75.426223, 6.401263], [-75.426293, 6.401042]]], [[[-75.426949, 6.400084], [-75.427021, 6.400143], [-75.427104, 6.400297], [-75.426969, 6.400184], [-75.426949, 6.400084]]], [[[-75.427567, 6.400191], [-75.427758, 6.400209], [-75.427849, 6.400368], [-75.427611, 6.400602], [-75.427324, 6.40066], [-75.427206, 6.400433], [-75.42751, 6.40057], [-75.427567, 6.400191]]], [[[-75.427989, 6.400029], [-75.4284, 6.399835], [-75.428287, 6.400155], [-75.42811, 6.400283], [-75.427989, 6.400029]]], [[[-75.42858, 6.399598], [-75.428903, 6.399201], [-75.429052, 6.399174], [-75.4292, 6.398978], [-75.429373, 6.398909], [-75.429087, 6.399283], [-75.428834, 6.399361], [-75.42858, 6.399598]]], [[[-75.424354, 6.394782], [-75.424188, 6.394869], [-75.424342, 6.394732], [-75.424354, 6.394782]]], [[[-75.423954, 6.395372], [-75.423891, 6.395567], [-75.423819, 6.395572], [-75.423954, 6.395372]]], [[[-75.423963, 6.336292], [-75.423888, 6.336216], [-75.423863, 6.33614], [-75.423963, 6.336292]]], [[[-75.424334, 6.329244], [-75.42415, 6.328744], [-75.423969, 6.328604], [-75.423914, 6.32872], [-75.42387, 6.328542], [-75.42398, 6.328567], [-75.424167, 6.328727], [-75.424334, 6.329244]]], [[[-75.424381, 6.392477], [-75.424489, 6.392479], [-75.424515, 6.392608], [-75.424381, 6.392477]]], [[[-75.424134, 6.329516], [-75.424103, 6.329425], [-75.42412, 6.329369], [-75.424149, 6.329437], [-75.424134, 6.329516]]], [[[-75.424662, 6.385281], [-75.424599, 6.385164], [-75.424618, 6.385155], [-75.424662, 6.385281]]], [[[-75.424809, 6.348071], [-75.424642, 6.348072], [-75.424608, 6.348027], [-75.424565, 6.3479], [-75.424809, 6.348071]]], [[[-75.42507, 6.340106], [-75.424807, 6.340539], [-75.424675, 6.340646], [-75.42507, 6.340106]]], [[[-75.424629, 6.340974], [-75.424659, 6.34085], [-75.424665, 6.340985], [-75.424629, 6.340974]]], [[[-75.425403, 6.392876], [-75.425124, 6.392878], [-75.425005, 6.392827], [-75.425403, 6.392876]]], [[[-75.42519, 6.397932], [-75.425184, 6.397869], [-75.425224, 6.397863], [-75.42519, 6.397932]]], [[[-75.42544, 6.403806], [-75.425416, 6.403837], [-75.425377, 6.403795], [-75.42544, 6.403806]]], [[[-75.425639, 6.345592], [-75.425627, 6.345795], [-75.425569, 6.345863], [-75.425639, 6.345592]]], [[[-75.425553, 6.346033], [-75.425536, 6.346118], [-75.42541, 6.34622], [-75.425469, 6.346101], [-75.425553, 6.346033]]], [[[-75.42515, 6.346283], [-75.425181, 6.346148], [-75.425211, 6.34614], [-75.42515, 6.346283]]], [[[-75.425173, 6.339547], [-75.42522, 6.339446], [-75.425341, 6.339411], [-75.425173, 6.339547]]], [[[-75.425715, 6.344244], [-75.425701, 6.344307], [-75.425668, 6.344269], [-75.425715, 6.344244]]], [[[-75.425394, 6.344235], [-75.425311, 6.344268], [-75.425305, 6.344262], [-75.425324, 6.344206], [-75.425394, 6.344235]]], [[[-75.426392, 6.404805], [-75.426131, 6.404711], [-75.426069, 6.404654], [-75.426229, 6.404686], [-75.426383, 6.404593], [-75.426498, 6.404739], [-75.426392, 6.404805]]], [[[-75.425859, 6.344715], [-75.425842, 6.344757], [-75.425818, 6.344707], [-75.425859, 6.344715]]], [[[-75.425931, 6.343488], [-75.425897, 6.343473], [-75.425922, 6.343412], [-75.425931, 6.343488]]], [[[-75.426871, 6.387241], [-75.426895, 6.387359], [-75.426801, 6.387176], [-75.426871, 6.387241]]], [[[-75.427221, 6.352301], [-75.427095, 6.352174], [-75.427028, 6.352056], [-75.427221, 6.352301]]], [[[-75.432845, 6.386789], [-75.431927, 6.387442], [-75.431414, 6.387606], [-75.430637, 6.388178], [-75.430489, 6.388436], [-75.429634, 6.388621], [-75.429118, 6.388456], [-75.429448, 6.388407], [-75.429702, 6.388539], [-75.430193, 6.388363], [-75.430259, 6.388265], [-75.430253, 6.387977], [-75.429936, 6.38765], [-75.429785, 6.387325], [-75.429697, 6.387452], [-75.429493, 6.387513], [-75.429354, 6.38774], [-75.429161, 6.387813], [-75.42904, 6.38801], [-75.428838, 6.38767], [-75.428573, 6.387585], [-75.428013, 6.387647], [-75.427923, 6.387468], [-75.427545, 6.387167], [-75.428012, 6.387308], [-75.428563, 6.387229], [-75.429169, 6.387017], [-75.429508, 6.387042], [-75.429811, 6.387191], [-75.430086, 6.387704], [-75.430551, 6.388053], [-75.430802, 6.387973], [-75.431185, 6.387686], [-75.431218, 6.387576], [-75.431064, 6.387509], [-75.431384, 6.387141], [-75.431434, 6.387379], [-75.431848, 6.387325], [-75.432664, 6.386882], [-75.432871, 6.386618], [-75.432845, 6.386789]]], [[[-75.42772, 6.387888], [-75.42757, 6.387699], [-75.427676, 6.387615], [-75.427807, 6.387758], [-75.42772, 6.387888]]], [[[-75.427279, 6.387075], [-75.4272, 6.38709], [-75.427192, 6.386997], [-75.427279, 6.387075]]], [[[-75.427609, 6.329], [-75.4276, 6.328926], [-75.427667, 6.328831], [-75.427662, 6.328935], [-75.427609, 6.329]]], [[[-75.427457, 6.328306], [-75.427279, 6.327952], [-75.427331, 6.327608], [-75.427324, 6.327935], [-75.427457, 6.328306]]], [[[-75.427564, 6.327231], [-75.427591, 6.32714], [-75.427664, 6.327114], [-75.427564, 6.327231]]], [[[-75.427828, 6.321643], [-75.427555, 6.321633], [-75.427587, 6.321413], [-75.427773, 6.321454], [-75.427828, 6.321643]]], [[[-75.427908, 6.328674], [-75.427778, 6.328236], [-75.427706, 6.328098], [-75.427859, 6.328354], [-75.427908, 6.328674]]], [[[-75.428376, 6.388339], [-75.428517, 6.388466], [-75.428643, 6.388514], [-75.428478, 6.388532], [-75.428376, 6.388339]]], [[[-75.428165, 6.322365], [-75.428031, 6.321999], [-75.428033, 6.321953], [-75.428101, 6.322063], [-75.428165, 6.322365]]], [[[-75.428478, 6.341533], [-75.42824, 6.341414], [-75.428181, 6.341347], [-75.428401, 6.341465], [-75.428487, 6.34138], [-75.428478, 6.341533]]], [[[-75.428574, 6.330273], [-75.428506, 6.330105], [-75.42855, 6.329804], [-75.428607, 6.330141], [-75.428574, 6.330273]]], [[[-75.428976, 6.331643], [-75.428988, 6.331748], [-75.428926, 6.331592], [-75.428976, 6.331643]]], [[[-75.428838, 6.331423], [-75.428781, 6.331413], [-75.428806, 6.331362], [-75.428838, 6.331423]]], [[[-75.436883, 6.389176], [-75.436736, 6.389578], [-75.436466, 6.389585], [-75.434684, 6.388755], [-75.434481, 6.38875], [-75.434335, 6.388959], [-75.434115, 6.388874], [-75.433828, 6.3889], [-75.433312, 6.389405], [-75.433417, 6.389672], [-75.433719, 6.389805], [-75.434349, 6.389523], [-75.434423, 6.389851], [-75.434655, 6.389691], [-75.435142, 6.389903], [-75.435516, 6.390266], [-75.435874, 6.391273], [-75.435757, 6.391202], [-75.435574, 6.391233], [-75.435485, 6.391779], [-75.435363, 6.391879], [-75.434821, 6.392025], [-75.434103, 6.391975], [-75.433822, 6.392123], [-75.433471, 6.391979], [-75.433302, 6.391587], [-75.43317, 6.391518], [-75.432689, 6.391874], [-75.432291, 6.392514], [-75.432045, 6.392559], [-75.431816, 6.392422], [-75.431886, 6.392257], [-75.432108, 6.392235], [-75.432603, 6.391834], [-75.432837, 6.391549], [-75.432849, 6.391324], [-75.43324, 6.391281], [-75.433344, 6.390935], [-75.433153, 6.390762], [-75.432897, 6.390733], [-75.432826, 6.390791], [-75.432925, 6.391008], [-75.432779, 6.391081], [-75.432472, 6.390804], [-75.432129, 6.390765], [-75.431977, 6.391283], [-75.431996, 6.391781], [-75.431916, 6.391942], [-75.431779, 6.391998], [-75.431698, 6.391431], [-75.431657, 6.39172], [-75.431581, 6.391396], [-75.431409, 6.391126], [-75.431506, 6.390855], [-75.43169, 6.390708], [-75.431688, 6.389727], [-75.431986, 6.389714], [-75.432303, 6.389411], [-75.432904, 6.389139], [-75.433336, 6.389128], [-75.433727, 6.388728], [-75.434069, 6.388564], [-75.434373, 6.388696], [-75.434848, 6.388728], [-75.436, 6.389317], [-75.436782, 6.389091], [-75.436883, 6.389176]], [[-75.434169, 6.390367], [-75.434291, 6.390004], [-75.43384, 6.390389], [-75.432895, 6.390402], [-75.43277, 6.390472], [-75.43336, 6.390702], [-75.433643, 6.390717], [-75.433972, 6.390631], [-75.434169, 6.390367]], [[-75.436845, 6.389191], [-75.436615, 6.38918], [-75.436484, 6.389444], [-75.436729, 6.389492], [-75.436845, 6.389191]]], [[[-75.431605, 6.392287], [-75.430909, 6.392696], [-75.430689, 6.392695], [-75.430598, 6.392517], [-75.430838, 6.392426], [-75.430904, 6.392195], [-75.430838, 6.392062], [-75.430507, 6.391893], [-75.430322, 6.391611], [-75.430202, 6.39126], [-75.430284, 6.391042], [-75.430597, 6.391091], [-75.430757, 6.391403], [-75.431147, 6.391559], [-75.431243, 6.392161], [-75.431571, 6.392163], [-75.431605, 6.392287]]], [[[-75.431511, 6.392585], [-75.431557, 6.392729], [-75.431557, 6.392845], [-75.431467, 6.392693], [-75.431511, 6.392585]]], [[[-75.430607, 6.390621], [-75.429643, 6.390269], [-75.429561, 6.390129], [-75.429793, 6.389899], [-75.430242, 6.38981], [-75.430459, 6.38998], [-75.430771, 6.389986], [-75.4308, 6.390341], [-75.431047, 6.390586], [-75.430779, 6.390883], [-75.430607, 6.390621]]], [[[-75.429072, 6.390285], [-75.429134, 6.390258], [-75.429191, 6.390325], [-75.429105, 6.39039], [-75.429072, 6.390285]]], [[[-75.428749, 6.323973], [-75.428766, 6.324024], [-75.428738, 6.324035], [-75.428749, 6.323973]]], [[[-75.428842, 6.33081], [-75.428818, 6.330963], [-75.428825, 6.330773], [-75.428842, 6.33081]]], [[[-75.429137, 6.330862], [-75.429099, 6.330953], [-75.429072, 6.331075], [-75.42906, 6.330759], [-75.429137, 6.330862]]], [[[-75.429136, 6.329393], [-75.429054, 6.329419], [-75.429089, 6.329249], [-75.429136, 6.329393]]], [[[-75.432144, 6.397706], [-75.431905, 6.397869], [-75.431406, 6.397627], [-75.430511, 6.397577], [-75.429782, 6.398405], [-75.429989, 6.397854], [-75.42998, 6.397499], [-75.430113, 6.397373], [-75.430784, 6.397335], [-75.430907, 6.39744], [-75.431893, 6.397734], [-75.432077, 6.397665], [-75.432225, 6.397438], [-75.432144, 6.397706]]], [[[-75.429916, 6.335737], [-75.429853, 6.336151], [-75.429896, 6.336244], [-75.429799, 6.336103], [-75.429916, 6.335737]]], [[[-75.43059, 6.333758], [-75.430486, 6.333851], [-75.430438, 6.33386], [-75.43059, 6.333758]]], [[[-75.430054, 6.334359], [-75.429997, 6.334326], [-75.429971, 6.334224], [-75.430037, 6.334292], [-75.430054, 6.334359]]], [[[-75.430866, 6.333387], [-75.430636, 6.3335], [-75.430476, 6.333523], [-75.430866, 6.333387]]], [[[-75.43023, 6.333579], [-75.430192, 6.333521], [-75.430285, 6.333583], [-75.43023, 6.333579]]], [[[-75.43098, 6.380144], [-75.430491, 6.380223], [-75.430597, 6.380495], [-75.430816, 6.3807], [-75.430565, 6.380521], [-75.430478, 6.380191], [-75.430682, 6.38004], [-75.431078, 6.379987], [-75.43098, 6.380144]]], [[[-75.430219, 6.336365], [-75.430191, 6.33615], [-75.430208, 6.336037], [-75.430266, 6.336208], [-75.430219, 6.336365]]], [[[-75.430664, 6.33489], [-75.430619, 6.334817], [-75.430544, 6.334699], [-75.430669, 6.334783], [-75.430664, 6.33489]]], [[[-75.430791, 6.338122], [-75.430522, 6.33809], [-75.430627, 6.338539], [-75.430385, 6.337808], [-75.430791, 6.338122]]], [[[-75.433081, 6.399117], [-75.432666, 6.399438], [-75.432482, 6.399706], [-75.432552, 6.399408], [-75.432198, 6.399469], [-75.43263, 6.399214], [-75.433081, 6.399117]]], [[[-75.432041, 6.399604], [-75.431864, 6.399558], [-75.432121, 6.399549], [-75.432041, 6.399604]]], [[[-75.432524, 6.400121], [-75.432482, 6.400299], [-75.432127, 6.400647], [-75.431962, 6.401018], [-75.432038, 6.400723], [-75.432524, 6.400121]]], [[[-75.431305, 6.37889], [-75.431127, 6.379366], [-75.431053, 6.379418], [-75.431052, 6.379136], [-75.431305, 6.37889]]], [[[-75.431073, 6.338644], [-75.43098, 6.338702], [-75.430884, 6.338798], [-75.43093, 6.338686], [-75.431073, 6.338644]]], [[[-75.432408, 6.395717], [-75.43236, 6.395758], [-75.432247, 6.396945], [-75.432318, 6.396042], [-75.432266, 6.395876], [-75.431929, 6.395629], [-75.431216, 6.395437], [-75.431868, 6.395478], [-75.431817, 6.395294], [-75.432408, 6.395717]]], [[[-75.431522, 6.398482], [-75.431575, 6.39838], [-75.431631, 6.398411], [-75.431522, 6.398482]]], [[[-75.431416, 6.377951], [-75.431268, 6.377943], [-75.431163, 6.377813], [-75.431355, 6.377829], [-75.431416, 6.377951]]], [[[-75.433631, 6.38081], [-75.433378, 6.380719], [-75.433278, 6.380458], [-75.43241, 6.380883], [-75.432387, 6.380745], [-75.432698, 6.38051], [-75.432342, 6.38051], [-75.432127, 6.380769], [-75.431248, 6.38046], [-75.431209, 6.380322], [-75.431355, 6.380125], [-75.431719, 6.380408], [-75.43148, 6.379809], [-75.431606, 6.379081], [-75.431568, 6.379862], [-75.431713, 6.380115], [-75.432252, 6.380478], [-75.433336, 6.380423], [-75.433556, 6.380626], [-75.433631, 6.38081]], [[-75.432059, 6.380548], [-75.432047, 6.380446], [-75.431917, 6.38047], [-75.43194, 6.380571], [-75.432059, 6.380548]]], [[[-75.433166, 6.380913], [-75.433156, 6.380746], [-75.433156, 6.380731], [-75.433166, 6.380913]]], [[[-75.431623, 6.378763], [-75.431601, 6.378428], [-75.431754, 6.378039], [-75.431679, 6.378277], [-75.431623, 6.378763]]], [[[-75.431477, 6.380935], [-75.431315, 6.380871], [-75.431303, 6.380845], [-75.431477, 6.380935]]], [[[-75.432297, 6.394514], [-75.432255, 6.394618], [-75.432116, 6.394665], [-75.432022, 6.394635], [-75.432064, 6.394421], [-75.432178, 6.394432], [-75.4321, 6.394635], [-75.432297, 6.394514]]], [[[-75.431784, 6.394718], [-75.431722, 6.394792], [-75.431666, 6.39479], [-75.431784, 6.394718]]], [[[-75.434011, 6.401885], [-75.433286, 6.402193], [-75.432619, 6.401898], [-75.432506, 6.40194], [-75.432555, 6.402072], [-75.432497, 6.402095], [-75.432384, 6.401905], [-75.432455, 6.401825], [-75.432671, 6.401828], [-75.433267, 6.402105], [-75.433673, 6.401999], [-75.433884, 6.401828], [-75.434011, 6.401885]]], [[[-75.432216, 6.401882], [-75.431995, 6.401676], [-75.431968, 6.401517], [-75.432216, 6.401882]]], [[[-75.432234, 6.337497], [-75.432189, 6.337454], [-75.4322, 6.337379], [-75.432241, 6.337429], [-75.432234, 6.337497]]], [[[-75.433153, 6.368676], [-75.433131, 6.36873], [-75.43311, 6.368718], [-75.433153, 6.368676]]], [[[-75.437669, 6.396867], [-75.437429, 6.397107], [-75.437441, 6.397505], [-75.437264, 6.397658], [-75.436825, 6.396984], [-75.436807, 6.396823], [-75.436235, 6.396365], [-75.436529, 6.395841], [-75.437189, 6.395175], [-75.437217, 6.395528], [-75.437458, 6.396016], [-75.437172, 6.396513], [-75.437303, 6.396675], [-75.437675, 6.396714], [-75.437669, 6.396867]], [[-75.437277, 6.395957], [-75.437066, 6.395748], [-75.436734, 6.395915], [-75.436811, 6.396029], [-75.4371, 6.396139], [-75.437225, 6.396101], [-75.437277, 6.395957]]], [[[-75.436417, 6.396931], [-75.436273, 6.396868], [-75.436383, 6.396702], [-75.436553, 6.396824], [-75.436417, 6.396931]]], [[[-75.436239, 6.3972], [-75.435777, 6.397641], [-75.435739, 6.397769], [-75.43628, 6.397754], [-75.43663, 6.397609], [-75.436866, 6.397718], [-75.436609, 6.397664], [-75.435658, 6.397952], [-75.434806, 6.398483], [-75.434196, 6.399022], [-75.433773, 6.399092], [-75.433408, 6.398958], [-75.433363, 6.39861], [-75.4335, 6.398508], [-75.433578, 6.398263], [-75.433341, 6.398171], [-75.433327, 6.397959], [-75.433428, 6.397803], [-75.433749, 6.397825], [-75.433672, 6.398498], [-75.433777, 6.398726], [-75.433902, 6.398777], [-75.434412, 6.398573], [-75.435863, 6.397496], [-75.436007, 6.397351], [-75.435899, 6.397186], [-75.435967, 6.397059], [-75.436119, 6.39704], [-75.436239, 6.3972]]], [[[-75.435639, 6.396294], [-75.436379, 6.395697], [-75.436517, 6.395423], [-75.436985, 6.395158], [-75.436696, 6.395369], [-75.436565, 6.395632], [-75.435639, 6.396294]]], [[[-75.435983, 6.381414], [-75.435831, 6.38151], [-75.435654, 6.381486], [-75.435667, 6.38139], [-75.435874, 6.381426], [-75.435895, 6.381253], [-75.43524, 6.381075], [-75.435091, 6.381281], [-75.434839, 6.381391], [-75.434796, 6.38152], [-75.434478, 6.381485], [-75.434702, 6.381306], [-75.435102, 6.381204], [-75.435059, 6.381018], [-75.435181, 6.380983], [-75.435849, 6.38112], [-75.435982, 6.381245], [-75.435983, 6.381414]]], [[[-75.435002, 6.38173], [-75.435317, 6.381624], [-75.435456, 6.381674], [-75.435345, 6.381842], [-75.435073, 6.38191], [-75.435079, 6.38202], [-75.434944, 6.381836], [-75.435002, 6.38173]]], [[[-75.434625, 6.381622], [-75.43442, 6.381697], [-75.434225, 6.381658], [-75.433835, 6.38141], [-75.433894, 6.381307], [-75.433825, 6.381254], [-75.434002, 6.381276], [-75.434295, 6.381597], [-75.434625, 6.381622]]], [[[-75.433568, 6.381304], [-75.433581, 6.381435], [-75.433501, 6.381474], [-75.43342, 6.381311], [-75.433568, 6.381304]]], [[[-75.433338, 6.330818], [-75.433322, 6.330885], [-75.433296, 6.330835], [-75.433338, 6.330818]]], [[[-75.434057, 6.382442], [-75.433559, 6.382354], [-75.433524, 6.382326], [-75.433796, 6.38229], [-75.434057, 6.382442]]], [[[-75.433964, 6.33283], [-75.433728, 6.332926], [-75.433617, 6.3329], [-75.433964, 6.33283]]], [[[-75.436838, 6.384718], [-75.436424, 6.385067], [-75.436355, 6.385394], [-75.435732, 6.385645], [-75.435254, 6.385609], [-75.43527, 6.385454], [-75.4354, 6.385474], [-75.435381, 6.385205], [-75.435739, 6.3847], [-75.435816, 6.384333], [-75.436103, 6.384264], [-75.436746, 6.384338], [-75.436838, 6.384718]]], [[[-75.434863, 6.385463], [-75.43441, 6.385455], [-75.434764, 6.385247], [-75.434976, 6.384984], [-75.434863, 6.385463]]], [[[-75.435167, 6.384252], [-75.435091, 6.384593], [-75.435046, 6.384004], [-75.435167, 6.384252]]], [[[-75.434872, 6.383807], [-75.434883, 6.383524], [-75.435115, 6.383199], [-75.43484, 6.382615], [-75.435011, 6.382436], [-75.43509, 6.382494], [-75.435011, 6.382776], [-75.435226, 6.383026], [-75.435462, 6.383074], [-75.435672, 6.38289], [-75.435743, 6.383013], [-75.435534, 6.383341], [-75.435118, 6.383517], [-75.434979, 6.38394], [-75.434872, 6.383807]]], [[[-75.435931, 6.383987], [-75.435996, 6.383481], [-75.436137, 6.383435], [-75.436212, 6.38367], [-75.435931, 6.383987]]], [[[-75.434867, 6.382244], [-75.434589, 6.382499], [-75.43444, 6.382422], [-75.434532, 6.382252], [-75.434772, 6.382159], [-75.434867, 6.382244]]], [[[-75.434904, 6.402367], [-75.434803, 6.402352], [-75.434802, 6.40227], [-75.434904, 6.402367]]], [[[-75.436351, 6.382041], [-75.43624, 6.382354], [-75.436058, 6.382478], [-75.435864, 6.382412], [-75.436176, 6.382388], [-75.436239, 6.38213], [-75.435699, 6.382353], [-75.435541, 6.382187], [-75.435613, 6.382051], [-75.435972, 6.38189], [-75.436204, 6.38203], [-75.436294, 6.381667], [-75.436351, 6.382041]]], [[[-75.437204, 6.392147], [-75.436884, 6.392302], [-75.436774, 6.392256], [-75.43689, 6.391946], [-75.436707, 6.391752], [-75.436681, 6.391583], [-75.436356, 6.391393], [-75.436116, 6.391003], [-75.436469, 6.391428], [-75.436705, 6.391487], [-75.436756, 6.391679], [-75.437089, 6.391927], [-75.437204, 6.392147]]], [[[-75.437098, 6.378148], [-75.436935, 6.378337], [-75.436995, 6.378117], [-75.436925, 6.377625], [-75.436998, 6.377443], [-75.437098, 6.378148]]], [[[-75.437417, 6.380552], [-75.437347, 6.38059], [-75.437212, 6.380708], [-75.437299, 6.380509], [-75.437417, 6.380552]]], [[[-75.4376, 6.380273], [-75.437619, 6.380147], [-75.437644, 6.379959], [-75.437686, 6.380204], [-75.4376, 6.380273]]], [[[-75.438109, 6.376505], [-75.437709, 6.37656], [-75.437157, 6.376438], [-75.437225, 6.376335], [-75.437654, 6.376203], [-75.437816, 6.376003], [-75.437969, 6.375152], [-75.437837, 6.374616], [-75.43797, 6.374711], [-75.438065, 6.375023], [-75.438109, 6.376505]]], [[[-75.437587, 6.374222], [-75.437605, 6.374175], [-75.437627, 6.374234], [-75.437587, 6.374222]]], [[[-75.437746, 6.374332], [-75.437825, 6.37435], [-75.437849, 6.374416], [-75.437764, 6.374401], [-75.437746, 6.374332]]], [[[-75.437379, 6.363671], [-75.437329, 6.363639], [-75.437328, 6.363568], [-75.437379, 6.363671]]], [[[-75.438333, 6.369524], [-75.438174, 6.369882], [-75.438125, 6.37008], [-75.438169, 6.369787], [-75.438333, 6.369524]]], [[[-75.437546, 6.370261], [-75.437503, 6.370077], [-75.43755, 6.369952], [-75.437579, 6.370213], [-75.437546, 6.370261]]], [[[-75.437687, 6.369678], [-75.437925, 6.369564], [-75.438109, 6.369566], [-75.437903, 6.369669], [-75.437687, 6.369678]]], [[[-75.438061, 6.364952], [-75.438042, 6.365244], [-75.437949, 6.364848], [-75.438061, 6.364952]]], [[[-75.437811, 6.364719], [-75.43774, 6.364634], [-75.437784, 6.364568], [-75.437857, 6.364601], [-75.437811, 6.364719]]], [[[-75.437668, 6.365046], [-75.437575, 6.364989], [-75.437629, 6.364852], [-75.437714, 6.36499], [-75.437668, 6.365046]]], [[[-75.438369, 6.363175], [-75.438104, 6.363158], [-75.438063, 6.363136], [-75.438369, 6.363175]]], [[[-75.438695, 6.367832], [-75.43865, 6.368113], [-75.438626, 6.368135], [-75.438695, 6.367832]]], [[[-75.438466, 6.367875], [-75.438286, 6.368265], [-75.438154, 6.368303], [-75.438139, 6.368023], [-75.438407, 6.367858], [-75.438487, 6.367338], [-75.438466, 6.367875]]], [[[-75.439199, 6.395646], [-75.438904, 6.39546], [-75.438411, 6.395595], [-75.438964, 6.39513], [-75.439275, 6.394679], [-75.439387, 6.394195], [-75.439327, 6.393812], [-75.439512, 6.394154], [-75.439379, 6.394433], [-75.439351, 6.394822], [-75.439019, 6.395325], [-75.43926, 6.395339], [-75.439301, 6.395502], [-75.439199, 6.395646]]], [[[-75.438474, 6.403995], [-75.438474, 6.404056], [-75.438467, 6.404055], [-75.438474, 6.403995]]], [[[-75.438694, 6.399344], [-75.438582, 6.399327], [-75.438584, 6.399296], [-75.438694, 6.399344]]], [[[-75.442585, 6.381154], [-75.442515, 6.381516], [-75.442271, 6.381354], [-75.441968, 6.381622], [-75.441203, 6.381823], [-75.440551, 6.380772], [-75.440553, 6.380316], [-75.440088, 6.379785], [-75.440486, 6.379325], [-75.440103, 6.379422], [-75.439713, 6.379659], [-75.439734, 6.379443], [-75.439077, 6.378953], [-75.438794, 6.378588], [-75.438771, 6.378317], [-75.438633, 6.378084], [-75.438829, 6.377827], [-75.438722, 6.377586], [-75.438854, 6.377473], [-75.438878, 6.377297], [-75.438649, 6.376452], [-75.439122, 6.377416], [-75.439472, 6.37752], [-75.440145, 6.377326], [-75.441139, 6.376491], [-75.440756, 6.376987], [-75.440726, 6.377434], [-75.440564, 6.377702], [-75.440725, 6.377803], [-75.440604, 6.378315], [-75.440772, 6.378583], [-75.440559, 6.379163], [-75.440831, 6.379459], [-75.440923, 6.379706], [-75.440669, 6.380048], [-75.440778, 6.380125], [-75.441211, 6.380105], [-75.442277, 6.380604], [-75.44253, 6.380855], [-75.442585, 6.381154]]], [[[-75.441117, 6.376407], [-75.441158, 6.376365], [-75.44126, 6.376203], [-75.441219, 6.376335], [-75.441117, 6.376407]]], [[[-75.441336, 6.376289], [-75.441368, 6.37632], [-75.441262, 6.376368], [-75.441336, 6.376289]]], [[[-75.438608, 6.329519], [-75.438532, 6.32948], [-75.43859, 6.329437], [-75.438608, 6.329519]]], [[[-75.438637, 6.373513], [-75.438709, 6.373384], [-75.43881, 6.373358], [-75.438705, 6.373496], [-75.438637, 6.373513]]], [[[-75.438718, 6.400194], [-75.438724, 6.400067], [-75.438743, 6.400052], [-75.438821, 6.400263], [-75.438718, 6.400194]]], [[[-75.438707, 6.369865], [-75.438656, 6.369857], [-75.438695, 6.369827], [-75.438707, 6.369865]]], [[[-75.438843, 6.371056], [-75.438801, 6.371098], [-75.438775, 6.371048], [-75.438843, 6.371056]]], [[[-75.439531, 6.393494], [-75.439415, 6.393441], [-75.439415, 6.393386], [-75.439531, 6.393494]]], [[[-75.439304, 6.393218], [-75.439193, 6.393026], [-75.439018, 6.392868], [-75.439251, 6.393051], [-75.439304, 6.393218]]], [[[-75.439509, 6.393108], [-75.439487, 6.392788], [-75.439623, 6.392679], [-75.439591, 6.393043], [-75.439509, 6.393108]]], [[[-75.439319, 6.400515], [-75.439121, 6.400488], [-75.439065, 6.400433], [-75.439319, 6.400515]]], [[[-75.439279, 6.399304], [-75.439359, 6.399549], [-75.439214, 6.399282], [-75.439279, 6.399304]]], [[[-75.439142, 6.373431], [-75.439042, 6.373453], [-75.439069, 6.373397], [-75.439142, 6.373431]]], [[[-75.439247, 6.364996], [-75.439148, 6.364962], [-75.439136, 6.36494], [-75.439249, 6.364928], [-75.439247, 6.364996]]], [[[-75.439623, 6.381636], [-75.439516, 6.381158], [-75.439598, 6.381064], [-75.439762, 6.381212], [-75.4398, 6.381395], [-75.439712, 6.381622], [-75.439623, 6.381636]]], [[[-75.440105, 6.382544], [-75.439916, 6.382392], [-75.439858, 6.382307], [-75.440105, 6.382544]]], [[[-75.439744, 6.368067], [-75.439806, 6.368067], [-75.439744, 6.368139], [-75.439744, 6.368067]]], [[[-75.44025, 6.393953], [-75.44021, 6.393903], [-75.439967, 6.393729], [-75.440142, 6.39375], [-75.44025, 6.393953]]], [[[-75.439976, 6.362805], [-75.43987, 6.3628], [-75.43986, 6.362731], [-75.439976, 6.362805]]], [[[-75.439986, 6.380352], [-75.439904, 6.38038], [-75.439887, 6.380324], [-75.439936, 6.380307], [-75.439986, 6.380352]]], [[[-75.439996, 6.367867], [-75.439982, 6.367818], [-75.440029, 6.367818], [-75.439996, 6.367867]]], [[[-75.440323, 6.330785], [-75.440223, 6.330751], [-75.440138, 6.330642], [-75.440366, 6.330714], [-75.440323, 6.330785]]], [[[-75.440558, 6.371458], [-75.440367, 6.371402], [-75.440595, 6.371444], [-75.440558, 6.371458]]], [[[-75.440591, 6.371726], [-75.440558, 6.371768], [-75.440507, 6.371718], [-75.440591, 6.371726]]], [[[-75.440673, 6.387681], [-75.44069, 6.387894], [-75.440687, 6.387898], [-75.440673, 6.387681]]], [[[-75.441747, 6.38381], [-75.441592, 6.384143], [-75.441279, 6.384423], [-75.440775, 6.384457], [-75.440721, 6.384099], [-75.440814, 6.383477], [-75.440722, 6.383209], [-75.440891, 6.383542], [-75.440791, 6.38397], [-75.441441, 6.384002], [-75.441627, 6.383862], [-75.441752, 6.383587], [-75.441747, 6.38381]]], [[[-75.441136, 6.370757], [-75.441108, 6.370895], [-75.441099, 6.370906], [-75.441083, 6.370822], [-75.441136, 6.370757]]], [[[-75.441002, 6.371055], [-75.441043, 6.371069], [-75.440994, 6.3711], [-75.441002, 6.371055]]], [[[-75.441356, 6.396088], [-75.441252, 6.396188], [-75.441168, 6.396462], [-75.441228, 6.396106], [-75.441356, 6.396088]]], [[[-75.441156, 6.389429], [-75.441121, 6.389207], [-75.44116, 6.389188], [-75.44122, 6.389345], [-75.441156, 6.389429]]], [[[-75.441196, 6.389088], [-75.441134, 6.389024], [-75.441219, 6.38906], [-75.441196, 6.389088]]], [[[-75.44174, 6.391129], [-75.441612, 6.39109], [-75.441453, 6.390958], [-75.441737, 6.391054], [-75.44174, 6.391129]]], [[[-75.441161, 6.385863], [-75.441144, 6.385799], [-75.441169, 6.385712], [-75.441178, 6.385805], [-75.441161, 6.385863]]], [[[-75.443002, 6.390197], [-75.442743, 6.390147], [-75.442605, 6.389907], [-75.442048, 6.389413], [-75.441893, 6.389625], [-75.441689, 6.389574], [-75.441572, 6.389364], [-75.441469, 6.388682], [-75.441307, 6.38835], [-75.441366, 6.38818], [-75.441471, 6.388186], [-75.441903, 6.388593], [-75.442685, 6.388801], [-75.442679, 6.388976], [-75.442548, 6.38913], [-75.442866, 6.389429], [-75.443002, 6.390197]]], [[[-75.44151, 6.387861], [-75.441518, 6.387793], [-75.441594, 6.387804], [-75.44151, 6.387861]]], [[[-75.441946, 6.388044], [-75.441978, 6.387933], [-75.441936, 6.387842], [-75.442034, 6.387953], [-75.442022, 6.38812], [-75.441946, 6.388044]]], [[[-75.442612, 6.395343], [-75.442099, 6.395229], [-75.441871, 6.394977], [-75.441615, 6.39488], [-75.44145, 6.394645], [-75.441874, 6.394933], [-75.442041, 6.395112], [-75.442612, 6.395343]]], [[[-75.442306, 6.395522], [-75.442239, 6.395597], [-75.442037, 6.395597], [-75.442172, 6.395522], [-75.442306, 6.395522]]], [[[-75.442594, 6.391503], [-75.442335, 6.391425], [-75.442281, 6.391345], [-75.442594, 6.391503]]], [[[-75.445554, 6.389616], [-75.445462, 6.389741], [-75.445503, 6.389565], [-75.445554, 6.389616]]], [[[-75.445296, 6.389301], [-75.445073, 6.389576], [-75.445062, 6.389425], [-75.445276, 6.389177], [-75.445271, 6.388917], [-75.445453, 6.389137], [-75.445482, 6.389376], [-75.445397, 6.389272], [-75.445296, 6.389301]]], [[[-75.444712, 6.389052], [-75.444456, 6.388571], [-75.44386, 6.388315], [-75.443637, 6.388039], [-75.443412, 6.38806], [-75.443204, 6.387963], [-75.443062, 6.387786], [-75.44301, 6.38745], [-75.442593, 6.387345], [-75.442508, 6.38724], [-75.442963, 6.387281], [-75.443124, 6.387746], [-75.443266, 6.387911], [-75.443475, 6.387997], [-75.443682, 6.38792], [-75.443872, 6.388241], [-75.444433, 6.388458], [-75.444834, 6.3891], [-75.444765, 6.389499], [-75.444912, 6.389632], [-75.444859, 6.389728], [-75.444745, 6.389648], [-75.444712, 6.389052]]], [[[-75.442381, 6.386975], [-75.442451, 6.38697], [-75.442483, 6.387111], [-75.442381, 6.386975]]], [[[-75.442871, 6.33023], [-75.442854, 6.330299], [-75.44283, 6.330248], [-75.442871, 6.33023]]], [[[-75.443755, 6.391898], [-75.443731, 6.391959], [-75.44371, 6.391898], [-75.443755, 6.391898]]], [[[-75.4436, 6.392049], [-75.443466, 6.392216], [-75.443252, 6.391907], [-75.4436, 6.392049]]], [[[-75.443579, 6.392397], [-75.443598, 6.392293], [-75.44363, 6.392448], [-75.443579, 6.392397]]], [[[-75.44311, 6.330905], [-75.443009, 6.330899], [-75.442998, 6.33088], [-75.443076, 6.330831], [-75.44311, 6.330905]]], [[[-75.443325, 6.389018], [-75.443533, 6.389036], [-75.44352, 6.389206], [-75.443395, 6.389195], [-75.443325, 6.389018]]], [[[-75.443322, 6.366215], [-75.443255, 6.366282], [-75.443226, 6.366249], [-75.443322, 6.366215]]], [[[-75.443358, 6.366519], [-75.443373, 6.36657], [-75.443326, 6.36657], [-75.443358, 6.366519]]], [[[-75.443819, 6.36563], [-75.443799, 6.365585], [-75.443835, 6.365588], [-75.443819, 6.36563]]], [[[-75.444189, 6.365555], [-75.444295, 6.365572], [-75.444141, 6.365604], [-75.444189, 6.365555]]], [[[-75.444584, 6.392919], [-75.444466, 6.392955], [-75.444541, 6.392861], [-75.444584, 6.392919]]], [[[-75.444461, 6.37703], [-75.444468, 6.37709], [-75.444415, 6.377064], [-75.444461, 6.37703]]], [[[-75.445026, 6.365268], [-75.444722, 6.365251], [-75.444698, 6.36523], [-75.445026, 6.365268]]], [[[-75.445516, 6.391368], [-75.445259, 6.391617], [-75.444929, 6.391517], [-75.445329, 6.391508], [-75.445516, 6.391368]]], [[[-75.445816, 6.375956], [-75.44576, 6.376029], [-75.44579, 6.375906], [-75.445816, 6.375956]]], [[[-75.445556, 6.376328], [-75.445471, 6.376322], [-75.445443, 6.376288], [-75.445561, 6.376228], [-75.445556, 6.376328]]], [[[-75.445354, 6.376122], [-75.445384, 6.37599], [-75.445551, 6.37602], [-75.445354, 6.376122]]], [[[-75.446191, 6.393066], [-75.446118, 6.393124], [-75.446081, 6.393108], [-75.446191, 6.393066]]], [[[-75.44589, 6.393084], [-75.445788, 6.393051], [-75.445787, 6.393007], [-75.44585, 6.392999], [-75.44589, 6.393084]]], [[[-75.445868, 6.365338], [-75.445858, 6.365374], [-75.445806, 6.36534], [-75.445868, 6.365338]]], [[[-75.446377, 6.365369], [-75.44632, 6.365327], [-75.446297, 6.365256], [-75.44637, 6.365276], [-75.446377, 6.365369]]], [[[-75.446874, 6.372706], [-75.446794, 6.372904], [-75.446823, 6.372625], [-75.446874, 6.372706]]], [[[-75.446833, 6.373165], [-75.446806, 6.373242], [-75.446764, 6.373239], [-75.446757, 6.373181], [-75.446833, 6.373165]]], [[[-75.447628, 6.407497], [-75.447529, 6.407464], [-75.447518, 6.407442], [-75.44763, 6.40743], [-75.447628, 6.407497]]], [[[-75.450475, 6.367842], [-75.450444, 6.367904], [-75.450431, 6.367791], [-75.450475, 6.367842]]], [[[-75.452774, 6.362971], [-75.452821, 6.36298], [-75.452797, 6.363001], [-75.452774, 6.362971]]], [[[-75.457957, 6.42799], [-75.457739, 6.427786], [-75.457641, 6.427727], [-75.457795, 6.427781], [-75.457957, 6.42799]]], [[[-75.458583, 6.427874], [-75.458387, 6.427841], [-75.458303, 6.427813], [-75.458583, 6.427874]]], [[[-75.458133, 6.427789], [-75.458046, 6.427754], [-75.458021, 6.427726], [-75.45811, 6.427735], [-75.458133, 6.427789]]], [[[-75.458332, 6.428067], [-75.458256, 6.428143], [-75.45818, 6.428169], [-75.458332, 6.428067]]], [[[-75.461218, 6.428356], [-75.461096, 6.428418], [-75.461085, 6.428398], [-75.461218, 6.428356]]], [[[-75.462611, 6.428668], [-75.462403, 6.428756], [-75.462238, 6.428712], [-75.462611, 6.428668]]], [[[-75.461974, 6.374529], [-75.462007, 6.374453], [-75.462038, 6.374447], [-75.46203, 6.374503], [-75.461974, 6.374529]]], [[[-75.465134, 6.37621], [-75.464692, 6.376685], [-75.464578, 6.376924], [-75.464496, 6.376918], [-75.464506, 6.376439], [-75.46475, 6.376335], [-75.464405, 6.376042], [-75.464605, 6.375851], [-75.464244, 6.375564], [-75.464303, 6.375733], [-75.464126, 6.375849], [-75.463936, 6.375842], [-75.463945, 6.376334], [-75.464226, 6.376312], [-75.46422, 6.376649], [-75.463984, 6.376597], [-75.463927, 6.376841], [-75.463851, 6.37693], [-75.463887, 6.376748], [-75.463767, 6.376634], [-75.463494, 6.376591], [-75.463301, 6.37675], [-75.462996, 6.376671], [-75.462925, 6.376829], [-75.463325, 6.377161], [-75.46287, 6.377058], [-75.462579, 6.377326], [-75.462627, 6.377432], [-75.463095, 6.377535], [-75.463418, 6.377912], [-75.462938, 6.377645], [-75.462534, 6.377601], [-75.462142, 6.37776], [-75.462395, 6.37736], [-75.462293, 6.37725], [-75.462058, 6.377289], [-75.462371, 6.377147], [-75.462674, 6.377126], [-75.462678, 6.37689], [-75.46289, 6.376496], [-75.462912, 6.376267], [-75.463045, 6.376148], [-75.463397, 6.376065], [-75.46353, 6.375637], [-75.463824, 6.375208], [-75.463833, 6.374988], [-75.464063, 6.375365], [-75.464287, 6.375316], [-75.464595, 6.37489], [-75.464582, 6.37478], [-75.464452, 6.374701], [-75.464643, 6.374515], [-75.46477, 6.374604], [-75.464804, 6.374797], [-75.464683, 6.37561], [-75.464957, 6.375612], [-75.465008, 6.375852], [-75.464873, 6.376124], [-75.465065, 6.376118], [-75.465134, 6.37621]]], [[[-75.464151, 6.377357], [-75.464148, 6.377641], [-75.463968, 6.377784], [-75.463892, 6.377116], [-75.46397, 6.377131], [-75.463987, 6.377507], [-75.464164, 6.377084], [-75.464433, 6.376964], [-75.464151, 6.377357]]], [[[-75.463781, 6.377139], [-75.463664, 6.377193], [-75.463579, 6.37716], [-75.463667, 6.377042], [-75.463781, 6.377139]]], [[[-75.463278, 6.375679], [-75.463244, 6.375571], [-75.463334, 6.375538], [-75.463278, 6.375679]]], [[[-75.463036, 6.375934], [-75.462987, 6.375916], [-75.463072, 6.375868], [-75.463036, 6.375934]]], [[[-75.464771, 6.377184], [-75.464904, 6.377532], [-75.464785, 6.377555], [-75.464683, 6.377824], [-75.464389, 6.378055], [-75.464419, 6.377398], [-75.464634, 6.377127], [-75.464771, 6.377184]]], [[[-75.464509, 6.37823], [-75.464817, 6.37848], [-75.464914, 6.378532], [-75.464696, 6.378485], [-75.464509, 6.37823]]], [[[-75.462352, 6.429192], [-75.462281, 6.429116], [-75.46228, 6.429054], [-75.462342, 6.429121], [-75.462352, 6.429192]]], [[[-75.462581, 6.376221], [-75.462492, 6.376581], [-75.462206, 6.376704], [-75.462407, 6.376503], [-75.462428, 6.376256], [-75.462581, 6.376221]]], [[[-75.463387, 6.428183], [-75.463217, 6.428303], [-75.463048, 6.428285], [-75.463387, 6.428183]]], [[[-75.463331, 6.382708], [-75.463136, 6.382519], [-75.463123, 6.382432], [-75.463331, 6.382708]]], [[[-75.463765, 6.381062], [-75.46372, 6.381143], [-75.463679, 6.381144], [-75.463765, 6.381062]]], [[[-75.463442, 6.381034], [-75.463462, 6.381109], [-75.463337, 6.381138], [-75.463346, 6.381048], [-75.463442, 6.381034]]], [[[-75.463336, 6.364891], [-75.463308, 6.364925], [-75.463282, 6.364874], [-75.463336, 6.364891]]], [[[-75.46385, 6.378385], [-75.463622, 6.378437], [-75.463444, 6.378404], [-75.46385, 6.378385]]], [[[-75.463636, 6.367729], [-75.46356, 6.367771], [-75.463551, 6.367734], [-75.463636, 6.367729]]], [[[-75.463691, 6.383462], [-75.463693, 6.383285], [-75.463813, 6.383387], [-75.463863, 6.383591], [-75.463691, 6.383462]]], [[[-75.464149, 6.428296], [-75.464048, 6.428363], [-75.464023, 6.428339], [-75.464149, 6.428296]]], [[[-75.46413, 6.380642], [-75.464076, 6.380582], [-75.464081, 6.380537], [-75.464128, 6.380584], [-75.46413, 6.380642]]], [[[-75.464107, 6.378197], [-75.464058, 6.378121], [-75.464069, 6.378006], [-75.464113, 6.37809], [-75.464107, 6.378197]]], [[[-75.464369, 6.382619], [-75.464269, 6.382423], [-75.464268, 6.382304], [-75.46442, 6.382421], [-75.464561, 6.382369], [-75.464517, 6.382659], [-75.464369, 6.382619]]], [[[-75.464249, 6.380025], [-75.464202, 6.380097], [-75.46421, 6.380008], [-75.464249, 6.380025]]], [[[-75.464242, 6.371642], [-75.464179, 6.371645], [-75.464169, 6.371605], [-75.464242, 6.371642]]], [[[-75.46437, 6.372347], [-75.464344, 6.372237], [-75.464346, 6.372128], [-75.464416, 6.372283], [-75.46437, 6.372347]]], [[[-75.464699, 6.38331], [-75.46474, 6.383424], [-75.464579, 6.383426], [-75.464605, 6.383342], [-75.464699, 6.38331]]], [[[-75.464828, 6.382214], [-75.464926, 6.382063], [-75.465096, 6.3821], [-75.465299, 6.382497], [-75.465403, 6.382935], [-75.465369, 6.383448], [-75.465259, 6.383351], [-75.465199, 6.383095], [-75.464935, 6.382899], [-75.464828, 6.382214]]], [[[-75.464715, 6.379629], [-75.464777, 6.379611], [-75.464766, 6.379751], [-75.464715, 6.379629]]], [[[-75.46511, 6.384223], [-75.464971, 6.384195], [-75.464961, 6.384186], [-75.465044, 6.38417], [-75.46511, 6.384223]]], [[[-75.46482, 6.384201], [-75.464836, 6.38428], [-75.464774, 6.384269], [-75.46482, 6.384201]]], [[[-75.464963, 6.373046], [-75.46495, 6.373517], [-75.464908, 6.372984], [-75.464771, 6.372668], [-75.464963, 6.373046]]], [[[-75.464957, 6.374305], [-75.464868, 6.374107], [-75.464874, 6.374009], [-75.464957, 6.374305]]], [[[-75.465543, 6.379987], [-75.465447, 6.380014], [-75.465401, 6.379964], [-75.465521, 6.379867], [-75.465543, 6.379987]]], [[[-75.465615, 6.380284], [-75.465328, 6.380276], [-75.465365, 6.380132], [-75.465616, 6.38018], [-75.465615, 6.380284]]], [[[-75.465192, 6.37994], [-75.465272, 6.379849], [-75.465311, 6.379775], [-75.465271, 6.379921], [-75.465192, 6.37994]]], [[[-75.465349, 6.379463], [-75.465271, 6.379457], [-75.46525, 6.379339], [-75.465286, 6.37917], [-75.465379, 6.379137], [-75.465507, 6.379256], [-75.465349, 6.379463]]], [[[-75.465824, 6.377013], [-75.465792, 6.376793], [-75.465847, 6.376776], [-75.465882, 6.376962], [-75.465824, 6.377013]]], [[[-75.465729, 6.376681], [-75.465672, 6.376542], [-75.465756, 6.376507], [-75.46579, 6.37659], [-75.465729, 6.376681]]], [[[-75.466008, 6.377186], [-75.466033, 6.37724], [-75.466029, 6.377304], [-75.465998, 6.377257], [-75.466008, 6.377186]]], [[[-75.465334, 6.37548], [-75.465247, 6.37524], [-75.465395, 6.375529], [-75.465334, 6.37548]]], [[[-75.465686, 6.376133], [-75.465696, 6.376209], [-75.465648, 6.376286], [-75.465654, 6.376184], [-75.465686, 6.376133]]], [[[-75.466308, 6.377862], [-75.466164, 6.377911], [-75.465966, 6.378211], [-75.465875, 6.378603], [-75.465461, 6.378547], [-75.466, 6.377591], [-75.466248, 6.377722], [-75.466308, 6.377862]]], [[[-75.467413, 6.383946], [-75.46754, 6.384004], [-75.467355, 6.38402], [-75.467413, 6.383946]]], [[[-75.467245, 6.384135], [-75.467092, 6.384218], [-75.46684, 6.384242], [-75.466994, 6.384156], [-75.467245, 6.384135]]], [[[-75.466352, 6.384112], [-75.46593, 6.383977], [-75.465745, 6.383964], [-75.466069, 6.383954], [-75.466352, 6.384112]]], [[[-75.46599, 6.380066], [-75.465935, 6.380138], [-75.465965, 6.380018], [-75.46599, 6.380066]]], [[[-75.465972, 6.380316], [-75.466006, 6.380381], [-75.46599, 6.380437], [-75.465958, 6.380385], [-75.465972, 6.380316]]], [[[-75.466174, 6.379501], [-75.466114, 6.379817], [-75.466078, 6.379344], [-75.466174, 6.379501]]], [[[-75.467059, 6.368254], [-75.466812, 6.367807], [-75.46646, 6.36763], [-75.46679, 6.367742], [-75.467059, 6.368254]]], [[[-75.4666, 6.38465], [-75.466569, 6.384543], [-75.466585, 6.384485], [-75.466645, 6.384575], [-75.4666, 6.38465]]], [[[-75.466845, 6.372079], [-75.466913, 6.37218], [-75.466888, 6.372205], [-75.466845, 6.372079]]], [[[-75.467036, 6.385134], [-75.467028, 6.385185], [-75.466997, 6.385147], [-75.467036, 6.385134]]], [[[-75.467136, 6.372898], [-75.467151, 6.372856], [-75.467177, 6.372905], [-75.467136, 6.372898]]], [[[-75.467359, 6.371489], [-75.467247, 6.371661], [-75.467333, 6.371463], [-75.467304, 6.371256], [-75.467359, 6.371489]]], [[[-75.466997, 6.37137], [-75.467017, 6.371306], [-75.467081, 6.371307], [-75.466997, 6.37137]]], [[[-75.467202, 6.386139], [-75.467168, 6.386156], [-75.467168, 6.386106], [-75.467202, 6.386139]]], [[[-75.467846, 6.375301], [-75.467787, 6.375235], [-75.467769, 6.375077], [-75.467863, 6.375155], [-75.467846, 6.375301]]], [[[-75.46767, 6.375024], [-75.467647, 6.375066], [-75.467625, 6.374982], [-75.46767, 6.375024]]], [[[-75.467966, 6.416747], [-75.467932, 6.416815], [-75.467905, 6.41684], [-75.467966, 6.416747]]], [[[-75.467989, 6.384208], [-75.467886, 6.384167], [-75.467881, 6.384114], [-75.467989, 6.384208]]], [[[-75.468247, 6.383871], [-75.468269, 6.383796], [-75.468367, 6.383982], [-75.468247, 6.383871]]], [[[-75.468009, 6.383618], [-75.468185, 6.383595], [-75.468236, 6.38362], [-75.468089, 6.383695], [-75.468009, 6.383618]]], [[[-75.468278, 6.37534], [-75.468326, 6.37534], [-75.468327, 6.375416], [-75.468278, 6.37534]]], [[[-75.468672, 6.428511], [-75.468611, 6.428554], [-75.468672, 6.428461], [-75.468672, 6.428511]]], [[[-75.468475, 6.388243], [-75.468402, 6.388234], [-75.468402, 6.388186], [-75.468475, 6.388243]]], [[[-75.469292, 6.385443], [-75.469116, 6.385299], [-75.469106, 6.385238], [-75.469292, 6.385443]]], [[[-75.468879, 6.385103], [-75.468536, 6.384923], [-75.468434, 6.384788], [-75.468425, 6.384675], [-75.468879, 6.385103]]], [[[-75.468947, 6.384653], [-75.46897, 6.384611], [-75.468992, 6.384692], [-75.468947, 6.384653]]], [[[-75.469533, 6.38568], [-75.469484, 6.385834], [-75.4695, 6.385642], [-75.469533, 6.38568]]], [[[-75.470275, 6.387054], [-75.469865, 6.386887], [-75.469792, 6.386709], [-75.469987, 6.386681], [-75.470179, 6.386777], [-75.470287, 6.386966], [-75.470275, 6.387054]]], [[[-75.47042, 6.386084], [-75.470354, 6.386503], [-75.470306, 6.386585], [-75.47013, 6.386275], [-75.470303, 6.386014], [-75.47042, 6.386084]]], [[[-75.470725, 6.389219], [-75.470726, 6.389269], [-75.47065, 6.38927], [-75.470725, 6.389219]]], [[[-75.470713, 6.387548], [-75.4707, 6.387684], [-75.47068, 6.387524], [-75.470713, 6.387548]]], [[[-75.472661, 6.379186], [-75.472451, 6.378928], [-75.472304, 6.378817], [-75.472531, 6.378911], [-75.472661, 6.379186]]], [[[-75.472843, 6.370329], [-75.472844, 6.370391], [-75.472833, 6.370391], [-75.472843, 6.370329]]], [[[-75.473002, 6.378183], [-75.472989, 6.378099], [-75.47309, 6.378085], [-75.473108, 6.378189], [-75.473002, 6.378183]]], [[[-75.473186, 6.379777], [-75.473199, 6.379863], [-75.473096, 6.379873], [-75.47308, 6.37977], [-75.473186, 6.379777]]], [[[-75.475003, 6.377998], [-75.474789, 6.377948], [-75.474727, 6.377771], [-75.474523, 6.377847], [-75.474167, 6.377781], [-75.474095, 6.37761], [-75.474206, 6.377484], [-75.474352, 6.377594], [-75.474567, 6.37743], [-75.474935, 6.377432], [-75.475217, 6.37791], [-75.475003, 6.377998]]], [[[-75.473657, 6.377513], [-75.47327, 6.377521], [-75.473218, 6.377457], [-75.473399, 6.377244], [-75.473928, 6.377409], [-75.473657, 6.377513]]], [[[-75.473635, 6.376208], [-75.473419, 6.376172], [-75.473722, 6.376097], [-75.473635, 6.376208]]], [[[-75.473733, 6.368528], [-75.473717, 6.368767], [-75.473695, 6.368807], [-75.473733, 6.368528]]], [[[-75.474746, 6.381795], [-75.474678, 6.381763], [-75.474628, 6.381628], [-75.474715, 6.381698], [-75.474746, 6.381795]]], [[[-75.474395, 6.38168], [-75.474316, 6.381679], [-75.474231, 6.381383], [-75.474003, 6.381137], [-75.474329, 6.381392], [-75.474395, 6.38168]]], [[[-75.474094, 6.368401], [-75.474038, 6.36834], [-75.474071, 6.368283], [-75.474127, 6.368334], [-75.474094, 6.368401]]], [[[-75.475137, 6.379085], [-75.474876, 6.37913], [-75.474759, 6.37931], [-75.47461, 6.379053], [-75.475137, 6.379085]]], [[[-75.474299, 6.379038], [-75.474328, 6.379123], [-75.474273, 6.379244], [-75.474262, 6.379118], [-75.474299, 6.379038]]], [[[-75.475147, 6.378746], [-75.475263, 6.378714], [-75.475309, 6.378847], [-75.475143, 6.378909], [-75.475147, 6.378746]]], [[[-75.474514, 6.375307], [-75.474396, 6.37537], [-75.474388, 6.375351], [-75.474514, 6.375307]]], [[[-75.474635, 6.374485], [-75.474715, 6.374609], [-75.474561, 6.374485], [-75.474635, 6.374485]]], [[[-75.475402, 6.381246], [-75.475338, 6.381301], [-75.475294, 6.381183], [-75.475402, 6.381246]]], [[[-75.474716, 6.381034], [-75.474532, 6.380859], [-75.474576, 6.380629], [-75.474707, 6.380785], [-75.474919, 6.380762], [-75.474863, 6.380656], [-75.475034, 6.380736], [-75.475027, 6.381041], [-75.474716, 6.381034]]], [[[-75.474627, 6.38047], [-75.474711, 6.380392], [-75.474671, 6.380507], [-75.474627, 6.38047]]], [[[-75.474697, 6.378487], [-75.474534, 6.378441], [-75.474656, 6.378389], [-75.474697, 6.378487]]], [[[-75.476058, 6.381873], [-75.475493, 6.381947], [-75.475372, 6.381605], [-75.475583, 6.381504], [-75.475716, 6.381627], [-75.475866, 6.381633], [-75.475938, 6.381815], [-75.476058, 6.381873]]], [[[-75.475364, 6.38204], [-75.474906, 6.382282], [-75.474868, 6.382429], [-75.474953, 6.382606], [-75.474869, 6.38257], [-75.474767, 6.382293], [-75.475071, 6.382093], [-75.475194, 6.381896], [-75.475324, 6.381925], [-75.475364, 6.38204]]], [[[-75.475197, 6.382682], [-75.475553, 6.382687], [-75.475796, 6.382856], [-75.47542, 6.382782], [-75.475197, 6.382682]]], [[[-75.47663, 6.382511], [-75.476495, 6.382636], [-75.476445, 6.382649], [-75.47663, 6.382511]]], [[[-75.481127, 6.380215], [-75.48061, 6.380003], [-75.480535, 6.37982], [-75.480594, 6.379667], [-75.480852, 6.379707], [-75.481127, 6.380215]]], [[[-75.481021, 6.382268], [-75.480907, 6.381911], [-75.480962, 6.381715], [-75.481021, 6.382268]]], [[[-75.481283, 6.380866], [-75.481193, 6.381116], [-75.481183, 6.380817], [-75.481283, 6.380866]]], [[[-75.481352, 6.383178], [-75.481308, 6.383093], [-75.481361, 6.38298], [-75.481452, 6.383104], [-75.481352, 6.383178]]], [[[-75.482286, 6.388844], [-75.482231, 6.3888], [-75.482208, 6.388704], [-75.482306, 6.388778], [-75.482286, 6.388844]]], [[[-75.46558, 6.376254], [-75.465543, 6.376201], [-75.46557, 6.376166], [-75.46558, 6.376254]]], [[[-75.437945, 6.369848], [-75.437889, 6.370053], [-75.437759, 6.370027], [-75.437817, 6.369879], [-75.437945, 6.369848]]], [[[-75.437053, 6.384302], [-75.437005, 6.384295], [-75.43702, 6.384251], [-75.437053, 6.384302]]], [[[-75.431208, 6.389413], [-75.431309, 6.389482], [-75.431309, 6.389526], [-75.431153, 6.389509], [-75.431208, 6.389413]]], [[[-75.427205, 6.395672], [-75.427282, 6.395727], [-75.427248, 6.39582], [-75.427147, 6.395762], [-75.427205, 6.395672]]], [[[-75.431451, 6.389778], [-75.431359, 6.389699], [-75.431444, 6.389686], [-75.431451, 6.389778]]], [[[-75.444506, 6.390778], [-75.444511, 6.390901], [-75.444268, 6.390865], [-75.444396, 6.390728], [-75.444506, 6.390778]]], [[[-75.440046, 6.395068], [-75.439962, 6.394878], [-75.440124, 6.394793], [-75.440189, 6.394973], [-75.440046, 6.395068]]], [[[-75.43138, 6.400211], [-75.431537, 6.400505], [-75.431418, 6.400837], [-75.431198, 6.400727], [-75.43102, 6.400454], [-75.431168, 6.40023], [-75.43138, 6.400211]]], [[[-75.432242, 6.399911], [-75.432344, 6.399844], [-75.432358, 6.399885], [-75.432242, 6.399911]]], [[[-75.423806, 6.40484], [-75.423759, 6.404895], [-75.423675, 6.404848], [-75.423734, 6.404766], [-75.423806, 6.40484]]]]}, "properties": {"clase": 1, "area_ha": 66.23401891567556}}, {"type": "Feature", "geometry": {"type": "MultiPolygon", "coordinates": [[[[-75.413796, 6.354558], [-75.413758, 6.355192], [-75.413719, 6.354718], [-75.413796, 6.354558]]], [[[-75.413576, 6.354489], [-75.413594, 6.354261], [-75.413628, 6.354193], [-75.413713, 6.35432], [-75.413576, 6.354489]]], [[[-75.421272, 6.391859], [-75.420291, 6.392366], [-75.420184, 6.392334], [-75.420465, 6.391996], [-75.421272, 6.391859]]], [[[-75.420112, 6.392618], [-75.419678, 6.392686], [-75.419253, 6.392534], [-75.420112, 6.392618]]], [[[-75.419069, 6.392545], [-75.418343, 6.392471], [-75.418269, 6.392336], [-75.41848, 6.392451], [-75.419069, 6.392545]]], [[[-75.419296, 6.392308], [-75.418734, 6.39197], [-75.418734, 6.391597], [-75.418845, 6.391616], [-75.418763, 6.391746], [-75.418811, 6.391956], [-75.419218, 6.392155], [-75.419296, 6.392308]]], [[[-75.420018, 6.389356], [-75.419874, 6.389374], [-75.420059, 6.389311], [-75.420018, 6.389356]]], [[[-75.420271, 6.340995], [-75.420147, 6.341232], [-75.420002, 6.341584], [-75.420114, 6.341231], [-75.420271, 6.340995]]], [[[-75.420273, 6.341446], [-75.420248, 6.341531], [-75.420141, 6.341664], [-75.420225, 6.341495], [-75.420273, 6.341446]]], [[[-75.419944, 6.342409], [-75.419435, 6.342219], [-75.419734, 6.342119], [-75.419923, 6.34189], [-75.419744, 6.342254], [-75.419944, 6.342409]]], [[[-75.420592, 6.389119], [-75.420419, 6.388888], [-75.420381, 6.388783], [-75.420592, 6.389119]]], [[[-75.420223, 6.388846], [-75.420148, 6.38885], [-75.420195, 6.388722], [-75.420223, 6.388846]]], [[[-75.42027, 6.389044], [-75.420301, 6.389223], [-75.420288, 6.389312], [-75.42027, 6.389044]]], [[[-75.420381, 6.389436], [-75.420322, 6.389524], [-75.420195, 6.389575], [-75.420296, 6.389471], [-75.420381, 6.389436]]], [[[-75.421208, 6.390468], [-75.420985, 6.3903], [-75.420995, 6.38997], [-75.42102, 6.390225], [-75.421208, 6.390468]]], [[[-75.420884, 6.389678], [-75.420824, 6.389575], [-75.420666, 6.389419], [-75.420841, 6.38955], [-75.420884, 6.389678]]], [[[-75.420925, 6.389417], [-75.420989, 6.389436], [-75.420988, 6.389501], [-75.420925, 6.389417]]], [[[-75.421428, 6.343549], [-75.421404, 6.343591], [-75.421376, 6.343501], [-75.421428, 6.343549]]], [[[-75.42128, 6.343409], [-75.421214, 6.343259], [-75.421128, 6.343159], [-75.421263, 6.343276], [-75.42128, 6.343409]]], [[[-75.421763, 6.396623], [-75.421741, 6.396719], [-75.421713, 6.39675], [-75.421763, 6.396623]]], [[[-75.421868, 6.343577], [-75.421614, 6.343276], [-75.421699, 6.342972], [-75.421674, 6.343242], [-75.421868, 6.343577]]], [[[-75.421933, 6.390354], [-75.421746, 6.390331], [-75.421973, 6.390338], [-75.421933, 6.390354]]], [[[-75.422428, 6.361577], [-75.422393, 6.361525], [-75.422264, 6.36145], [-75.422371, 6.361476], [-75.422428, 6.361577]]], [[[-75.42232, 6.361743], [-75.422271, 6.361734], [-75.422271, 6.361686], [-75.42232, 6.361743]]], [[[-75.422657, 6.404619], [-75.422509, 6.404554], [-75.422467, 6.404522], [-75.422657, 6.404619]]], [[[-75.422405, 6.342056], [-75.422386, 6.34212], [-75.422321, 6.342119], [-75.422405, 6.342056]]], [[[-75.42235, 6.341903], [-75.422301, 6.341885], [-75.422409, 6.341837], [-75.42235, 6.341903]]], [[[-75.422747, 6.363774], [-75.422648, 6.363766], [-75.422637, 6.363724], [-75.422747, 6.363774]]], [[[-75.422687, 6.344349], [-75.422651, 6.344552], [-75.422588, 6.344309], [-75.422687, 6.344349]]], [[[-75.423227, 6.341447], [-75.423155, 6.341569], [-75.423111, 6.34158], [-75.423227, 6.341447]]], [[[-75.423629, 6.398844], [-75.42361, 6.399067], [-75.423588, 6.399084], [-75.423629, 6.398844]]], [[[-75.424171, 6.405107], [-75.423981, 6.405065], [-75.423806, 6.40518], [-75.423958, 6.404982], [-75.424169, 6.405026], [-75.424171, 6.405107]]], [[[-75.423918, 6.392223], [-75.423897, 6.392356], [-75.423844, 6.392223], [-75.423918, 6.392223]]], [[[-75.423888, 6.335539], [-75.423831, 6.3354], [-75.423834, 6.335386], [-75.423899, 6.335425], [-75.423888, 6.335539]]], [[[-75.423957, 6.336196], [-75.423987, 6.336326], [-75.423861, 6.336078], [-75.423957, 6.336196]]], [[[-75.424181, 6.393891], [-75.424103, 6.393702], [-75.424161, 6.393611], [-75.424181, 6.393891]]], [[[-75.424296, 6.329241], [-75.424012, 6.328712], [-75.424013, 6.329015], [-75.423984, 6.328638], [-75.424182, 6.328809], [-75.424296, 6.329241]]], [[[-75.424182, 6.329462], [-75.424225, 6.329647], [-75.424201, 6.329788], [-75.424166, 6.329555], [-75.424182, 6.329462]]], [[[-75.424333, 6.341137], [-75.424206, 6.341165], [-75.424048, 6.341163], [-75.424297, 6.341092], [-75.424333, 6.341137]]], [[[-75.425156, 6.398003], [-75.425178, 6.397917], [-75.425296, 6.397903], [-75.425263, 6.397991], [-75.425156, 6.398003]]], [[[-75.424505, 6.398181], [-75.424627, 6.397946], [-75.424523, 6.39778], [-75.424522, 6.397648], [-75.42469, 6.397961], [-75.424505, 6.398181]]], [[[-75.424931, 6.398468], [-75.424755, 6.398511], [-75.424752, 6.398264], [-75.424925, 6.398265], [-75.424931, 6.398468]]], [[[-75.424606, 6.398745], [-75.424862, 6.399094], [-75.425229, 6.399355], [-75.425336, 6.399524], [-75.42486, 6.399228], [-75.424404, 6.398735], [-75.424606, 6.398745]]], [[[-75.424417, 6.333301], [-75.424398, 6.333499], [-75.424381, 6.333245], [-75.424417, 6.333301]]], [[[-75.424706, 6.347984], [-75.424622, 6.347925], [-75.424672, 6.347713], [-75.424706, 6.347984]]], [[[-75.425534, 6.33963], [-75.425433, 6.339775], [-75.425205, 6.339979], [-75.425382, 6.339767], [-75.425534, 6.33963]]], [[[-75.425085, 6.339782], [-75.425182, 6.339562], [-75.425315, 6.339455], [-75.425163, 6.339734], [-75.425085, 6.339782]]], [[[-75.424962, 6.340232], [-75.424661, 6.340623], [-75.424596, 6.340834], [-75.424654, 6.340577], [-75.424962, 6.340232]]], [[[-75.425218, 6.337117], [-75.425117, 6.337185], [-75.425042, 6.337084], [-75.425168, 6.33705], [-75.425218, 6.337117]]], [[[-75.425793, 6.34502], [-75.42577, 6.345416], [-75.425703, 6.345501], [-75.425793, 6.34502]]], [[[-75.425614, 6.345521], [-75.425609, 6.345739], [-75.425555, 6.345819], [-75.425614, 6.345521]]], [[[-75.425432, 6.344237], [-75.42539, 6.344304], [-75.425364, 6.344254], [-75.425432, 6.344237]]], [[[-75.426963, 6.392754], [-75.426789, 6.392519], [-75.426655, 6.392531], [-75.426691, 6.392481], [-75.42692, 6.392509], [-75.426963, 6.392754]]], [[[-75.426614, 6.392484], [-75.426501, 6.392654], [-75.426493, 6.392661], [-75.426545, 6.392475], [-75.426614, 6.392484]]], [[[-75.426491, 6.404866], [-75.426354, 6.404805], [-75.426325, 6.404775], [-75.426461, 6.404793], [-75.426491, 6.404866]]], [[[-75.427263, 6.392557], [-75.427139, 6.392146], [-75.42712, 6.391555], [-75.427307, 6.391818], [-75.427355, 6.392231], [-75.427263, 6.392557]]], [[[-75.426915, 6.391925], [-75.426756, 6.392143], [-75.426754, 6.39181], [-75.426961, 6.39148], [-75.426915, 6.391925]]], [[[-75.427174, 6.387008], [-75.427012, 6.386868], [-75.427006, 6.386802], [-75.427174, 6.387008]]], [[[-75.427625, 6.395114], [-75.427454, 6.395308], [-75.427405, 6.395626], [-75.427419, 6.39528], [-75.427625, 6.395114]]], [[[-75.4272, 6.340706], [-75.42701, 6.34109], [-75.427037, 6.340892], [-75.4272, 6.340706]]], [[[-75.427759, 6.4002], [-75.427569, 6.400164], [-75.427531, 6.400518], [-75.427453, 6.400569], [-75.427343, 6.400527], [-75.427487, 6.400491], [-75.427533, 6.400132], [-75.427674, 6.400086], [-75.427759, 6.4002]]], [[[-75.429038, 6.329423], [-75.42894, 6.329523], [-75.428821, 6.329669], [-75.429033, 6.329367], [-75.429079, 6.329142], [-75.429038, 6.329423]]], [[[-75.428608, 6.32979], [-75.428654, 6.330293], [-75.428566, 6.329702], [-75.428608, 6.32979]]], [[[-75.428554, 6.329119], [-75.428704, 6.329241], [-75.428834, 6.329244], [-75.428704, 6.329309], [-75.428554, 6.329119]]], [[[-75.427394, 6.327816], [-75.42773, 6.329032], [-75.427654, 6.329015], [-75.42732, 6.327717], [-75.427374, 6.327356], [-75.427724, 6.327016], [-75.427412, 6.327408], [-75.427394, 6.327816]]], [[[-75.427888, 6.327147], [-75.427715, 6.327735], [-75.427761, 6.328238], [-75.427622, 6.327876], [-75.427888, 6.327147]]], [[[-75.427813, 6.328448], [-75.427914, 6.328664], [-75.427941, 6.328771], [-75.427813, 6.328448]]], [[[-75.427869, 6.397193], [-75.428012, 6.397198], [-75.428387, 6.397487], [-75.428622, 6.397544], [-75.428523, 6.39764], [-75.428374, 6.397629], [-75.427869, 6.397193]]], [[[-75.427871, 6.39217], [-75.427809, 6.392109], [-75.427875, 6.391922], [-75.427871, 6.39217]]], [[[-75.427637, 6.321771], [-75.427654, 6.321625], [-75.427837, 6.321737], [-75.427637, 6.321771]]], [[[-75.428355, 6.38746], [-75.428222, 6.387469], [-75.428188, 6.387432], [-75.42839, 6.387372], [-75.428355, 6.38746]]], [[[-75.428171, 6.322435], [-75.428146, 6.32253], [-75.428154, 6.322406], [-75.428171, 6.322435]]], [[[-75.428432, 6.341425], [-75.428376, 6.34147], [-75.428262, 6.341358], [-75.428432, 6.341425]]], [[[-75.428216, 6.323828], [-75.428217, 6.323766], [-75.428323, 6.323833], [-75.428216, 6.323828]]], [[[-75.429052, 6.332169], [-75.429003, 6.332018], [-75.429016, 6.331787], [-75.429068, 6.332071], [-75.429052, 6.332169]]], [[[-75.428931, 6.331595], [-75.428829, 6.331398], [-75.428848, 6.331257], [-75.428931, 6.331595]]], [[[-75.429052, 6.331053], [-75.429098, 6.331227], [-75.429108, 6.331378], [-75.429043, 6.331241], [-75.429052, 6.331053]]], [[[-75.430107, 6.395844], [-75.429476, 6.396035], [-75.429233, 6.395946], [-75.430178, 6.39571], [-75.430107, 6.395844]]], [[[-75.429439, 6.388572], [-75.429301, 6.388574], [-75.429208, 6.388501], [-75.429368, 6.388532], [-75.429439, 6.388572]]], [[[-75.429219, 6.340475], [-75.429196, 6.340548], [-75.42912, 6.340549], [-75.429219, 6.340475]]], [[[-75.429862, 6.394912], [-75.429575, 6.394963], [-75.429508, 6.39493], [-75.429862, 6.394912]]], [[[-75.429551, 6.332785], [-75.429467, 6.332738], [-75.429467, 6.332644], [-75.429551, 6.332785]]], [[[-75.430029, 6.389865], [-75.429968, 6.389899], [-75.429917, 6.389866], [-75.429967, 6.389832], [-75.430029, 6.389865]]], [[[-75.430458, 6.397362], [-75.430247, 6.397346], [-75.430093, 6.397364], [-75.43028, 6.397278], [-75.430458, 6.397362]]], [[[-75.429956, 6.397616], [-75.430005, 6.397819], [-75.429972, 6.397963], [-75.429956, 6.397616]]], [[[-75.430155, 6.334808], [-75.42982, 6.335115], [-75.429963, 6.334894], [-75.430155, 6.334808]]], [[[-75.430153, 6.335139], [-75.43005, 6.335339], [-75.430022, 6.335354], [-75.430153, 6.335139]]], [[[-75.430201, 6.336367], [-75.430127, 6.336032], [-75.430131, 6.335721], [-75.430205, 6.336043], [-75.430201, 6.336367]]], [[[-75.429889, 6.335901], [-75.429902, 6.335998], [-75.429877, 6.336015], [-75.429889, 6.335901]]], [[[-75.431241, 6.389409], [-75.431235, 6.389444], [-75.431169, 6.389394], [-75.431241, 6.389409]]], [[[-75.431048, 6.333691], [-75.430971, 6.333719], [-75.43089, 6.333716], [-75.431006, 6.333646], [-75.431048, 6.333691]]], [[[-75.430543, 6.333527], [-75.430274, 6.333635], [-75.430139, 6.333529], [-75.430543, 6.333527]]], [[[-75.430732, 6.33346], [-75.430844, 6.333412], [-75.431015, 6.333422], [-75.430796, 6.333476], [-75.430732, 6.33346]]], [[[-75.430037, 6.334291], [-75.42997, 6.334148], [-75.429993, 6.33402], [-75.430052, 6.334207], [-75.430037, 6.334291]]], [[[-75.430822, 6.38993], [-75.430808, 6.390086], [-75.430781, 6.389901], [-75.430822, 6.38993]]], [[[-75.432109, 6.38752], [-75.431275, 6.387776], [-75.430525, 6.388402], [-75.430637, 6.388178], [-75.431324, 6.38766], [-75.43239, 6.387279], [-75.432109, 6.38752]]], [[[-75.430885, 6.380238], [-75.43066, 6.380142], [-75.430945, 6.38022], [-75.430885, 6.380238]]], [[[-75.430775, 6.338162], [-75.430676, 6.338773], [-75.430535, 6.338206], [-75.430605, 6.33807], [-75.430775, 6.338162]]], [[[-75.430864, 6.33902], [-75.430845, 6.339093], [-75.430827, 6.33924], [-75.430811, 6.339093], [-75.430864, 6.33902]]], [[[-75.430734, 6.339254], [-75.43071, 6.339441], [-75.430717, 6.339214], [-75.430734, 6.339254]]], [[[-75.430785, 6.339666], [-75.430819, 6.339694], [-75.430769, 6.33972], [-75.430785, 6.339666]]], [[[-75.431959, 6.397705], [-75.431763, 6.397699], [-75.431633, 6.397603], [-75.431872, 6.397641], [-75.431959, 6.397705]]], [[[-75.431289, 6.39753], [-75.430851, 6.39745], [-75.430796, 6.39733], [-75.431289, 6.39753]]], [[[-75.430864, 6.39512], [-75.430913, 6.39513], [-75.430913, 6.395177], [-75.430864, 6.39512]]], [[[-75.431167, 6.391486], [-75.431125, 6.391525], [-75.431099, 6.391476], [-75.431167, 6.391486]]], [[[-75.434998, 6.382201], [-75.434523, 6.382222], [-75.434451, 6.38236], [-75.434471, 6.382736], [-75.434326, 6.382786], [-75.434182, 6.382719], [-75.433998, 6.382417], [-75.433107, 6.382172], [-75.432726, 6.381861], [-75.433159, 6.382123], [-75.433312, 6.382172], [-75.43369, 6.382127], [-75.433807, 6.381848], [-75.434001, 6.381695], [-75.433812, 6.381548], [-75.433826, 6.38143], [-75.434216, 6.381645], [-75.434735, 6.381767], [-75.434998, 6.382201]]], [[[-75.433178, 6.382032], [-75.43307, 6.380685], [-75.432447, 6.380924], [-75.433211, 6.380458], [-75.433349, 6.380504], [-75.433393, 6.380728], [-75.434406, 6.381418], [-75.433875, 6.381245], [-75.433743, 6.381274], [-75.433642, 6.381888], [-75.43343, 6.382055], [-75.43326, 6.382138], [-75.433214, 6.382146], [-75.433193, 6.382132], [-75.433178, 6.382032]], [[-75.433519, 6.38127], [-75.433418, 6.381336], [-75.433521, 6.381476], [-75.433602, 6.381375], [-75.433519, 6.38127]]], [[[-75.432699, 6.380543], [-75.432233, 6.380841], [-75.431672, 6.380697], [-75.432138, 6.380765], [-75.432238, 6.380575], [-75.432409, 6.380491], [-75.432699, 6.380543]]], [[[-75.432021, 6.380563], [-75.431911, 6.38053], [-75.431957, 6.380427], [-75.432081, 6.380474], [-75.432021, 6.380563]]], [[[-75.431361, 6.380597], [-75.4312, 6.380555], [-75.431144, 6.380369], [-75.431358, 6.380067], [-75.431465, 6.379732], [-75.431719, 6.380408], [-75.431471, 6.380159], [-75.431342, 6.380174], [-75.431176, 6.380409], [-75.431361, 6.380597]]], [[[-75.431188, 6.379695], [-75.431124, 6.379778], [-75.431138, 6.379615], [-75.431188, 6.379695]]], [[[-75.431481, 6.379614], [-75.431499, 6.379536], [-75.431562, 6.379459], [-75.431551, 6.379569], [-75.431481, 6.379614]]], [[[-75.431142, 6.379299], [-75.431369, 6.378816], [-75.431418, 6.378605], [-75.43137, 6.379025], [-75.431142, 6.379299]]], [[[-75.431583, 6.400572], [-75.431499, 6.400895], [-75.431542, 6.400504], [-75.431378, 6.400212], [-75.431516, 6.400333], [-75.431583, 6.400572]]], [[[-75.431682, 6.39171], [-75.431639, 6.391522], [-75.431688, 6.391362], [-75.431716, 6.391644], [-75.431682, 6.39171]]], [[[-75.432061, 6.389635], [-75.431935, 6.389754], [-75.431749, 6.389735], [-75.432053, 6.389525], [-75.432061, 6.389635]]], [[[-75.43198, 6.40095], [-75.43192, 6.400922], [-75.431984, 6.400809], [-75.43198, 6.40095]]], [[[-75.432931, 6.333086], [-75.432816, 6.333154], [-75.432714, 6.333129], [-75.432863, 6.33307], [-75.432931, 6.333086]]], [[[-75.432566, 6.333147], [-75.432358, 6.333238], [-75.432225, 6.33319], [-75.432566, 6.333147]]], [[[-75.43196, 6.333256], [-75.431961, 6.333305], [-75.431884, 6.333305], [-75.43196, 6.333256]]], [[[-75.43162, 6.333366], [-75.431649, 6.333398], [-75.431599, 6.333399], [-75.43162, 6.333366]]], [[[-75.432405, 6.401849], [-75.43233, 6.40197], [-75.432226, 6.401811], [-75.432405, 6.401849]]], [[[-75.432338, 6.395913], [-75.43227, 6.396174], [-75.432276, 6.39591], [-75.432153, 6.39578], [-75.432338, 6.395913]]], [[[-75.432484, 6.337659], [-75.432202, 6.337698], [-75.43192, 6.337877], [-75.432172, 6.337486], [-75.432115, 6.337655], [-75.432391, 6.337604], [-75.432484, 6.337659]]], [[[-75.434305, 6.38866], [-75.434169, 6.388563], [-75.433998, 6.388576], [-75.433676, 6.388773], [-75.433381, 6.389148], [-75.433799, 6.388616], [-75.434141, 6.388534], [-75.434305, 6.38866]]], [[[-75.433078, 6.389124], [-75.432919, 6.389268], [-75.432868, 6.389275], [-75.433078, 6.389124]]], [[[-75.433711, 6.390682], [-75.433279, 6.390685], [-75.433019, 6.39058], [-75.433711, 6.390682]]], [[[-75.43331, 6.330874], [-75.433116, 6.330858], [-75.433102, 6.330836], [-75.43331, 6.330874]]], [[[-75.434366, 6.389941], [-75.434406, 6.389975], [-75.434377, 6.390002], [-75.434366, 6.389941]]], [[[-75.434334, 6.390081], [-75.434271, 6.39024], [-75.434044, 6.390507], [-75.433998, 6.390241], [-75.434191, 6.390211], [-75.434189, 6.390043], [-75.434334, 6.390081]]], [[[-75.433847, 6.332903], [-75.433849, 6.332855], [-75.433899, 6.332855], [-75.433847, 6.332903]]], [[[-75.434795, 6.332948], [-75.434951, 6.332971], [-75.434758, 6.332964], [-75.434795, 6.332948]]], [[[-75.434449, 6.35732], [-75.434406, 6.357374], [-75.434406, 6.357324], [-75.434449, 6.35732]]], [[[-75.436797, 6.384413], [-75.43684, 6.384294], [-75.437025, 6.384293], [-75.436967, 6.384415], [-75.436797, 6.384413]]], [[[-75.436672, 6.384253], [-75.435798, 6.384345], [-75.435738, 6.384701], [-75.435381, 6.385205], [-75.435411, 6.385473], [-75.43524, 6.385481], [-75.435302, 6.385642], [-75.435531, 6.385629], [-75.435466, 6.385703], [-75.435308, 6.385719], [-75.434678, 6.385461], [-75.434856, 6.38544], [-75.435121, 6.384671], [-75.435163, 6.384238], [-75.43506, 6.384029], [-75.434929, 6.383998], [-75.435151, 6.383483], [-75.435458, 6.383392], [-75.435735, 6.383092], [-75.43569, 6.383354], [-75.435265, 6.383574], [-75.435214, 6.383782], [-75.435362, 6.383781], [-75.435643, 6.384001], [-75.435796, 6.383517], [-75.435953, 6.383412], [-75.435952, 6.383973], [-75.436222, 6.383701], [-75.436085, 6.383984], [-75.43612, 6.384111], [-75.436672, 6.384253]]], [[[-75.43594, 6.384765], [-75.436057, 6.384703], [-75.436066, 6.384722], [-75.43594, 6.384765]]], [[[-75.435818, 6.389187], [-75.435752, 6.389222], [-75.435726, 6.389188], [-75.435818, 6.389187]]], [[[-75.43556, 6.38906], [-75.435336, 6.388989], [-75.435318, 6.388964], [-75.43556, 6.38906]]], [[[-75.435386, 6.332718], [-75.43547, 6.332743], [-75.435348, 6.332743], [-75.435386, 6.332718]]], [[[-75.435959, 6.397746], [-75.43571, 6.397738], [-75.436242, 6.3972], [-75.436124, 6.397607], [-75.435959, 6.397746]]], [[[-75.43584, 6.382359], [-75.435773, 6.382386], [-75.435717, 6.382381], [-75.435795, 6.382279], [-75.43584, 6.382359]]], [[[-75.437189, 6.397662], [-75.436628, 6.397073], [-75.436547, 6.396783], [-75.436292, 6.396498], [-75.436821, 6.396834], [-75.437189, 6.397662]]], [[[-75.436688, 6.39553], [-75.436755, 6.395335], [-75.437073, 6.395223], [-75.436315, 6.396054], [-75.436211, 6.396339], [-75.436151, 6.396175], [-75.436688, 6.39553]]], [[[-75.436335, 6.385431], [-75.436439, 6.385316], [-75.43644, 6.38501], [-75.436492, 6.385316], [-75.436335, 6.385431]]], [[[-75.436888, 6.391737], [-75.43678, 6.391729], [-75.436743, 6.391659], [-75.436888, 6.391737]]], [[[-75.436698, 6.36876], [-75.436632, 6.368772], [-75.436628, 6.368742], [-75.436698, 6.36876]]], [[[-75.436851, 6.384796], [-75.436773, 6.384817], [-75.436857, 6.384755], [-75.436851, 6.384796]]], [[[-75.436685, 6.331316], [-75.436663, 6.331412], [-75.436635, 6.331443], [-75.436685, 6.331316]]], [[[-75.438312, 6.371052], [-75.438123, 6.370957], [-75.438063, 6.37085], [-75.438312, 6.371052]]], [[[-75.437992, 6.370712], [-75.437779, 6.370625], [-75.437762, 6.370597], [-75.43793, 6.370622], [-75.437992, 6.370712]]], [[[-75.437736, 6.370435], [-75.437754, 6.36986], [-75.438089, 6.369769], [-75.438114, 6.370096], [-75.437909, 6.370442], [-75.437736, 6.370435]], [[-75.437965, 6.369885], [-75.437871, 6.36986], [-75.437768, 6.370031], [-75.437904, 6.370052], [-75.437965, 6.369885]]], [[[-75.438047, 6.370476], [-75.438081, 6.370471], [-75.438109, 6.370555], [-75.438047, 6.370476]]], [[[-75.438128, 6.376494], [-75.438025, 6.376638], [-75.437956, 6.376574], [-75.438128, 6.376494]]], [[[-75.439189, 6.373097], [-75.439035, 6.373494], [-75.438985, 6.373541], [-75.439189, 6.373097]]], [[[-75.438526, 6.373647], [-75.438584, 6.373613], [-75.438928, 6.373323], [-75.438737, 6.373581], [-75.438526, 6.373647]]], [[[-75.438272, 6.373952], [-75.438221, 6.374405], [-75.438282, 6.374813], [-75.43816, 6.374252], [-75.438272, 6.373952]]], [[[-75.43828, 6.373797], [-75.438288, 6.373748], [-75.438339, 6.373748], [-75.43828, 6.373797]]], [[[-75.437692, 6.330577], [-75.43767, 6.330532], [-75.437706, 6.330535], [-75.437692, 6.330577]]], [[[-75.438007, 6.363282], [-75.437874, 6.36325], [-75.437866, 6.36322], [-75.438007, 6.363282]]], [[[-75.438228, 6.403959], [-75.438127, 6.403993], [-75.438101, 6.40396], [-75.438228, 6.403959]]], [[[-75.438154, 6.375315], [-75.438093, 6.376148], [-75.438037, 6.374869], [-75.438154, 6.375315]]], [[[-75.438283, 6.369084], [-75.438327, 6.369349], [-75.43824, 6.369002], [-75.438283, 6.369084]]], [[[-75.438619, 6.367855], [-75.438614, 6.368113], [-75.438581, 6.36818], [-75.438619, 6.367855]]], [[[-75.438286, 6.368308], [-75.438524, 6.367635], [-75.438423, 6.367107], [-75.438691, 6.367497], [-75.438514, 6.367799], [-75.438415, 6.368213], [-75.438286, 6.368308]]], [[[-75.438355, 6.366751], [-75.438371, 6.366608], [-75.438403, 6.366822], [-75.438355, 6.366751]]], [[[-75.438829, 6.377492], [-75.438811, 6.377216], [-75.438719, 6.376855], [-75.438867, 6.377212], [-75.438829, 6.377492]]], [[[-75.438647, 6.378001], [-75.438624, 6.378127], [-75.438776, 6.378385], [-75.438594, 6.378451], [-75.438504, 6.378385], [-75.438464, 6.378144], [-75.438647, 6.378001]]], [[[-75.438309, 6.329666], [-75.438223, 6.329487], [-75.438235, 6.329439], [-75.43839, 6.329624], [-75.438309, 6.329666]]], [[[-75.438717, 6.399275], [-75.438779, 6.399274], [-75.438717, 6.399372], [-75.438717, 6.399275]]], [[[-75.438527, 6.375991], [-75.438553, 6.376059], [-75.438548, 6.376122], [-75.438514, 6.376063], [-75.438527, 6.375991]]], [[[-75.438551, 6.369955], [-75.438582, 6.369986], [-75.438478, 6.369981], [-75.438551, 6.369955]]], [[[-75.438642, 6.36978], [-75.4386, 6.369757], [-75.438682, 6.369735], [-75.438642, 6.36978]]], [[[-75.438837, 6.404943], [-75.438789, 6.404962], [-75.438789, 6.404912], [-75.438837, 6.404943]]], [[[-75.438833, 6.400108], [-75.438764, 6.400094], [-75.438765, 6.400063], [-75.438833, 6.400108]]], [[[-75.43874, 6.371033], [-75.438726, 6.371085], [-75.438692, 6.371033], [-75.43874, 6.371033]]], [[[-75.439095, 6.396083], [-75.439021, 6.396024], [-75.439017, 6.395992], [-75.439089, 6.396023], [-75.439095, 6.396083]]], [[[-75.439016, 6.365238], [-75.43887, 6.365407], [-75.438805, 6.365416], [-75.438839, 6.365315], [-75.439016, 6.365238]]], [[[-75.439901, 6.394741], [-75.439976, 6.395078], [-75.439438, 6.395487], [-75.439298, 6.395482], [-75.439238, 6.395316], [-75.439047, 6.395337], [-75.439302, 6.394905], [-75.439571, 6.394904], [-75.439901, 6.394741]]], [[[-75.439107, 6.369559], [-75.439099, 6.369625], [-75.439048, 6.369651], [-75.439107, 6.369559]]], [[[-75.439713, 6.379456], [-75.439685, 6.379678], [-75.439668, 6.379454], [-75.4395, 6.379295], [-75.439713, 6.379456]]], [[[-75.439912, 6.362861], [-75.439813, 6.362711], [-75.439805, 6.362455], [-75.439912, 6.362861]]], [[[-75.439858, 6.361761], [-75.439873, 6.361837], [-75.439822, 6.361837], [-75.439858, 6.361761]]], [[[-75.440218, 6.379405], [-75.440035, 6.379521], [-75.43999, 6.379514], [-75.440218, 6.379405]]], [[[-75.440439, 6.39561], [-75.440313, 6.395537], [-75.440228, 6.395523], [-75.440347, 6.395503], [-75.440439, 6.39561]]], [[[-75.44134, 6.376125], [-75.441202, 6.376476], [-75.440421, 6.377068], [-75.441211, 6.376339], [-75.441255, 6.375899], [-75.44134, 6.376125]]], [[[-75.440326, 6.330657], [-75.440242, 6.330715], [-75.44021, 6.330685], [-75.44026, 6.330635], [-75.440326, 6.330657]]], [[[-75.440107, 6.330589], [-75.440064, 6.33052], [-75.440073, 6.33035], [-75.440122, 6.33052], [-75.440107, 6.330589]]], [[[-75.44098, 6.371324], [-75.440857, 6.371479], [-75.440897, 6.37125], [-75.44098, 6.371324]]], [[[-75.440635, 6.371456], [-75.440526, 6.3715], [-75.440493, 6.371479], [-75.440662, 6.371325], [-75.440635, 6.371456]]], [[[-75.442124, 6.395231], [-75.441489, 6.395112], [-75.441226, 6.394695], [-75.440788, 6.394865], [-75.440501, 6.394848], [-75.441315, 6.39457], [-75.442124, 6.395231]]], [[[-75.441008, 6.378273], [-75.440991, 6.378365], [-75.440838, 6.378533], [-75.440894, 6.378365], [-75.441008, 6.378273]]], [[[-75.440755, 6.378709], [-75.440607, 6.379015], [-75.440562, 6.379188], [-75.440592, 6.378968], [-75.440755, 6.378709]]], [[[-75.441408, 6.384234], [-75.44135, 6.384365], [-75.441315, 6.384403], [-75.441408, 6.384234]]], [[[-75.441045, 6.384648], [-75.440775, 6.384494], [-75.440775, 6.384457], [-75.441185, 6.384478], [-75.441168, 6.384626], [-75.441045, 6.384648]]], [[[-75.440698, 6.384262], [-75.440672, 6.384172], [-75.440709, 6.384111], [-75.440753, 6.384231], [-75.440698, 6.384262]]], [[[-75.441293, 6.396078], [-75.441189, 6.396163], [-75.441133, 6.396346], [-75.441129, 6.396078], [-75.441293, 6.396078]]], [[[-75.441109, 6.389174], [-75.441171, 6.389173], [-75.441171, 6.389185], [-75.441109, 6.389174]]], [[[-75.441201, 6.3776], [-75.441245, 6.377769], [-75.441314, 6.377772], [-75.4413, 6.377837], [-75.441202, 6.377786], [-75.441201, 6.3776]]], [[[-75.441356, 6.330424], [-75.441182, 6.330476], [-75.441103, 6.330402], [-75.441304, 6.330375], [-75.441356, 6.330424]]], [[[-75.441593, 6.387513], [-75.441423, 6.387431], [-75.441579, 6.387064], [-75.441673, 6.387459], [-75.441593, 6.387513]]], [[[-75.442029, 6.395545], [-75.441683, 6.395628], [-75.44157, 6.395705], [-75.441647, 6.395599], [-75.442029, 6.395545]]], [[[-75.442107, 6.389834], [-75.441958, 6.389816], [-75.441642, 6.389563], [-75.44203, 6.389676], [-75.442107, 6.389834]]], [[[-75.442347, 6.386896], [-75.442208, 6.386929], [-75.442176, 6.386897], [-75.442347, 6.386896]]], [[[-75.443022, 6.387617], [-75.44292, 6.387431], [-75.442691, 6.387384], [-75.442953, 6.387397], [-75.443022, 6.387617]]], [[[-75.443627, 6.389119], [-75.443491, 6.389317], [-75.443321, 6.389178], [-75.443271, 6.389056], [-75.443358, 6.388937], [-75.443466, 6.388916], [-75.443627, 6.389119]], [[-75.44351, 6.38899], [-75.443387, 6.38897], [-75.44331, 6.389066], [-75.44345, 6.389221], [-75.443541, 6.389115], [-75.44351, 6.38899]]], [[[-75.443535, 6.388111], [-75.443299, 6.388027], [-75.443634, 6.388029], [-75.443535, 6.388111]]], [[[-75.443294, 6.366328], [-75.443313, 6.366265], [-75.443374, 6.366265], [-75.443294, 6.366328]]], [[[-75.443709, 6.391942], [-75.443481, 6.392025], [-75.443422, 6.392], [-75.443709, 6.391942]]], [[[-75.443548, 6.37712], [-75.443632, 6.377145], [-75.443511, 6.377144], [-75.443548, 6.37712]]], [[[-75.443762, 6.365739], [-75.443762, 6.365667], [-75.443815, 6.36564], [-75.443762, 6.365739]]], [[[-75.443592, 6.366113], [-75.443639, 6.366129], [-75.44358, 6.366152], [-75.443592, 6.366113]]], [[[-75.443542, 6.365937], [-75.443504, 6.365822], [-75.443599, 6.365857], [-75.443542, 6.365937]]], [[[-75.444721, 6.389097], [-75.444456, 6.388627], [-75.444261, 6.38843], [-75.444524, 6.388649], [-75.444721, 6.389097]]], [[[-75.44452, 6.392871], [-75.444454, 6.392921], [-75.444375, 6.39291], [-75.444442, 6.392865], [-75.44452, 6.392871]]], [[[-75.444614, 6.3616], [-75.444595, 6.36173], [-75.444565, 6.361575], [-75.444614, 6.3616]]], [[[-75.445117, 6.391582], [-75.445176, 6.391775], [-75.445032, 6.39158], [-75.445117, 6.391582]]], [[[-75.444942, 6.389694], [-75.444961, 6.389631], [-75.445026, 6.389631], [-75.444942, 6.389694]]], [[[-75.444917, 6.346392], [-75.444856, 6.346434], [-75.444917, 6.346344], [-75.444917, 6.346392]]], [[[-75.445449, 6.376115], [-75.445401, 6.376098], [-75.44546, 6.376076], [-75.445449, 6.376115]]], [[[-75.447015, 6.392746], [-75.447063, 6.392703], [-75.447157, 6.392739], [-75.447076, 6.392778], [-75.447015, 6.392746]]], [[[-75.452781, 6.364474], [-75.452747, 6.364459], [-75.452772, 6.364398], [-75.452781, 6.364474]]], [[[-75.458707, 6.42791], [-75.458577, 6.427917], [-75.458505, 6.42787], [-75.458659, 6.427879], [-75.458707, 6.42791]]], [[[-75.458321, 6.428067], [-75.458152, 6.428124], [-75.458011, 6.428091], [-75.458146, 6.428034], [-75.458321, 6.428067]]], [[[-75.457866, 6.427877], [-75.457825, 6.427877], [-75.457797, 6.427802], [-75.457866, 6.427877]]], [[[-75.45815, 6.360501], [-75.457935, 6.360527], [-75.457893, 6.360511], [-75.45815, 6.360501]]], [[[-75.462158, 6.377214], [-75.462044, 6.377275], [-75.461962, 6.377244], [-75.462121, 6.377097], [-75.462158, 6.377214]]], [[[-75.462036, 6.37459], [-75.462019, 6.374498], [-75.462086, 6.374497], [-75.462036, 6.37459]]], [[[-75.462032, 6.376744], [-75.462123, 6.376659], [-75.462362, 6.376648], [-75.462208, 6.376778], [-75.462032, 6.376744]]], [[[-75.462775, 6.429848], [-75.462741, 6.429875], [-75.462729, 6.429836], [-75.462775, 6.429848]]], [[[-75.462652, 6.430029], [-75.462582, 6.430013], [-75.46255, 6.429895], [-75.462652, 6.430029]]], [[[-75.462897, 6.376423], [-75.462839, 6.376442], [-75.462863, 6.376371], [-75.462897, 6.376423]]], [[[-75.462826, 6.376624], [-75.462686, 6.376834], [-75.462681, 6.377152], [-75.462562, 6.376887], [-75.462826, 6.376624]]], [[[-75.462567, 6.376357], [-75.462505, 6.376326], [-75.462627, 6.37628], [-75.462567, 6.376357]]], [[[-75.462811, 6.367133], [-75.46288, 6.36724], [-75.462865, 6.367346], [-75.462811, 6.367133]]], [[[-75.463386, 6.428239], [-75.463361, 6.428195], [-75.46341, 6.428194], [-75.463386, 6.428239]]], [[[-75.463276, 6.382406], [-75.463246, 6.38253], [-75.4632, 6.382406], [-75.463276, 6.382406]]], [[[-75.463365, 6.383264], [-75.463315, 6.383315], [-75.463315, 6.383239], [-75.463365, 6.383264]]], [[[-75.463425, 6.375816], [-75.463396, 6.376127], [-75.463354, 6.376155], [-75.463425, 6.375816]]], [[[-75.463356, 6.375534], [-75.463336, 6.375432], [-75.463387, 6.375401], [-75.463356, 6.375534]]], [[[-75.463744, 6.428126], [-75.463694, 6.42815], [-75.463664, 6.42812], [-75.463744, 6.428126]]], [[[-75.463509, 6.367186], [-75.463571, 6.367186], [-75.463571, 6.367197], [-75.463509, 6.367186]]], [[[-75.464504, 6.37695], [-75.464212, 6.37702], [-75.464009, 6.377403], [-75.463973, 6.377172], [-75.463754, 6.377054], [-75.463986, 6.376599], [-75.46439, 6.376729], [-75.464504, 6.37695]]], [[[-75.463915, 6.376305], [-75.463923, 6.376085], [-75.46397, 6.375941], [-75.46401, 6.376107], [-75.464163, 6.376236], [-75.464034, 6.376355], [-75.463915, 6.376305]]], [[[-75.464156, 6.375826], [-75.464206, 6.375753], [-75.464322, 6.375774], [-75.464257, 6.375891], [-75.464156, 6.375826]]], [[[-75.464402, 6.375905], [-75.464429, 6.375958], [-75.464382, 6.375938], [-75.464402, 6.375905]]], [[[-75.464173, 6.382235], [-75.464237, 6.382153], [-75.464344, 6.382189], [-75.464256, 6.38235], [-75.464384, 6.382652], [-75.464173, 6.382235]]], [[[-75.464489, 6.372502], [-75.464438, 6.372551], [-75.464438, 6.372477], [-75.464489, 6.372502]]], [[[-75.46479, 6.375591], [-75.464709, 6.375686], [-75.464662, 6.375697], [-75.464651, 6.375646], [-75.464704, 6.375477], [-75.464692, 6.375567], [-75.46479, 6.375591]]], [[[-75.464773, 6.375257], [-75.464739, 6.375165], [-75.464793, 6.375032], [-75.464841, 6.375219], [-75.464773, 6.375257]]], [[[-75.464738, 6.379708], [-75.464663, 6.379689], [-75.464698, 6.379613], [-75.464738, 6.379708]]], [[[-75.465473, 6.376773], [-75.465373, 6.376764], [-75.465418, 6.376688], [-75.465473, 6.376773]]], [[[-75.465869, 6.376634], [-75.465881, 6.376733], [-75.465814, 6.376776], [-75.465797, 6.376691], [-75.465869, 6.376634]]], [[[-75.465695, 6.37652], [-75.465552, 6.376525], [-75.465536, 6.376475], [-75.465753, 6.376398], [-75.465695, 6.37652]]], [[[-75.465611, 6.376323], [-75.465636, 6.376182], [-75.465656, 6.376155], [-75.465611, 6.376323]]], [[[-75.466075, 6.377113], [-75.466043, 6.377443], [-75.465939, 6.377472], [-75.465838, 6.377025], [-75.465957, 6.377006], [-75.466075, 6.377113]]], [[[-75.465873, 6.357797], [-75.465888, 6.357873], [-75.46586, 6.35789], [-75.465873, 6.357797]]], [[[-75.46703, 6.384156], [-75.466955, 6.384182], [-75.466861, 6.384177], [-75.466924, 6.384144], [-75.46703, 6.384156]]], [[[-75.466596, 6.384106], [-75.46648, 6.384035], [-75.466503, 6.383892], [-75.466614, 6.383968], [-75.466596, 6.384106]]], [[[-75.466593, 6.368797], [-75.466577, 6.368856], [-75.466487, 6.368917], [-75.466533, 6.368838], [-75.466593, 6.368797]]], [[[-75.466769, 6.405298], [-75.466685, 6.405285], [-75.46671, 6.405234], [-75.466769, 6.405298]]], [[[-75.467098, 6.368373], [-75.466746, 6.367807], [-75.466576, 6.367793], [-75.466559, 6.367681], [-75.466815, 6.367804], [-75.467098, 6.368373]]], [[[-75.466835, 6.384654], [-75.466772, 6.384517], [-75.466838, 6.384413], [-75.466835, 6.384654]]], [[[-75.466908, 6.369164], [-75.466834, 6.369238], [-75.466757, 6.369266], [-75.466908, 6.369164]]], [[[-75.467208, 6.372927], [-75.467181, 6.37302], [-75.467134, 6.372902], [-75.467208, 6.372927]]], [[[-75.466987, 6.372943], [-75.466925, 6.372957], [-75.466935, 6.372883], [-75.466987, 6.372943]]], [[[-75.467313, 6.371367], [-75.467229, 6.371215], [-75.467191, 6.371054], [-75.467351, 6.371305], [-75.467313, 6.371367]]], [[[-75.466975, 6.371402], [-75.467017, 6.371343], [-75.467084, 6.371316], [-75.467055, 6.371376], [-75.466975, 6.371402]]], [[[-75.467257, 6.371528], [-75.467236, 6.371666], [-75.467202, 6.371706], [-75.467257, 6.371528]]], [[[-75.467371, 6.38617], [-75.467343, 6.386235], [-75.467322, 6.386144], [-75.467371, 6.38617]]], [[[-75.467194, 6.386139], [-75.467146, 6.385998], [-75.467137, 6.385896], [-75.4672, 6.386015], [-75.467194, 6.386139]]], [[[-75.467628, 6.373883], [-75.4676, 6.373976], [-75.46758, 6.373883], [-75.467628, 6.373883]]], [[[-75.468058, 6.37531], [-75.467885, 6.375286], [-75.467845, 6.375182], [-75.468058, 6.37531]]], [[[-75.467715, 6.375028], [-75.467684, 6.375059], [-75.467638, 6.374954], [-75.467715, 6.375028]]], [[[-75.468213, 6.383659], [-75.468229, 6.383742], [-75.468196, 6.383793], [-75.468213, 6.383659]]], [[[-75.468605, 6.375791], [-75.468473, 6.375981], [-75.468443, 6.375995], [-75.468501, 6.375817], [-75.468605, 6.375791]]], [[[-75.468309, 6.388937], [-75.468408, 6.388897], [-75.468578, 6.388952], [-75.468411, 6.38897], [-75.468309, 6.388937]]], [[[-75.468517, 6.388758], [-75.468444, 6.38869], [-75.468447, 6.388634], [-75.468517, 6.388758]]], [[[-75.468627, 6.428441], [-75.468618, 6.428517], [-75.468568, 6.428517], [-75.468627, 6.428441]]], [[[-75.469662, 6.372955], [-75.469553, 6.372916], [-75.469491, 6.372823], [-75.469621, 6.372893], [-75.469662, 6.372955]]], [[[-75.470451, 6.386113], [-75.470475, 6.386502], [-75.470371, 6.386538], [-75.470451, 6.386113]]], [[[-75.470148, 6.386372], [-75.470187, 6.386316], [-75.470188, 6.386367], [-75.470148, 6.386372]]], [[[-75.470328, 6.386957], [-75.470255, 6.386958], [-75.47029, 6.386895], [-75.470328, 6.386957]]], [[[-75.4706, 6.389972], [-75.470572, 6.389771], [-75.470588, 6.389503], [-75.470615, 6.389689], [-75.4706, 6.389972]]], [[[-75.470777, 6.388293], [-75.470753, 6.388449], [-75.47076, 6.388256], [-75.470777, 6.388293]]], [[[-75.472146, 6.407299], [-75.472073, 6.407301], [-75.472128, 6.407216], [-75.472146, 6.407299]]], [[[-75.473121, 6.427272], [-75.473202, 6.427203], [-75.473256, 6.427229], [-75.473121, 6.427272]]], [[[-75.474127, 6.377615], [-75.474087, 6.377678], [-75.474058, 6.377575], [-75.473519, 6.377541], [-75.473929, 6.377438], [-75.473548, 6.377226], [-75.47399, 6.37733], [-75.474127, 6.377615]]], [[[-75.473976, 6.368581], [-75.473951, 6.368657], [-75.473894, 6.368691], [-75.473911, 6.368625], [-75.473976, 6.368581]]], [[[-75.474173, 6.380123], [-75.474236, 6.380464], [-75.474163, 6.380513], [-75.474173, 6.380123]]], [[[-75.474371, 6.379093], [-75.474377, 6.379154], [-75.474358, 6.379143], [-75.474371, 6.379093]]], [[[-75.475002, 6.381663], [-75.47478, 6.381751], [-75.47449, 6.381635], [-75.474394, 6.381415], [-75.474992, 6.381461], [-75.475088, 6.381529], [-75.475002, 6.381663]]], [[[-75.474534, 6.421089], [-75.474551, 6.42114], [-75.474523, 6.421151], [-75.474534, 6.421089]]], [[[-75.47462, 6.380586], [-75.474544, 6.380664], [-75.474487, 6.380833], [-75.474463, 6.380569], [-75.474565, 6.380471], [-75.47462, 6.380586]]], [[[-75.474579, 6.378481], [-75.474521, 6.378541], [-75.474509, 6.378477], [-75.474579, 6.378481]]], [[[-75.475433, 6.382662], [-75.475403, 6.382724], [-75.475343, 6.382685], [-75.475433, 6.382662]]], [[[-75.475092, 6.382659], [-75.474911, 6.382572], [-75.474783, 6.382328], [-75.474911, 6.382521], [-75.475092, 6.382659]]], [[[-75.475179, 6.37781], [-75.475128, 6.377834], [-75.475128, 6.377759], [-75.475179, 6.37781]]], [[[-75.475807, 6.384392], [-75.475792, 6.38429], [-75.475814, 6.384278], [-75.475807, 6.384392]]], [[[-75.481076, 6.380116], [-75.480894, 6.379852], [-75.480865, 6.379663], [-75.481146, 6.379864], [-75.481156, 6.380042], [-75.481076, 6.380116]]], [[[-75.491007, 6.420006], [-75.490971, 6.41997], [-75.490996, 6.41989], [-75.491007, 6.420006]]]]}, "properties": {"clase": 2, "area_ha": 13.561432126774426}}, {"type": "Feature", "geometry": {"type": "MultiPolygon", "coordinates": [[[[-75.447707, 6.363571], [-75.447374, 6.36437], [-75.447044, 6.364599], [-75.446524, 6.365193], [-75.446075, 6.365236], [-75.445471, 6.36545], [-75.444829, 6.365433], [-75.444218, 6.365579], [-75.443698, 6.366012], [-75.443183, 6.366687], [-75.442917, 6.367553], [-75.442603, 6.367631], [-75.442274, 6.367909], [-75.441612, 6.369076], [-75.441311, 6.37041], [-75.44086, 6.371249], [-75.440828, 6.37161], [-75.440324, 6.371794], [-75.439822, 6.37227], [-75.439648, 6.372719], [-75.439132, 6.373206], [-75.438913, 6.373567], [-75.438203, 6.374056], [-75.438695, 6.376674], [-75.438747, 6.377659], [-75.438821, 6.377799], [-75.438468, 6.378115], [-75.438457, 6.378342], [-75.438732, 6.378478], [-75.438943, 6.378782], [-75.439521, 6.379295], [-75.439668, 6.379492], [-75.439662, 6.379658], [-75.440483, 6.379335], [-75.440147, 6.379702], [-75.439598, 6.380057], [-75.439474, 6.38029], [-75.439597, 6.380396], [-75.439799, 6.380371], [-75.439623, 6.380727], [-75.439821, 6.381193], [-75.439916, 6.382171], [-75.440192, 6.382657], [-75.440793, 6.383376], [-75.440809, 6.383704], [-75.440685, 6.384199], [-75.440738, 6.384451], [-75.44111, 6.384652], [-75.441453, 6.384256], [-75.441521, 6.384222], [-75.441572, 6.384349], [-75.441464, 6.38492], [-75.441236, 6.385361], [-75.441169, 6.386073], [-75.440722, 6.386979], [-75.440539, 6.39045], [-75.440351, 6.391323], [-75.440172, 6.391648], [-75.439496, 6.392306], [-75.439033, 6.392306], [-75.438141, 6.392596], [-75.437825, 6.392596], [-75.437389, 6.39216], [-75.437162, 6.392048], [-75.436671, 6.391491], [-75.436458, 6.391405], [-75.435973, 6.39064], [-75.436004, 6.390317], [-75.436278, 6.389974], [-75.43634, 6.389631], [-75.436745, 6.389515], [-75.436842, 6.389158], [-75.43661, 6.389112], [-75.435994, 6.389311], [-75.434845, 6.388719], [-75.434218, 6.38854], [-75.43391, 6.388561], [-75.433304, 6.389121], [-75.433041, 6.389106], [-75.432662, 6.389226], [-75.43164, 6.389741], [-75.431688, 6.390642], [-75.431441, 6.390963], [-75.431409, 6.391127], [-75.431731, 6.39183], [-75.431648, 6.392177], [-75.43121, 6.392128], [-75.431149, 6.391566], [-75.430757, 6.391404], [-75.430592, 6.391091], [-75.430342, 6.391037], [-75.43018, 6.39126], [-75.430513, 6.391902], [-75.430883, 6.392109], [-75.430883, 6.392339], [-75.430592, 6.392494], [-75.430679, 6.392698], [-75.430823, 6.392725], [-75.431271, 6.392435], [-75.431499, 6.392384], [-75.431953, 6.392964], [-75.432156, 6.393492], [-75.432235, 6.394121], [-75.432187, 6.39463], [-75.432094, 6.394628], [-75.432186, 6.394527], [-75.432168, 6.394411], [-75.432047, 6.394419], [-75.431621, 6.394633], [-75.431164, 6.39471], [-75.430891, 6.394987], [-75.431183, 6.395383], [-75.431914, 6.395625], [-75.43223, 6.395888], [-75.43221, 6.397131], [-75.432155, 6.397448], [-75.43206, 6.397554], [-75.431682, 6.397604], [-75.430758, 6.397321], [-75.430134, 6.397304], [-75.429968, 6.397518], [-75.429879, 6.398196], [-75.429655, 6.398669], [-75.428759, 6.399291], [-75.428298, 6.399872], [-75.427975, 6.400006], [-75.428087, 6.400189], [-75.428071, 6.40036], [-75.427583, 6.400108], [-75.427453, 6.400557], [-75.426865, 6.400105], [-75.426791, 6.400279], [-75.426844, 6.400911], [-75.426404, 6.400994], [-75.426275, 6.401143], [-75.425743, 6.400105], [-75.425281, 6.399429], [-75.424502, 6.398717], [-75.42432, 6.398743], [-75.42414, 6.398987], [-75.424212, 6.399642], [-75.424044, 6.400093], [-75.423582, 6.400816], [-75.423213, 6.401154], [-75.422722, 6.401088], [-75.421524, 6.400309], [-75.421212, 6.400239], [-75.421083, 6.399674], [-75.421695, 6.399272], [-75.422006, 6.398789], [-75.421894, 6.398603], [-75.42137, 6.398539], [-75.421122, 6.398412], [-75.421069, 6.397971], [-75.421145, 6.39754], [-75.421353, 6.397285], [-75.421692, 6.397081], [-75.421743, 6.396758], [-75.421882, 6.39656], [-75.422761, 6.396162], [-75.422869, 6.395894], [-75.422716, 6.395641], [-75.422772, 6.395542], [-75.423863, 6.395219], [-75.424298, 6.394841], [-75.424146, 6.393626], [-75.423859, 6.393185], [-75.423203, 6.392948], [-75.422838, 6.392602], [-75.422475, 6.392571], [-75.421877, 6.39225], [-75.421509, 6.392254], [-75.420644, 6.392625], [-75.419127, 6.392564], [-75.418354, 6.392378], [-75.418381, 6.392289], [-75.419155, 6.392335], [-75.41931, 6.392278], [-75.418775, 6.39189], [-75.418797, 6.391659], [-75.419017, 6.391601], [-75.419221, 6.391643], [-75.419317, 6.391895], [-75.419485, 6.391993], [-75.420108, 6.391891], [-75.420136, 6.392234], [-75.420339, 6.392323], [-75.421196, 6.391899], [-75.42187, 6.39177], [-75.42192, 6.39116], [-75.421788, 6.390834], [-75.421101, 6.390353], [-75.420986, 6.389772], [-75.420674, 6.389422], [-75.42042, 6.389404], [-75.419785, 6.389698], [-75.419137, 6.389588], [-75.418662, 6.389381], [-75.417894, 6.388763], [-75.416853, 6.388399], [-75.416186, 6.388314], [-75.415947, 6.387968], [-75.414975, 6.387455], [-75.415067, 6.387387], [-75.416418, 6.388209], [-75.417862, 6.388638], [-75.418986, 6.389367], [-75.419689, 6.389473], [-75.420257, 6.389241], [-75.420042, 6.388411], [-75.419416, 6.388394], [-75.419303, 6.388272], [-75.419347, 6.387673], [-75.419553, 6.387091], [-75.41954, 6.38673], [-75.41894, 6.38625], [-75.41782, 6.385063], [-75.416406, 6.383961], [-75.416142, 6.383599], [-75.415954, 6.38289], [-75.416089, 6.382991], [-75.416241, 6.38354], [-75.416467, 6.383861], [-75.417821, 6.384938], [-75.419009, 6.386144], [-75.419852, 6.386709], [-75.419535, 6.387425], [-75.41946, 6.388107], [-75.419631, 6.388224], [-75.419975, 6.388222], [-75.420212, 6.38838], [-75.420512, 6.388978], [-75.420965, 6.389523], [-75.421402, 6.390273], [-75.421705, 6.390342], [-75.421995, 6.390266], [-75.422766, 6.389633], [-75.422977, 6.389215], [-75.42289, 6.388895], [-75.423027, 6.388577], [-75.422643, 6.388104], [-75.422109, 6.387748], [-75.421692, 6.38734], [-75.421261, 6.387107], [-75.420998, 6.387076], [-75.420597, 6.386734], [-75.419599, 6.385322], [-75.418754, 6.383329], [-75.41848, 6.383154], [-75.417959, 6.383013], [-75.417365, 6.382397], [-75.416685, 6.381054], [-75.416586, 6.379917], [-75.416349, 6.379293], [-75.416098, 6.377982], [-75.415935, 6.377664], [-75.415616, 6.377448], [-75.415248, 6.376971], [-75.415955, 6.377543], [-75.416178, 6.37789], [-75.416446, 6.379228], [-75.416648, 6.379716], [-75.416697, 6.380588], [-75.416828, 6.381197], [-75.417429, 6.382269], [-75.418035, 6.382915], [-75.418568, 6.383058], [-75.418825, 6.383227], [-75.419862, 6.385496], [-75.420897, 6.386864], [-75.421311, 6.38695], [-75.422344, 6.387705], [-75.422967, 6.387942], [-75.423266, 6.388261], [-75.423358, 6.388618], [-75.423356, 6.389555], [-75.422705, 6.390762], [-75.422723, 6.391243], [-75.422877, 6.39163], [-75.42332, 6.392031], [-75.423665, 6.392106], [-75.423934, 6.392368], [-75.42437, 6.392493], [-75.424885, 6.392829], [-75.425413, 6.392902], [-75.425867, 6.392772], [-75.426395, 6.392808], [-75.42655, 6.392653], [-75.426926, 6.391855], [-75.427025, 6.39118], [-75.42746, 6.391186], [-75.427611, 6.391112], [-75.427792, 6.390657], [-75.428264, 6.390148], [-75.428358, 6.389847], [-75.42822, 6.389464], [-75.428233, 6.389047], [-75.42809, 6.388746], [-75.427673, 6.388435], [-75.427512, 6.388094], [-75.427079, 6.387687], [-75.426473, 6.386757], [-75.425919, 6.386551], [-75.425371, 6.386705], [-75.425446, 6.386461], [-75.42525, 6.386102], [-75.425244, 6.385699], [-75.424736, 6.385177], [-75.424905, 6.384741], [-75.42483, 6.384566], [-75.424467, 6.384423], [-75.423516, 6.38451], [-75.42292, 6.384428], [-75.422963, 6.383795], [-75.423278, 6.38282], [-75.422214, 6.382371], [-75.421485, 6.381637], [-75.421331, 6.38102], [-75.420815, 6.380783], [-75.41974, 6.379662], [-75.419419, 6.378988], [-75.418983, 6.378417], [-75.419053, 6.377861], [-75.418812, 6.376993], [-75.41846, 6.376362], [-75.4183, 6.375884], [-75.417891, 6.375607], [-75.417398, 6.373773], [-75.416531, 6.372833], [-75.416249, 6.37231], [-75.417443, 6.373564], [-75.418021, 6.375472], [-75.418331, 6.375766], [-75.418572, 6.376385], [-75.418877, 6.376803], [-75.419136, 6.377849], [-75.419142, 6.378453], [-75.419499, 6.378918], [-75.419687, 6.379378], [-75.420063, 6.379912], [-75.42085, 6.380652], [-75.421486, 6.381016], [-75.421651, 6.381685], [-75.422275, 6.382275], [-75.423297, 6.382719], [-75.423343, 6.383107], [-75.423097, 6.383835], [-75.423081, 6.384231], [-75.423477, 6.384396], [-75.424633, 6.384372], [-75.424897, 6.38447], [-75.425043, 6.384748], [-75.424821, 6.385146], [-75.42504, 6.385393], [-75.42539, 6.385579], [-75.425373, 6.38609], [-75.42554, 6.386366], [-75.425832, 6.386409], [-75.425961, 6.385963], [-75.426107, 6.3862], [-75.426798, 6.386622], [-75.427179, 6.387038], [-75.42782, 6.387383], [-75.428296, 6.388176], [-75.428578, 6.388481], [-75.429671, 6.388612], [-75.430012, 6.388495], [-75.430537, 6.388462], [-75.431465, 6.387673], [-75.43193, 6.387638], [-75.432166, 6.38752], [-75.432812, 6.386884], [-75.432899, 6.386576], [-75.433401, 6.386109], [-75.433952, 6.385845], [-75.434309, 6.385524], [-75.434599, 6.385461], [-75.435364, 6.385732], [-75.435563, 6.385595], [-75.435798, 6.385631], [-75.436377, 6.385419], [-75.436547, 6.384996], [-75.436834, 6.384748], [-75.436874, 6.384473], [-75.437044, 6.384315], [-75.436711, 6.384301], [-75.43612, 6.384111], [-75.436086, 6.383991], [-75.436237, 6.383622], [-75.436088, 6.383396], [-75.435946, 6.383362], [-75.435814, 6.383448], [-75.435643, 6.384001], [-75.435362, 6.383781], [-75.435214, 6.383782], [-75.435265, 6.383574], [-75.435685, 6.383361], [-75.43578, 6.383085], [-75.434564, 6.381551], [-75.434794, 6.381522], [-75.435234, 6.381074], [-75.435931, 6.381236], [-75.435904, 6.381434], [-75.435688, 6.381399], [-75.435494, 6.381606], [-75.435082, 6.381683], [-75.434988, 6.381804], [-75.435492, 6.382484], [-75.435824, 6.382712], [-75.435787, 6.382442], [-75.436113, 6.382464], [-75.436281, 6.382273], [-75.436314, 6.381546], [-75.436396, 6.381409], [-75.437346, 6.380721], [-75.437429, 6.380582], [-75.437312, 6.380433], [-75.437367, 6.380291], [-75.437676, 6.380222], [-75.437659, 6.379815], [-75.437495, 6.379482], [-75.43756, 6.379075], [-75.437101, 6.378691], [-75.436976, 6.378366], [-75.437082, 6.377987], [-75.437007, 6.37756], [-75.437125, 6.376859], [-75.437296, 6.376573], [-75.437637, 6.376532], [-75.438103, 6.376633], [-75.438169, 6.375508], [-75.438013, 6.374789], [-75.43752, 6.374306], [-75.437286, 6.373849], [-75.437435, 6.373914], [-75.437785, 6.37437], [-75.437979, 6.374376], [-75.438188, 6.373883], [-75.438795, 6.373475], [-75.439027, 6.37313], [-75.439472, 6.372713], [-75.439595, 6.372059], [-75.439372, 6.371621], [-75.438349, 6.371022], [-75.437644, 6.370475], [-75.437528, 6.369945], [-75.437336, 6.369715], [-75.437192, 6.369321], [-75.436748, 6.368845], [-75.43652, 6.368805], [-75.43612, 6.368915], [-75.435636, 6.368692], [-75.435071, 6.36883], [-75.434029, 6.368699], [-75.433408, 6.368897], [-75.432975, 6.368845], [-75.432658, 6.368672], [-75.432651, 6.368287], [-75.432441, 6.368077], [-75.431541, 6.367772], [-75.430748, 6.367973], [-75.430405, 6.367974], [-75.429751, 6.36755], [-75.429443, 6.367244], [-75.428791, 6.367007], [-75.428491, 6.366672], [-75.42816, 6.366496], [-75.427284, 6.366412], [-75.426419, 6.366092], [-75.42554, 6.36589], [-75.424358, 6.365801], [-75.423883, 6.365619], [-75.423662, 6.365442], [-75.42349, 6.364787], [-75.422746, 6.363719], [-75.422531, 6.362347], [-75.422248, 6.361708], [-75.421978, 6.361517], [-75.421543, 6.361497], [-75.421159, 6.361694], [-75.419589, 6.360803], [-75.419179, 6.360653], [-75.418733, 6.360615], [-75.418115, 6.360854], [-75.417153, 6.361059], [-75.416397, 6.361115], [-75.415957, 6.361304], [-75.415795, 6.361106], [-75.415556, 6.36104], [-75.415301, 6.361689], [-75.415067, 6.361548], [-75.414625, 6.361532], [-75.414325, 6.361351], [-75.414107, 6.361361], [-75.413205, 6.361772], [-75.412744, 6.362148], [-75.411567, 6.362456], [-75.411164, 6.362475], [-75.410798, 6.362765], [-75.409792, 6.362462], [-75.409297, 6.36198], [-75.408341, 6.361535], [-75.408059, 6.361214], [-75.407885, 6.360757], [-75.407902, 6.360504], [-75.408177, 6.359937], [-75.40824, 6.35913], [-75.408516, 6.35845], [-75.40843, 6.357675], [-75.408097, 6.357024], [-75.40798, 6.356448], [-75.408115, 6.356478], [-75.408152, 6.356865], [-75.408564, 6.357533], [-75.408628, 6.358106], [-75.408977, 6.358245], [-75.408702, 6.358561], [-75.408446, 6.359075], [-75.408084, 6.360595], [-75.408088, 6.360943], [-75.408613, 6.361558], [-75.409469, 6.361828], [-75.409979, 6.362404], [-75.410737, 6.362606], [-75.411248, 6.362335], [-75.412648, 6.362078], [-75.413113, 6.3617], [-75.414163, 6.361195], [-75.414494, 6.361171], [-75.414691, 6.361403], [-75.414912, 6.361445], [-75.415067, 6.361432], [-75.415261, 6.361239], [-75.415281, 6.360639], [-75.415001, 6.360257], [-75.41493, 6.359959], [-75.414286, 6.3598], [-75.414046, 6.359638], [-75.413926, 6.359204], [-75.413656, 6.358926], [-75.41351, 6.358456], [-75.413241, 6.358082], [-75.413101, 6.357678], [-75.413097, 6.356769], [-75.413547, 6.355835], [-75.413543, 6.354638], [-75.413702, 6.354328], [-75.413801, 6.354484], [-75.413718, 6.354729], [-75.413726, 6.356023], [-75.413228, 6.356681], [-75.413264, 6.357693], [-75.413648, 6.358375], [-75.41378, 6.358843], [-75.414053, 6.359193], [-75.414121, 6.359483], [-75.414542, 6.35972], [-75.414959, 6.359603], [-75.415139, 6.360119], [-75.415644, 6.360866], [-75.416132, 6.361024], [-75.416992, 6.36098], [-75.418961, 6.360514], [-75.419547, 6.360693], [-75.420807, 6.361324], [-75.421246, 6.36146], [-75.421856, 6.361308], [-75.421981, 6.360951], [-75.422132, 6.360909], [-75.422214, 6.361189], [-75.422624, 6.361192], [-75.422252, 6.3614], [-75.422572, 6.361972], [-75.422913, 6.363533], [-75.423635, 6.364797], [-75.423758, 6.365323], [-75.424144, 6.365657], [-75.424535, 6.365786], [-75.425671, 6.365834], [-75.426515, 6.366036], [-75.427141, 6.366312], [-75.428412, 6.366475], [-75.428733, 6.366819], [-75.429545, 6.36718], [-75.430161, 6.367725], [-75.430615, 6.367817], [-75.431685, 6.367692], [-75.432666, 6.368034], [-75.432767, 6.368209], [-75.432811, 6.368634], [-75.43296, 6.368732], [-75.433364, 6.368764], [-75.434255, 6.368611], [-75.435049, 6.368697], [-75.435503, 6.368585], [-75.43619, 6.368814], [-75.436583, 6.368643], [-75.437161, 6.36908], [-75.437563, 6.369668], [-75.437929, 6.369671], [-75.438131, 6.369571], [-75.438152, 6.36864], [-75.438445, 6.368148], [-75.438682, 6.367406], [-75.438296, 6.366987], [-75.437606, 6.366729], [-75.437522, 6.366601], [-75.437226, 6.36649], [-75.436966, 6.366168], [-75.436707, 6.365373], [-75.436544, 6.364355], [-75.436393, 6.364224], [-75.435954, 6.364083], [-75.435244, 6.363254], [-75.434807, 6.362877], [-75.434451, 6.362294], [-75.434199, 6.362064], [-75.43367, 6.361848], [-75.432925, 6.361732], [-75.43254, 6.361488], [-75.432134, 6.361396], [-75.432612, 6.361391], [-75.432898, 6.361602], [-75.433851, 6.361817], [-75.43445, 6.362133], [-75.434858, 6.362756], [-75.435465, 6.363301], [-75.43588, 6.363811], [-75.436632, 6.364307], [-75.436794, 6.364761], [-75.436837, 6.365518], [-75.437021, 6.366006], [-75.437585, 6.36641], [-75.43776, 6.366636], [-75.43803, 6.36666], [-75.438092, 6.366443], [-75.438043, 6.366048], [-75.43774, 6.365078], [-75.437467, 6.364656], [-75.43685, 6.363297], [-75.43657, 6.363049], [-75.436328, 6.362433], [-75.436325, 6.361821], [-75.435993, 6.360822], [-75.436014, 6.360225], [-75.435839, 6.35982], [-75.434415, 6.358595], [-75.434037, 6.357951], [-75.433169, 6.356789], [-75.432686, 6.356368], [-75.431623, 6.355954], [-75.431033, 6.355516], [-75.430191, 6.355266], [-75.428238, 6.354415], [-75.425885, 6.352829], [-75.425055, 6.352476], [-75.423971, 6.352166], [-75.424394, 6.352193], [-75.425555, 6.352593], [-75.425798, 6.352554], [-75.426816, 6.35343], [-75.427441, 6.353697], [-75.427371, 6.352717], [-75.427034, 6.351956], [-75.426902, 6.35115], [-75.426705, 6.350594], [-75.426112, 6.349923], [-75.42552, 6.349514], [-75.425272, 6.348458], [-75.425137, 6.348255], [-75.424641, 6.347863], [-75.425056, 6.346572], [-75.425343, 6.345961], [-75.42538, 6.345545], [-75.425595, 6.345012], [-75.425541, 6.344329], [-75.425754, 6.344235], [-75.425857, 6.344061], [-75.425844, 6.343344], [-75.426189, 6.342928], [-75.426433, 6.342158], [-75.427058, 6.340964], [-75.427223, 6.340838], [-75.427545, 6.340848], [-75.428337, 6.341144], [-75.428471, 6.34073], [-75.428658, 6.340559], [-75.429346, 6.340278], [-75.429896, 6.340203], [-75.430267, 6.340048], [-75.43055, 6.339727], [-75.430695, 6.339275], [-75.430685, 6.33832], [-75.430818, 6.33816], [-75.430498, 6.337526], [-75.430379, 6.336937], [-75.429878, 6.336002], [-75.429875, 6.335279], [-75.43016, 6.334673], [-75.429966, 6.333543], [-75.429855, 6.333305], [-75.429378, 6.332876], [-75.429206, 6.332517], [-75.428881, 6.33142], [-75.428842, 6.330905], [-75.42855, 6.329684], [-75.428271, 6.329243], [-75.427713, 6.328948], [-75.427415, 6.327991], [-75.427449, 6.32737], [-75.427721, 6.327059], [-75.42788, 6.326629], [-75.427918, 6.325669], [-75.428191, 6.325655], [-75.428663, 6.325912], [-75.428815, 6.325778], [-75.428265, 6.3245], [-75.428324, 6.323871], [-75.428082, 6.323464], [-75.427933, 6.322401], [-75.427704, 6.321712], [-75.427979, 6.321914], [-75.42818, 6.322657], [-75.42821, 6.32334], [-75.42852, 6.32393], [-75.428672, 6.324027], [-75.428481, 6.324409], [-75.428636, 6.325176], [-75.42896, 6.325692], [-75.428927, 6.325895], [-75.428758, 6.326047], [-75.428505, 6.32599], [-75.428151, 6.325765], [-75.428018, 6.32583], [-75.428028, 6.326745], [-75.427621, 6.327871], [-75.427921, 6.3287], [-75.428434, 6.328996], [-75.428613, 6.329276], [-75.428763, 6.329324], [-75.429127, 6.328692], [-75.429722, 6.328469], [-75.430431, 6.327995], [-75.430796, 6.327399], [-75.430908, 6.327433], [-75.430598, 6.328125], [-75.429092, 6.328996], [-75.429047, 6.329332], [-75.42881, 6.329882], [-75.428824, 6.330328], [-75.42906, 6.330754], [-75.429077, 6.331337], [-75.429472, 6.332683], [-75.430152, 6.333485], [-75.430277, 6.33355], [-75.430713, 6.333515], [-75.43256, 6.332788], [-75.432965, 6.331215], [-75.433198, 6.330864], [-75.433303, 6.330998], [-75.432781, 6.332328], [-75.432855, 6.332739], [-75.433628, 6.332918], [-75.434294, 6.332872], [-75.43575, 6.332483], [-75.435912, 6.33232], [-75.435968, 6.331714], [-75.436182, 6.331825], [-75.436364, 6.331813], [-75.436547, 6.331698], [-75.436777, 6.331341], [-75.43731, 6.33129], [-75.437466, 6.331108], [-75.43758, 6.330657], [-75.43807, 6.330444], [-75.438233, 6.330073], [-75.438131, 6.329685], [-75.43819, 6.329484], [-75.438315, 6.329647], [-75.438543, 6.329544], [-75.439362, 6.330063], [-75.439686, 6.329937], [-75.439898, 6.330002], [-75.440363, 6.330398], [-75.442327, 6.329925], [-75.442634, 6.329932], [-75.442793, 6.330151], [-75.442915, 6.330747], [-75.442534, 6.330113], [-75.44089, 6.33043], [-75.440252, 6.330652], [-75.439875, 6.330205], [-75.439726, 6.330163], [-75.439374, 6.330292], [-75.438857, 6.329941], [-75.438584, 6.329855], [-75.43836, 6.330077], [-75.438149, 6.330589], [-75.43769, 6.330891], [-75.437511, 6.331465], [-75.436908, 6.331453], [-75.436623, 6.331831], [-75.436123, 6.332068], [-75.436143, 6.332361], [-75.436012, 6.332545], [-75.43535, 6.332741], [-75.435059, 6.332912], [-75.43445, 6.33305], [-75.432976, 6.33306], [-75.432094, 6.333199], [-75.43043, 6.333868], [-75.430373, 6.334267], [-75.43054, 6.335041], [-75.430124, 6.335183], [-75.43004, 6.335528], [-75.430142, 6.336126], [-75.43041, 6.33671], [-75.430606, 6.337536], [-75.431088, 6.338287], [-75.431808, 6.337914], [-75.431895, 6.337947], [-75.4309, 6.338718], [-75.430798, 6.33955], [-75.430389, 6.340122], [-75.428569, 6.34071], [-75.428522, 6.341275], [-75.428446, 6.341387], [-75.428133, 6.341322], [-75.427566, 6.340932], [-75.427376, 6.341002], [-75.427079, 6.341352], [-75.426506, 6.342279], [-75.426274, 6.343072], [-75.425974, 6.343403], [-75.425982, 6.343895], [-75.425782, 6.344655], [-75.425759, 6.345281], [-75.424868, 6.347528], [-75.424955, 6.347814], [-75.425372, 6.348442], [-75.425543, 6.34928], [-75.426441, 6.350019], [-75.426748, 6.350418], [-75.427078, 6.351851], [-75.427411, 6.3526], [-75.427642, 6.353771], [-75.427769, 6.353957], [-75.42841, 6.354396], [-75.430568, 6.355259], [-75.431781, 6.355914], [-75.432505, 6.356141], [-75.43291, 6.356366], [-75.433246, 6.356679], [-75.434736, 6.358787], [-75.43515, 6.359178], [-75.435437, 6.359311], [-75.435518, 6.359146], [-75.435362, 6.358631], [-75.434731, 6.357908], [-75.434381, 6.35713], [-75.434649, 6.356249], [-75.434705, 6.355485], [-75.434377, 6.354877], [-75.43424, 6.354008], [-75.433659, 6.353542], [-75.433007, 6.352692], [-75.431887, 6.351872], [-75.432252, 6.351998], [-75.432682, 6.35229], [-75.433415, 6.352977], [-75.433815, 6.353533], [-75.434317, 6.353926], [-75.434412, 6.354215], [-75.434426, 6.354717], [-75.43472, 6.355289], [-75.434783, 6.355706], [-75.434707, 6.356437], [-75.434545, 6.357033], [-75.434572, 6.357363], [-75.435329, 6.358438], [-75.43578, 6.359565], [-75.43608, 6.359948], [-75.436152, 6.360306], [-75.43609, 6.360785], [-75.436334, 6.361171], [-75.43661, 6.362698], [-75.437267, 6.363491], [-75.437469, 6.3641], [-75.43792, 6.36483], [-75.438011, 6.365276], [-75.438127, 6.365383], [-75.43825, 6.363636], [-75.438142, 6.36334], [-75.437817, 6.363185], [-75.43769, 6.363], [-75.437809, 6.362568], [-75.437645, 6.361946], [-75.43778, 6.361463], [-75.437725, 6.360935], [-75.437466, 6.360287], [-75.437142, 6.360095], [-75.437072, 6.359911], [-75.436695, 6.359625], [-75.436502, 6.359335], [-75.436491, 6.358565], [-75.436375, 6.357944], [-75.436432, 6.357528], [-75.436738, 6.35695], [-75.436895, 6.356172], [-75.437281, 6.355585], [-75.437372, 6.355288], [-75.437294, 6.35472], [-75.436959, 6.353601], [-75.437293, 6.352839], [-75.437281, 6.352238], [-75.437135, 6.35204], [-75.436462, 6.351743], [-75.435936, 6.351314], [-75.435592, 6.350914], [-75.43527, 6.350222], [-75.434717, 6.349676], [-75.434657, 6.349293], [-75.434773, 6.349595], [-75.435505, 6.350359], [-75.435652, 6.350846], [-75.436076, 6.351299], [-75.436491, 6.351636], [-75.437301, 6.352036], [-75.437406, 6.352702], [-75.437337, 6.353088], [-75.437174, 6.353386], [-75.437137, 6.353785], [-75.437426, 6.354809], [-75.437487, 6.355551], [-75.436945, 6.356335], [-75.436787, 6.357105], [-75.436533, 6.35761], [-75.436466, 6.357942], [-75.436658, 6.359403], [-75.437236, 6.359991], [-75.437506, 6.360124], [-75.437784, 6.36074], [-75.437854, 6.361391], [-75.437758, 6.361943], [-75.437896, 6.362513], [-75.437851, 6.362939], [-75.438451, 6.363367], [-75.438305, 6.363617], [-75.438382, 6.364957], [-75.438132, 6.365649], [-75.438232, 6.365993], [-75.438337, 6.365978], [-75.438552, 6.365668], [-75.438811, 6.365568], [-75.439161, 6.365052], [-75.439509, 6.364991], [-75.439913, 6.364417], [-75.440558, 6.364045], [-75.440784, 6.363735], [-75.440776, 6.363506], [-75.440442, 6.363166], [-75.439958, 6.363133], [-75.439762, 6.362881], [-75.439672, 6.361901], [-75.439972, 6.361338], [-75.440017, 6.360595], [-75.43985, 6.360321], [-75.43942, 6.360011], [-75.4391, 6.359422], [-75.439546, 6.358366], [-75.439602, 6.358479], [-75.439241, 6.359445], [-75.439556, 6.359988], [-75.439984, 6.360264], [-75.440155, 6.360609], [-75.440053, 6.361064], [-75.440074, 6.361403], [-75.439792, 6.3619], [-75.439789, 6.362653], [-75.439952, 6.362936], [-75.440512, 6.363066], [-75.440925, 6.363501], [-75.44087, 6.363803], [-75.440666, 6.364086], [-75.440139, 6.364412], [-75.439619, 6.365114], [-75.43922, 6.365298], [-75.438913, 6.365683], [-75.43857, 6.365885], [-75.438326, 6.366219], [-75.438346, 6.366684], [-75.438798, 6.367473], [-75.438516, 6.368286], [-75.438217, 6.368664], [-75.438294, 6.369606], [-75.437805, 6.369906], [-75.437699, 6.370105], [-75.437714, 6.370411], [-75.437872, 6.370438], [-75.438404, 6.36985], [-75.438695, 6.369728], [-75.438972, 6.369472], [-75.439606, 6.368286], [-75.441218, 6.366379], [-75.441401, 6.365923], [-75.441355, 6.365543], [-75.441848, 6.36491], [-75.44262, 6.364199], [-75.442939, 6.363424], [-75.443364, 6.363216], [-75.443358, 6.362872], [-75.443527, 6.362547], [-75.443563, 6.362095], [-75.444058, 6.362104], [-75.444367, 6.361869], [-75.444411, 6.361135], [-75.444924, 6.360515], [-75.44482, 6.360002], [-75.445101, 6.359208], [-75.445643, 6.358365], [-75.445962, 6.35705], [-75.445886, 6.355752], [-75.446079, 6.355421], [-75.446111, 6.35517], [-75.445992, 6.355059], [-75.445439, 6.354906], [-75.445183, 6.354677], [-75.445038, 6.353979], [-75.445125, 6.353168], [-75.444949, 6.352612], [-75.444564, 6.352174], [-75.443852, 6.351844], [-75.443677, 6.35168], [-75.443563, 6.351396], [-75.443225, 6.350961], [-75.443091, 6.350058], [-75.442672, 6.349758], [-75.442384, 6.349406], [-75.442147, 6.348955], [-75.441956, 6.348193], [-75.441309, 6.347688], [-75.441288, 6.345221], [-75.441128, 6.344254], [-75.441387, 6.345113], [-75.44141, 6.347611], [-75.441557, 6.347796], [-75.442145, 6.34816], [-75.442193, 6.348933], [-75.442793, 6.349778], [-75.442912, 6.349481], [-75.442905, 6.34923], [-75.442555, 6.348423], [-75.442702, 6.347896], [-75.443141, 6.347385], [-75.44398, 6.346939], [-75.444695, 6.346327], [-75.444933, 6.346253], [-75.444364, 6.346838], [-75.443037, 6.347593], [-75.442775, 6.348001], [-75.442682, 6.348364], [-75.44297, 6.349054], [-75.443011, 6.349783], [-75.443239, 6.349897], [-75.443362, 6.350107], [-75.44329, 6.350733], [-75.44334, 6.350927], [-75.443911, 6.351673], [-75.444577, 6.352041], [-75.445071, 6.352598], [-75.445225, 6.353254], [-75.44511, 6.353798], [-75.44528, 6.354672], [-75.445445, 6.354856], [-75.446048, 6.354976], [-75.446192, 6.355114], [-75.446177, 6.35544], [-75.445959, 6.355851], [-75.446107, 6.357146], [-75.44586, 6.357622], [-75.445694, 6.358557], [-75.445153, 6.359264], [-75.444967, 6.360129], [-75.44508, 6.360544], [-75.444451, 6.361199], [-75.44456, 6.361653], [-75.444493, 6.361945], [-75.444183, 6.362217], [-75.443668, 6.362214], [-75.443494, 6.362855], [-75.443472, 6.363274], [-75.443348, 6.363401], [-75.443018, 6.363515], [-75.442771, 6.364245], [-75.441818, 6.365164], [-75.441601, 6.365546], [-75.441371, 6.366342], [-75.441105, 6.366606], [-75.440997, 6.366916], [-75.439611, 6.368502], [-75.439144, 6.369533], [-75.438205, 6.370246], [-75.438082, 6.37054], [-75.438174, 6.370757], [-75.438326, 6.3709], [-75.439529, 6.371433], [-75.43971, 6.371625], [-75.439806, 6.371978], [-75.44016, 6.371786], [-75.440235, 6.371534], [-75.440643, 6.37141], [-75.440715, 6.371151], [-75.44116, 6.370449], [-75.441506, 6.369001], [-75.441985, 6.368083], [-75.442183, 6.367797], [-75.442742, 6.367381], [-75.442913, 6.367136], [-75.443008, 6.366723], [-75.443364, 6.366235], [-75.44346, 6.36596], [-75.443835, 6.365598], [-75.444401, 6.365398], [-75.44459, 6.36522], [-75.445441, 6.365287], [-75.44604, 6.365064], [-75.446435, 6.365033], [-75.446643, 6.364755], [-75.447238, 6.36436], [-75.447417, 6.364117], [-75.447571, 6.363671], [-75.447707, 6.363571]], [[-75.421899, 6.399482], [-75.421824, 6.399388], [-75.421747, 6.399426], [-75.421833, 6.399571], [-75.421899, 6.399482]], [[-75.422781, 6.397363], [-75.422683, 6.397383], [-75.42266, 6.397546], [-75.422798, 6.397478], [-75.422781, 6.397363]], [[-75.424112, 6.399681], [-75.424022, 6.399273], [-75.42405, 6.398718], [-75.423872, 6.398694], [-75.423625, 6.398866], [-75.423532, 6.399193], [-75.423945, 6.399711], [-75.424112, 6.399681]], [[-75.423955, 6.395415], [-75.423861, 6.395383], [-75.423816, 6.395564], [-75.423956, 6.395511], [-75.423955, 6.395415]], [[-75.424714, 6.397986], [-75.424527, 6.397647], [-75.424396, 6.397607], [-75.424333, 6.397732], [-75.424369, 6.39814], [-75.424485, 6.39819], [-75.424714, 6.397986]], [[-75.424873, 6.398261], [-75.424734, 6.398294], [-75.424788, 6.398518], [-75.424926, 6.398429], [-75.424873, 6.398261]], [[-75.426224, 6.395673], [-75.426113, 6.395402], [-75.425491, 6.39617], [-75.425772, 6.396162], [-75.426059, 6.395944], [-75.426224, 6.395673]], [[-75.426607, 6.39434], [-75.426511, 6.394379], [-75.426492, 6.394544], [-75.426607, 6.394497], [-75.426607, 6.39434]], [[-75.426888, 6.392498], [-75.426736, 6.392465], [-75.426663, 6.392578], [-75.426863, 6.392828], [-75.426952, 6.392679], [-75.426888, 6.392498]], [[-75.427558, 6.392307], [-75.42749, 6.391318], [-75.427169, 6.391435], [-75.427136, 6.391888], [-75.427298, 6.392533], [-75.427375, 6.392546], [-75.427558, 6.392307]], [[-75.427294, 6.393902], [-75.427145, 6.393963], [-75.427287, 6.394199], [-75.427342, 6.394073], [-75.427294, 6.393902]], [[-75.42732, 6.396361], [-75.427358, 6.396119], [-75.427273, 6.396085], [-75.427251, 6.396321], [-75.42732, 6.396361]], [[-75.430732, 6.39476], [-75.430795, 6.394637], [-75.430705, 6.394526], [-75.429844, 6.394792], [-75.429588, 6.394771], [-75.429428, 6.394649], [-75.429327, 6.394041], [-75.429353, 6.393403], [-75.428845, 6.392665], [-75.428569, 6.391456], [-75.428412, 6.391311], [-75.428019, 6.391352], [-75.427808, 6.392064], [-75.427636, 6.392276], [-75.427751, 6.392622], [-75.427749, 6.393177], [-75.427939, 6.39352], [-75.427851, 6.393657], [-75.427584, 6.393767], [-75.427456, 6.394032], [-75.427709, 6.394991], [-75.427454, 6.395179], [-75.427369, 6.395446], [-75.427517, 6.396144], [-75.427489, 6.396524], [-75.427699, 6.397112], [-75.428036, 6.397289], [-75.428365, 6.397624], [-75.428531, 6.397624], [-75.428682, 6.397321], [-75.428748, 6.395987], [-75.428922, 6.395914], [-75.429587, 6.396005], [-75.429936, 6.395895], [-75.430167, 6.395676], [-75.429975, 6.395498], [-75.429271, 6.395355], [-75.429204, 6.395096], [-75.42937, 6.394971], [-75.430732, 6.39476]], [[-75.427771, 6.38772], [-75.427668, 6.387615], [-75.42758, 6.387667], [-75.427695, 6.387895], [-75.427771, 6.38772]], [[-75.430474, 6.393927], [-75.430354, 6.393747], [-75.430055, 6.393665], [-75.429582, 6.393865], [-75.429417, 6.394137], [-75.429598, 6.394297], [-75.42994, 6.394286], [-75.430474, 6.393927]], [[-75.430989, 6.390475], [-75.4308, 6.390342], [-75.430785, 6.389945], [-75.430382, 6.389953], [-75.430129, 6.389783], [-75.429801, 6.38989], [-75.429543, 6.390183], [-75.429773, 6.39036], [-75.430625, 6.390627], [-75.430766, 6.390877], [-75.431009, 6.390677], [-75.430989, 6.390475]], [[-75.430618, 6.394295], [-75.430615, 6.394139], [-75.430513, 6.394112], [-75.43014, 6.394382], [-75.429571, 6.394588], [-75.429664, 6.394659], [-75.429914, 6.394644], [-75.430618, 6.394295]], [[-75.4313, 6.389507], [-75.431263, 6.389432], [-75.431116, 6.389427], [-75.431168, 6.389534], [-75.4313, 6.389507]], [[-75.431681, 6.392906], [-75.431619, 6.392656], [-75.431521, 6.392577], [-75.431586, 6.392875], [-75.431681, 6.392906]], [[-75.439666, 6.381624], [-75.439749, 6.381223], [-75.439578, 6.381066], [-75.439511, 6.381158], [-75.43957, 6.3816], [-75.439666, 6.381624]]], [[[-75.425664, 6.352342], [-75.425079, 6.351507], [-75.424688, 6.350589], [-75.424304, 6.350359], [-75.423674, 6.350255], [-75.423422, 6.349846], [-75.422852, 6.349559], [-75.422674, 6.349326], [-75.422115, 6.347563], [-75.421847, 6.345168], [-75.421877, 6.344896], [-75.422318, 6.34459], [-75.422326, 6.344395], [-75.422001, 6.344037], [-75.421566, 6.343758], [-75.42111, 6.343177], [-75.420554, 6.342881], [-75.41976, 6.342236], [-75.420373, 6.340661], [-75.420509, 6.339918], [-75.420485, 6.339459], [-75.420561, 6.339324], [-75.420811, 6.339314], [-75.420978, 6.339399], [-75.421, 6.339897], [-75.420174, 6.341631], [-75.420079, 6.342111], [-75.420287, 6.342408], [-75.420652, 6.342693], [-75.421352, 6.342978], [-75.42153, 6.342885], [-75.422029, 6.342171], [-75.42238, 6.341842], [-75.423088, 6.341288], [-75.423753, 6.340945], [-75.424045, 6.340693], [-75.424213, 6.340692], [-75.424381, 6.340573], [-75.425174, 6.339708], [-75.425396, 6.339306], [-75.42542, 6.338966], [-75.425295, 6.338174], [-75.424924, 6.337253], [-75.424092, 6.336425], [-75.423852, 6.336021], [-75.42368, 6.335463], [-75.423877, 6.334483], [-75.423881, 6.333975], [-75.424214, 6.333542], [-75.423929, 6.332763], [-75.423707, 6.331646], [-75.423974, 6.331095], [-75.42391, 6.330455], [-75.42424, 6.329838], [-75.424051, 6.328731], [-75.424259, 6.329107], [-75.424358, 6.329721], [-75.424286, 6.330093], [-75.424055, 6.330409], [-75.424077, 6.331132], [-75.423885, 6.331699], [-75.423963, 6.332369], [-75.424304, 6.333161], [-75.424394, 6.333638], [-75.424335, 6.333808], [-75.424026, 6.333927], [-75.423838, 6.335329], [-75.42398, 6.335777], [-75.424351, 6.336472], [-75.424945, 6.336955], [-75.425111, 6.337229], [-75.425193, 6.33768], [-75.425472, 6.338348], [-75.42557, 6.338924], [-75.425539, 6.339239], [-75.425241, 6.339867], [-75.424775, 6.340437], [-75.424484, 6.340982], [-75.423266, 6.341447], [-75.422541, 6.341973], [-75.421931, 6.34259], [-75.421607, 6.343165], [-75.421664, 6.343385], [-75.422665, 6.34447], [-75.422519, 6.344651], [-75.422019, 6.344924], [-75.421946, 6.345168], [-75.42219, 6.347167], [-75.422766, 6.349266], [-75.422917, 6.349496], [-75.423509, 6.349757], [-75.423852, 6.350212], [-75.424301, 6.350271], [-75.424761, 6.350516], [-75.425124, 6.351407], [-75.42559, 6.352022], [-75.425664, 6.352342]]], [[[-75.420285, 6.339149], [-75.420223, 6.339211], [-75.420234, 6.339124], [-75.420285, 6.339149]]], [[[-75.440632, 6.379089], [-75.440618, 6.379007], [-75.44066, 6.378948], [-75.440677, 6.379015], [-75.440632, 6.379089]]], [[[-75.426706, 6.406243], [-75.426161, 6.406578], [-75.425672, 6.407497], [-75.425807, 6.407863], [-75.426162, 6.408317], [-75.42609, 6.408317], [-75.425555, 6.407908], [-75.424907, 6.40692], [-75.423397, 6.405284], [-75.422761, 6.404691], [-75.422441, 6.404515], [-75.422638, 6.404393], [-75.422554, 6.404056], [-75.423777, 6.403923], [-75.42484, 6.403582], [-75.425314, 6.403589], [-75.4255, 6.403926], [-75.426085, 6.404246], [-75.426113, 6.404644], [-75.426683, 6.404986], [-75.426695, 6.405174], [-75.426409, 6.405592], [-75.426731, 6.405609], [-75.426705, 6.405836], [-75.426799, 6.4061], [-75.426706, 6.406243]], [[-75.425597, 6.405172], [-75.425158, 6.404923], [-75.424843, 6.405006], [-75.424758, 6.404792], [-75.424601, 6.404693], [-75.424609, 6.404473], [-75.424513, 6.404399], [-75.423984, 6.404602], [-75.423914, 6.404981], [-75.423705, 6.405224], [-75.423968, 6.40583], [-75.42461, 6.406046], [-75.425041, 6.405807], [-75.425597, 6.405172]], [[-75.425405, 6.40429], [-75.425356, 6.404166], [-75.425212, 6.404124], [-75.424961, 6.40434], [-75.424882, 6.404548], [-75.425148, 6.404533], [-75.425405, 6.40429]]], [[[-75.424001, 6.405075], [-75.424087, 6.40515], [-75.42408, 6.405224], [-75.424001, 6.405194], [-75.424001, 6.405075]]], [[[-75.433988, 6.381652], [-75.433807, 6.381849], [-75.433715, 6.382127], [-75.433218, 6.382192], [-75.431517, 6.380965], [-75.43089, 6.380711], [-75.430584, 6.380467], [-75.430492, 6.380137], [-75.430939, 6.380185], [-75.431178, 6.379848], [-75.431071, 6.379451], [-75.431403, 6.378808], [-75.431498, 6.377918], [-75.431341, 6.377825], [-75.430817, 6.377813], [-75.430432, 6.377429], [-75.429792, 6.377253], [-75.429764, 6.37689], [-75.429918, 6.376366], [-75.429182, 6.376182], [-75.428869, 6.376013], [-75.428469, 6.375123], [-75.427991, 6.374658], [-75.427379, 6.374343], [-75.426867, 6.373436], [-75.426551, 6.373199], [-75.426411, 6.372522], [-75.426156, 6.372201], [-75.426052, 6.371917], [-75.425711, 6.371681], [-75.425381, 6.371287], [-75.424976, 6.371082], [-75.425401, 6.371189], [-75.426143, 6.3719], [-75.426499, 6.372531], [-75.426622, 6.373178], [-75.426917, 6.373319], [-75.427511, 6.374275], [-75.428371, 6.374835], [-75.429006, 6.375984], [-75.429363, 6.376128], [-75.430027, 6.376235], [-75.430116, 6.376541], [-75.429858, 6.376906], [-75.42986, 6.377172], [-75.43048, 6.377325], [-75.430847, 6.377647], [-75.431391, 6.377717], [-75.431653, 6.377917], [-75.431573, 6.379346], [-75.431406, 6.37996], [-75.431154, 6.38039], [-75.431197, 6.380543], [-75.432387, 6.380918], [-75.43307, 6.380685], [-75.433301, 6.382014], [-75.433405, 6.382051], [-75.433635, 6.381887], [-75.433757, 6.381314], [-75.433877, 6.381338], [-75.433797, 6.381546], [-75.433988, 6.381652]]], [[[-75.428384, 6.410791], [-75.428286, 6.410565], [-75.428288, 6.409998], [-75.42812, 6.409427], [-75.428339, 6.409961], [-75.428384, 6.410791]]], [[[-75.428682, 6.411131], [-75.428678, 6.411199], [-75.428626, 6.411148], [-75.428682, 6.411131]]], [[[-75.430782, 6.412709], [-75.429164, 6.411801], [-75.428888, 6.411516], [-75.430567, 6.4125], [-75.430782, 6.412709]]], [[[-75.444877, 6.413559], [-75.444921, 6.415105], [-75.444786, 6.413544], [-75.444394, 6.412092], [-75.444162, 6.411903], [-75.443812, 6.411802], [-75.443111, 6.411089], [-75.442573, 6.410194], [-75.442297, 6.4093], [-75.441998, 6.408891], [-75.441774, 6.408311], [-75.441295, 6.407871], [-75.440565, 6.407517], [-75.440382, 6.407328], [-75.440023, 6.406703], [-75.439855, 6.406028], [-75.439483, 6.40543], [-75.439045, 6.405205], [-75.438766, 6.404895], [-75.438463, 6.403966], [-75.437473, 6.403851], [-75.436238, 6.403312], [-75.436021, 6.403081], [-75.436026, 6.402647], [-75.435713, 6.402385], [-75.434964, 6.402348], [-75.434357, 6.40197], [-75.433914, 6.401802], [-75.433672, 6.402], [-75.433261, 6.402102], [-75.432657, 6.401831], [-75.43232, 6.401809], [-75.43174, 6.401404], [-75.43114, 6.401228], [-75.431045, 6.401021], [-75.430743, 6.400866], [-75.430354, 6.400242], [-75.429496, 6.400135], [-75.430195, 6.400046], [-75.430373, 6.399982], [-75.43045, 6.399855], [-75.430301, 6.399415], [-75.429991, 6.398935], [-75.430351, 6.398188], [-75.430935, 6.398112], [-75.431249, 6.398212], [-75.431507, 6.398474], [-75.432255, 6.398501], [-75.431943, 6.398562], [-75.431806, 6.398686], [-75.43189, 6.399015], [-75.431875, 6.399596], [-75.432537, 6.399419], [-75.432448, 6.399634], [-75.432467, 6.400174], [-75.431971, 6.400911], [-75.432071, 6.401138], [-75.432706, 6.401253], [-75.433411, 6.401728], [-75.43372, 6.401558], [-75.434073, 6.40155], [-75.434774, 6.401808], [-75.435036, 6.401816], [-75.435795, 6.402097], [-75.436273, 6.402179], [-75.436225, 6.403053], [-75.436359, 6.40326], [-75.436849, 6.403507], [-75.437318, 6.403599], [-75.437602, 6.403792], [-75.438451, 6.403843], [-75.438603, 6.403918], [-75.438886, 6.404861], [-75.439579, 6.405389], [-75.439989, 6.406096], [-75.440086, 6.406563], [-75.440321, 6.407035], [-75.440687, 6.407373], [-75.441525, 6.407884], [-75.441893, 6.408294], [-75.44241, 6.409227], [-75.442635, 6.410093], [-75.443084, 6.410837], [-75.443761, 6.411593], [-75.4445, 6.412022], [-75.444877, 6.413559]], [[-75.431494, 6.400293], [-75.431303, 6.400199], [-75.43103, 6.40045], [-75.431198, 6.400727], [-75.431472, 6.400871], [-75.431575, 6.400647], [-75.431494, 6.400293]]], [[[-75.432358, 6.414084], [-75.432011, 6.413841], [-75.431755, 6.413439], [-75.43229, 6.413915], [-75.432358, 6.414084]]], [[[-75.432148, 6.337554], [-75.432334, 6.337615], [-75.432123, 6.337655], [-75.432148, 6.337554]]], [[[-75.437117, 6.419822], [-75.436694, 6.419448], [-75.436592, 6.41933], [-75.437, 6.419628], [-75.437117, 6.419822]]], [[[-75.436431, 6.419113], [-75.436277, 6.418334], [-75.436063, 6.417948], [-75.435057, 6.41732], [-75.434687, 6.416873], [-75.435035, 6.417192], [-75.436268, 6.417911], [-75.436453, 6.418697], [-75.436431, 6.419113]]], [[[-75.434449, 6.416642], [-75.433806, 6.416071], [-75.433257, 6.414794], [-75.433456, 6.414972], [-75.433916, 6.416037], [-75.434449, 6.416642]]], [[[-75.473898, 6.427333], [-75.473048, 6.427363], [-75.472801, 6.427157], [-75.472553, 6.427079], [-75.472119, 6.427175], [-75.471582, 6.426793], [-75.470807, 6.42669], [-75.470695, 6.426777], [-75.470641, 6.427281], [-75.47006, 6.427723], [-75.469883, 6.428035], [-75.469869, 6.428348], [-75.469694, 6.428467], [-75.469425, 6.42846], [-75.469229, 6.428264], [-75.469055, 6.428245], [-75.468265, 6.428618], [-75.467814, 6.428396], [-75.466801, 6.428137], [-75.465519, 6.428201], [-75.464763, 6.427801], [-75.463915, 6.428308], [-75.462865, 6.428498], [-75.462528, 6.428646], [-75.462153, 6.428646], [-75.461919, 6.428486], [-75.461904, 6.42863], [-75.462884, 6.430066], [-75.462937, 6.430673], [-75.46285, 6.430904], [-75.462835, 6.430499], [-75.462664, 6.430033], [-75.46168, 6.428677], [-75.460306, 6.428518], [-75.459676, 6.428042], [-75.459355, 6.427918], [-75.458724, 6.428068], [-75.458164, 6.428034], [-75.457026, 6.427178], [-75.456614, 6.426541], [-75.456032, 6.426302], [-75.454964, 6.426229], [-75.454408, 6.425773], [-75.45427, 6.426076], [-75.453898, 6.426339], [-75.453756, 6.426579], [-75.453512, 6.427179], [-75.453402, 6.427839], [-75.453692, 6.428046], [-75.454485, 6.428281], [-75.455069, 6.429281], [-75.455119, 6.429456], [-75.455032, 6.429479], [-75.454394, 6.428345], [-75.453672, 6.428162], [-75.453219, 6.427899], [-75.453361, 6.427562], [-75.453394, 6.42702], [-75.453749, 6.426411], [-75.454144, 6.425991], [-75.454161, 6.425439], [-75.453691, 6.424324], [-75.45366, 6.423603], [-75.453508, 6.423128], [-75.452821, 6.422333], [-75.452449, 6.421517], [-75.452435, 6.42127], [-75.452745, 6.420749], [-75.452664, 6.420484], [-75.452247, 6.419932], [-75.451528, 6.419282], [-75.451156, 6.418537], [-75.45107, 6.417029], [-75.450813, 6.416183], [-75.451095, 6.415415], [-75.451047, 6.414787], [-75.450907, 6.414628], [-75.450453, 6.41441], [-75.450012, 6.413776], [-75.449816, 6.413175], [-75.449532, 6.413391], [-75.44911, 6.41404], [-75.448933, 6.414547], [-75.448813, 6.415679], [-75.448098, 6.416777], [-75.448073, 6.416977], [-75.448171, 6.41722], [-75.448141, 6.417329], [-75.448087, 6.417272], [-75.448045, 6.416792], [-75.448714, 6.415616], [-75.448967, 6.414143], [-75.449756, 6.412789], [-75.449739, 6.412669], [-75.448954, 6.411994], [-75.448029, 6.411694], [-75.447309, 6.410582], [-75.446936, 6.409226], [-75.446999, 6.408862], [-75.446867, 6.408435], [-75.447098, 6.407875], [-75.446913, 6.407175], [-75.446589, 6.406865], [-75.445195, 6.406155], [-75.444646, 6.40601], [-75.443797, 6.405466], [-75.442747, 6.405345], [-75.441866, 6.40407], [-75.441452, 6.403903], [-75.441229, 6.403589], [-75.441207, 6.402731], [-75.441053, 6.402351], [-75.441036, 6.401936], [-75.44059, 6.40132], [-75.440502, 6.400601], [-75.439928, 6.400319], [-75.439703, 6.400334], [-75.439356, 6.400507], [-75.438954, 6.400358], [-75.438804, 6.400095], [-75.438554, 6.39992], [-75.438586, 6.399608], [-75.438778, 6.399335], [-75.43851, 6.398803], [-75.438013, 6.39836], [-75.436882, 6.397709], [-75.43629, 6.397682], [-75.436077, 6.397001], [-75.435305, 6.396326], [-75.43442, 6.394913], [-75.434674, 6.394828], [-75.434768, 6.394923], [-75.435277, 6.395779], [-75.435505, 6.396012], [-75.435754, 6.396095], [-75.436024, 6.39603], [-75.436551, 6.395677], [-75.436169, 6.39622], [-75.43631, 6.396653], [-75.436295, 6.396899], [-75.436644, 6.397091], [-75.437295, 6.397745], [-75.437637, 6.39797], [-75.438111, 6.398103], [-75.438535, 6.398481], [-75.438941, 6.399093], [-75.43929, 6.399451], [-75.439527, 6.399934], [-75.440541, 6.400422], [-75.440689, 6.400738], [-75.440613, 6.401254], [-75.441092, 6.401674], [-75.441461, 6.403664], [-75.441604, 6.403809], [-75.441964, 6.403948], [-75.442718, 6.405133], [-75.443006, 6.405264], [-75.443801, 6.40535], [-75.444649, 6.405919], [-75.445291, 6.406039], [-75.44672, 6.406808], [-75.447135, 6.407301], [-75.447571, 6.407497], [-75.447883, 6.40808], [-75.448439, 6.408332], [-75.449218, 6.408923], [-75.449423, 6.410017], [-75.449613, 6.410291], [-75.449836, 6.410407], [-75.450315, 6.410323], [-75.450802, 6.410379], [-75.451012, 6.410512], [-75.451192, 6.410825], [-75.451354, 6.410933], [-75.45186, 6.410856], [-75.452248, 6.410906], [-75.452579, 6.411193], [-75.453053, 6.412052], [-75.453831, 6.411763], [-75.454043, 6.411788], [-75.455083, 6.413221], [-75.455319, 6.413359], [-75.455593, 6.413395], [-75.456642, 6.413981], [-75.457992, 6.415443], [-75.458251, 6.416088], [-75.458579, 6.416502], [-75.458646, 6.416983], [-75.457888, 6.415495], [-75.457237, 6.414843], [-75.456893, 6.414324], [-75.456483, 6.414015], [-75.454999, 6.413284], [-75.453979, 6.411903], [-75.453788, 6.411898], [-75.45325, 6.412169], [-75.452895, 6.412157], [-75.452462, 6.411239], [-75.452234, 6.411024], [-75.451923, 6.410949], [-75.451404, 6.411068], [-75.450676, 6.410462], [-75.450251, 6.410453], [-75.449919, 6.410555], [-75.449682, 6.410502], [-75.449339, 6.410084], [-75.449127, 6.409028], [-75.448401, 6.408462], [-75.447787, 6.408166], [-75.447492, 6.407651], [-75.447285, 6.40763], [-75.447223, 6.408022], [-75.446984, 6.408388], [-75.447121, 6.408785], [-75.447069, 6.409201], [-75.447277, 6.410271], [-75.447915, 6.411389], [-75.448205, 6.411646], [-75.448979, 6.411854], [-75.449673, 6.412405], [-75.450323, 6.412587], [-75.450558, 6.412969], [-75.450646, 6.413307], [-75.451119, 6.413848], [-75.451317, 6.413999], [-75.451882, 6.414163], [-75.451881, 6.415072], [-75.451775, 6.414866], [-75.45172, 6.414218], [-75.451138, 6.414054], [-75.450515, 6.413361], [-75.450278, 6.412705], [-75.450151, 6.412591], [-75.450044, 6.412623], [-75.449958, 6.413067], [-75.450046, 6.413619], [-75.450585, 6.414356], [-75.451053, 6.41459], [-75.451165, 6.414861], [-75.451187, 6.415399], [-75.450985, 6.416137], [-75.451232, 6.417434], [-75.451245, 6.418494], [-75.451586, 6.419168], [-75.452184, 6.4197], [-75.452837, 6.42054], [-75.452846, 6.420794], [-75.452538, 6.421288], [-75.452538, 6.421499], [-75.452976, 6.422392], [-75.453474, 6.422846], [-75.453695, 6.423521], [-75.45381, 6.424411], [-75.454173, 6.425098], [-75.454562, 6.425581], [-75.454758, 6.426031], [-75.455296, 6.426206], [-75.456029, 6.426192], [-75.456779, 6.426478], [-75.457146, 6.42712], [-75.457913, 6.427696], [-75.458624, 6.427904], [-75.459438, 6.427757], [-75.460442, 6.428455], [-75.460621, 6.428491], [-75.462525, 6.428424], [-75.463299, 6.428268], [-75.463612, 6.428095], [-75.463905, 6.428157], [-75.464472, 6.427687], [-75.464771, 6.42755], [-75.465195, 6.427901], [-75.465589, 6.428042], [-75.466858, 6.428023], [-75.468273, 6.428429], [-75.468746, 6.428175], [-75.469046, 6.42812], [-75.469294, 6.428129], [-75.469616, 6.428334], [-75.470046, 6.427553], [-75.470599, 6.427191], [-75.470581, 6.426724], [-75.471004, 6.426588], [-75.471674, 6.426694], [-75.472188, 6.426999], [-75.472577, 6.426939], [-75.473057, 6.427198], [-75.473691, 6.42718], [-75.473898, 6.427333]]], [[[-75.436763, 6.392274], [-75.436806, 6.392325], [-75.436755, 6.392325], [-75.436763, 6.392274]]], [[[-75.437356, 6.42232], [-75.437355, 6.423061], [-75.437314, 6.422503], [-75.43708, 6.421717], [-75.437288, 6.420367], [-75.437335, 6.420766], [-75.437178, 6.421897], [-75.437356, 6.42232]]], [[[-75.43773, 6.423888], [-75.43778, 6.424049], [-75.437687, 6.423854], [-75.43773, 6.423888]]], [[[-75.439435, 6.425953], [-75.439315, 6.425646], [-75.438822, 6.425137], [-75.439354, 6.425536], [-75.439435, 6.425953]]], [[[-75.443233, 6.395634], [-75.442211, 6.395505], [-75.441584, 6.395645], [-75.441841, 6.396438], [-75.441573, 6.39638], [-75.441338, 6.396092], [-75.441185, 6.396062], [-75.44119, 6.397078], [-75.441077, 6.397347], [-75.440834, 6.396221], [-75.440379, 6.395516], [-75.439252, 6.39606], [-75.438879, 6.395972], [-75.438987, 6.395782], [-75.440207, 6.394875], [-75.439985, 6.39473], [-75.439563, 6.394855], [-75.439401, 6.394816], [-75.439379, 6.394449], [-75.439521, 6.394109], [-75.439351, 6.393726], [-75.439521, 6.393512], [-75.439042, 6.392813], [-75.439443, 6.392732], [-75.439502, 6.393185], [-75.43971, 6.393384], [-75.439786, 6.393603], [-75.440313, 6.394093], [-75.440373, 6.394561], [-75.440303, 6.394718], [-75.440402, 6.394849], [-75.440795, 6.39487], [-75.441226, 6.394695], [-75.441498, 6.395181], [-75.442833, 6.395354], [-75.443223, 6.395479], [-75.443284, 6.395549], [-75.443233, 6.395634]]], [[[-75.440191, 6.42677], [-75.439682, 6.426547], [-75.439438, 6.426309], [-75.439744, 6.426444], [-75.440191, 6.42677]]], [[[-75.441238, 6.426792], [-75.440912, 6.426847], [-75.440775, 6.426825], [-75.440926, 6.426733], [-75.441238, 6.426792]]], [[[-75.450958, 6.394473], [-75.450474, 6.394209], [-75.449749, 6.393557], [-75.449431, 6.3935], [-75.448781, 6.393084], [-75.448449, 6.393021], [-75.447903, 6.392745], [-75.445924, 6.39305], [-75.445532, 6.393011], [-75.445529, 6.392835], [-75.445433, 6.392757], [-75.444911, 6.392716], [-75.444644, 6.392844], [-75.444127, 6.392893], [-75.443749, 6.393111], [-75.443633, 6.392361], [-75.443715, 6.391939], [-75.44277, 6.391901], [-75.442503, 6.391479], [-75.441364, 6.390891], [-75.441116, 6.390626], [-75.441063, 6.390016], [-75.441201, 6.389361], [-75.441169, 6.388584], [-75.44124, 6.388157], [-75.441538, 6.387891], [-75.441852, 6.388077], [-75.442055, 6.388039], [-75.44164, 6.387405], [-75.441645, 6.387165], [-75.441862, 6.38704], [-75.442364, 6.386959], [-75.442554, 6.387361], [-75.44297, 6.38747], [-75.443058, 6.387788], [-75.44321, 6.387966], [-75.443446, 6.388096], [-75.443646, 6.388082], [-75.44386, 6.388327], [-75.444376, 6.388562], [-75.444707, 6.389023], [-75.444772, 6.389717], [-75.445086, 6.389625], [-75.445221, 6.389419], [-75.445392, 6.389332], [-75.445434, 6.389745], [-75.445178, 6.390314], [-75.445279, 6.390525], [-75.445205, 6.390743], [-75.445295, 6.39101], [-75.444988, 6.391555], [-75.445159, 6.391799], [-75.445265, 6.392198], [-75.445795, 6.392798], [-75.446183, 6.392929], [-75.448008, 6.392612], [-75.448305, 6.392809], [-75.448887, 6.393003], [-75.449356, 6.393348], [-75.44997, 6.393526], [-75.450488, 6.394038], [-75.450819, 6.394233], [-75.450958, 6.394473]], [[-75.443026, 6.390121], [-75.44287, 6.389426], [-75.442548, 6.38913], [-75.442679, 6.388977], [-75.442691, 6.388808], [-75.441903, 6.388593], [-75.441471, 6.388186], [-75.441366, 6.38818], [-75.441307, 6.38835], [-75.44147, 6.388683], [-75.441594, 6.389397], [-75.441766, 6.38967], [-75.442107, 6.389857], [-75.441964, 6.389555], [-75.442048, 6.389414], [-75.442424, 6.389832], [-75.442624, 6.389933], [-75.442735, 6.390141], [-75.442953, 6.390249], [-75.443026, 6.390121]], [[-75.443603, 6.389173], [-75.443512, 6.388981], [-75.443336, 6.388952], [-75.443253, 6.389037], [-75.443437, 6.389325], [-75.443545, 6.389301], [-75.443603, 6.389173]], [[-75.444476, 6.390741], [-75.44435, 6.390752], [-75.444283, 6.390861], [-75.444535, 6.390897], [-75.444476, 6.390741]]], [[[-75.44141, 6.378], [-75.441131, 6.37825], [-75.441348, 6.377852], [-75.44141, 6.378]]], [[[-75.452938, 6.363068], [-75.452761, 6.364507], [-75.452663, 6.364768], [-75.452426, 6.364965], [-75.452072, 6.365002], [-75.451965, 6.365228], [-75.451659, 6.365435], [-75.451619, 6.366068], [-75.451452, 6.36646], [-75.450476, 6.367076], [-75.450545, 6.36761], [-75.450453, 6.367801], [-75.450543, 6.368156], [-75.4505, 6.368439], [-75.449253, 6.369256], [-75.449092, 6.369565], [-75.448555, 6.370058], [-75.448465, 6.370413], [-75.448266, 6.37072], [-75.447653, 6.370964], [-75.447443, 6.371768], [-75.446983, 6.372424], [-75.446888, 6.373006], [-75.446669, 6.373276], [-75.44632, 6.373421], [-75.446379, 6.374769], [-75.446242, 6.375126], [-75.445834, 6.375667], [-75.445676, 6.376222], [-75.445423, 6.376263], [-75.444814, 6.376911], [-75.444495, 6.377051], [-75.443675, 6.37713], [-75.442955, 6.377094], [-75.442407, 6.377202], [-75.441855, 6.377024], [-75.442374, 6.377077], [-75.442966, 6.376967], [-75.443627, 6.377029], [-75.444497, 6.3769], [-75.444936, 6.376632], [-75.445547, 6.376024], [-75.44574, 6.375541], [-75.446283, 6.374683], [-75.446211, 6.373292], [-75.446305, 6.373193], [-75.446589, 6.373177], [-75.446804, 6.372927], [-75.446862, 6.372382], [-75.447343, 6.371717], [-75.447381, 6.371358], [-75.447616, 6.370854], [-75.448206, 6.370549], [-75.448349, 6.370312], [-75.448352, 6.370011], [-75.448984, 6.369445], [-75.449218, 6.369021], [-75.450338, 6.368367], [-75.450331, 6.367206], [-75.450423, 6.36679], [-75.451356, 6.366403], [-75.451481, 6.366166], [-75.45152, 6.365556], [-75.451638, 6.365234], [-75.451914, 6.364987], [-75.452429, 6.36479], [-75.452581, 6.364643], [-75.452811, 6.36302], [-75.452724, 6.362154], [-75.452794, 6.361449], [-75.4526, 6.361087], [-75.452501, 6.360618], [-75.452205, 6.36009], [-75.452186, 6.359836], [-75.451981, 6.35952], [-75.451952, 6.358092], [-75.451707, 6.357375], [-75.451841, 6.356942], [-75.451316, 6.355698], [-75.451214, 6.354709], [-75.450831, 6.354254], [-75.450603, 6.353425], [-75.450275, 6.352933], [-75.450778, 6.352077], [-75.450812, 6.351445], [-75.451057, 6.350779], [-75.451077, 6.350495], [-75.451647, 6.349866], [-75.451973, 6.349161], [-75.45198, 6.348763], [-75.451733, 6.34826], [-75.45156, 6.347581], [-75.451546, 6.346629], [-75.451383, 6.345953], [-75.451521, 6.344794], [-75.452186, 6.343374], [-75.452183, 6.343676], [-75.451618, 6.3448], [-75.451475, 6.345977], [-75.45162, 6.346354], [-75.451704, 6.34772], [-75.451886, 6.348319], [-75.452135, 6.34875], [-75.452128, 6.349047], [-75.451835, 6.34982], [-75.45119, 6.350617], [-75.451096, 6.351046], [-75.450957, 6.351261], [-75.450875, 6.35213], [-75.450397, 6.352921], [-75.450677, 6.353262], [-75.450921, 6.35415], [-75.451389, 6.354555], [-75.451357, 6.355082], [-75.451917, 6.356939], [-75.452136, 6.358968], [-75.452117, 6.35947], [-75.45236, 6.359744], [-75.452339, 6.360113], [-75.452651, 6.3606], [-75.452741, 6.361042], [-75.4529, 6.361302], [-75.452938, 6.363068]]], [[[-75.441601, 6.37704], [-75.441457, 6.377241], [-75.441426, 6.377254], [-75.441601, 6.37704]]], [[[-75.443703, 6.426784], [-75.44339, 6.426662], [-75.443151, 6.426623], [-75.443462, 6.426627], [-75.443703, 6.426784]]], [[[-75.445029, 6.427412], [-75.444628, 6.427309], [-75.444471, 6.427223], [-75.444719, 6.427245], [-75.445029, 6.427412]]], [[[-75.445911, 6.427649], [-75.445755, 6.427702], [-75.445571, 6.427637], [-75.445854, 6.427564], [-75.445911, 6.427649]]], [[[-75.468235, 6.352816], [-75.468137, 6.353213], [-75.467955, 6.353438], [-75.467599, 6.354344], [-75.466679, 6.354962], [-75.466274, 6.355377], [-75.465817, 6.356508], [-75.465783, 6.356974], [-75.465881, 6.357698], [-75.465823, 6.357927], [-75.46567, 6.358036], [-75.465165, 6.358108], [-75.464681, 6.358635], [-75.464088, 6.358824], [-75.4636, 6.35912], [-75.463288, 6.359533], [-75.46321, 6.360201], [-75.463073, 6.360529], [-75.462811, 6.360691], [-75.462351, 6.360758], [-75.461944, 6.361133], [-75.461856, 6.361336], [-75.461871, 6.361843], [-75.462098, 6.362448], [-75.462974, 6.364189], [-75.463554, 6.36492], [-75.463494, 6.365308], [-75.463774, 6.365781], [-75.463817, 6.367153], [-75.464078, 6.368046], [-75.463709, 6.368918], [-75.464002, 6.369855], [-75.464155, 6.371597], [-75.46474, 6.372041], [-75.464787, 6.372687], [-75.464921, 6.373126], [-75.464921, 6.374217], [-75.465283, 6.375369], [-75.465714, 6.375941], [-75.465577, 6.37619], [-75.465668, 6.376406], [-75.465363, 6.376642], [-75.464991, 6.376758], [-75.464857, 6.377007], [-75.464593, 6.37716], [-75.464419, 6.3774], [-75.464385, 6.378038], [-75.464653, 6.37846], [-75.463941, 6.378467], [-75.463887, 6.378411], [-75.464059, 6.378329], [-75.464121, 6.378176], [-75.464151, 6.377357], [-75.464601, 6.376907], [-75.464746, 6.37662], [-75.465053, 6.376382], [-75.465124, 6.376193], [-75.465065, 6.37612], [-75.464873, 6.376124], [-75.464989, 6.37593], [-75.464998, 6.375679], [-75.464726, 6.375496], [-75.464831, 6.37486], [-75.46476, 6.374567], [-75.464616, 6.374402], [-75.464546, 6.373897], [-75.464686, 6.37307], [-75.464361, 6.372163], [-75.464095, 6.371822], [-75.463961, 6.371298], [-75.463928, 6.369935], [-75.463634, 6.369188], [-75.46359, 6.368809], [-75.463791, 6.368218], [-75.463614, 6.36797], [-75.462981, 6.367714], [-75.462357, 6.36646], [-75.462021, 6.366192], [-75.461654, 6.365714], [-75.461468, 6.365273], [-75.461361, 6.364308], [-75.460851, 6.364119], [-75.460425, 6.363642], [-75.459919, 6.363587], [-75.45937, 6.363303], [-75.459145, 6.362927], [-75.459299, 6.362293], [-75.459245, 6.362051], [-75.458933, 6.361848], [-75.458505, 6.361269], [-75.458337, 6.361225], [-75.457951, 6.361335], [-75.457764, 6.361226], [-75.457642, 6.360915], [-75.457704, 6.360322], [-75.457472, 6.360004], [-75.456784, 6.358294], [-75.456187, 6.357423], [-75.456177, 6.357163], [-75.456012, 6.356865], [-75.456216, 6.356218], [-75.455191, 6.35518], [-75.454963, 6.354752], [-75.455033, 6.35389], [-75.455314, 6.353335], [-75.455252, 6.351949], [-75.455411, 6.35106], [-75.455534, 6.350699], [-75.455898, 6.350302], [-75.45599, 6.350077], [-75.455527, 6.349201], [-75.455906, 6.348299], [-75.455896, 6.347402], [-75.456397, 6.345915], [-75.456772, 6.34425], [-75.456931, 6.343957], [-75.457446, 6.343535], [-75.457571, 6.343174], [-75.457651, 6.343264], [-75.457595, 6.343547], [-75.457074, 6.344016], [-75.456877, 6.344342], [-75.456536, 6.345815], [-75.456005, 6.347358], [-75.456018, 6.348304], [-75.455641, 6.34927], [-75.455969, 6.34967], [-75.456113, 6.350099], [-75.456024, 6.350366], [-75.455635, 6.350821], [-75.455503, 6.351185], [-75.455299, 6.352193], [-75.455484, 6.353255], [-75.455086, 6.353995], [-75.455001, 6.354323], [-75.455029, 6.35466], [-75.455289, 6.355136], [-75.455883, 6.355632], [-75.456314, 6.356173], [-75.456306, 6.356397], [-75.456144, 6.356662], [-75.456318, 6.357408], [-75.456761, 6.358023], [-75.457891, 6.360431], [-75.458213, 6.360606], [-75.458106, 6.360712], [-75.457785, 6.360784], [-75.457821, 6.360979], [-75.457969, 6.361096], [-75.458617, 6.36118], [-75.458912, 6.36164], [-75.459254, 6.361826], [-75.459378, 6.362192], [-75.459285, 6.362884], [-75.459393, 6.363159], [-75.4599, 6.363451], [-75.460466, 6.363518], [-75.460927, 6.363936], [-75.46144, 6.364188], [-75.461609, 6.365265], [-75.461735, 6.36558], [-75.462175, 6.36616], [-75.462498, 6.366408], [-75.462891, 6.367409], [-75.463237, 6.367691], [-75.463645, 6.367732], [-75.463708, 6.367566], [-75.46363, 6.367165], [-75.463717, 6.366643], [-75.463694, 6.365932], [-75.463358, 6.365369], [-75.463349, 6.364911], [-75.462971, 6.364471], [-75.462679, 6.363758], [-75.461999, 6.362693], [-75.460893, 6.362197], [-75.460636, 6.361707], [-75.460096, 6.361126], [-75.459845, 6.360417], [-75.459888, 6.359734], [-75.45982, 6.359354], [-75.459372, 6.358272], [-75.459392, 6.357007], [-75.459066, 6.356579], [-75.459631, 6.354924], [-75.459683, 6.354198], [-75.459853, 6.353763], [-75.459794, 6.353349], [-75.460098, 6.353174], [-75.460263, 6.352921], [-75.460254, 6.35212], [-75.46039, 6.351535], [-75.460857, 6.350681], [-75.460958, 6.349833], [-75.461028, 6.349772], [-75.460942, 6.350739], [-75.46054, 6.351516], [-75.460398, 6.351983], [-75.460359, 6.352663], [-75.460448, 6.353181], [-75.460083, 6.353326], [-75.459959, 6.353477], [-75.459972, 6.35394], [-75.459759, 6.35439], [-75.45969, 6.355163], [-75.459219, 6.35654], [-75.459527, 6.357124], [-75.459475, 6.358256], [-75.459973, 6.359508], [-75.459926, 6.360168], [-75.460036, 6.360837], [-75.460223, 6.361173], [-75.460743, 6.361641], [-75.460937, 6.362024], [-75.461267, 6.362255], [-75.461785, 6.36235], [-75.461821, 6.362098], [-75.461603, 6.361532], [-75.461605, 6.361315], [-75.46225, 6.360712], [-75.462955, 6.360438], [-75.463145, 6.360049], [-75.463154, 6.359548], [-75.463336, 6.359211], [-75.463998, 6.358738], [-75.4647, 6.358469], [-75.465043, 6.358046], [-75.4655, 6.357987], [-75.4657, 6.357859], [-75.465786, 6.35744], [-75.465678, 6.357051], [-75.4657, 6.356453], [-75.466104, 6.355373], [-75.46659, 6.35488], [-75.467506, 6.354273], [-75.467828, 6.353376], [-75.468075, 6.353006], [-75.468184, 6.352579], [-75.468235, 6.352816]]], [[[-75.46475, 6.376337], [-75.464533, 6.376367], [-75.464508, 6.376607], [-75.464368, 6.376693], [-75.464217, 6.376249], [-75.464023, 6.376117], [-75.463955, 6.375826], [-75.464305, 6.375849], [-75.464221, 6.375576], [-75.464324, 6.375573], [-75.464612, 6.375886], [-75.464397, 6.375928], [-75.464401, 6.376057], [-75.46475, 6.376337]]], [[[-75.463782, 6.375282], [-75.463277, 6.37612], [-75.463041, 6.376145], [-75.462915, 6.37626], [-75.46285, 6.376527], [-75.462593, 6.376813], [-75.462589, 6.37709], [-75.462111, 6.377106], [-75.461687, 6.377304], [-75.461535, 6.377464], [-75.461386, 6.37745], [-75.461382, 6.37735], [-75.461801, 6.377119], [-75.462015, 6.376812], [-75.462424, 6.376666], [-75.462658, 6.376216], [-75.463216, 6.375715], [-75.463654, 6.375145], [-75.463594, 6.374908], [-75.4633, 6.37472], [-75.462059, 6.374698], [-75.462031, 6.374585], [-75.462731, 6.374554], [-75.463455, 6.374635], [-75.463784, 6.374953], [-75.463782, 6.375282]]], [[[-75.463269, 6.382123], [-75.463044, 6.382513], [-75.462998, 6.382544], [-75.463031, 6.382291], [-75.463269, 6.382123]]], [[[-75.476368, 6.410677], [-75.475722, 6.410066], [-75.475093, 6.409083], [-75.474126, 6.407888], [-75.473594, 6.407452], [-75.473193, 6.406724], [-75.472707, 6.406467], [-75.472453, 6.405867], [-75.471589, 6.405154], [-75.471228, 6.404192], [-75.470645, 6.404019], [-75.470551, 6.403148], [-75.470408, 6.402866], [-75.469642, 6.402208], [-75.469501, 6.401898], [-75.469153, 6.401528], [-75.468258, 6.400975], [-75.467934, 6.402037], [-75.467963, 6.402797], [-75.468163, 6.402959], [-75.468562, 6.403578], [-75.469465, 6.404275], [-75.469813, 6.404846], [-75.470551, 6.405741], [-75.471471, 6.406536], [-75.471911, 6.406715], [-75.472063, 6.407194], [-75.472033, 6.407254], [-75.471946, 6.407169], [-75.471758, 6.406773], [-75.471308, 6.406571], [-75.47026, 6.405612], [-75.469696, 6.404903], [-75.469393, 6.40437], [-75.468295, 6.403414], [-75.467997, 6.402916], [-75.467832, 6.402819], [-75.46765, 6.402861], [-75.46749, 6.403191], [-75.467642, 6.403664], [-75.467641, 6.403949], [-75.467441, 6.404456], [-75.467001, 6.405005], [-75.466951, 6.405923], [-75.466703, 6.406532], [-75.466659, 6.407198], [-75.466162, 6.40748], [-75.466095, 6.407849], [-75.465651, 6.40858], [-75.465901, 6.409069], [-75.465652, 6.409963], [-75.465593, 6.410618], [-75.465764, 6.411301], [-75.466845, 6.412723], [-75.466921, 6.413214], [-75.467359, 6.414245], [-75.467437, 6.414772], [-75.467963, 6.416078], [-75.468032, 6.416526], [-75.467354, 6.414847], [-75.467304, 6.414405], [-75.46697, 6.413676], [-75.466789, 6.412856], [-75.466261, 6.412064], [-75.46559, 6.411299], [-75.465501, 6.410375], [-75.465705, 6.409301], [-75.465584, 6.408427], [-75.465957, 6.407808], [-75.466005, 6.407482], [-75.466576, 6.406941], [-75.466611, 6.406419], [-75.466852, 6.405852], [-75.466829, 6.405225], [-75.467491, 6.404021], [-75.467361, 6.403228], [-75.467837, 6.401944], [-75.467959, 6.400745], [-75.468378, 6.399803], [-75.468515, 6.399277], [-75.468929, 6.398752], [-75.469186, 6.398155], [-75.468987, 6.397612], [-75.469125, 6.396472], [-75.46911, 6.39563], [-75.46923, 6.395273], [-75.469147, 6.394527], [-75.469378, 6.393873], [-75.469456, 6.392892], [-75.469761, 6.392334], [-75.470268, 6.391676], [-75.470306, 6.391115], [-75.470439, 6.390651], [-75.470492, 6.389061], [-75.470727, 6.388681], [-75.470768, 6.388368], [-75.470649, 6.388034], [-75.470652, 6.387507], [-75.470204, 6.386852], [-75.469661, 6.386456], [-75.469542, 6.386131], [-75.469491, 6.385577], [-75.469037, 6.385097], [-75.4685, 6.384795], [-75.467791, 6.384034], [-75.467493, 6.383917], [-75.467321, 6.384098], [-75.466941, 6.384181], [-75.466818, 6.384303], [-75.466799, 6.384525], [-75.467146, 6.385421], [-75.467613, 6.387323], [-75.468017, 6.387899], [-75.468642, 6.388305], [-75.468689, 6.388825], [-75.468578, 6.388918], [-75.468352, 6.388891], [-75.468515, 6.388687], [-75.468452, 6.388337], [-75.46771, 6.387884], [-75.467497, 6.387605], [-75.467195, 6.386496], [-75.4672, 6.386077], [-75.467074, 6.385524], [-75.466903, 6.385161], [-75.466667, 6.384919], [-75.466604, 6.384527], [-75.466328, 6.384022], [-75.466166, 6.383939], [-75.465795, 6.383935], [-75.465482, 6.384214], [-75.465239, 6.384285], [-75.46491, 6.38417], [-75.464701, 6.383982], [-75.464115, 6.383948], [-75.463492, 6.3834], [-75.463701, 6.383401], [-75.463798, 6.383585], [-75.463931, 6.38354], [-75.463843, 6.383111], [-75.463476, 6.382848], [-75.463342, 6.382448], [-75.463885, 6.381987], [-75.464046, 6.38144], [-75.463805, 6.381481], [-75.463807, 6.381066], [-75.463221, 6.381603], [-75.463103, 6.381638], [-75.463109, 6.381525], [-75.463442, 6.380434], [-75.46358, 6.379576], [-75.463682, 6.379521], [-75.463934, 6.379714], [-75.464441, 6.379089], [-75.464544, 6.379122], [-75.464698, 6.379466], [-75.464684, 6.379723], [-75.464825, 6.3798], [-75.464988, 6.379779], [-75.465478, 6.379396], [-75.465507, 6.379158], [-75.466041, 6.379347], [-75.466116, 6.379674], [-75.465907, 6.380168], [-75.466059, 6.380951], [-75.466722, 6.381473], [-75.467228, 6.382115], [-75.467395, 6.383201], [-75.46752, 6.38341], [-75.468196, 6.38377], [-75.468966, 6.384647], [-75.470222, 6.385818], [-75.470261, 6.385966], [-75.470142, 6.386327], [-75.470767, 6.387241], [-75.470879, 6.387567], [-75.470882, 6.388073], [-75.471061, 6.388487], [-75.471006, 6.388854], [-75.470721, 6.389189], [-75.470596, 6.389591], [-75.470475, 6.391171], [-75.470512, 6.391732], [-75.469776, 6.392781], [-75.469581, 6.393416], [-75.469559, 6.393909], [-75.469208, 6.394678], [-75.469312, 6.394845], [-75.469833, 6.394999], [-75.470096, 6.395717], [-75.469954, 6.3957], [-75.469694, 6.395078], [-75.469381, 6.39504], [-75.469214, 6.395717], [-75.469267, 6.396187], [-75.469209, 6.396987], [-75.46903, 6.397599], [-75.469229, 6.397923], [-75.469258, 6.398209], [-75.469035, 6.398836], [-75.468664, 6.399313], [-75.46814, 6.400644], [-75.469237, 6.401455], [-75.469598, 6.401857], [-75.4697, 6.402091], [-75.470444, 6.402742], [-75.470638, 6.403086], [-75.470738, 6.403973], [-75.471148, 6.403952], [-75.471297, 6.404062], [-75.471693, 6.405153], [-75.472508, 6.405724], [-75.47282, 6.40633], [-75.473276, 6.406639], [-75.47366, 6.407378], [-75.474197, 6.407789], [-75.4754, 6.409318], [-75.475862, 6.410094], [-75.476657, 6.410828], [-75.476368, 6.410677]], [[-75.464181, 6.38001], [-75.464015, 6.379933], [-75.463859, 6.38028], [-75.46418, 6.380276], [-75.464181, 6.38001]], [[-75.464177, 6.380629], [-75.464265, 6.380426], [-75.464231, 6.380341], [-75.464098, 6.380575], [-75.464177, 6.380629]], [[-75.46427, 6.379494], [-75.464165, 6.37953], [-75.464129, 6.379758], [-75.464298, 6.379708], [-75.46427, 6.379494]], [[-75.464416, 6.382232], [-75.46424, 6.382206], [-75.464166, 6.382312], [-75.464335, 6.382611], [-75.464484, 6.382695], [-75.464567, 6.382398], [-75.464416, 6.382232]], [[-75.464755, 6.38337], [-75.464696, 6.383318], [-75.464564, 6.383425], [-75.46467, 6.383452], [-75.464755, 6.38337]], [[-75.465422, 6.383136], [-75.465288, 6.382413], [-75.465105, 6.382111], [-75.464934, 6.38206], [-75.464823, 6.382343], [-75.46493, 6.382897], [-75.465204, 6.383101], [-75.465346, 6.383456], [-75.465422, 6.383136]], [[-75.465272, 6.383684], [-75.464996, 6.383617], [-75.464885, 6.383691], [-75.465272, 6.383684]], [[-75.465277, 6.379814], [-75.465224, 6.379727], [-75.46509, 6.379914], [-75.465203, 6.379953], [-75.465277, 6.379814]], [[-75.465574, 6.380189], [-75.465385, 6.380128], [-75.465309, 6.380277], [-75.465479, 6.380341], [-75.465574, 6.380189]], [[-75.465486, 6.379871], [-75.465406, 6.379931], [-75.465442, 6.38001], [-75.465566, 6.379972], [-75.465486, 6.379871]], [[-75.466548, 6.383937], [-75.466467, 6.383988], [-75.466598, 6.384115], [-75.466626, 6.384013], [-75.466548, 6.383937]]], [[[-75.468408, 6.375901], [-75.468349, 6.376027], [-75.468241, 6.376029], [-75.468268, 6.37577], [-75.468158, 6.375438], [-75.467564, 6.374835], [-75.467532, 6.374214], [-75.467058, 6.372945], [-75.466983, 6.371964], [-75.467027, 6.370591], [-75.466682, 6.369476], [-75.466493, 6.369322], [-75.466404, 6.369066], [-75.46677, 6.36845], [-75.466646, 6.367748], [-75.466879, 6.367997], [-75.466989, 6.368293], [-75.466597, 6.369127], [-75.466722, 6.369243], [-75.466899, 6.369233], [-75.466888, 6.369961], [-75.467207, 6.370475], [-75.467269, 6.371505], [-75.467034, 6.372123], [-75.467126, 6.37285], [-75.467715, 6.374129], [-75.467773, 6.374679], [-75.46821, 6.375277], [-75.468408, 6.375901]]], [[[-75.474409, 6.42116], [-75.473972, 6.420726], [-75.473268, 6.420965], [-75.472989, 6.420935], [-75.471899, 6.42043], [-75.470785, 6.420282], [-75.470694, 6.42016], [-75.470699, 6.419937], [-75.470581, 6.419823], [-75.46975, 6.419801], [-75.469221, 6.419632], [-75.468662, 6.41929], [-75.468035, 6.418555], [-75.467295, 6.418185], [-75.467164, 6.417909], [-75.467185, 6.417615], [-75.467638, 6.417342], [-75.467878, 6.416981], [-75.467761, 6.417343], [-75.467297, 6.41772], [-75.467294, 6.417993], [-75.468064, 6.418441], [-75.468246, 6.418718], [-75.468949, 6.419342], [-75.469613, 6.419625], [-75.470537, 6.419735], [-75.470763, 6.419901], [-75.470952, 6.42022], [-75.471376, 6.420306], [-75.47189, 6.420285], [-75.472929, 6.420811], [-75.473911, 6.420615], [-75.474213, 6.420642], [-75.474409, 6.42116]]], [[[-75.479381, 6.379259], [-75.478623, 6.379095], [-75.477816, 6.379035], [-75.47721, 6.378776], [-75.476718, 6.378939], [-75.476024, 6.378825], [-75.475527, 6.379095], [-75.47468, 6.379014], [-75.474292, 6.379118], [-75.474116, 6.380462], [-75.474492, 6.380481], [-75.474445, 6.380769], [-75.474775, 6.381063], [-75.475019, 6.381046], [-75.475119, 6.380811], [-75.475286, 6.381029], [-75.475313, 6.381232], [-75.475519, 6.381342], [-75.475398, 6.38163], [-75.475555, 6.381911], [-75.476462, 6.381929], [-75.476626, 6.382308], [-75.476622, 6.382511], [-75.476443, 6.382721], [-75.476456, 6.383087], [-75.476036, 6.384237], [-75.47524, 6.385261], [-75.475334, 6.384864], [-75.475934, 6.384154], [-75.476032, 6.383496], [-75.475981, 6.383122], [-75.475779, 6.382817], [-75.474873, 6.382418], [-75.474916, 6.382264], [-75.475317, 6.382082], [-75.475181, 6.38179], [-75.474973, 6.381737], [-75.475096, 6.38159], [-75.475028, 6.381472], [-75.474787, 6.381364], [-75.474252, 6.381324], [-75.473743, 6.380839], [-75.473118, 6.3806], [-75.472828, 6.38037], [-75.472829, 6.379747], [-75.472454, 6.378847], [-75.472175, 6.378818], [-75.471749, 6.37892], [-75.471443, 6.378739], [-75.471067, 6.378759], [-75.470821, 6.378664], [-75.470212, 6.379193], [-75.469589, 6.379383], [-75.46898, 6.37975], [-75.468453, 6.379816], [-75.467916, 6.380021], [-75.467676, 6.379498], [-75.467567, 6.378768], [-75.467763, 6.377911], [-75.467975, 6.377434], [-75.468211, 6.377057], [-75.468752, 6.376599], [-75.469807, 6.376424], [-75.47208, 6.376373], [-75.473201, 6.376153], [-75.473549, 6.376244], [-75.473947, 6.375986], [-75.474422, 6.37638], [-75.474987, 6.377319], [-75.475573, 6.377871], [-75.47584, 6.377957], [-75.476162, 6.377688], [-75.476536, 6.37771], [-75.477179, 6.378075], [-75.47751, 6.378574], [-75.477842, 6.378874], [-75.478051, 6.378887], [-75.478425, 6.378731], [-75.479167, 6.379063], [-75.479381, 6.379259]], [[-75.475159, 6.37781], [-75.475027, 6.37752], [-75.474855, 6.377402], [-75.474474, 6.377457], [-75.474342, 6.377599], [-75.473927, 6.37728], [-75.473505, 6.377197], [-75.47332, 6.377276], [-75.473233, 6.377422], [-75.473301, 6.377549], [-75.474059, 6.377575], [-75.474129, 6.377728], [-75.474425, 6.377854], [-75.474734, 6.377771], [-75.474792, 6.377999], [-75.474898, 6.378065], [-75.475102, 6.378023], [-75.475159, 6.37781]], [[-75.474661, 6.3784], [-75.474564, 6.378408], [-75.474539, 6.378532], [-75.474681, 6.37851], [-75.474661, 6.3784]], [[-75.475286, 6.378757], [-75.475169, 6.378726], [-75.475138, 6.378917], [-75.475304, 6.378857], [-75.475286, 6.378757]]], [[[-75.474907, 6.38073], [-75.474623, 6.380723], [-75.474632, 6.380605], [-75.474832, 6.380611], [-75.474907, 6.38073]]], [[[-75.470971, 6.375938], [-75.470744, 6.375837], [-75.470501, 6.375321], [-75.47044, 6.374899], [-75.470541, 6.374333], [-75.470143, 6.373306], [-75.469543, 6.373089], [-75.468948, 6.372487], [-75.468693, 6.371584], [-75.468933, 6.371294], [-75.468902, 6.370393], [-75.469251, 6.370133], [-75.469378, 6.369855], [-75.469143, 6.369245], [-75.469294, 6.369072], [-75.469326, 6.368683], [-75.469615, 6.368243], [-75.469798, 6.367637], [-75.469577, 6.367132], [-75.469583, 6.366462], [-75.469789, 6.366048], [-75.470005, 6.364697], [-75.470303, 6.364164], [-75.470293, 6.364352], [-75.470096, 6.364741], [-75.46989, 6.366129], [-75.469669, 6.366879], [-75.469683, 6.367135], [-75.470001, 6.367473], [-75.47003, 6.367649], [-75.469815, 6.367984], [-75.469718, 6.368435], [-75.469452, 6.368787], [-75.469343, 6.369396], [-75.469468, 6.369677], [-75.46947, 6.369963], [-75.469369, 6.370193], [-75.469081, 6.37047], [-75.469036, 6.370774], [-75.469126, 6.371319], [-75.468877, 6.371646], [-75.468859, 6.371788], [-75.469056, 6.372381], [-75.469339, 6.372583], [-75.469651, 6.372996], [-75.470075, 6.373103], [-75.47026, 6.373289], [-75.470745, 6.374428], [-75.470549, 6.375069], [-75.470968, 6.375803], [-75.470971, 6.375938]]], [[[-75.475471, 6.375116], [-75.475243, 6.375299], [-75.474363, 6.37542], [-75.474541, 6.375321], [-75.474589, 6.375154], [-75.474261, 6.374199], [-75.47411, 6.374025], [-75.473626, 6.373922], [-75.473384, 6.373449], [-75.473471, 6.372766], [-75.473287, 6.371966], [-75.473557, 6.371176], [-75.47334, 6.370821], [-75.47292, 6.370483], [-75.472881, 6.369859], [-75.472924, 6.369605], [-75.473295, 6.369021], [-75.473381, 6.368675], [-75.473091, 6.36665], [-75.472882, 6.366011], [-75.472902, 6.364637], [-75.473139, 6.364038], [-75.473341, 6.363842], [-75.473398, 6.363891], [-75.473178, 6.364136], [-75.472989, 6.364649], [-75.47294, 6.365522], [-75.47348, 6.368192], [-75.473407, 6.369227], [-75.473581, 6.369175], [-75.473869, 6.368488], [-75.474038, 6.368401], [-75.474095, 6.368458], [-75.473903, 6.368684], [-75.473647, 6.369329], [-75.473086, 6.369694], [-75.47306, 6.370294], [-75.473129, 6.370486], [-75.473592, 6.370879], [-75.473735, 6.371218], [-75.47341, 6.371911], [-75.473481, 6.372305], [-75.473632, 6.372379], [-75.473873, 6.37232], [-75.474369, 6.37187], [-75.474567, 6.37185], [-75.47423, 6.372258], [-75.473659, 6.372597], [-75.473472, 6.373439], [-75.473706, 6.373822], [-75.474313, 6.374001], [-75.474611, 6.374591], [-75.474845, 6.374636], [-75.475041, 6.374897], [-75.475471, 6.375116]]], [[[-75.481554, 6.380903], [-75.481159, 6.381476], [-75.481291, 6.380832], [-75.481099, 6.380353], [-75.481159, 6.379854], [-75.480869, 6.379634], [-75.480233, 6.37954], [-75.480932, 6.379602], [-75.481236, 6.379815], [-75.481327, 6.380512], [-75.481554, 6.380903]]], [[[-75.484179, 6.387869], [-75.483919, 6.387453], [-75.483551, 6.387516], [-75.483064, 6.387207], [-75.482861, 6.387192], [-75.482633, 6.387434], [-75.482179, 6.388556], [-75.482357, 6.389034], [-75.482337, 6.389949], [-75.48289, 6.390468], [-75.483103, 6.390915], [-75.483152, 6.391326], [-75.483359, 6.391591], [-75.483403, 6.391817], [-75.483356, 6.39199], [-75.482993, 6.39236], [-75.482801, 6.392775], [-75.482775, 6.393922], [-75.482895, 6.394927], [-75.482828, 6.395707], [-75.482735, 6.396038], [-75.482267, 6.39673], [-75.482127, 6.397199], [-75.482171, 6.397528], [-75.481882, 6.398254], [-75.482, 6.398523], [-75.481916, 6.398579], [-75.481752, 6.398495], [-75.481683, 6.398332], [-75.482038, 6.397616], [-75.482077, 6.397057], [-75.48225, 6.396513], [-75.482651, 6.395967], [-75.482737, 6.395647], [-75.482808, 6.394939], [-75.482699, 6.393522], [-75.482746, 6.392583], [-75.482863, 6.392308], [-75.483247, 6.391967], [-75.483319, 6.391804], [-75.483033, 6.391375], [-75.483022, 6.391072], [-75.482871, 6.39068], [-75.482213, 6.389796], [-75.482273, 6.389105], [-75.482144, 6.388857], [-75.482, 6.388877], [-75.481684, 6.389251], [-75.481392, 6.389404], [-75.481224, 6.389846], [-75.480875, 6.390294], [-75.480757, 6.390667], [-75.480644, 6.390723], [-75.480757, 6.390314], [-75.481031, 6.389961], [-75.481253, 6.389372], [-75.481398, 6.389213], [-75.481774, 6.389102], [-75.481891, 6.388374], [-75.482167, 6.388157], [-75.482594, 6.387277], [-75.482879, 6.387], [-75.482665, 6.386331], [-75.482719, 6.386177], [-75.482999, 6.385937], [-75.482806, 6.385347], [-75.482322, 6.384294], [-75.48173, 6.383911], [-75.482275, 6.384128], [-75.482518, 6.384417], [-75.483067, 6.385981], [-75.482794, 6.386265], [-75.483107, 6.386948], [-75.483468, 6.387364], [-75.484026, 6.387349], [-75.484179, 6.387869]]], [[[-75.481718, 6.383636], [-75.481192, 6.382686], [-75.481119, 6.382141], [-75.481394, 6.38279], [-75.481892, 6.383093], [-75.481867, 6.38345], [-75.481718, 6.383636]]], [[[-75.484789, 6.389456], [-75.484507, 6.388593], [-75.484275, 6.388376], [-75.484557, 6.388568], [-75.484974, 6.389753], [-75.484789, 6.389456]]], [[[-75.486759, 6.390675], [-75.486285, 6.3904], [-75.485639, 6.390348], [-75.485312, 6.390149], [-75.485734, 6.390272], [-75.48623, 6.390266], [-75.486759, 6.390675]]], [[[-75.489305, 6.408356], [-75.488831, 6.408962], [-75.489044, 6.409622], [-75.489055, 6.410076], [-75.489252, 6.410448], [-75.489179, 6.410899], [-75.489102, 6.411055], [-75.489175, 6.410392], [-75.489026, 6.410314], [-75.488706, 6.410649], [-75.488426, 6.411419], [-75.487939, 6.411627], [-75.487693, 6.411855], [-75.487561, 6.412435], [-75.486935, 6.413388], [-75.486242, 6.415875], [-75.485511, 6.41688], [-75.485633, 6.418393], [-75.485767, 6.418689], [-75.485682, 6.418735], [-75.485555, 6.4186], [-75.485506, 6.418375], [-75.485389, 6.41703], [-75.485435, 6.416745], [-75.486148, 6.415802], [-75.486517, 6.414381], [-75.486754, 6.413883], [-75.48682, 6.413428], [-75.487496, 6.412299], [-75.48763, 6.411812], [-75.487775, 6.411605], [-75.488396, 6.411285], [-75.488646, 6.410598], [-75.488933, 6.410178], [-75.488996, 6.409695], [-75.48874, 6.409035], [-75.489092, 6.408547], [-75.489135, 6.408162], [-75.489305, 6.408356]]], [[[-75.48914, 6.423342], [-75.488789, 6.423768], [-75.488403, 6.424423], [-75.487981, 6.424743], [-75.487236, 6.425102], [-75.48827, 6.424505], [-75.488422, 6.424287], [-75.488546, 6.42379], [-75.48914, 6.423342]]], [[[-75.487235, 6.391304], [-75.487142, 6.391246], [-75.487117, 6.391203], [-75.487235, 6.391304]]], [[[-75.488356, 6.405571], [-75.488098, 6.405176], [-75.487885, 6.405094], [-75.487294, 6.405606], [-75.487405, 6.405295], [-75.487939, 6.404973], [-75.48808, 6.404793], [-75.488356, 6.405571]]], [[[-75.488623, 6.394325], [-75.488598, 6.394524], [-75.488514, 6.394624], [-75.488546, 6.394349], [-75.488275, 6.39377], [-75.488218, 6.393142], [-75.48794, 6.392809], [-75.488289, 6.392935], [-75.488328, 6.393774], [-75.488623, 6.394325]]], [[[-75.488607, 6.403993], [-75.488476, 6.404298], [-75.488406, 6.40433], [-75.488607, 6.403993]]], [[[-75.488693, 6.40692], [-75.488432, 6.406399], [-75.48843, 6.406209], [-75.488693, 6.40692]]], [[[-75.488605, 6.395272], [-75.488477, 6.395736], [-75.488542, 6.395143], [-75.488605, 6.395272]]], [[[-75.488758, 6.403019], [-75.488668, 6.403607], [-75.48864, 6.403655], [-75.488633, 6.40337], [-75.488758, 6.403019]]], [[[-75.491233, 6.421639], [-75.490952, 6.421001], [-75.490979, 6.420537], [-75.490821, 6.419569], [-75.490389, 6.418696], [-75.490414, 6.41822], [-75.490199, 6.417767], [-75.490049, 6.416718], [-75.489755, 6.416246], [-75.489176, 6.415658], [-75.489816, 6.416164], [-75.490196, 6.41688], [-75.490314, 6.417773], [-75.490471, 6.418082], [-75.490496, 6.418544], [-75.490982, 6.419812], [-75.491233, 6.421639]]], [[[-75.489, 6.415385], [-75.488882, 6.4152], [-75.48879, 6.414293], [-75.488843, 6.414014], [-75.489, 6.415385]]], [[[-75.489363, 6.396731], [-75.48937, 6.397132], [-75.489149, 6.39668], [-75.488825, 6.396456], [-75.489363, 6.396731]]], [[[-75.488844, 6.413543], [-75.488769, 6.413366], [-75.488768, 6.413274], [-75.488874, 6.413426], [-75.488844, 6.413543]]], [[[-75.489037, 6.411699], [-75.489078, 6.412533], [-75.488855, 6.413023], [-75.489018, 6.412409], [-75.489037, 6.411699]]], [[[-75.489155, 6.401575], [-75.489024, 6.402139], [-75.488865, 6.402304], [-75.489155, 6.401575]]], [[[-75.489242, 6.398483], [-75.489142, 6.398782], [-75.489113, 6.398816], [-75.489107, 6.398513], [-75.489237, 6.398323], [-75.489246, 6.398142], [-75.489242, 6.398483]]], [[[-75.489392, 6.400892], [-75.489292, 6.400996], [-75.489421, 6.400543], [-75.489152, 6.399183], [-75.489465, 6.400522], [-75.489392, 6.400892]]], [[[-75.49113, 6.422167], [-75.490962, 6.422464], [-75.49076, 6.422591], [-75.490995, 6.422252], [-75.49113, 6.422167]]], [[[-75.490412, 6.422787], [-75.489966, 6.422963], [-75.489598, 6.423039], [-75.490016, 6.422869], [-75.490412, 6.422787]]]]}, "properties": {"clase": 3, "area_ha": 403.711978228795}}]}