{"type": "FeatureCollection", "name": "caida_rocas", "crs": {"type": "name", "properties": {"name": "urn:ogc:def:crs:OGC:1.3:CRS84"}}, "features": [{"type": "Feature", "geometry": {"type": "MultiPolygon", "coordinates": [[[[-75.406371, 6.372718], [-75.405963, 6.373035], [-75.405864, 6.372992], [-75.405914, 6.372822], [-75.406116, 6.372653], [-75.406371, 6.372718]]], [[[-75.406095, 6.374772], [-75.406078, 6.375382], [-75.406039, 6.375427], [-75.405868, 6.37512], [-75.406095, 6.374772]]], [[[-75.406312, 6.373342], [-75.406198, 6.373325], [-75.406136, 6.373178], [-75.406234, 6.373163], [-75.406312, 6.373342]]], [[[-75.406384, 6.376935], [-75.4063, 6.376814], [-75.406391, 6.376724], [-75.406417, 6.376834], [-75.406384, 6.376935]]], [[[-75.406469, 6.375593], [-75.406402, 6.375612], [-75.406345, 6.375474], [-75.406444, 6.375025], [-75.406469, 6.375593]]], [[[-75.407506, 6.37431], [-75.407338, 6.374571], [-75.407315, 6.374849], [-75.407037, 6.374971], [-75.406952, 6.374937], [-75.407008, 6.374768], [-75.407218, 6.37474], [-75.407242, 6.374571], [-75.406566, 6.374481], [-75.406896, 6.374164], [-75.407169, 6.374268], [-75.407442, 6.374198], [-75.407506, 6.37431]]], [[[-75.406727, 6.376928], [-75.406661, 6.376843], [-75.406723, 6.376708], [-75.406778, 6.37682], [-75.406727, 6.376928]]], [[[-75.407184, 6.378062], [-75.407057, 6.378062], [-75.407183, 6.377985], [-75.407184, 6.378062]]], [[[-75.408704, 6.37122], [-75.407977, 6.371344], [-75.407625, 6.371079], [-75.407912, 6.370877], [-75.408371, 6.371107], [-75.408868, 6.370865], [-75.408998, 6.370892], [-75.408981, 6.371066], [-75.408704, 6.37122]]], [[[-75.407827, 6.37147], [-75.407731, 6.371517], [-75.407614, 6.371459], [-75.407776, 6.371437], [-75.407827, 6.37147]]], [[[-75.408711, 6.386419], [-75.408691, 6.386768], [-75.408646, 6.386803], [-75.408622, 6.386599], [-75.408711, 6.386419]]], [[[-75.409149, 6.378556], [-75.408923, 6.379056], [-75.408694, 6.378919], [-75.408749, 6.378727], [-75.409149, 6.378556]]], [[[-75.408958, 6.37162], [-75.408781, 6.37169], [-75.408671, 6.37164], [-75.408764, 6.371544], [-75.408958, 6.37162]]], [[[-75.409061, 6.370467], [-75.408967, 6.370393], [-75.409127, 6.370169], [-75.409145, 6.370365], [-75.409061, 6.370467]]], [[[-75.409027, 6.387072], [-75.408997, 6.386954], [-75.409013, 6.386912], [-75.409073, 6.386973], [-75.409027, 6.387072]]], [[[-75.40924, 6.379391], [-75.409238, 6.379318], [-75.409322, 6.379374], [-75.40924, 6.379391]]], [[[-75.410219, 6.38377], [-75.410021, 6.383716], [-75.410316, 6.383528], [-75.410317, 6.38371], [-75.410219, 6.38377]]], [[[-75.410234, 6.385419], [-75.410299, 6.385313], [-75.410327, 6.385309], [-75.410234, 6.385419]]], [[[-75.41027, 6.388737], [-75.410135, 6.388734], [-75.410244, 6.388672], [-75.41027, 6.388737]]], [[[-75.412151, 6.3866], [-75.411339, 6.386913], [-75.411201, 6.386641], [-75.410818, 6.386306], [-75.410878, 6.386043], [-75.41118, 6.386034], [-75.41127, 6.385819], [-75.410669, 6.38529], [-75.410604, 6.385098], [-75.410696, 6.38492], [-75.410843, 6.384923], [-75.410911, 6.385201], [-75.411158, 6.385284], [-75.411246, 6.385483], [-75.41147, 6.385435], [-75.411603, 6.386079], [-75.411775, 6.385881], [-75.411814, 6.38624], [-75.411573, 6.386384], [-75.411584, 6.386486], [-75.411952, 6.386523], [-75.41222, 6.386086], [-75.412247, 6.38639], [-75.412151, 6.3866]]], [[[-75.410349, 6.384986], [-75.410255, 6.38486], [-75.410415, 6.38463], [-75.410433, 6.384884], [-75.410349, 6.384986]]], [[[-75.41106, 6.388592], [-75.410985, 6.388857], [-75.411039, 6.388964], [-75.410761, 6.388828], [-75.410576, 6.388896], [-75.410929, 6.388505], [-75.41106, 6.388592]]], [[[-75.411776, 6.382892], [-75.411572, 6.383164], [-75.411041, 6.383146], [-75.411229, 6.382829], [-75.410904, 6.382672], [-75.410852, 6.382415], [-75.41063, 6.382278], [-75.410649, 6.382106], [-75.410759, 6.38208], [-75.410917, 6.382313], [-75.411176, 6.382384], [-75.411294, 6.382611], [-75.411755, 6.382679], [-75.411776, 6.382892]]], [[[-75.410911, 6.38449], [-75.410683, 6.384476], [-75.410663, 6.384412], [-75.410749, 6.384287], [-75.411003, 6.384212], [-75.411063, 6.384371], [-75.410911, 6.38449]]], [[[-75.411535, 6.373091], [-75.411468, 6.373218], [-75.411336, 6.373219], [-75.411468, 6.373021], [-75.411535, 6.373091]]], [[[-75.411534, 6.380618], [-75.411416, 6.380675], [-75.411416, 6.380619], [-75.411534, 6.380618]]], [[[-75.41161, 6.377364], [-75.41152, 6.377273], [-75.411651, 6.377137], [-75.411694, 6.377313], [-75.41161, 6.377364]]], [[[-75.41165, 6.383658], [-75.411759, 6.383319], [-75.412108, 6.383266], [-75.412258, 6.383367], [-75.412308, 6.383604], [-75.412196, 6.383774], [-75.411778, 6.383784], [-75.41165, 6.383658]]], [[[-75.411778, 6.372823], [-75.411653, 6.372836], [-75.411654, 6.372714], [-75.411778, 6.372823]]], [[[-75.412172, 6.372569], [-75.41221, 6.37292], [-75.412162, 6.372969], [-75.412003, 6.372771], [-75.412172, 6.372569]]], [[[-75.412413, 6.384418], [-75.41216, 6.384531], [-75.411956, 6.384464], [-75.412231, 6.38417], [-75.412407, 6.384237], [-75.412413, 6.384418]]], [[[-75.412175, 6.391384], [-75.41209, 6.391308], [-75.41214, 6.391223], [-75.412225, 6.391289], [-75.412175, 6.391384]]], [[[-75.412049, 6.374083], [-75.412088, 6.374019], [-75.412188, 6.374087], [-75.412049, 6.374083]]], [[[-75.41235, 6.387768], [-75.412223, 6.387735], [-75.412209, 6.387713], [-75.41242, 6.387644], [-75.41235, 6.387768]]], [[[-75.412995, 6.372479], [-75.41288, 6.372402], [-75.412961, 6.372367], [-75.412995, 6.372479]]], [[[-75.412608, 6.372524], [-75.41253, 6.372541], [-75.412678, 6.372447], [-75.412608, 6.372524]]], [[[-75.413299, 6.385255], [-75.41322, 6.385332], [-75.412912, 6.385315], [-75.413194, 6.385239], [-75.413299, 6.385255]]], [[[-75.412892, 6.384135], [-75.413002, 6.384158], [-75.413009, 6.384419], [-75.412833, 6.384239], [-75.412892, 6.384135]]], [[[-75.415507, 6.372564], [-75.415343, 6.37304], [-75.415349, 6.373807], [-75.415174, 6.37404], [-75.415238, 6.374317], [-75.41505, 6.374465], [-75.414688, 6.37432], [-75.414397, 6.374376], [-75.414111, 6.374132], [-75.41408, 6.373874], [-75.414687, 6.373031], [-75.414674, 6.372737], [-75.414286, 6.372372], [-75.413979, 6.372446], [-75.413622, 6.372719], [-75.413467, 6.372358], [-75.413845, 6.371966], [-75.414147, 6.371891], [-75.414575, 6.371384], [-75.414638, 6.371194], [-75.414801, 6.371424], [-75.415166, 6.371661], [-75.415272, 6.372235], [-75.415507, 6.372564]], [[-75.414792, 6.373923], [-75.414694, 6.373915], [-75.414666, 6.373994], [-75.414779, 6.374056], [-75.414792, 6.373923]]], [[[-75.413345, 6.372815], [-75.413189, 6.372662], [-75.413357, 6.372499], [-75.413345, 6.372815]]], [[[-75.413349, 6.373122], [-75.413256, 6.37323], [-75.413138, 6.373169], [-75.413297, 6.373077], [-75.413349, 6.373122]]], [[[-75.415023, 6.371159], [-75.414921, 6.371092], [-75.414997, 6.371066], [-75.415023, 6.371159]]], [[[-75.416205, 6.383566], [-75.416104, 6.383637], [-75.416011, 6.383587], [-75.415895, 6.383054], [-75.41554, 6.383257], [-75.415579, 6.383382], [-75.415724, 6.383365], [-75.415759, 6.383565], [-75.415729, 6.383882], [-75.415574, 6.38402], [-75.415346, 6.384037], [-75.414983, 6.384213], [-75.414841, 6.384099], [-75.414832, 6.383851], [-75.414359, 6.383747], [-75.414771, 6.383185], [-75.414558, 6.382763], [-75.414736, 6.382804], [-75.415074, 6.382634], [-75.415323, 6.382722], [-75.415973, 6.382304], [-75.416132, 6.38249], [-75.416051, 6.382786], [-75.416184, 6.382992], [-75.416205, 6.383566]], [[-75.415495, 6.38295], [-75.415322, 6.382852], [-75.415077, 6.382946], [-75.414867, 6.3835], [-75.415025, 6.383799], [-75.415265, 6.383874], [-75.415414, 6.383798], [-75.415416, 6.383711], [-75.415189, 6.383545], [-75.415495, 6.38295]]], [[[-75.414179, 6.382668], [-75.413888, 6.38261], [-75.413955, 6.382301], [-75.413481, 6.382194], [-75.413504, 6.382095], [-75.413772, 6.381913], [-75.414341, 6.382019], [-75.414228, 6.382253], [-75.414399, 6.3826], [-75.414179, 6.382668]]], [[[-75.413285, 6.381825], [-75.41348, 6.381711], [-75.413581, 6.381745], [-75.413523, 6.381846], [-75.413285, 6.381825]]], [[[-75.414013, 6.379723], [-75.413864, 6.379797], [-75.413832, 6.379628], [-75.41356, 6.379564], [-75.413531, 6.379428], [-75.41364, 6.37919], [-75.413763, 6.379233], [-75.413853, 6.379473], [-75.414057, 6.379554], [-75.414013, 6.379723]]], [[[-75.413473, 6.349465], [-75.413535, 6.349527], [-75.413448, 6.349516], [-75.413473, 6.349465]]], [[[-75.413832, 6.39187], [-75.413833, 6.391972], [-75.413757, 6.391972], [-75.413832, 6.39187]]], [[[-75.414118, 6.391249], [-75.414009, 6.391376], [-75.413863, 6.391621], [-75.413982, 6.391288], [-75.414118, 6.391249]]], [[[-75.414592, 6.370415], [-75.414198, 6.37009], [-75.413849, 6.37006], [-75.413893, 6.369898], [-75.414236, 6.369575], [-75.414317, 6.369799], [-75.414509, 6.369905], [-75.414649, 6.370189], [-75.414592, 6.370415]]], [[[-75.414094, 6.386557], [-75.414192, 6.386557], [-75.414235, 6.386557], [-75.414105, 6.386627], [-75.414094, 6.386557]]], [[[-75.414079, 6.374948], [-75.414149, 6.375021], [-75.413999, 6.375008], [-75.414079, 6.374948]]], [[[-75.414251, 6.391859], [-75.414346, 6.391859], [-75.414364, 6.391988], [-75.41426, 6.391985], [-75.414251, 6.391859]]], [[[-75.415944, 6.379703], [-75.415661, 6.379873], [-75.415471, 6.380072], [-75.415096, 6.380062], [-75.415087, 6.379958], [-75.4154, 6.379629], [-75.41542, 6.379476], [-75.415064, 6.37943], [-75.414769, 6.379636], [-75.414618, 6.379434], [-75.41463, 6.379318], [-75.414981, 6.378913], [-75.415399, 6.37899], [-75.415575, 6.379256], [-75.41594, 6.379339], [-75.415944, 6.379703]]], [[[-75.415208, 6.385623], [-75.414934, 6.385948], [-75.414844, 6.385884], [-75.414832, 6.385715], [-75.414683, 6.385636], [-75.414947, 6.385608], [-75.415288, 6.385361], [-75.415208, 6.385623]]], [[[-75.414939, 6.390546], [-75.414804, 6.390548], [-75.414772, 6.390444], [-75.414987, 6.390079], [-75.415023, 6.390359], [-75.414939, 6.390546]]], [[[-75.417658, 6.393459], [-75.417513, 6.393334], [-75.417742, 6.393356], [-75.417658, 6.393459]]], [[[-75.417035, 6.393379], [-75.416447, 6.393601], [-75.416209, 6.393537], [-75.416157, 6.393315], [-75.416331, 6.393006], [-75.416214, 6.392747], [-75.415846, 6.392417], [-75.415014, 6.39192], [-75.415149, 6.391444], [-75.415036, 6.391151], [-75.415203, 6.390846], [-75.415327, 6.390213], [-75.415478, 6.390973], [-75.415571, 6.390963], [-75.415789, 6.390684], [-75.415874, 6.391006], [-75.41602, 6.391137], [-75.415995, 6.391232], [-75.415773, 6.391341], [-75.41555, 6.391202], [-75.415512, 6.391603], [-75.415741, 6.391627], [-75.415731, 6.391923], [-75.416094, 6.392252], [-75.416662, 6.392131], [-75.416786, 6.392657], [-75.417242, 6.392835], [-75.417208, 6.393193], [-75.417035, 6.393379]]], [[[-75.414871, 6.370781], [-75.414925, 6.37064], [-75.415095, 6.37078], [-75.414973, 6.370865], [-75.414871, 6.370781]]], [[[-75.415534, 6.38457], [-75.415109, 6.384605], [-75.414997, 6.384583], [-75.415416, 6.384282], [-75.415534, 6.38457]]], [[[-75.415369, 6.377464], [-75.415156, 6.37722], [-75.415254, 6.377072], [-75.415471, 6.377154], [-75.415562, 6.377291], [-75.415517, 6.377508], [-75.415369, 6.377464]]], [[[-75.415461, 6.377737], [-75.415359, 6.377853], [-75.415207, 6.377758], [-75.41532, 6.37765], [-75.415461, 6.377737]]], [[[-75.415408, 6.375621], [-75.415462, 6.375537], [-75.415524, 6.375604], [-75.415492, 6.375655], [-75.415408, 6.375621]]], [[[-75.415822, 6.38866], [-75.415653, 6.388691], [-75.415654, 6.388551], [-75.415755, 6.388533], [-75.415822, 6.38866]]], [[[-75.415697, 6.37193], [-75.415614, 6.371819], [-75.415722, 6.371676], [-75.415747, 6.371828], [-75.415697, 6.37193]]], [[[-75.41606, 6.386921], [-75.415758, 6.386922], [-75.415758, 6.386809], [-75.416036, 6.386808], [-75.41606, 6.386921]]], [[[-75.416035, 6.37857], [-75.415874, 6.378453], [-75.41617, 6.37805], [-75.416162, 6.378484], [-75.416035, 6.37857]]], [[[-75.41651, 6.380465], [-75.416208, 6.380787], [-75.416006, 6.380806], [-75.41589, 6.380696], [-75.41597, 6.380315], [-75.416313, 6.380042], [-75.41646, 6.380042], [-75.416588, 6.380176], [-75.41651, 6.380465]]], [[[-75.416073, 6.371764], [-75.416076, 6.371629], [-75.416139, 6.371738], [-75.416073, 6.371764]]], [[[-75.416409, 6.387229], [-75.416153, 6.387309], [-75.416093, 6.38726], [-75.416409, 6.387229]]], [[[-75.417735, 6.390569], [-75.417677, 6.391053], [-75.417212, 6.391256], [-75.416807, 6.391266], [-75.416822, 6.390994], [-75.41658, 6.3909], [-75.416716, 6.390735], [-75.416747, 6.390501], [-75.417055, 6.390204], [-75.416881, 6.389968], [-75.416995, 6.389872], [-75.417266, 6.389898], [-75.417348, 6.390139], [-75.417657, 6.390291], [-75.417735, 6.390569]], [[-75.417479, 6.390598], [-75.417351, 6.390535], [-75.41704, 6.390716], [-75.417009, 6.390847], [-75.417281, 6.390829], [-75.417479, 6.390598]]], [[[-75.416949, 6.389632], [-75.416875, 6.389616], [-75.416878, 6.389585], [-75.416949, 6.389632]]], [[[-75.417192, 6.38728], [-75.417301, 6.387053], [-75.417449, 6.387332], [-75.417299, 6.387401], [-75.417192, 6.38728]]], [[[-75.417044, 6.387039], [-75.416953, 6.386936], [-75.417113, 6.3865], [-75.417128, 6.386838], [-75.417044, 6.387039]]], [[[-75.41765, 6.365281], [-75.417565, 6.365744], [-75.41737, 6.365734], [-75.417386, 6.365549], [-75.417537, 6.365345], [-75.41765, 6.365281]]], [[[-75.417857, 6.385599], [-75.417648, 6.386021], [-75.417476, 6.386001], [-75.417601, 6.385786], [-75.417857, 6.385599]]], [[[-75.417937, 6.386311], [-75.417626, 6.386288], [-75.417936, 6.386169], [-75.418095, 6.385979], [-75.41809, 6.386233], [-75.417937, 6.386311]]], [[[-75.417581, 6.360828], [-75.417711, 6.360672], [-75.417892, 6.360784], [-75.417823, 6.360832], [-75.417581, 6.360828]]], [[[-75.418117, 6.388878], [-75.418005, 6.389132], [-75.417885, 6.388633], [-75.418071, 6.388711], [-75.418117, 6.388878]]], [[[-75.419666, 6.362497], [-75.419536, 6.36266], [-75.419446, 6.36251], [-75.419347, 6.362498], [-75.419195, 6.363002], [-75.418925, 6.362948], [-75.417862, 6.361756], [-75.41783, 6.361539], [-75.418155, 6.361253], [-75.41889, 6.361475], [-75.418712, 6.361045], [-75.418788, 6.360856], [-75.419002, 6.360714], [-75.419061, 6.361014], [-75.419567, 6.361371], [-75.419672, 6.361575], [-75.419666, 6.362497]]], [[[-75.418407, 6.360065], [-75.418537, 6.359829], [-75.418577, 6.359826], [-75.418551, 6.35997], [-75.418407, 6.360065]]], [[[-75.418032, 6.359921], [-75.418141, 6.359692], [-75.418206, 6.359666], [-75.418206, 6.359917], [-75.418032, 6.359921]]], [[[-75.420571, 6.360587], [-75.419865, 6.360318], [-75.419826, 6.359913], [-75.419529, 6.360073], [-75.418925, 6.360052], [-75.418799, 6.359923], [-75.418837, 6.359708], [-75.418514, 6.359566], [-75.418913, 6.359424], [-75.419512, 6.359572], [-75.419959, 6.359319], [-75.420192, 6.359957], [-75.420729, 6.36048], [-75.420718, 6.360573], [-75.420571, 6.360587]]], [[[-75.418968, 6.360268], [-75.419131, 6.360332], [-75.419138, 6.360359], [-75.418991, 6.360346], [-75.418968, 6.360268]]], [[[-75.419237, 6.384138], [-75.419106, 6.384047], [-75.419153, 6.383919], [-75.41928, 6.38408], [-75.419237, 6.384138]]], [[[-75.418785, 6.384438], [-75.418709, 6.384396], [-75.418708, 6.384338], [-75.418818, 6.384362], [-75.418785, 6.384438]]], [[[-75.418903, 6.38736], [-75.41902, 6.387317], [-75.419211, 6.387375], [-75.418988, 6.387393], [-75.418903, 6.38736]]], [[[-75.418905, 6.377383], [-75.418865, 6.377306], [-75.418921, 6.377221], [-75.418938, 6.377332], [-75.418905, 6.377383]]], [[[-75.419719, 6.389605], [-75.419652, 6.389814], [-75.419312, 6.389531], [-75.419532, 6.38947], [-75.419719, 6.389605]]], [[[-75.418972, 6.389339], [-75.419091, 6.389362], [-75.419143, 6.389471], [-75.419015, 6.389477], [-75.418972, 6.389339]]], [[[-75.419127, 6.372558], [-75.419207, 6.372309], [-75.419419, 6.372256], [-75.419526, 6.372315], [-75.419473, 6.372584], [-75.419127, 6.372558]]], [[[-75.419087, 6.372254], [-75.418915, 6.372163], [-75.419134, 6.372019], [-75.419188, 6.372152], [-75.419087, 6.372254]]], [[[-75.419797, 6.357728], [-75.419859, 6.35811], [-75.419719, 6.358297], [-75.419578, 6.35826], [-75.419595, 6.357822], [-75.41933, 6.357969], [-75.419251, 6.358179], [-75.419191, 6.35816], [-75.419291, 6.357956], [-75.419513, 6.35773], [-75.419797, 6.357728]]], [[[-75.41963, 6.385161], [-75.419552, 6.385039], [-75.41968, 6.384858], [-75.419698, 6.385082], [-75.41963, 6.385161]]], [[[-75.420283, 6.361188], [-75.419707, 6.360956], [-75.419436, 6.360678], [-75.419782, 6.360737], [-75.419943, 6.360927], [-75.420251, 6.361019], [-75.420283, 6.361188]]], [[[-75.419519, 6.357421], [-75.419477, 6.357365], [-75.419522, 6.357282], [-75.419519, 6.357421]]], [[[-75.419557, 6.356659], [-75.419491, 6.356518], [-75.419575, 6.356377], [-75.419607, 6.356574], [-75.419557, 6.356659]]], [[[-75.419746, 6.383885], [-75.419896, 6.383947], [-75.419711, 6.383919], [-75.419746, 6.383885]]], [[[-75.419819, 6.354891], [-75.419692, 6.354801], [-75.41987, 6.354588], [-75.419902, 6.354755], [-75.419819, 6.354891]]], [[[-75.423348, 6.373239], [-75.423293, 6.373723], [-75.422679, 6.373988], [-75.422802, 6.374349], [-75.422792, 6.374657], [-75.422546, 6.374654], [-75.422311, 6.3751], [-75.422101, 6.375141], [-75.421877, 6.374843], [-75.421457, 6.374757], [-75.421895, 6.374299], [-75.422032, 6.373976], [-75.422243, 6.373901], [-75.422266, 6.373756], [-75.422073, 6.373708], [-75.421883, 6.373816], [-75.421657, 6.373761], [-75.421181, 6.373204], [-75.420796, 6.37313], [-75.420613, 6.372855], [-75.420225, 6.372548], [-75.420488, 6.37229], [-75.420789, 6.372357], [-75.420834, 6.372217], [-75.420958, 6.372183], [-75.421325, 6.372273], [-75.421794, 6.372002], [-75.421933, 6.37221], [-75.422262, 6.372363], [-75.422413, 6.372289], [-75.422507, 6.372527], [-75.422787, 6.372286], [-75.422888, 6.372295], [-75.423151, 6.372564], [-75.423348, 6.373239]], [[-75.421272, 6.372505], [-75.42096, 6.37241], [-75.420871, 6.372579], [-75.421326, 6.372884], [-75.421388, 6.372723], [-75.421272, 6.372505]], [[-75.421635, 6.373079], [-75.421575, 6.373023], [-75.421442, 6.37308], [-75.421526, 6.373165], [-75.421635, 6.373079]]], [[[-75.420002, 6.37279], [-75.419946, 6.372995], [-75.419806, 6.37264], [-75.419935, 6.372655], [-75.420002, 6.37279]]], [[[-75.419841, 6.358945], [-75.419781, 6.35882], [-75.419873, 6.358591], [-75.419891, 6.358842], [-75.419841, 6.358945]]], [[[-75.420011, 6.357092], [-75.419945, 6.35694], [-75.420029, 6.356827], [-75.420061, 6.357024], [-75.420011, 6.357092]]], [[[-75.420535, 6.380814], [-75.420433, 6.380664], [-75.420543, 6.380473], [-75.420608, 6.380686], [-75.420535, 6.380814]]], [[[-75.420204, 6.380738], [-75.420118, 6.380657], [-75.42023, 6.380516], [-75.420272, 6.380654], [-75.420204, 6.380738]]], [[[-75.420929, 6.383996], [-75.420561, 6.38405], [-75.420358, 6.383945], [-75.420444, 6.383814], [-75.420621, 6.38377], [-75.420934, 6.383908], [-75.420929, 6.383996]]], [[[-75.421522, 6.356567], [-75.421349, 6.356739], [-75.420629, 6.356905], [-75.42064, 6.357151], [-75.420262, 6.35719], [-75.420306, 6.357073], [-75.420664, 6.356805], [-75.420807, 6.356484], [-75.421145, 6.356256], [-75.421374, 6.356293], [-75.421522, 6.356567]]], [[[-75.420822, 6.369445], [-75.420737, 6.369371], [-75.420855, 6.369255], [-75.420889, 6.369394], [-75.420822, 6.369445]]], [[[-75.421394, 6.379442], [-75.421078, 6.379417], [-75.421033, 6.379198], [-75.420776, 6.379091], [-75.420766, 6.37901], [-75.421397, 6.379234], [-75.421512, 6.37937], [-75.421394, 6.379442]]], [[[-75.42124, 6.368649], [-75.421174, 6.368598], [-75.421216, 6.368502], [-75.421291, 6.368581], [-75.42124, 6.368649]]], [[[-75.421178, 6.369395], [-75.421178, 6.369457], [-75.421167, 6.369457], [-75.421178, 6.369395]]], [[[-75.421745, 6.369014], [-75.421628, 6.369003], [-75.42167, 6.368915], [-75.421745, 6.369014]]], [[[-75.422065, 6.37786], [-75.421963, 6.377709], [-75.422114, 6.377478], [-75.422149, 6.377758], [-75.422065, 6.37786]]], [[[-75.422207, 6.383408], [-75.421995, 6.383389], [-75.422206, 6.383303], [-75.422207, 6.383408]]], [[[-75.422386, 6.366851], [-75.422055, 6.366848], [-75.422013, 6.366784], [-75.422148, 6.366683], [-75.422393, 6.366713], [-75.422386, 6.366851]]], [[[-75.422058, 6.353531], [-75.421928, 6.353511], [-75.421984, 6.35337], [-75.422091, 6.353446], [-75.422058, 6.353531]]], [[[-75.421957, 6.353175], [-75.422025, 6.353103], [-75.422026, 6.353205], [-75.421957, 6.353175]]], [[[-75.429372, 6.367385], [-75.428963, 6.367319], [-75.428672, 6.367464], [-75.428521, 6.367967], [-75.428325, 6.368059], [-75.428261, 6.368202], [-75.428235, 6.367979], [-75.428362, 6.367937], [-75.428415, 6.367795], [-75.428122, 6.367319], [-75.428032, 6.367516], [-75.427967, 6.368221], [-75.427002, 6.368134], [-75.426813, 6.368442], [-75.426333, 6.368207], [-75.426276, 6.368747], [-75.426339, 6.369024], [-75.426483, 6.369109], [-75.426808, 6.36911], [-75.426897, 6.369656], [-75.427025, 6.369845], [-75.427608, 6.369987], [-75.427616, 6.370333], [-75.427424, 6.370626], [-75.427113, 6.370656], [-75.426925, 6.370435], [-75.426611, 6.370392], [-75.426344, 6.370128], [-75.42646, 6.369541], [-75.426379, 6.369307], [-75.426125, 6.369055], [-75.425811, 6.368901], [-75.425965, 6.368681], [-75.425782, 6.368402], [-75.425531, 6.368202], [-75.425179, 6.368134], [-75.425411, 6.367676], [-75.425389, 6.367222], [-75.424797, 6.366511], [-75.424668, 6.366822], [-75.424515, 6.366805], [-75.424665, 6.36622], [-75.424419, 6.365755], [-75.424143, 6.365657], [-75.424309, 6.365602], [-75.42449, 6.365681], [-75.425179, 6.366292], [-75.425616, 6.366152], [-75.425958, 6.366192], [-75.426501, 6.365883], [-75.426562, 6.366304], [-75.427003, 6.36672], [-75.427603, 6.366912], [-75.428174, 6.36684], [-75.428786, 6.367107], [-75.429189, 6.366996], [-75.429446, 6.367283], [-75.429372, 6.367385]]], [[[-75.425302, 6.369573], [-75.425865, 6.370398], [-75.426324, 6.37071], [-75.42641, 6.371009], [-75.425885, 6.370893], [-75.425522, 6.37122], [-75.425438, 6.371425], [-75.425252, 6.371496], [-75.425161, 6.371799], [-75.425039, 6.37184], [-75.424901, 6.371732], [-75.424818, 6.371509], [-75.42434, 6.371344], [-75.424167, 6.370803], [-75.423578, 6.370609], [-75.423517, 6.370321], [-75.423855, 6.370215], [-75.423562, 6.370091], [-75.423654, 6.36981], [-75.423398, 6.369447], [-75.423148, 6.369291], [-75.42293, 6.369286], [-75.42281, 6.369346], [-75.422777, 6.369602], [-75.422388, 6.369646], [-75.422258, 6.369367], [-75.422019, 6.369182], [-75.42233, 6.36913], [-75.422645, 6.369312], [-75.423042, 6.369042], [-75.423234, 6.369034], [-75.42333, 6.36922], [-75.423628, 6.36923], [-75.423706, 6.369486], [-75.423964, 6.369494], [-75.424148, 6.369813], [-75.424364, 6.36992], [-75.424582, 6.369852], [-75.424931, 6.369496], [-75.424962, 6.369282], [-75.424876, 6.369038], [-75.425068, 6.368899], [-75.425369, 6.369194], [-75.425302, 6.369573]], [[-75.424902, 6.369981], [-75.424853, 6.369885], [-75.424776, 6.369864], [-75.424837, 6.370073], [-75.424902, 6.369981]]], [[[-75.422593, 6.379739], [-75.422278, 6.379504], [-75.422275, 6.379426], [-75.422462, 6.379516], [-75.422593, 6.379739]]], [[[-75.422777, 6.367204], [-75.422442, 6.367252], [-75.422314, 6.367203], [-75.422582, 6.367097], [-75.422751, 6.367121], [-75.422777, 6.367204]]], [[[-75.422445, 6.378191], [-75.42236, 6.378075], [-75.422477, 6.377883], [-75.422512, 6.378106], [-75.422445, 6.378191]]], [[[-75.422668, 6.380351], [-75.422619, 6.380484], [-75.422528, 6.380493], [-75.422587, 6.380179], [-75.422668, 6.380351]]], [[[-75.422974, 6.321815], [-75.422714, 6.321816], [-75.42255, 6.321614], [-75.422817, 6.321646], [-75.422974, 6.321815]]], [[[-75.422748, 6.367624], [-75.42274, 6.367529], [-75.422892, 6.3675], [-75.423231, 6.367594], [-75.423063, 6.367707], [-75.422748, 6.367624]]], [[[-75.422933, 6.378601], [-75.422842, 6.378553], [-75.422825, 6.378477], [-75.422954, 6.378493], [-75.422933, 6.378601]]], [[[-75.423358, 6.382478], [-75.423205, 6.382532], [-75.423137, 6.382508], [-75.423358, 6.382478]]], [[[-75.423639, 6.356802], [-75.423327, 6.356605], [-75.423271, 6.356087], [-75.423002, 6.355552], [-75.423036, 6.355389], [-75.423216, 6.355452], [-75.423511, 6.355868], [-75.423666, 6.355654], [-75.423775, 6.355929], [-75.423983, 6.356134], [-75.424001, 6.356694], [-75.423856, 6.356837], [-75.423639, 6.356802]]], [[[-75.42318, 6.320929], [-75.423155, 6.321291], [-75.423038, 6.321385], [-75.42318, 6.320929]]], [[[-75.424025, 6.374433], [-75.423322, 6.374301], [-75.423315, 6.374092], [-75.423534, 6.374015], [-75.423701, 6.3742], [-75.424076, 6.374343], [-75.424025, 6.374433]]], [[[-75.426233, 6.381026], [-75.426239, 6.381405], [-75.426123, 6.381482], [-75.425648, 6.381346], [-75.425514, 6.381406], [-75.425313, 6.381339], [-75.424987, 6.381442], [-75.424495, 6.381265], [-75.423992, 6.381236], [-75.423381, 6.380325], [-75.42389, 6.380728], [-75.424076, 6.380746], [-75.424528, 6.381003], [-75.425302, 6.380359], [-75.425469, 6.380323], [-75.425562, 6.380449], [-75.42585, 6.380491], [-75.425905, 6.380662], [-75.426233, 6.381026]]], [[[-75.424012, 6.369013], [-75.423826, 6.368862], [-75.423971, 6.368764], [-75.424082, 6.368897], [-75.424012, 6.369013]]], [[[-75.424029, 6.333008], [-75.423989, 6.332898], [-75.424045, 6.332756], [-75.424063, 6.332924], [-75.424029, 6.333008]]], [[[-75.424299, 6.365329], [-75.424254, 6.365283], [-75.424366, 6.365196], [-75.424299, 6.365329]]], [[[-75.425353, 6.358881], [-75.42492, 6.358418], [-75.424783, 6.35841], [-75.425084, 6.357984], [-75.424907, 6.357658], [-75.424941, 6.35759], [-75.425457, 6.358036], [-75.425611, 6.35878], [-75.42576, 6.358723], [-75.425939, 6.358376], [-75.426113, 6.358307], [-75.426164, 6.358383], [-75.426145, 6.358572], [-75.42603, 6.358564], [-75.425601, 6.358899], [-75.425353, 6.358881]]], [[[-75.424681, 6.358553], [-75.424679, 6.358626], [-75.424665, 6.358657], [-75.424614, 6.358586], [-75.424681, 6.358553]]], [[[-75.424337, 6.367967], [-75.424413, 6.367899], [-75.424498, 6.367983], [-75.424387, 6.368018], [-75.424337, 6.367967]]], [[[-75.42434, 6.324421], [-75.424217, 6.32427], [-75.424306, 6.324054], [-75.424516, 6.324246], [-75.424439, 6.32442], [-75.42434, 6.324421]]], [[[-75.424371, 6.322609], [-75.424303, 6.322498], [-75.424386, 6.322357], [-75.424421, 6.322524], [-75.424371, 6.322609]]], [[[-75.424712, 6.356971], [-75.42465, 6.357014], [-75.424711, 6.35692], [-75.424712, 6.356971]]], [[[-75.425263, 6.3737], [-75.424826, 6.373663], [-75.424886, 6.373406], [-75.425062, 6.373406], [-75.425236, 6.373569], [-75.425263, 6.3737]]], [[[-75.425135, 6.373044], [-75.424905, 6.37297], [-75.42514, 6.372764], [-75.425266, 6.372913], [-75.425135, 6.373044]]], [[[-75.42582, 6.361985], [-75.425694, 6.362307], [-75.425353, 6.362556], [-75.425005, 6.362095], [-75.425075, 6.361445], [-75.425283, 6.361432], [-75.425714, 6.361704], [-75.42582, 6.361985]]], [[[-75.425101, 6.36284], [-75.42505, 6.362756], [-75.425149, 6.3625], [-75.425143, 6.362788], [-75.425101, 6.36284]]], [[[-75.425398, 6.356694], [-75.425215, 6.356711], [-75.425025, 6.356831], [-75.425248, 6.356644], [-75.425371, 6.356626], [-75.425398, 6.356694]]], [[[-75.425291, 6.323335], [-75.425169, 6.323387], [-75.425057, 6.323375], [-75.425212, 6.323172], [-75.425291, 6.323335]]], [[[-75.425336, 6.364858], [-75.425277, 6.364767], [-75.425369, 6.364578], [-75.425387, 6.364773], [-75.425336, 6.364858]]], [[[-75.42553, 6.360649], [-75.425472, 6.360742], [-75.425371, 6.360794], [-75.425463, 6.360683], [-75.42553, 6.360649]]], [[[-75.425962, 6.35073], [-75.426407, 6.350464], [-75.426668, 6.35064], [-75.426496, 6.35098], [-75.426158, 6.351222], [-75.425842, 6.35106], [-75.425962, 6.35073]]], [[[-75.42599, 6.364818], [-75.425937, 6.364753], [-75.425947, 6.364715], [-75.426013, 6.364735], [-75.42599, 6.364818]]], [[[-75.426052, 6.372919], [-75.425984, 6.372774], [-75.426067, 6.372576], [-75.426102, 6.3728], [-75.426052, 6.372919]]], [[[-75.426034, 6.319794], [-75.425976, 6.320023], [-75.425738, 6.319702], [-75.425737, 6.319516], [-75.425915, 6.319541], [-75.426034, 6.319794]]], [[[-75.426137, 6.383302], [-75.426194, 6.383217], [-75.42633, 6.383308], [-75.426239, 6.383335], [-75.426137, 6.383302]]], [[[-75.42701, 6.372662], [-75.426906, 6.37284], [-75.426628, 6.372788], [-75.426494, 6.372845], [-75.426222, 6.372369], [-75.426602, 6.372472], [-75.42693, 6.372281], [-75.42701, 6.372662]]], [[[-75.425935, 6.326848], [-75.425949, 6.326738], [-75.426008, 6.326712], [-75.42604, 6.326901], [-75.425935, 6.326848]]], [[[-75.42777, 6.365735], [-75.426925, 6.365143], [-75.426387, 6.365408], [-75.426283, 6.365048], [-75.426357, 6.364778], [-75.426208, 6.364586], [-75.426495, 6.364437], [-75.426718, 6.364556], [-75.427155, 6.364384], [-75.427786, 6.3646], [-75.427881, 6.364757], [-75.427864, 6.364983], [-75.428084, 6.365425], [-75.42777, 6.365735]]], [[[-75.426264, 6.375828], [-75.426207, 6.37578], [-75.42624, 6.375695], [-75.426297, 6.375744], [-75.426264, 6.375828]]], [[[-75.427376, 6.360115], [-75.427195, 6.360183], [-75.426785, 6.360055], [-75.426618, 6.360221], [-75.426342, 6.360182], [-75.426412, 6.3599], [-75.426326, 6.359663], [-75.426612, 6.359203], [-75.426509, 6.358916], [-75.426548, 6.358811], [-75.426759, 6.358784], [-75.426873, 6.358891], [-75.426962, 6.359489], [-75.427248, 6.35959], [-75.427466, 6.359859], [-75.427376, 6.360115]]], [[[-75.426235, 6.360357], [-75.42625, 6.360408], [-75.426202, 6.360408], [-75.426235, 6.360357]]], [[[-75.426639, 6.374314], [-75.426586, 6.374279], [-75.426634, 6.374259], [-75.426639, 6.374314]]], [[[-75.426346, 6.37406], [-75.426352, 6.373993], [-75.426279, 6.373861], [-75.42639, 6.374], [-75.426346, 6.37406]]], [[[-75.426344, 6.325484], [-75.426179, 6.325426], [-75.426196, 6.32523], [-75.426283, 6.325236], [-75.426344, 6.325484]]], [[[-75.426539, 6.379539], [-75.426455, 6.379455], [-75.426534, 6.379418], [-75.426585, 6.379468], [-75.426539, 6.379539]]], [[[-75.426532, 6.321585], [-75.426405, 6.321494], [-75.426586, 6.321418], [-75.426616, 6.321517], [-75.426532, 6.321585]]], [[[-75.426724, 6.383329], [-75.426748, 6.383287], [-75.426828, 6.383332], [-75.426724, 6.383329]]], [[[-75.426986, 6.379984], [-75.426951, 6.380428], [-75.426836, 6.380402], [-75.426828, 6.37986], [-75.426986, 6.379984]]], [[[-75.427158, 6.381104], [-75.426997, 6.381147], [-75.426812, 6.381119], [-75.427168, 6.380925], [-75.427158, 6.381104]]], [[[-75.427787, 6.379106], [-75.427592, 6.379062], [-75.427283, 6.378754], [-75.42689, 6.378654], [-75.426791, 6.37854], [-75.426882, 6.378226], [-75.427441, 6.377742], [-75.427528, 6.377991], [-75.427487, 6.378496], [-75.427931, 6.379024], [-75.427787, 6.379106]]], [[[-75.427275, 6.371129], [-75.427317, 6.37107], [-75.427343, 6.371171], [-75.427275, 6.371129]]], [[[-75.42699, 6.371185], [-75.426977, 6.371091], [-75.427053, 6.37109], [-75.42699, 6.371185]]], [[[-75.427349, 6.36288], [-75.427161, 6.362825], [-75.42722, 6.363009], [-75.427188, 6.36308], [-75.427102, 6.363037], [-75.427026, 6.362537], [-75.427171, 6.362588], [-75.427349, 6.36288]]], [[[-75.427386, 6.376752], [-75.427346, 6.377025], [-75.427079, 6.376972], [-75.427318, 6.376667], [-75.427386, 6.376752]]], [[[-75.427349, 6.349046], [-75.427177, 6.349309], [-75.427103, 6.349339], [-75.427251, 6.349017], [-75.427349, 6.349046]]], [[[-75.427941, 6.359042], [-75.427688, 6.359186], [-75.42755, 6.358872], [-75.427285, 6.358793], [-75.427553, 6.358426], [-75.427716, 6.358617], [-75.427868, 6.358535], [-75.42799, 6.358603], [-75.428025, 6.358821], [-75.427941, 6.359042]]], [[[-75.428706, 6.369207], [-75.428675, 6.369698], [-75.42836, 6.369251], [-75.428235, 6.369718], [-75.428002, 6.369442], [-75.427554, 6.369369], [-75.427504, 6.369292], [-75.427857, 6.368897], [-75.428193, 6.368817], [-75.428293, 6.368843], [-75.428375, 6.369042], [-75.428642, 6.368994], [-75.428706, 6.369207]]], [[[-75.428042, 6.372263], [-75.42803, 6.372564], [-75.427837, 6.372614], [-75.427885, 6.372259], [-75.428042, 6.372263]]], [[[-75.427683, 6.372266], [-75.42756, 6.372202], [-75.427668, 6.371846], [-75.427729, 6.371996], [-75.427683, 6.372266]]], [[[-75.428357, 6.351707], [-75.427841, 6.351805], [-75.427798, 6.351737], [-75.427584, 6.350813], [-75.427812, 6.350521], [-75.427933, 6.350076], [-75.428449, 6.34957], [-75.428666, 6.349493], [-75.428725, 6.349628], [-75.428402, 6.350202], [-75.428584, 6.350555], [-75.428382, 6.351099], [-75.428522, 6.3515], [-75.428357, 6.351707]]], [[[-75.429072, 6.348442], [-75.428494, 6.348727], [-75.428413, 6.348388], [-75.427737, 6.347721], [-75.428071, 6.347526], [-75.428357, 6.347598], [-75.429089, 6.348264], [-75.429072, 6.348442]]], [[[-75.427716, 6.377251], [-75.427635, 6.37684], [-75.42769, 6.376413], [-75.427733, 6.376878], [-75.427716, 6.377251]]], [[[-75.427737, 6.378095], [-75.427745, 6.378019], [-75.427887, 6.377924], [-75.427803, 6.378065], [-75.427737, 6.378095]]], [[[-75.427996, 6.383055], [-75.427904, 6.38303], [-75.427862, 6.382929], [-75.427999, 6.382946], [-75.427996, 6.383055]]], [[[-75.428, 6.381112], [-75.427873, 6.381078], [-75.427872, 6.380977], [-75.427999, 6.381044], [-75.428, 6.381112]]], [[[-75.427934, 6.322907], [-75.427744, 6.32277], [-75.427737, 6.322716], [-75.427932, 6.322752], [-75.427934, 6.322907]]], [[[-75.428292, 6.381888], [-75.428213, 6.381847], [-75.428179, 6.381806], [-75.428348, 6.381813], [-75.428292, 6.381888]]], [[[-75.428644, 6.410203], [-75.428648, 6.410458], [-75.428556, 6.410502], [-75.428468, 6.410204], [-75.428644, 6.410203]]], [[[-75.428697, 6.381594], [-75.428389, 6.381448], [-75.428399, 6.381333], [-75.428704, 6.381466], [-75.428697, 6.381594]]], [[[-75.428846, 6.380913], [-75.428728, 6.380966], [-75.428592, 6.380967], [-75.428774, 6.380886], [-75.428846, 6.380913]]], [[[-75.433387, 6.355648], [-75.43318, 6.355997], [-75.432709, 6.356237], [-75.432243, 6.356172], [-75.432052, 6.356675], [-75.431734, 6.356679], [-75.431203, 6.357147], [-75.430279, 6.356677], [-75.4301, 6.356999], [-75.429988, 6.356823], [-75.429908, 6.356827], [-75.429737, 6.357194], [-75.429414, 6.356974], [-75.42934, 6.356752], [-75.429163, 6.356792], [-75.428927, 6.356638], [-75.428593, 6.356662], [-75.42833, 6.356455], [-75.428525, 6.356334], [-75.428546, 6.356101], [-75.429044, 6.356434], [-75.429355, 6.356326], [-75.429688, 6.356074], [-75.429776, 6.355885], [-75.429567, 6.35545], [-75.429593, 6.35526], [-75.430261, 6.355803], [-75.430417, 6.355866], [-75.430972, 6.355833], [-75.431628, 6.356337], [-75.43182, 6.356321], [-75.432057, 6.356159], [-75.432335, 6.355819], [-75.432299, 6.35562], [-75.432373, 6.355503], [-75.431967, 6.355269], [-75.431401, 6.354741], [-75.431571, 6.354164], [-75.431429, 6.353934], [-75.431503, 6.35384], [-75.431784, 6.353903], [-75.431859, 6.35436], [-75.432193, 6.354729], [-75.432596, 6.355388], [-75.432961, 6.3557], [-75.433204, 6.35575], [-75.433387, 6.355648]]], [[[-75.428557, 6.363829], [-75.428481, 6.363922], [-75.428382, 6.363937], [-75.428441, 6.363835], [-75.428557, 6.363829]]], [[[-75.429024, 6.409035], [-75.428962, 6.409069], [-75.428912, 6.409035], [-75.428962, 6.409001], [-75.429024, 6.409035]]], [[[-75.430809, 6.358878], [-75.430303, 6.358665], [-75.429757, 6.358906], [-75.429585, 6.358619], [-75.429182, 6.358712], [-75.429237, 6.358337], [-75.429138, 6.358127], [-75.429392, 6.357898], [-75.42976, 6.357844], [-75.429943, 6.3581], [-75.430174, 6.358171], [-75.430332, 6.358457], [-75.430441, 6.358437], [-75.430599, 6.35821], [-75.430672, 6.358681], [-75.430809, 6.358878]]], [[[-75.429793, 6.357578], [-75.429742, 6.35762], [-75.429742, 6.357569], [-75.429793, 6.357578]]], [[[-75.429017, 6.358389], [-75.428802, 6.358388], [-75.428701, 6.358429], [-75.428966, 6.358276], [-75.429017, 6.358389]]], [[[-75.429709, 6.40938], [-75.429446, 6.409502], [-75.429422, 6.409673], [-75.429347, 6.4097], [-75.429089, 6.409526], [-75.429004, 6.409357], [-75.429679, 6.409296], [-75.429709, 6.40938]]], [[[-75.429261, 6.410064], [-75.429347, 6.41008], [-75.429278, 6.410174], [-75.429261, 6.410064]]], [[[-75.429402, 6.408946], [-75.429302, 6.409084], [-75.429289, 6.408892], [-75.429402, 6.408946]]], [[[-75.429201, 6.37825], [-75.429125, 6.378244], [-75.429183, 6.378168], [-75.429201, 6.37825]]], [[[-75.429419, 6.371699], [-75.42936, 6.371761], [-75.429368, 6.371674], [-75.429419, 6.371699]]], [[[-75.429523, 6.380793], [-75.429547, 6.38087], [-75.429473, 6.380869], [-75.429523, 6.380793]]], [[[-75.431081, 6.407897], [-75.430652, 6.408076], [-75.430693, 6.408211], [-75.430614, 6.408365], [-75.430119, 6.408863], [-75.430001, 6.408809], [-75.429906, 6.408534], [-75.429693, 6.408508], [-75.429578, 6.408342], [-75.429588, 6.408221], [-75.429852, 6.408118], [-75.429899, 6.407718], [-75.430182, 6.407598], [-75.430902, 6.407803], [-75.431059, 6.407731], [-75.431081, 6.407897]], [[-75.430316, 6.408247], [-75.430386, 6.408342], [-75.430543, 6.408277], [-75.430456, 6.40819], [-75.430316, 6.408247]]], [[[-75.429625, 6.38038], [-75.429623, 6.380307], [-75.429708, 6.380363], [-75.429625, 6.38038]]], [[[-75.429857, 6.362744], [-75.429832, 6.362869], [-75.429767, 6.362884], [-75.429857, 6.362744]]], [[[-75.429906, 6.34437], [-75.430025, 6.344432], [-75.429879, 6.34442], [-75.429906, 6.34437]]], [[[-75.431295, 6.352202], [-75.431058, 6.352135], [-75.431044, 6.352035], [-75.431295, 6.352202]]], [[[-75.430856, 6.351867], [-75.430712, 6.351909], [-75.430421, 6.352358], [-75.430338, 6.351908], [-75.430677, 6.351672], [-75.430832, 6.35176], [-75.430856, 6.351867]]], [[[-75.432416, 6.368012], [-75.432247, 6.368015], [-75.432218, 6.36782], [-75.431997, 6.367724], [-75.431961, 6.367485], [-75.431541, 6.367171], [-75.431253, 6.36724], [-75.431032, 6.367498], [-75.431015, 6.367699], [-75.431113, 6.3679], [-75.430848, 6.368041], [-75.430347, 6.367978], [-75.430565, 6.367484], [-75.430448, 6.367096], [-75.430611, 6.366948], [-75.430862, 6.366934], [-75.431535, 6.366371], [-75.431786, 6.36693], [-75.432172, 6.367399], [-75.432416, 6.368012]]], [[[-75.431372, 6.366196], [-75.430681, 6.365608], [-75.430699, 6.365355], [-75.430956, 6.365096], [-75.431093, 6.365137], [-75.431195, 6.365477], [-75.431551, 6.36557], [-75.431379, 6.36595], [-75.431372, 6.366196]]], [[[-75.430269, 6.365659], [-75.430354, 6.3656], [-75.430423, 6.36564], [-75.430312, 6.365779], [-75.430269, 6.365659]]], [[[-75.430366, 6.373133], [-75.430374, 6.373053], [-75.430478, 6.37302], [-75.430366, 6.373133]]], [[[-75.4308, 6.406986], [-75.430659, 6.406933], [-75.430584, 6.406755], [-75.430583, 6.406417], [-75.430684, 6.406278], [-75.43096, 6.406364], [-75.431171, 6.406646], [-75.431036, 6.406883], [-75.4308, 6.406986]]], [[[-75.430706, 6.374018], [-75.430646, 6.374524], [-75.430545, 6.374634], [-75.430706, 6.374018]]], [[[-75.435347, 6.361283], [-75.435119, 6.361485], [-75.434704, 6.361235], [-75.433797, 6.361295], [-75.433644, 6.361551], [-75.43381, 6.36186], [-75.433653, 6.362021], [-75.433561, 6.362451], [-75.433397, 6.362551], [-75.433042, 6.36238], [-75.432933, 6.362946], [-75.432524, 6.362907], [-75.432321, 6.36324], [-75.431954, 6.363122], [-75.431805, 6.362646], [-75.431634, 6.362401], [-75.430912, 6.361869], [-75.430992, 6.361563], [-75.431359, 6.361105], [-75.431719, 6.361202], [-75.432412, 6.360662], [-75.432641, 6.360823], [-75.432538, 6.360889], [-75.432554, 6.361027], [-75.432722, 6.361032], [-75.432857, 6.360948], [-75.432812, 6.360841], [-75.433379, 6.360403], [-75.43403, 6.360338], [-75.434459, 6.360014], [-75.434896, 6.360195], [-75.435116, 6.360483], [-75.435414, 6.360636], [-75.435347, 6.361283]], [[-75.432309, 6.362088], [-75.432217, 6.362158], [-75.432282, 6.362265], [-75.432368, 6.36219], [-75.432309, 6.362088]], [[-75.433335, 6.361542], [-75.433212, 6.361496], [-75.433173, 6.361616], [-75.433246, 6.361643], [-75.433335, 6.361542]]], [[[-75.432007, 6.359879], [-75.432176, 6.359956], [-75.432076, 6.36026], [-75.431847, 6.359937], [-75.432007, 6.359879]]], [[[-75.434549, 6.361379], [-75.434606, 6.361453], [-75.4345, 6.36144], [-75.434549, 6.361379]]], [[[-75.430998, 6.373717], [-75.431015, 6.373768], [-75.430965, 6.373768], [-75.430998, 6.373717]]], [[[-75.434559, 6.410605], [-75.433902, 6.41], [-75.433758, 6.409975], [-75.433204, 6.410215], [-75.432672, 6.409843], [-75.432008, 6.410328], [-75.431608, 6.409956], [-75.431574, 6.409532], [-75.431379, 6.409505], [-75.431193, 6.409624], [-75.431158, 6.409556], [-75.431656, 6.408991], [-75.431675, 6.408594], [-75.431801, 6.408457], [-75.432128, 6.408413], [-75.432921, 6.408549], [-75.433448, 6.408862], [-75.433343, 6.409057], [-75.433388, 6.409201], [-75.433963, 6.409469], [-75.434001, 6.409639], [-75.433902, 6.409802], [-75.434235, 6.409999], [-75.434403, 6.410324], [-75.434556, 6.410425], [-75.434559, 6.410605]], [[-75.432063, 6.409413], [-75.432087, 6.40929], [-75.432041, 6.409246], [-75.431951, 6.409418], [-75.432063, 6.409413]]], [[[-75.433551, 6.408611], [-75.433042, 6.408087], [-75.432821, 6.408076], [-75.432747, 6.40779], [-75.432469, 6.407676], [-75.432435, 6.407538], [-75.432777, 6.407429], [-75.433796, 6.407565], [-75.433428, 6.407567], [-75.433194, 6.407722], [-75.433553, 6.40793], [-75.433649, 6.408227], [-75.433795, 6.408346], [-75.433694, 6.408585], [-75.433551, 6.408611]]], [[[-75.431302, 6.412907], [-75.431243, 6.412954], [-75.431218, 6.412912], [-75.431302, 6.412907]]], [[[-75.431501, 6.372362], [-75.431407, 6.372212], [-75.431481, 6.371873], [-75.431567, 6.372074], [-75.431501, 6.372362]]], [[[-75.431575, 6.375031], [-75.431606, 6.374969], [-75.431715, 6.375035], [-75.431575, 6.375031]]], [[[-75.433365, 6.343142], [-75.433204, 6.34337], [-75.433127, 6.343614], [-75.433184, 6.34367], [-75.43337, 6.343601], [-75.433352, 6.343766], [-75.433141, 6.343961], [-75.433044, 6.343815], [-75.432714, 6.344102], [-75.432718, 6.344242], [-75.432925, 6.344237], [-75.43269, 6.344351], [-75.432085, 6.344229], [-75.431811, 6.343977], [-75.431562, 6.343475], [-75.431702, 6.343099], [-75.432196, 6.3425], [-75.432339, 6.342555], [-75.432307, 6.342785], [-75.432859, 6.342768], [-75.433114, 6.342877], [-75.433365, 6.343142]], [[-75.432413, 6.343272], [-75.432279, 6.34301], [-75.432135, 6.343052], [-75.432149, 6.343204], [-75.432275, 6.343299], [-75.432413, 6.343272]], [[-75.43262, 6.343492], [-75.432609, 6.343341], [-75.43245, 6.34341], [-75.432511, 6.343573], [-75.43262, 6.343492]], [[-75.432981, 6.34292], [-75.432801, 6.342846], [-75.432699, 6.343173], [-75.432845, 6.343102], [-75.432981, 6.34292]]], [[[-75.432596, 6.350155], [-75.432099, 6.350118], [-75.431976, 6.349924], [-75.432596, 6.350155]]], [[[-75.43236, 6.349711], [-75.431767, 6.349687], [-75.431712, 6.349514], [-75.43236, 6.349711]]], [[[-75.431666, 6.349348], [-75.431545, 6.349248], [-75.431504, 6.349036], [-75.43185, 6.349232], [-75.431666, 6.349348]]], [[[-75.431706, 6.345209], [-75.431638, 6.345119], [-75.43175, 6.345063], [-75.431773, 6.345175], [-75.431706, 6.345209]]], [[[-75.431895, 6.372212], [-75.431853, 6.372111], [-75.431901, 6.371781], [-75.431928, 6.372062], [-75.431895, 6.372212]]], [[[-75.432457, 6.364474], [-75.432355, 6.364408], [-75.431981, 6.364518], [-75.43189, 6.364453], [-75.432075, 6.364201], [-75.432438, 6.364064], [-75.432524, 6.36426], [-75.432457, 6.364474]]], [[[-75.432147, 6.350553], [-75.432256, 6.350477], [-75.43273, 6.350592], [-75.432365, 6.35062], [-75.432147, 6.350553]]], [[[-75.432505, 6.370961], [-75.43242, 6.370938], [-75.432411, 6.370829], [-75.432544, 6.370819], [-75.432505, 6.370961]]], [[[-75.432862, 6.367209], [-75.432691, 6.367126], [-75.432868, 6.366985], [-75.432934, 6.36711], [-75.432862, 6.367209]]], [[[-75.432895, 6.364975], [-75.432752, 6.36452], [-75.432835, 6.364232], [-75.432934, 6.364341], [-75.432978, 6.36462], [-75.432965, 6.364949], [-75.432895, 6.364975]]], [[[-75.433057, 6.407171], [-75.433122, 6.407229], [-75.432958, 6.40727], [-75.433057, 6.407171]]], [[[-75.434203, 6.373835], [-75.434063, 6.373866], [-75.433903, 6.373778], [-75.433759, 6.374152], [-75.433572, 6.37407], [-75.433406, 6.374144], [-75.433106, 6.37371], [-75.433086, 6.373553], [-75.433369, 6.373316], [-75.433612, 6.373293], [-75.433953, 6.373572], [-75.434233, 6.373623], [-75.434203, 6.373835]]], [[[-75.43324, 6.414036], [-75.433172, 6.414098], [-75.433183, 6.413954], [-75.43324, 6.414036]]], [[[-75.433138, 6.351894], [-75.433096, 6.351944], [-75.433071, 6.351869], [-75.433138, 6.351894]]], [[[-75.433851, 6.372414], [-75.43352, 6.372631], [-75.433295, 6.372491], [-75.433711, 6.372386], [-75.433851, 6.372414]]], [[[-75.434338, 6.365632], [-75.434242, 6.366784], [-75.434141, 6.366898], [-75.434005, 6.366876], [-75.433861, 6.366806], [-75.433832, 6.366485], [-75.433267, 6.365391], [-75.433351, 6.364575], [-75.433568, 6.364649], [-75.433641, 6.365205], [-75.433773, 6.365362], [-75.433858, 6.365304], [-75.433915, 6.364997], [-75.434146, 6.364764], [-75.434266, 6.364801], [-75.434338, 6.365632]]], [[[-75.435425, 6.351521], [-75.435198, 6.351953], [-75.435286, 6.352205], [-75.434873, 6.352077], [-75.434873, 6.351928], [-75.435265, 6.351386], [-75.435425, 6.351521]]], [[[-75.434456, 6.350605], [-75.433993, 6.350776], [-75.433719, 6.350794], [-75.43354, 6.350765], [-75.433477, 6.350641], [-75.43334, 6.3506], [-75.433611, 6.350529], [-75.433689, 6.350424], [-75.433605, 6.350218], [-75.433359, 6.350107], [-75.433413, 6.349911], [-75.433338, 6.34978], [-75.433614, 6.349484], [-75.433988, 6.349496], [-75.435209, 6.350369], [-75.43513, 6.35062], [-75.434928, 6.350781], [-75.434456, 6.350605]]], [[[-75.434042, 6.414619], [-75.433866, 6.414727], [-75.433717, 6.414556], [-75.433733, 6.414378], [-75.433935, 6.414197], [-75.434065, 6.414216], [-75.434189, 6.41437], [-75.434042, 6.414619]]], [[[-75.434459, 6.414949], [-75.434283, 6.415122], [-75.43412, 6.414967], [-75.434204, 6.414752], [-75.434429, 6.414581], [-75.434564, 6.414669], [-75.434459, 6.414949]]], [[[-75.434262, 6.408015], [-75.4342, 6.408049], [-75.434149, 6.408016], [-75.4342, 6.407982], [-75.434262, 6.408015]]], [[[-75.434213, 6.412909], [-75.434163, 6.412698], [-75.434182, 6.412684], [-75.434213, 6.412909]]], [[[-75.434387, 6.359278], [-75.43428, 6.359315], [-75.434195, 6.359237], [-75.434034, 6.358603], [-75.434134, 6.358412], [-75.434222, 6.358807], [-75.434443, 6.359131], [-75.434387, 6.359278]]], [[[-75.434167, 6.356741], [-75.434068, 6.35672], [-75.434025, 6.356687], [-75.434236, 6.356652], [-75.434167, 6.356741]]], [[[-75.434535, 6.408376], [-75.434433, 6.408401], [-75.434357, 6.408326], [-75.434483, 6.408325], [-75.434535, 6.408376]]], [[[-75.434833, 6.415376], [-75.434648, 6.415529], [-75.434483, 6.415355], [-75.434521, 6.415209], [-75.434751, 6.414982], [-75.434934, 6.415144], [-75.434833, 6.415376]]], [[[-75.434878, 6.370393], [-75.434769, 6.370352], [-75.434741, 6.370295], [-75.434932, 6.370266], [-75.434878, 6.370393]]], [[[-75.434893, 6.370066], [-75.434602, 6.370179], [-75.434461, 6.370427], [-75.434316, 6.370401], [-75.434388, 6.370039], [-75.434728, 6.369738], [-75.434929, 6.369935], [-75.434893, 6.370066]]], [[[-75.434727, 6.358927], [-75.434634, 6.358809], [-75.434625, 6.358657], [-75.434781, 6.358772], [-75.434727, 6.358927]]], [[[-75.435052, 6.366174], [-75.434928, 6.366191], [-75.434903, 6.366135], [-75.435052, 6.366174]]], [[[-75.435853, 6.360606], [-75.435935, 6.360437], [-75.435994, 6.36043], [-75.436029, 6.360622], [-75.435853, 6.360606]]], [[[-75.436568, 6.376172], [-75.436493, 6.376381], [-75.436491, 6.37607], [-75.436568, 6.376172]]], [[[-75.436928, 6.356724], [-75.43676, 6.357264], [-75.436615, 6.357347], [-75.436463, 6.357315], [-75.43641, 6.357199], [-75.436565, 6.356925], [-75.436863, 6.356647], [-75.436928, 6.356724]]], [[[-75.440322, 6.422354], [-75.439835, 6.42254], [-75.439555, 6.422345], [-75.440318, 6.422288], [-75.440322, 6.422354]]], [[[-75.439368, 6.422133], [-75.439195, 6.422021], [-75.438882, 6.422076], [-75.438297, 6.42255], [-75.438043, 6.422653], [-75.437722, 6.422614], [-75.43745, 6.422433], [-75.437131, 6.422589], [-75.436932, 6.421811], [-75.437306, 6.420603], [-75.437462, 6.420631], [-75.437444, 6.420966], [-75.437875, 6.421161], [-75.438044, 6.421491], [-75.439036, 6.421554], [-75.439477, 6.421412], [-75.439535, 6.421687], [-75.439303, 6.421917], [-75.439367, 6.422056], [-75.439503, 6.42209], [-75.439368, 6.422133]]], [[[-75.437501, 6.420342], [-75.437517, 6.420206], [-75.437732, 6.42029], [-75.43758, 6.420392], [-75.437501, 6.420342]]], [[[-75.438553, 6.424786], [-75.437822, 6.42412], [-75.437741, 6.423874], [-75.43801, 6.423907], [-75.43817, 6.424029], [-75.438553, 6.424786]]], [[[-75.438973, 6.420849], [-75.438636, 6.421239], [-75.438341, 6.421211], [-75.438366, 6.421053], [-75.438658, 6.420806], [-75.438936, 6.420773], [-75.438973, 6.420849]]], [[[-75.438409, 6.35609], [-75.438284, 6.35604], [-75.438286, 6.355936], [-75.438409, 6.355994], [-75.438409, 6.35609]]], [[[-75.438883, 6.419945], [-75.438909, 6.420021], [-75.438833, 6.420022], [-75.438883, 6.419945]]], [[[-75.438537, 6.34507], [-75.438703, 6.344928], [-75.438822, 6.344978], [-75.438789, 6.345105], [-75.438537, 6.34507]]], [[[-75.439044, 6.343491], [-75.438793, 6.343511], [-75.438705, 6.343394], [-75.438883, 6.343358], [-75.439044, 6.343491]]], [[[-75.439304, 6.352599], [-75.439203, 6.352701], [-75.439028, 6.352671], [-75.439179, 6.35251], [-75.439304, 6.352599]]], [[[-75.439403, 6.420036], [-75.439404, 6.420129], [-75.439393, 6.420129], [-75.439403, 6.420036]]], [[[-75.440202, 6.420693], [-75.440072, 6.421169], [-75.439932, 6.421251], [-75.439896, 6.421106], [-75.440045, 6.420937], [-75.440037, 6.420786], [-75.439548, 6.420823], [-75.439435, 6.420683], [-75.439688, 6.420473], [-75.439854, 6.420457], [-75.440202, 6.420693]]], [[[-75.439306, 6.344572], [-75.439204, 6.344631], [-75.439151, 6.344635], [-75.439229, 6.344547], [-75.439306, 6.344572]]], [[[-75.439345, 6.350084], [-75.439422, 6.350016], [-75.439507, 6.3501], [-75.439396, 6.350135], [-75.439345, 6.350084]]], [[[-75.440083, 6.352319], [-75.439791, 6.352067], [-75.439495, 6.352], [-75.439505, 6.351844], [-75.439678, 6.351772], [-75.439818, 6.351859], [-75.440083, 6.352319]]], [[[-75.440693, 6.423533], [-75.440622, 6.423628], [-75.440595, 6.423638], [-75.440615, 6.423492], [-75.440693, 6.423533]]], [[[-75.440253, 6.340613], [-75.440168, 6.340497], [-75.440286, 6.340411], [-75.44032, 6.340578], [-75.440253, 6.340613]]], [[[-75.441798, 6.353549], [-75.441716, 6.353621], [-75.441726, 6.353543], [-75.441798, 6.353549]]], [[[-75.441645, 6.353786], [-75.44142, 6.354556], [-75.441063, 6.354803], [-75.440851, 6.354762], [-75.440824, 6.354638], [-75.441088, 6.354102], [-75.441469, 6.353874], [-75.441545, 6.353719], [-75.441645, 6.353786]]], [[[-75.441511, 6.421445], [-75.441427, 6.421369], [-75.441477, 6.421284], [-75.441561, 6.42135], [-75.441511, 6.421445]]], [[[-75.441137, 6.338994], [-75.441152, 6.339045], [-75.441104, 6.339044], [-75.441137, 6.338994]]], [[[-75.441824, 6.421199], [-75.441713, 6.42109], [-75.441853, 6.42092], [-75.441908, 6.421097], [-75.441824, 6.421199]]], [[[-75.441471, 6.344086], [-75.441661, 6.34391], [-75.441841, 6.344015], [-75.441875, 6.344135], [-75.441672, 6.344297], [-75.441471, 6.344086]]], [[[-75.441497, 6.33863], [-75.441512, 6.338681], [-75.441463, 6.338681], [-75.441497, 6.33863]]], [[[-75.442091, 6.420483], [-75.441973, 6.420541], [-75.441973, 6.420485], [-75.442091, 6.420483]]], [[[-75.442341, 6.345097], [-75.442249, 6.345241], [-75.442122, 6.345293], [-75.442257, 6.345131], [-75.442341, 6.345097]]], [[[-75.442189, 6.402409], [-75.442104, 6.402333], [-75.442154, 6.402248], [-75.442239, 6.402314], [-75.442189, 6.402409]]], [[[-75.442385, 6.424577], [-75.4423, 6.424563], [-75.442275, 6.424504], [-75.442424, 6.424472], [-75.442385, 6.424577]]], [[[-75.44272, 6.409756], [-75.442539, 6.409938], [-75.442462, 6.40992], [-75.442221, 6.409228], [-75.442238, 6.409068], [-75.442617, 6.409384], [-75.44272, 6.409756]]], [[[-75.442789, 6.410235], [-75.44282, 6.410376], [-75.442803, 6.410486], [-75.442743, 6.410391], [-75.442789, 6.410235]]], [[[-75.443602, 6.413286], [-75.443232, 6.413672], [-75.442853, 6.413568], [-75.442615, 6.413743], [-75.442417, 6.413495], [-75.442852, 6.413388], [-75.44283, 6.413201], [-75.442525, 6.413033], [-75.442771, 6.413005], [-75.443533, 6.413057], [-75.443602, 6.413286]]], [[[-75.442518, 6.41387], [-75.442423, 6.41393], [-75.44234, 6.413837], [-75.442484, 6.413819], [-75.442518, 6.41387]]], [[[-75.442924, 6.40258], [-75.44268, 6.402915], [-75.442464, 6.402887], [-75.442363, 6.402784], [-75.442416, 6.402536], [-75.442697, 6.402413], [-75.442891, 6.402461], [-75.442924, 6.40258]]], [[[-75.442807, 6.344488], [-75.442605, 6.3447], [-75.442597, 6.344448], [-75.442259, 6.343972], [-75.442366, 6.343915], [-75.442498, 6.343996], [-75.442807, 6.344488]]], [[[-75.442731, 6.424286], [-75.442626, 6.424222], [-75.442617, 6.424096], [-75.442776, 6.424117], [-75.442731, 6.424286]]], [[[-75.444056, 6.354364], [-75.443918, 6.354669], [-75.443772, 6.354724], [-75.443498, 6.355052], [-75.443084, 6.355224], [-75.443194, 6.355819], [-75.443319, 6.356032], [-75.443289, 6.356256], [-75.443146, 6.356269], [-75.443085, 6.355979], [-75.442919, 6.355795], [-75.442335, 6.355675], [-75.442515, 6.355489], [-75.442541, 6.355113], [-75.442824, 6.355025], [-75.443664, 6.354244], [-75.443939, 6.354135], [-75.444056, 6.354364]]], [[[-75.443498, 6.355571], [-75.443659, 6.355667], [-75.44355, 6.355947], [-75.443474, 6.35588], [-75.443498, 6.355571]]], [[[-75.442963, 6.419837], [-75.44289, 6.419895], [-75.442792, 6.419797], [-75.442886, 6.419758], [-75.442963, 6.419837]]], [[[-75.443322, 6.424451], [-75.443154, 6.424649], [-75.442983, 6.42441], [-75.443186, 6.42435], [-75.443322, 6.424451]]], [[[-75.44533, 6.341997], [-75.445046, 6.341776], [-75.444611, 6.34173], [-75.444389, 6.341533], [-75.442934, 6.341527], [-75.442798, 6.341431], [-75.442823, 6.341281], [-75.442727, 6.341116], [-75.442767, 6.340688], [-75.442922, 6.340613], [-75.442846, 6.340749], [-75.442878, 6.340935], [-75.443425, 6.34139], [-75.443942, 6.341295], [-75.444279, 6.341039], [-75.444626, 6.341104], [-75.445075, 6.34158], [-75.44533, 6.341997]]], [[[-75.443078, 6.340403], [-75.443121, 6.340276], [-75.443246, 6.340276], [-75.443161, 6.340403], [-75.443078, 6.340403]]], [[[-75.44299, 6.338804], [-75.442803, 6.338777], [-75.442804, 6.338526], [-75.442955, 6.338652], [-75.44299, 6.338804]]], [[[-75.443422, 6.414691], [-75.443381, 6.414784], [-75.443355, 6.414753], [-75.443422, 6.414691]]], [[[-75.44357, 6.411526], [-75.443469, 6.411475], [-75.443473, 6.411148], [-75.443586, 6.411373], [-75.44357, 6.411526]]], [[[-75.443393, 6.344581], [-75.44328, 6.344523], [-75.443231, 6.344426], [-75.443328, 6.344468], [-75.443393, 6.344581]]], [[[-75.443964, 6.422826], [-75.443807, 6.423055], [-75.443694, 6.42303], [-75.443851, 6.422824], [-75.443964, 6.422826]]], [[[-75.443853, 6.400703], [-75.443693, 6.400912], [-75.443655, 6.400927], [-75.443853, 6.400703]]], [[[-75.444598, 6.41236], [-75.444153, 6.412038], [-75.443879, 6.412015], [-75.443854, 6.411626], [-75.444356, 6.411996], [-75.444568, 6.412024], [-75.444681, 6.41222], [-75.444598, 6.41236]]], [[[-75.443861, 6.398795], [-75.443768, 6.398889], [-75.443785, 6.398745], [-75.443861, 6.398795]]], [[[-75.444101, 6.412557], [-75.444062, 6.412684], [-75.443995, 6.412727], [-75.444101, 6.412557]]], [[[-75.445043, 6.345423], [-75.444043, 6.345285], [-75.443855, 6.345133], [-75.443769, 6.344823], [-75.444261, 6.344963], [-75.444561, 6.34489], [-75.445109, 6.344931], [-75.445286, 6.345197], [-75.445043, 6.345423]]], [[[-75.444161, 6.400147], [-75.444163, 6.399955], [-75.444266, 6.400144], [-75.444161, 6.400147]]], [[[-75.444156, 6.399257], [-75.444086, 6.399204], [-75.444104, 6.399028], [-75.444208, 6.399144], [-75.444156, 6.399257]]], [[[-75.444084, 6.343006], [-75.444055, 6.342974], [-75.444106, 6.342974], [-75.444084, 6.343006]]], [[[-75.444845, 6.422151], [-75.444781, 6.42211], [-75.444799, 6.421892], [-75.444896, 6.421976], [-75.444845, 6.422151]]], [[[-75.444989, 6.338761], [-75.44461, 6.339174], [-75.444476, 6.339161], [-75.444622, 6.33895], [-75.444989, 6.338761]]], [[[-75.445552, 6.413314], [-75.445335, 6.413194], [-75.445333, 6.413077], [-75.445536, 6.413167], [-75.445552, 6.413314]]], [[[-75.445165, 6.412942], [-75.445128, 6.412866], [-75.444932, 6.412621], [-75.445127, 6.41273], [-75.445165, 6.412942]]], [[[-75.445038, 6.412327], [-75.444962, 6.412378], [-75.444962, 6.412302], [-75.445038, 6.412327]]], [[[-75.445081, 6.415383], [-75.444987, 6.415274], [-75.445035, 6.415147], [-75.445139, 6.415245], [-75.445081, 6.415383]]], [[[-75.44565, 6.410796], [-75.445177, 6.410301], [-75.445158, 6.410179], [-75.445587, 6.4102], [-75.445811, 6.410801], [-75.44565, 6.410796]]], [[[-75.446362, 6.359508], [-75.446367, 6.35994], [-75.446034, 6.359679], [-75.446001, 6.359542], [-75.446269, 6.359427], [-75.446362, 6.359508]]], [[[-75.4455, 6.360395], [-75.445643, 6.360972], [-75.44546, 6.360794], [-75.445333, 6.36034], [-75.44502, 6.360683], [-75.444968, 6.36065], [-75.445177, 6.36037], [-75.445352, 6.360303], [-75.4455, 6.360395]]], [[[-75.445614, 6.36356], [-75.44541, 6.363364], [-75.445437, 6.363082], [-75.445604, 6.363127], [-75.445748, 6.363297], [-75.445745, 6.363484], [-75.445614, 6.36356]]], [[[-75.445502, 6.363765], [-75.445328, 6.36385], [-75.44513, 6.3638], [-75.445282, 6.363715], [-75.445502, 6.363765]]], [[[-75.445588, 6.414449], [-75.445522, 6.414322], [-75.445563, 6.414045], [-75.445639, 6.414285], [-75.445588, 6.414449]]], [[[-75.446031, 6.418487], [-75.445665, 6.418573], [-75.445602, 6.418278], [-75.445835, 6.418114], [-75.446089, 6.418405], [-75.446031, 6.418487]]], [[[-75.44567, 6.398583], [-75.445592, 6.398772], [-75.445507, 6.398747], [-75.445586, 6.398581], [-75.44567, 6.398583]]], [[[-75.445785, 6.416109], [-75.445775, 6.416434], [-75.445675, 6.416646], [-75.445606, 6.416359], [-75.445671, 6.415811], [-75.445785, 6.416109]]], [[[-75.445567, 6.340564], [-75.445555, 6.340466], [-75.445686, 6.340389], [-75.446025, 6.340713], [-75.445567, 6.340564]]], [[[-75.445953, 6.414763], [-75.445869, 6.414657], [-75.445902, 6.414572], [-75.445975, 6.414656], [-75.445953, 6.414763]]], [[[-75.4465, 6.397805], [-75.446303, 6.397978], [-75.446282, 6.397668], [-75.446366, 6.397481], [-75.446544, 6.397563], [-75.4465, 6.397805]]], [[[-75.446151, 6.397397], [-75.445854, 6.397412], [-75.445881, 6.397161], [-75.446134, 6.397295], [-75.446151, 6.397397]]], [[[-75.445975, 6.39915], [-75.445959, 6.399285], [-75.44592, 6.399319], [-75.445919, 6.399234], [-75.445975, 6.39915]]], [[[-75.446061, 6.401025], [-75.445911, 6.401], [-75.445927, 6.400783], [-75.446094, 6.400923], [-75.446061, 6.401025]]], [[[-75.450876, 6.344094], [-75.450814, 6.344063], [-75.450925, 6.344042], [-75.450876, 6.344094]]], [[[-75.450575, 6.343934], [-75.450002, 6.343782], [-75.449937, 6.343646], [-75.44958, 6.343447], [-75.449308, 6.343499], [-75.448682, 6.343382], [-75.448305, 6.343888], [-75.44778, 6.344034], [-75.447848, 6.344252], [-75.447645, 6.344424], [-75.447412, 6.344478], [-75.447113, 6.344743], [-75.446811, 6.34481], [-75.44622, 6.344712], [-75.44614, 6.344523], [-75.446251, 6.344376], [-75.445903, 6.344272], [-75.445795, 6.344136], [-75.445866, 6.344002], [-75.445991, 6.343975], [-75.446555, 6.344374], [-75.447249, 6.344183], [-75.447286, 6.344085], [-75.447106, 6.344005], [-75.447216, 6.343813], [-75.447536, 6.343622], [-75.448055, 6.343109], [-75.448424, 6.342918], [-75.449054, 6.343279], [-75.449359, 6.343201], [-75.449685, 6.342825], [-75.449616, 6.34254], [-75.449354, 6.342283], [-75.449139, 6.342161], [-75.448949, 6.342173], [-75.448384, 6.342552], [-75.448207, 6.342383], [-75.448483, 6.342033], [-75.44884, 6.341919], [-75.449468, 6.341496], [-75.4498, 6.341741], [-75.449727, 6.342146], [-75.449776, 6.342366], [-75.450374, 6.342992], [-75.450698, 6.343504], [-75.450783, 6.343825], [-75.450575, 6.343934]]], [[[-75.446355, 6.4006], [-75.446262, 6.400694], [-75.446279, 6.400575], [-75.446355, 6.4006]]], [[[-75.446443, 6.416886], [-75.446443, 6.416979], [-75.446429, 6.416977], [-75.446443, 6.416886]]], [[[-75.44651, 6.40625], [-75.446385, 6.406234], [-75.446376, 6.406175], [-75.446479, 6.406143], [-75.44651, 6.40625]]], [[[-75.447075, 6.396501], [-75.446798, 6.39669], [-75.446682, 6.39636], [-75.446446, 6.396468], [-75.446444, 6.396127], [-75.446599, 6.396033], [-75.446887, 6.396057], [-75.446936, 6.396146], [-75.446787, 6.396317], [-75.447075, 6.396501]]], [[[-75.446374, 6.345265], [-75.446298, 6.345265], [-75.446264, 6.345264], [-75.446394, 6.345163], [-75.446374, 6.345265]]], [[[-75.44682, 6.410945], [-75.446726, 6.410827], [-75.446838, 6.41077], [-75.446888, 6.410911], [-75.44682, 6.410945]]], [[[-75.446538, 6.338954], [-75.446402, 6.339023], [-75.446368, 6.338998], [-75.446538, 6.338954]]], [[[-75.446874, 6.398089], [-75.446716, 6.398151], [-75.446648, 6.398033], [-75.446873, 6.397987], [-75.446874, 6.398089]]], [[[-75.44706, 6.412986], [-75.446927, 6.413291], [-75.446867, 6.413211], [-75.446911, 6.412968], [-75.44706, 6.412986]]], [[[-75.446866, 6.400781], [-75.446828, 6.400902], [-75.446816, 6.400756], [-75.446866, 6.400781]]], [[[-75.447217, 6.410765], [-75.44699, 6.410571], [-75.446973, 6.410464], [-75.447227, 6.410476], [-75.447217, 6.410765]]], [[[-75.447193, 6.413577], [-75.447032, 6.413683], [-75.446974, 6.413725], [-75.447067, 6.413606], [-75.447193, 6.413577]]], [[[-75.447298, 6.414039], [-75.447148, 6.414031], [-75.447147, 6.413922], [-75.447383, 6.413912], [-75.447298, 6.414039]]], [[[-75.447567, 6.393442], [-75.44746, 6.393694], [-75.447339, 6.393684], [-75.447186, 6.393524], [-75.44718, 6.393394], [-75.447455, 6.393366], [-75.447567, 6.393442]]], [[[-75.447435, 6.393087], [-75.447322, 6.393124], [-75.447346, 6.392996], [-75.447417, 6.393019], [-75.447435, 6.393087]]], [[[-75.447565, 6.423323], [-75.447607, 6.423373], [-75.447557, 6.423373], [-75.447565, 6.423323]]], [[[-75.44762, 6.419943], [-75.447582, 6.419825], [-75.447638, 6.419627], [-75.447653, 6.419825], [-75.44762, 6.419943]]], [[[-75.44809, 6.340005], [-75.447703, 6.340127], [-75.447448, 6.340035], [-75.447358, 6.339853], [-75.447381, 6.339655], [-75.447694, 6.339664], [-75.447947, 6.339782], [-75.44809, 6.340005]]], [[[-75.447345, 6.340151], [-75.447242, 6.340146], [-75.44723, 6.340134], [-75.447353, 6.340052], [-75.447345, 6.340151]]], [[[-75.447447, 6.342072], [-75.447572, 6.341988], [-75.447676, 6.342084], [-75.447481, 6.34214], [-75.447447, 6.342072]]], [[[-75.448373, 6.412831], [-75.448049, 6.412919], [-75.447956, 6.412878], [-75.448373, 6.412831]]], [[[-75.448678, 6.423405], [-75.448433, 6.423471], [-75.448351, 6.423364], [-75.448618, 6.423346], [-75.448678, 6.423405]]], [[[-75.44812, 6.423122], [-75.4481, 6.422936], [-75.448365, 6.422912], [-75.448255, 6.423139], [-75.44812, 6.423122]]], [[[-75.448192, 6.408474], [-75.448059, 6.408466], [-75.44803, 6.40836], [-75.448227, 6.408381], [-75.448192, 6.408474]]], [[[-75.448219, 6.397037], [-75.448177, 6.39713], [-75.448152, 6.397099], [-75.448219, 6.397037]]], [[[-75.448541, 6.412467], [-75.448276, 6.412553], [-75.448208, 6.412487], [-75.448541, 6.412467]]], [[[-75.449215, 6.398518], [-75.448988, 6.39832], [-75.448692, 6.39823], [-75.448337, 6.39753], [-75.448651, 6.397464], [-75.448898, 6.39786], [-75.449516, 6.398226], [-75.449435, 6.398432], [-75.449215, 6.398518]]], [[[-75.448813, 6.398512], [-75.448776, 6.398573], [-75.448593, 6.398482], [-75.448728, 6.398462], [-75.448813, 6.398512]]], [[[-75.448707, 6.423775], [-75.448595, 6.423883], [-75.448459, 6.423767], [-75.448658, 6.423691], [-75.448707, 6.423775]]], [[[-75.448455, 6.414542], [-75.448404, 6.414432], [-75.448422, 6.414133], [-75.448516, 6.414325], [-75.448455, 6.414542]]], [[[-75.448485, 6.396625], [-75.448371, 6.396635], [-75.4484, 6.396414], [-75.448565, 6.396455], [-75.448485, 6.396625]]], [[[-75.448961, 6.419739], [-75.448843, 6.419777], [-75.448803, 6.419578], [-75.448489, 6.419329], [-75.448492, 6.419205], [-75.448839, 6.419227], [-75.448865, 6.419468], [-75.449021, 6.419584], [-75.448961, 6.419739]]], [[[-75.448842, 6.399673], [-75.448492, 6.399507], [-75.448662, 6.399226], [-75.449117, 6.399674], [-75.448842, 6.399673]]], [[[-75.448668, 6.412841], [-75.448715, 6.412795], [-75.44875, 6.412795], [-75.448668, 6.412841]]], [[[-75.448657, 6.395505], [-75.448508, 6.395978], [-75.448529, 6.395352], [-75.448657, 6.395505]]], [[[-75.448893, 6.414064], [-75.448817, 6.414006], [-75.448876, 6.413925], [-75.448893, 6.414064]]], [[[-75.449372, 6.423893], [-75.449183, 6.423846], [-75.449073, 6.423737], [-75.449402, 6.423716], [-75.449372, 6.423893]]], [[[-75.449362, 6.409571], [-75.44927, 6.409588], [-75.449236, 6.40945], [-75.449399, 6.40943], [-75.449362, 6.409571]]], [[[-75.449054, 6.338408], [-75.448935, 6.338366], [-75.448882, 6.338308], [-75.449072, 6.338319], [-75.449054, 6.338408]]], [[[-75.449485, 6.412498], [-75.4494, 6.412566], [-75.449298, 6.412465], [-75.449417, 6.41243], [-75.449485, 6.412498]]], [[[-75.449391, 6.395931], [-75.449227, 6.396018], [-75.449264, 6.39584], [-75.449391, 6.395931]]], [[[-75.449562, 6.349234], [-75.449479, 6.349573], [-75.449106, 6.349464], [-75.449287, 6.349063], [-75.449508, 6.349079], [-75.449562, 6.349234]]], [[[-75.450868, 6.419338], [-75.45051, 6.419424], [-75.450574, 6.419562], [-75.450832, 6.419626], [-75.450796, 6.419685], [-75.450354, 6.419672], [-75.450196, 6.41945], [-75.450037, 6.419743], [-75.449615, 6.419583], [-75.45, 6.419452], [-75.44985, 6.419198], [-75.450432, 6.419162], [-75.450548, 6.418907], [-75.450863, 6.419137], [-75.450937, 6.419238], [-75.450868, 6.419338]]], [[[-75.449647, 6.390808], [-75.449548, 6.390842], [-75.449506, 6.390831], [-75.449548, 6.39078], [-75.449647, 6.390808]]], [[[-75.450016, 6.40502], [-75.449696, 6.405147], [-75.449637, 6.40524], [-75.449785, 6.404947], [-75.449985, 6.404898], [-75.450016, 6.40502]]], [[[-75.450209, 6.346033], [-75.450359, 6.345791], [-75.450337, 6.345492], [-75.450097, 6.345686], [-75.449593, 6.34567], [-75.449947, 6.345457], [-75.450121, 6.345205], [-75.450576, 6.345514], [-75.450684, 6.34577], [-75.450694, 6.34598], [-75.450585, 6.346121], [-75.450236, 6.346131], [-75.450209, 6.346033]]], [[[-75.449539, 6.345248], [-75.449669, 6.345129], [-75.449815, 6.344904], [-75.449845, 6.345256], [-75.449597, 6.34534], [-75.449539, 6.345248]]], [[[-75.449825, 6.39261], [-75.449749, 6.392559], [-75.449765, 6.392463], [-75.449866, 6.392514], [-75.449825, 6.39261]]], [[[-75.451122, 6.42019], [-75.450996, 6.420281], [-75.450857, 6.42016], [-75.451031, 6.419974], [-75.451122, 6.42019]]], [[[-75.450765, 6.420007], [-75.450392, 6.420015], [-75.450368, 6.419992], [-75.450765, 6.420007]]], [[[-75.45083, 6.397291], [-75.450817, 6.397626], [-75.450701, 6.397654], [-75.450629, 6.397381], [-75.450326, 6.397249], [-75.450332, 6.396996], [-75.450659, 6.396937], [-75.450647, 6.397215], [-75.45083, 6.397291]]], [[[-75.450241, 6.347704], [-75.450123, 6.347761], [-75.450123, 6.347705], [-75.450241, 6.347704]]], [[[-75.450988, 6.346695], [-75.45107, 6.346602], [-75.45133, 6.346761], [-75.451106, 6.346779], [-75.450988, 6.346695]]], [[[-75.451157, 6.34601], [-75.451098, 6.34596], [-75.451084, 6.345784], [-75.451188, 6.3459], [-75.451157, 6.34601]]], [[[-75.451518, 6.407238], [-75.451401, 6.407295], [-75.4514, 6.407239], [-75.451518, 6.407238]]], [[[-75.452033, 6.405569], [-75.451895, 6.405631], [-75.451836, 6.405513], [-75.452033, 6.405467], [-75.452033, 6.405569]]], [[[-75.452411, 6.407152], [-75.452116, 6.407183], [-75.451895, 6.407326], [-75.451862, 6.406947], [-75.452154, 6.406882], [-75.45226, 6.406743], [-75.45243, 6.407018], [-75.452411, 6.407152]]], [[[-75.452556, 6.408634], [-75.452054, 6.408727], [-75.451985, 6.408508], [-75.452046, 6.408201], [-75.452308, 6.4081], [-75.452384, 6.407963], [-75.452497, 6.40818], [-75.452466, 6.408445], [-75.452556, 6.408634]]], [[[-75.452376, 6.40579], [-75.452315, 6.406075], [-75.452225, 6.406101], [-75.452241, 6.405794], [-75.452376, 6.40579]]], [[[-75.452487, 6.425447], [-75.452434, 6.425387], [-75.452436, 6.425348], [-75.452479, 6.425371], [-75.452487, 6.425447]]], [[[-75.455747, 6.342705], [-75.454832, 6.342423], [-75.452654, 6.34276], [-75.452577, 6.342667], [-75.452675, 6.342489], [-75.452643, 6.342307], [-75.452233, 6.341831], [-75.452136, 6.341461], [-75.452308, 6.341302], [-75.452678, 6.341448], [-75.452857, 6.341429], [-75.453581, 6.341941], [-75.454638, 6.341343], [-75.454945, 6.341483], [-75.45517, 6.341469], [-75.455305, 6.341614], [-75.455227, 6.341868], [-75.455285, 6.342116], [-75.455747, 6.342705]]], [[[-75.456787, 6.39347], [-75.456557, 6.393272], [-75.456274, 6.39329], [-75.456161, 6.393433], [-75.456109, 6.393742], [-75.455756, 6.393759], [-75.455478, 6.393905], [-75.454696, 6.394773], [-75.454363, 6.394952], [-75.454191, 6.3947], [-75.453867, 6.394721], [-75.453805, 6.393967], [-75.453582, 6.394016], [-75.453279, 6.394356], [-75.453147, 6.393281], [-75.452936, 6.393282], [-75.452625, 6.393482], [-75.452542, 6.393415], [-75.452478, 6.392872], [-75.45259, 6.39197], [-75.452809, 6.391714], [-75.453074, 6.391609], [-75.454886, 6.391524], [-75.455099, 6.391666], [-75.455134, 6.391898], [-75.454991, 6.391968], [-75.454765, 6.391849], [-75.454684, 6.392108], [-75.455845, 6.392367], [-75.455849, 6.392462], [-75.455587, 6.392747], [-75.45586, 6.392884], [-75.455806, 6.393234], [-75.456025, 6.393223], [-75.456293, 6.392824], [-75.456406, 6.392777], [-75.45661, 6.39303], [-75.456787, 6.39347]], [[-75.453911, 6.393362], [-75.45376, 6.393314], [-75.453705, 6.39344], [-75.453796, 6.393468], [-75.453911, 6.393362]], [[-75.455274, 6.392531], [-75.455186, 6.3926], [-75.455257, 6.392807], [-75.455339, 6.392683], [-75.455274, 6.392531]]], [[[-75.454873, 6.395021], [-75.454867, 6.39514], [-75.454718, 6.395177], [-75.45468, 6.395006], [-75.454873, 6.395021]]], [[[-75.45448, 6.421007], [-75.454627, 6.421002], [-75.45482, 6.421233], [-75.454786, 6.421456], [-75.454871, 6.421753], [-75.454468, 6.421488], [-75.454329, 6.4213], [-75.45448, 6.421007]]], [[[-75.45384, 6.422027], [-75.453466, 6.422167], [-75.45324, 6.421889], [-75.453368, 6.421839], [-75.45384, 6.422027]]], [[[-75.452891, 6.421817], [-75.452984, 6.421771], [-75.452996, 6.421771], [-75.452891, 6.421817]]], [[[-75.453111, 6.421771], [-75.45319, 6.421771], [-75.453224, 6.421783], [-75.453131, 6.421836], [-75.453111, 6.421771]]], [[[-75.454117, 6.422369], [-75.454095, 6.422708], [-75.453767, 6.422418], [-75.453942, 6.422219], [-75.454117, 6.422369]]], [[[-75.454585, 6.422789], [-75.45452, 6.423185], [-75.454616, 6.423219], [-75.454693, 6.423067], [-75.454728, 6.423157], [-75.454461, 6.423385], [-75.454322, 6.423262], [-75.454224, 6.422883], [-75.454362, 6.422681], [-75.454531, 6.422688], [-75.454585, 6.422789]]], [[[-75.452486, 6.336731], [-75.452477, 6.336646], [-75.452551, 6.33662], [-75.452573, 6.336701], [-75.452486, 6.336731]]], [[[-75.456822, 6.419928], [-75.456583, 6.419973], [-75.456602, 6.420094], [-75.456808, 6.420229], [-75.456573, 6.42046], [-75.456384, 6.420438], [-75.456276, 6.420265], [-75.45603, 6.420178], [-75.456401, 6.419699], [-75.456643, 6.419697], [-75.456822, 6.419928]]], [[[-75.456305, 6.419293], [-75.45607, 6.419232], [-75.455939, 6.418978], [-75.455774, 6.419049], [-75.455555, 6.418973], [-75.454935, 6.419261], [-75.454554, 6.418997], [-75.454236, 6.418927], [-75.454067, 6.418549], [-75.45358, 6.4184], [-75.453151, 6.418803], [-75.453147, 6.419042], [-75.453345, 6.419355], [-75.453291, 6.419418], [-75.453022, 6.419205], [-75.452898, 6.418652], [-75.452999, 6.418514], [-75.453245, 6.418468], [-75.453371, 6.418332], [-75.453929, 6.418296], [-75.454216, 6.418032], [-75.454461, 6.418023], [-75.454657, 6.418124], [-75.454886, 6.418528], [-75.455076, 6.418666], [-75.455297, 6.418647], [-75.455469, 6.418362], [-75.455837, 6.418453], [-75.455868, 6.418622], [-75.456123, 6.418794], [-75.456315, 6.419096], [-75.456305, 6.419293]]], [[[-75.452757, 6.378463], [-75.452741, 6.37853], [-75.452715, 6.37848], [-75.452757, 6.378463]]], [[[-75.453481, 6.337982], [-75.453094, 6.337672], [-75.453088, 6.337527], [-75.453499, 6.337823], [-75.453558, 6.337951], [-75.453481, 6.337982]]], [[[-75.455653, 6.388893], [-75.455516, 6.388983], [-75.455069, 6.388519], [-75.454742, 6.388404], [-75.454654, 6.387998], [-75.454229, 6.38751], [-75.454174, 6.3871], [-75.454587, 6.387401], [-75.454991, 6.38745], [-75.455215, 6.387923], [-75.455434, 6.38811], [-75.455383, 6.388371], [-75.455648, 6.388748], [-75.455653, 6.388893]]], [[[-75.454361, 6.410288], [-75.454361, 6.410349], [-75.45435, 6.410349], [-75.454361, 6.410288]]], [[[-75.454489, 6.339901], [-75.454613, 6.340017], [-75.454543, 6.340124], [-75.454296, 6.339948], [-75.454489, 6.339901]]], [[[-75.454916, 6.389089], [-75.454924, 6.389384], [-75.454632, 6.389603], [-75.454503, 6.389231], [-75.454563, 6.389001], [-75.454764, 6.388977], [-75.454916, 6.389089]]], [[[-75.455, 6.351926], [-75.455166, 6.351756], [-75.455302, 6.351789], [-75.455269, 6.351941], [-75.455, 6.351926]]], [[[-75.455503, 6.389749], [-75.455364, 6.389881], [-75.455321, 6.390216], [-75.455237, 6.389775], [-75.455347, 6.389678], [-75.455503, 6.389749]]], [[[-75.45612, 6.413901], [-75.456042, 6.413834], [-75.456047, 6.413777], [-75.456228, 6.413856], [-75.45612, 6.413901]]], [[[-75.456256, 6.416809], [-75.456229, 6.417091], [-75.456203, 6.417148], [-75.456122, 6.417061], [-75.456121, 6.416857], [-75.456188, 6.416738], [-75.456256, 6.416809]]], [[[-75.456738, 6.417258], [-75.45677, 6.417673], [-75.456731, 6.417776], [-75.456547, 6.417563], [-75.45662, 6.417218], [-75.456738, 6.417258]]], [[[-75.45633, 6.418397], [-75.45622, 6.418546], [-75.4561, 6.418371], [-75.456305, 6.418182], [-75.45633, 6.418397]]], [[[-75.456561, 6.386657], [-75.456338, 6.386764], [-75.456084, 6.386714], [-75.456285, 6.386559], [-75.456493, 6.386573], [-75.456561, 6.386657]]], [[[-75.456216, 6.347996], [-75.456199, 6.348117], [-75.456141, 6.348171], [-75.456109, 6.347985], [-75.456216, 6.347996]]], [[[-75.456383, 6.390919], [-75.456285, 6.390884], [-75.456352, 6.390742], [-75.456456, 6.390797], [-75.456383, 6.390919]]], [[[-75.45706, 6.40192], [-75.45687, 6.402253], [-75.456565, 6.402246], [-75.456951, 6.401885], [-75.45706, 6.40192]]], [[[-75.456735, 6.391156], [-75.456665, 6.391283], [-75.456669, 6.391125], [-75.456735, 6.391156]]], [[[-75.457039, 6.417649], [-75.456963, 6.417581], [-75.456963, 6.417522], [-75.457081, 6.41757], [-75.457039, 6.417649]]], [[[-75.457676, 6.342583], [-75.457244, 6.342955], [-75.457151, 6.34294], [-75.457324, 6.342653], [-75.457567, 6.342499], [-75.457676, 6.342583]]], [[[-75.457571, 6.393601], [-75.457474, 6.393602], [-75.457447, 6.39352], [-75.4576, 6.393511], [-75.457571, 6.393601]]], [[[-75.458027, 6.421041], [-75.457799, 6.421228], [-75.45763, 6.42109], [-75.457908, 6.420707], [-75.458086, 6.420881], [-75.458027, 6.421041]]], [[[-75.460033, 6.403479], [-75.459696, 6.403791], [-75.459608, 6.403517], [-75.459503, 6.403478], [-75.459379, 6.403941], [-75.459523, 6.404127], [-75.459115, 6.404432], [-75.458818, 6.404454], [-75.458736, 6.403838], [-75.458378, 6.403364], [-75.45845, 6.403235], [-75.458765, 6.403123], [-75.458781, 6.402871], [-75.45828, 6.402859], [-75.457561, 6.402705], [-75.45824, 6.402527], [-75.458219, 6.402058], [-75.458298, 6.401956], [-75.458659, 6.401853], [-75.459247, 6.40187], [-75.458715, 6.402423], [-75.45969, 6.40256], [-75.459679, 6.402873], [-75.460019, 6.402983], [-75.459936, 6.403174], [-75.460101, 6.403311], [-75.460033, 6.403479]], [[-75.45924, 6.403413], [-75.458791, 6.403507], [-75.458736, 6.403578], [-75.45905, 6.40364], [-75.459222, 6.403589], [-75.45924, 6.403413]], [[-75.459239, 6.403181], [-75.459263, 6.403058], [-75.459214, 6.403011], [-75.459093, 6.403156], [-75.459239, 6.403181]]], [[[-75.458246, 6.345061], [-75.458132, 6.345504], [-75.457809, 6.345536], [-75.457459, 6.345726], [-75.45729, 6.345704], [-75.457522, 6.345505], [-75.457862, 6.345378], [-75.45794, 6.345146], [-75.457879, 6.344837], [-75.458075, 6.344611], [-75.458228, 6.344689], [-75.458246, 6.345061]]], [[[-75.46083, 6.340653], [-75.460712, 6.340713], [-75.460265, 6.340499], [-75.460429, 6.340363], [-75.46083, 6.340653]]], [[[-75.46005, 6.340735], [-75.45995, 6.340956], [-75.459636, 6.341201], [-75.458557, 6.341338], [-75.458465, 6.341452], [-75.458471, 6.341725], [-75.458188, 6.341886], [-75.457703, 6.341661], [-75.457509, 6.341468], [-75.457454, 6.341299], [-75.457633, 6.34104], [-75.457804, 6.340996], [-75.458204, 6.341101], [-75.458511, 6.34087], [-75.459193, 6.340934], [-75.459494, 6.340832], [-75.459561, 6.340726], [-75.459309, 6.340581], [-75.458752, 6.340552], [-75.458228, 6.340182], [-75.458102, 6.340166], [-75.457628, 6.34038], [-75.457457, 6.340264], [-75.457407, 6.34009], [-75.457674, 6.339738], [-75.457901, 6.339622], [-75.458126, 6.339626], [-75.45845, 6.339844], [-75.459296, 6.340019], [-75.459731, 6.340349], [-75.46005, 6.340735]]], [[[-75.45996, 6.341216], [-75.460155, 6.341286], [-75.460183, 6.341373], [-75.459986, 6.341326], [-75.45996, 6.341216]]], [[[-75.45774, 6.409432], [-75.457684, 6.409339], [-75.457717, 6.409226], [-75.457773, 6.409309], [-75.45774, 6.409432]]], [[[-75.457896, 6.338251], [-75.458475, 6.338718], [-75.458367, 6.338835], [-75.458204, 6.338842], [-75.457856, 6.338585], [-75.457598, 6.33851], [-75.45755, 6.338355], [-75.457731, 6.338238], [-75.457896, 6.338251]]], [[[-75.459909, 6.388698], [-75.459729, 6.388887], [-75.459454, 6.388977], [-75.459531, 6.389632], [-75.459398, 6.389991], [-75.458762, 6.390501], [-75.458523, 6.39029], [-75.458411, 6.390004], [-75.457861, 6.389242], [-75.457701, 6.388254], [-75.457763, 6.388077], [-75.457954, 6.38791], [-75.458054, 6.387536], [-75.458374, 6.387263], [-75.458786, 6.387105], [-75.45907, 6.387219], [-75.459479, 6.387187], [-75.459622, 6.387296], [-75.459702, 6.387798], [-75.459929, 6.388221], [-75.459909, 6.388698]]], [[[-75.457873, 6.347553], [-75.457606, 6.347463], [-75.457709, 6.3472], [-75.457905, 6.347399], [-75.457873, 6.347553]]], [[[-75.462978, 6.41844], [-75.462611, 6.418499], [-75.462007, 6.418049], [-75.461573, 6.41819], [-75.461005, 6.417627], [-75.460858, 6.417622], [-75.460565, 6.417824], [-75.460347, 6.418147], [-75.460582, 6.41872], [-75.460471, 6.419186], [-75.460595, 6.419477], [-75.460595, 6.419735], [-75.460956, 6.420125], [-75.461031, 6.420463], [-75.460756, 6.420846], [-75.460386, 6.421037], [-75.460272, 6.420839], [-75.460341, 6.420591], [-75.460171, 6.420267], [-75.460239, 6.420082], [-75.460155, 6.419609], [-75.45946, 6.418659], [-75.459587, 6.418335], [-75.459574, 6.417991], [-75.459248, 6.417543], [-75.459128, 6.417013], [-75.458944, 6.41673], [-75.458666, 6.416489], [-75.458314, 6.416473], [-75.4582, 6.41583], [-75.458281, 6.415507], [-75.458532, 6.415568], [-75.458736, 6.415753], [-75.458393, 6.416125], [-75.458423, 6.416205], [-75.458766, 6.416212], [-75.45909, 6.415942], [-75.459609, 6.415879], [-75.460322, 6.415953], [-75.460362, 6.416168], [-75.460524, 6.416191], [-75.460872, 6.415773], [-75.460663, 6.41532], [-75.460657, 6.414447], [-75.460757, 6.414184], [-75.461539, 6.415241], [-75.461964, 6.415513], [-75.462207, 6.415858], [-75.462439, 6.416013], [-75.462346, 6.416605], [-75.462559, 6.417187], [-75.462919, 6.417378], [-75.462832, 6.417652], [-75.462999, 6.41775], [-75.462967, 6.418002], [-75.463079, 6.418295], [-75.462978, 6.41844]], [[-75.462172, 6.416449], [-75.462078, 6.416491], [-75.462076, 6.416632], [-75.462208, 6.416605], [-75.462172, 6.416449]]], [[[-75.459235, 6.393104], [-75.459019, 6.393064], [-75.458336, 6.392596], [-75.458158, 6.392367], [-75.458125, 6.392164], [-75.458561, 6.392366], [-75.459235, 6.393104]]], [[[-75.458527, 6.42101], [-75.458468, 6.42108], [-75.458478, 6.420991], [-75.458527, 6.42101]]], [[[-75.459542, 6.346035], [-75.459603, 6.346391], [-75.459278, 6.3466], [-75.459182, 6.34695], [-75.458823, 6.346937], [-75.458344, 6.346471], [-75.458414, 6.346335], [-75.458761, 6.346325], [-75.459192, 6.345976], [-75.459542, 6.346035]]], [[[-75.458158, 6.346141], [-75.458132, 6.345887], [-75.458312, 6.34614], [-75.458158, 6.346141]]], [[[-75.458771, 6.424145], [-75.45871, 6.424301], [-75.458737, 6.424112], [-75.458771, 6.424145]]], [[[-75.458801, 6.344172], [-75.458724, 6.34425], [-75.458545, 6.344241], [-75.458696, 6.344131], [-75.458801, 6.344172]]], [[[-75.459553, 6.393667], [-75.459197, 6.394311], [-75.459098, 6.394387], [-75.458948, 6.394349], [-75.459057, 6.394048], [-75.459553, 6.393667]]], [[[-75.458655, 6.394078], [-75.458609, 6.394019], [-75.458612, 6.393963], [-75.458709, 6.394026], [-75.458655, 6.394078]]], [[[-75.458381, 6.343496], [-75.458381, 6.343557], [-75.45837, 6.343558], [-75.458381, 6.343496]]], [[[-75.458565, 6.349049], [-75.458498, 6.348968], [-75.458497, 6.348277], [-75.45894, 6.348518], [-75.458565, 6.349049]]], [[[-75.459032, 6.349842], [-75.458896, 6.349777], [-75.45887, 6.349645], [-75.459099, 6.349776], [-75.459032, 6.349842]]], [[[-75.45987, 6.430655], [-75.459662, 6.430826], [-75.459492, 6.430657], [-75.459644, 6.430555], [-75.459847, 6.430571], [-75.45987, 6.430655]]], [[[-75.459359, 6.343915], [-75.459309, 6.344016], [-75.459132, 6.343995], [-75.459241, 6.343859], [-75.459359, 6.343915]]], [[[-75.459372, 6.350221], [-75.459225, 6.350179], [-75.459234, 6.35001], [-75.45939, 6.35008], [-75.459372, 6.350221]]], [[[-75.459462, 6.350386], [-75.459509, 6.35048], [-75.459425, 6.350537], [-75.459412, 6.35042], [-75.459462, 6.350386]]], [[[-75.459404, 6.343649], [-75.459178, 6.343594], [-75.459304, 6.343429], [-75.459529, 6.343411], [-75.459555, 6.343563], [-75.459404, 6.343649]]], [[[-75.459373, 6.342056], [-75.45934, 6.342149], [-75.459289, 6.342098], [-75.459373, 6.342056]]], [[[-75.4608, 6.346908], [-75.460312, 6.346905], [-75.460384, 6.346606], [-75.460055, 6.346422], [-75.460072, 6.346201], [-75.459895, 6.34602], [-75.460345, 6.34595], [-75.460716, 6.346056], [-75.460851, 6.346213], [-75.461072, 6.346229], [-75.460748, 6.346708], [-75.4608, 6.346908]]], [[[-75.460533, 6.401174], [-75.460472, 6.401419], [-75.460382, 6.401417], [-75.460398, 6.401149], [-75.460533, 6.401174]]], [[[-75.460866, 6.401678], [-75.4608, 6.401907], [-75.460755, 6.401932], [-75.46072, 6.401679], [-75.460787, 6.401526], [-75.460866, 6.401678]]], [[[-75.460812, 6.347558], [-75.460684, 6.34744], [-75.460821, 6.347201], [-75.461016, 6.347378], [-75.460924, 6.347539], [-75.460812, 6.347558]]], [[[-75.460843, 6.339848], [-75.460685, 6.33989], [-75.460794, 6.339686], [-75.460842, 6.339746], [-75.460843, 6.339848]]], [[[-75.460616, 6.341547], [-75.46067, 6.341462], [-75.460732, 6.341529], [-75.4607, 6.34158], [-75.460616, 6.341547]]], [[[-75.461252, 6.349653], [-75.460897, 6.350078], [-75.460882, 6.349634], [-75.461221, 6.349464], [-75.461252, 6.349653]]], [[[-75.461232, 6.393765], [-75.461135, 6.393756], [-75.461125, 6.393624], [-75.461261, 6.393638], [-75.461232, 6.393765]]], [[[-75.46151, 6.34304], [-75.461145, 6.343068], [-75.461044, 6.343017], [-75.461413, 6.342899], [-75.4616, 6.342946], [-75.46151, 6.34304]]], [[[-75.463339, 6.423445], [-75.462952, 6.423487], [-75.462718, 6.423029], [-75.462557, 6.423313], [-75.46243, 6.423374], [-75.462233, 6.422793], [-75.461977, 6.422642], [-75.461879, 6.422747], [-75.461787, 6.42238], [-75.461527, 6.422106], [-75.461461, 6.421705], [-75.46154, 6.421344], [-75.46175, 6.421122], [-75.462105, 6.421088], [-75.462152, 6.421276], [-75.461676, 6.421995], [-75.462488, 6.422795], [-75.46292, 6.42301], [-75.463269, 6.423313], [-75.463339, 6.423445]]], [[[-75.462336, 6.420807], [-75.462457, 6.42118], [-75.462373, 6.421241], [-75.462305, 6.421106], [-75.462336, 6.420807]]], [[[-75.461261, 6.339176], [-75.461157, 6.339204], [-75.461192, 6.339099], [-75.461261, 6.339176]]], [[[-75.461209, 6.34028], [-75.461192, 6.340354], [-75.461162, 6.340351], [-75.461209, 6.34028]]], [[[-75.461534, 6.394484], [-75.461433, 6.394484], [-75.461408, 6.394442], [-75.461534, 6.394484]]], [[[-75.46339, 6.400264], [-75.463244, 6.400693], [-75.462827, 6.400822], [-75.462705, 6.401146], [-75.462373, 6.401288], [-75.462215, 6.401531], [-75.462044, 6.401536], [-75.461893, 6.401755], [-75.461611, 6.401579], [-75.461609, 6.401326], [-75.461503, 6.401187], [-75.461714, 6.401012], [-75.46167, 6.400757], [-75.46229, 6.400595], [-75.462596, 6.400232], [-75.462887, 6.400092], [-75.463256, 6.400059], [-75.46339, 6.400264]]], [[[-75.463327, 6.408076], [-75.462798, 6.408792], [-75.4625, 6.408989], [-75.462315, 6.40898], [-75.462075, 6.408724], [-75.462088, 6.408543], [-75.462342, 6.408459], [-75.462432, 6.408249], [-75.46297, 6.407753], [-75.463144, 6.407765], [-75.463314, 6.407915], [-75.463327, 6.408076]]], [[[-75.462298, 6.389878], [-75.462144, 6.390186], [-75.462051, 6.390171], [-75.462057, 6.389886], [-75.462298, 6.389878]]], [[[-75.462291, 6.342544], [-75.461881, 6.342458], [-75.46193, 6.342052], [-75.462112, 6.342176], [-75.462062, 6.342402], [-75.462291, 6.342544]]], [[[-75.467579, 6.393039], [-75.466715, 6.39359], [-75.466443, 6.393413], [-75.466126, 6.393541], [-75.465931, 6.393445], [-75.465358, 6.393954], [-75.465075, 6.394077], [-75.46422, 6.393632], [-75.463298, 6.393817], [-75.463116, 6.393671], [-75.463135, 6.393462], [-75.463053, 6.393379], [-75.462926, 6.393474], [-75.46252, 6.393456], [-75.462493, 6.393696], [-75.462081, 6.393346], [-75.462245, 6.393261], [-75.462301, 6.393069], [-75.462718, 6.392581], [-75.462682, 6.391947], [-75.463363, 6.391053], [-75.463232, 6.390665], [-75.463356, 6.390364], [-75.463454, 6.390452], [-75.46357, 6.390962], [-75.463799, 6.39108], [-75.464508, 6.391155], [-75.464717, 6.391437], [-75.464819, 6.391758], [-75.465013, 6.391868], [-75.465376, 6.391909], [-75.465892, 6.391806], [-75.466179, 6.39152], [-75.466489, 6.391519], [-75.466507, 6.391778], [-75.466258, 6.392014], [-75.466438, 6.392289], [-75.466486, 6.393295], [-75.466685, 6.393315], [-75.466964, 6.392619], [-75.467652, 6.392621], [-75.467579, 6.393039]], [[-75.464092, 6.392007], [-75.464, 6.391982], [-75.463953, 6.392086], [-75.464096, 6.392158], [-75.464092, 6.392007]]], [[[-75.462098, 6.341198], [-75.462028, 6.341215], [-75.462026, 6.341098], [-75.461844, 6.340932], [-75.461889, 6.3406], [-75.462127, 6.34092], [-75.462098, 6.341198]]], [[[-75.462641, 6.419614], [-75.462618, 6.419525], [-75.462725, 6.419505], [-75.462747, 6.419602], [-75.462641, 6.419614]]], [[[-75.463705, 6.347169], [-75.463699, 6.346974], [-75.463754, 6.346808], [-75.46392, 6.347224], [-75.463817, 6.34726], [-75.463705, 6.347169]]], [[[-75.463468, 6.347063], [-75.463253, 6.347254], [-75.463278, 6.347816], [-75.463169, 6.347897], [-75.463074, 6.347409], [-75.462927, 6.34716], [-75.462331, 6.347051], [-75.462218, 6.34696], [-75.462178, 6.346331], [-75.462303, 6.346337], [-75.463468, 6.347063]]], [[[-75.462366, 6.348472], [-75.462449, 6.348189], [-75.462658, 6.34848], [-75.462963, 6.348528], [-75.462604, 6.348608], [-75.462366, 6.348472]]], [[[-75.46252, 6.342136], [-75.462639, 6.342198], [-75.462493, 6.342187], [-75.46252, 6.342136]]], [[[-75.465164, 6.411942], [-75.464633, 6.411772], [-75.464378, 6.411796], [-75.464174, 6.411928], [-75.464211, 6.412055], [-75.464749, 6.412099], [-75.464882, 6.412224], [-75.46466, 6.412313], [-75.464471, 6.412533], [-75.464159, 6.412354], [-75.463947, 6.412414], [-75.463922, 6.412612], [-75.464145, 6.412727], [-75.464018, 6.412803], [-75.463295, 6.41269], [-75.463003, 6.412413], [-75.463141, 6.412268], [-75.46319, 6.412058], [-75.463571, 6.41186], [-75.46362, 6.411614], [-75.464203, 6.411394], [-75.464126, 6.410998], [-75.464252, 6.410921], [-75.464605, 6.410931], [-75.464764, 6.411028], [-75.464842, 6.411239], [-75.464798, 6.411376], [-75.465133, 6.411518], [-75.465235, 6.411793], [-75.465164, 6.411942]]], [[[-75.4633, 6.346314], [-75.462789, 6.346334], [-75.462863, 6.346003], [-75.463245, 6.346148], [-75.4633, 6.346314]]], [[[-75.463912, 6.424374], [-75.46393, 6.424425], [-75.463879, 6.424425], [-75.463912, 6.424374]]], [[[-75.463658, 6.424436], [-75.463508, 6.4245], [-75.463478, 6.424739], [-75.463285, 6.42475], [-75.463225, 6.424576], [-75.463279, 6.424095], [-75.463596, 6.42428], [-75.463658, 6.424436]]], [[[-75.463251, 6.394102], [-75.463173, 6.394018], [-75.463314, 6.394032], [-75.463251, 6.394102]]], [[[-75.463077, 6.35469], [-75.462958, 6.354589], [-75.463036, 6.354414], [-75.463251, 6.354565], [-75.463077, 6.35469]]], [[[-75.463162, 6.356078], [-75.463015, 6.355919], [-75.463235, 6.355326], [-75.463401, 6.35547], [-75.463458, 6.35568], [-75.463162, 6.356078]]], [[[-75.46339, 6.401988], [-75.463392, 6.402437], [-75.463251, 6.402474], [-75.46325, 6.402093], [-75.46339, 6.401988]]], [[[-75.463381, 6.401796], [-75.463334, 6.401372], [-75.463367, 6.401288], [-75.463381, 6.401796]]], [[[-75.463547, 6.426603], [-75.463362, 6.426264], [-75.463464, 6.426214], [-75.463646, 6.426526], [-75.463547, 6.426603]]], [[[-75.463109, 6.36025], [-75.463058, 6.360265], [-75.463059, 6.360217], [-75.463109, 6.36025]]], [[[-75.463747, 6.402792], [-75.463634, 6.402738], [-75.463695, 6.402489], [-75.463763, 6.402639], [-75.463747, 6.402792]]], [[[-75.463642, 6.407898], [-75.463666, 6.407584], [-75.463752, 6.407414], [-75.463756, 6.408151], [-75.463642, 6.407898]]], [[[-75.463774, 6.413048], [-75.463743, 6.413141], [-75.463698, 6.413048], [-75.463774, 6.413048]]], [[[-75.464301, 6.416695], [-75.464076, 6.416628], [-75.463871, 6.416353], [-75.464196, 6.416371], [-75.464347, 6.416619], [-75.464301, 6.416695]]], [[[-75.464067, 6.399394], [-75.464022, 6.400021], [-75.463926, 6.400098], [-75.463783, 6.399709], [-75.463849, 6.399378], [-75.464067, 6.399394]]], [[[-75.46438, 6.418139], [-75.464047, 6.418377], [-75.463923, 6.418303], [-75.464087, 6.418192], [-75.464226, 6.417929], [-75.46438, 6.418139]]], [[[-75.464774, 6.353248], [-75.464574, 6.353349], [-75.464401, 6.353615], [-75.464119, 6.353717], [-75.464096, 6.354051], [-75.463599, 6.354032], [-75.46359, 6.353554], [-75.463969, 6.35332], [-75.464073, 6.353032], [-75.464284, 6.353012], [-75.464474, 6.352808], [-75.4648, 6.353089], [-75.464774, 6.353248]]], [[[-75.465934, 6.418661], [-75.465725, 6.418681], [-75.465542, 6.418814], [-75.465633, 6.418987], [-75.465491, 6.419058], [-75.465402, 6.41924], [-75.465383, 6.41992], [-75.465103, 6.419816], [-75.464999, 6.420119], [-75.464039, 6.419346], [-75.464166, 6.418986], [-75.464653, 6.418534], [-75.464819, 6.418558], [-75.465005, 6.418773], [-75.465306, 6.418632], [-75.465326, 6.418738], [-75.465424, 6.418746], [-75.465524, 6.418551], [-75.465689, 6.4185], [-75.465966, 6.418532], [-75.465934, 6.418661]], [[-75.465166, 6.418969], [-75.464996, 6.418969], [-75.464893, 6.419033], [-75.465141, 6.419113], [-75.465305, 6.419075], [-75.465166, 6.418969]]], [[[-75.464899, 6.42023], [-75.464899, 6.420346], [-75.464786, 6.420341], [-75.464899, 6.42023]]], [[[-75.464061, 6.408181], [-75.464004, 6.408088], [-75.464037, 6.407975], [-75.464094, 6.408058], [-75.464061, 6.408181]]], [[[-75.464356, 6.415556], [-75.464128, 6.415597], [-75.464077, 6.415541], [-75.464356, 6.415556]]], [[[-75.464375, 6.416008], [-75.464147, 6.416094], [-75.464088, 6.416027], [-75.464375, 6.416008]]], [[[-75.464301, 6.356838], [-75.464178, 6.356962], [-75.4642, 6.356788], [-75.464301, 6.356838]]], [[[-75.464601, 6.420752], [-75.46454, 6.420794], [-75.464601, 6.420701], [-75.464601, 6.420752]]], [[[-75.464543, 6.417419], [-75.464555, 6.417299], [-75.464708, 6.417298], [-75.464645, 6.417418], [-75.464543, 6.417419]]], [[[-75.464509, 6.403763], [-75.464435, 6.403695], [-75.464493, 6.403469], [-75.464544, 6.403627], [-75.464509, 6.403763]]], [[[-75.464276, 6.346745], [-75.464197, 6.346793], [-75.464163, 6.346751], [-75.464276, 6.346745]]], [[[-75.464735, 6.400227], [-75.464539, 6.400035], [-75.464609, 6.399849], [-75.46475, 6.399834], [-75.464849, 6.399926], [-75.464847, 6.400218], [-75.464735, 6.400227]]], [[[-75.465164, 6.426571], [-75.464913, 6.426734], [-75.464746, 6.426611], [-75.465075, 6.426354], [-75.465241, 6.426416], [-75.465164, 6.426571]]], [[[-75.464892, 6.403117], [-75.464879, 6.403385], [-75.464857, 6.403405], [-75.464788, 6.403143], [-75.464892, 6.403117]]], [[[-75.464715, 6.346407], [-75.464565, 6.346438], [-75.464523, 6.346388], [-75.464638, 6.346359], [-75.464715, 6.346407]]], [[[-75.464949, 6.410247], [-75.464903, 6.410225], [-75.464987, 6.410203], [-75.464949, 6.410247]]], [[[-75.465606, 6.412946], [-75.465254, 6.413258], [-75.465031, 6.413181], [-75.465723, 6.412674], [-75.465606, 6.412946]]], [[[-75.465107, 6.400175], [-75.465051, 6.400115], [-75.465084, 6.400059], [-75.465141, 6.400108], [-75.465107, 6.400175]]], [[[-75.465377, 6.416902], [-75.465278, 6.41686], [-75.465283, 6.41679], [-75.465389, 6.416835], [-75.465377, 6.416902]]], [[[-75.465339, 6.395579], [-75.465255, 6.395556], [-75.465246, 6.395447], [-75.465378, 6.395437], [-75.465339, 6.395579]]], [[[-75.465464, 6.406196], [-75.465387, 6.406044], [-75.465514, 6.40571], [-75.465531, 6.406045], [-75.465464, 6.406196]]], [[[-75.466807, 6.42125], [-75.466553, 6.42122], [-75.466476, 6.421108], [-75.466959, 6.421138], [-75.466807, 6.42125]]], [[[-75.465912, 6.421313], [-75.465723, 6.421207], [-75.465754, 6.420975], [-75.465556, 6.420918], [-75.465523, 6.420832], [-75.465973, 6.42082], [-75.466056, 6.421036], [-75.466243, 6.421086], [-75.466131, 6.421245], [-75.465912, 6.421313]]], [[[-75.466108, 6.426856], [-75.466029, 6.426746], [-75.466113, 6.426641], [-75.466272, 6.426853], [-75.466108, 6.426856]]], [[[-75.465717, 6.426663], [-75.465623, 6.426892], [-75.465558, 6.426895], [-75.465583, 6.426689], [-75.465717, 6.426663]]], [[[-75.46678, 6.344911], [-75.466493, 6.34516], [-75.46564, 6.345263], [-75.465551, 6.344789], [-75.465449, 6.344768], [-75.465394, 6.344885], [-75.4653, 6.344788], [-75.465626, 6.344525], [-75.466301, 6.345017], [-75.466808, 6.344647], [-75.46678, 6.344911]]], [[[-75.465698, 6.394924], [-75.465664, 6.394798], [-75.465861, 6.394717], [-75.465804, 6.394915], [-75.465698, 6.394924]]], [[[-75.465896, 6.408191], [-75.465793, 6.408169], [-75.465718, 6.407926], [-75.465888, 6.40808], [-75.465896, 6.408191]]], [[[-75.466226, 6.41373], [-75.466104, 6.413944], [-75.465918, 6.41392], [-75.466183, 6.413583], [-75.466226, 6.41373]]], [[[-75.46614, 6.413129], [-75.465986, 6.413099], [-75.465984, 6.412994], [-75.46614, 6.413129]]], [[[-75.465775, 6.352734], [-75.465806, 6.352643], [-75.465865, 6.352626], [-75.465881, 6.352756], [-75.465775, 6.352734]]], [[[-75.465947, 6.353623], [-75.465777, 6.353542], [-75.465962, 6.353363], [-75.466031, 6.353505], [-75.465947, 6.353623]]], [[[-75.466831, 6.411087], [-75.466753, 6.411135], [-75.46667, 6.411053], [-75.466776, 6.411032], [-75.466831, 6.411087]]], [[[-75.466584, 6.41093], [-75.466274, 6.410924], [-75.466228, 6.410789], [-75.466388, 6.41048], [-75.466461, 6.410625], [-75.466683, 6.410734], [-75.466584, 6.41093]]], [[[-75.46632, 6.434631], [-75.466397, 6.434563], [-75.466482, 6.434647], [-75.466371, 6.434681], [-75.46632, 6.434631]]], [[[-75.466085, 6.347124], [-75.466035, 6.347316], [-75.466051, 6.347087], [-75.466085, 6.347124]]], [[[-75.46619, 6.353076], [-75.466043, 6.353125], [-75.466001, 6.3531], [-75.466116, 6.353018], [-75.46619, 6.353076]]], [[[-75.466308, 6.405594], [-75.466268, 6.4055], [-75.466324, 6.405387], [-75.466342, 6.405526], [-75.466308, 6.405594]]], [[[-75.466502, 6.35399], [-75.46622, 6.35402], [-75.466121, 6.353967], [-75.466304, 6.353876], [-75.466502, 6.35399]]], [[[-75.466469, 6.347179], [-75.46636, 6.347215], [-75.466452, 6.347068], [-75.466469, 6.347179]]], [[[-75.466409, 6.34743], [-75.466417, 6.347723], [-75.466263, 6.347734], [-75.466409, 6.34743]]], [[[-75.466943, 6.418451], [-75.466863, 6.418504], [-75.466872, 6.418359], [-75.466943, 6.418451]]], [[[-75.466711, 6.348174], [-75.466697, 6.347904], [-75.466755, 6.347836], [-75.466867, 6.348174], [-75.466711, 6.348174]]], [[[-75.467261, 6.362976], [-75.466884, 6.363115], [-75.466799, 6.363047], [-75.466928, 6.362753], [-75.46716, 6.362836], [-75.467261, 6.362976]]], [[[-75.467438, 6.408505], [-75.467263, 6.408633], [-75.467076, 6.408639], [-75.467195, 6.408069], [-75.467275, 6.408141], [-75.467476, 6.408107], [-75.467602, 6.408215], [-75.467438, 6.408505]]], [[[-75.466869, 6.354672], [-75.466968, 6.354616], [-75.467137, 6.354648], [-75.467037, 6.354705], [-75.466869, 6.354672]]], [[[-75.467821, 6.396617], [-75.467599, 6.396836], [-75.467383, 6.396544], [-75.467623, 6.396344], [-75.467821, 6.396617]]], [[[-75.46764, 6.395118], [-75.467537, 6.395148], [-75.467447, 6.39523], [-75.467489, 6.395026], [-75.46764, 6.395118]]], [[[-75.467646, 6.404019], [-75.467543, 6.403986], [-75.467553, 6.403769], [-75.467628, 6.403884], [-75.467646, 6.404019]]], [[[-75.467319, 6.362499], [-75.467395, 6.362474], [-75.467412, 6.362516], [-75.467319, 6.362499]]], [[[-75.469139, 6.406219], [-75.468967, 6.406061], [-75.468863, 6.406289], [-75.468704, 6.406279], [-75.468761, 6.405873], [-75.468876, 6.405672], [-75.469096, 6.40573], [-75.469258, 6.405933], [-75.469242, 6.406136], [-75.469139, 6.406219]]], [[[-75.468574, 6.406025], [-75.468412, 6.406145], [-75.468296, 6.406069], [-75.468268, 6.405383], [-75.46835, 6.404925], [-75.468426, 6.40497], [-75.468442, 6.405525], [-75.468574, 6.406025]]], [[[-75.468137, 6.405625], [-75.468021, 6.405881], [-75.467824, 6.405911], [-75.467789, 6.405623], [-75.467857, 6.405502], [-75.468084, 6.405517], [-75.468137, 6.405625]]], [[[-75.468217, 6.391381], [-75.467802, 6.391908], [-75.467798, 6.391168], [-75.468217, 6.391381]]], [[[-75.468155, 6.404446], [-75.468065, 6.404698], [-75.46791, 6.404548], [-75.467875, 6.404384], [-75.46807, 6.404294], [-75.468155, 6.404446]]], [[[-75.468333, 6.396866], [-75.468114, 6.396918], [-75.468063, 6.396868], [-75.468333, 6.396866]]], [[[-75.469286, 6.415027], [-75.469112, 6.41524], [-75.469057, 6.415243], [-75.469204, 6.414924], [-75.469286, 6.415027]]], [[[-75.468776, 6.415723], [-75.468672, 6.415807], [-75.468598, 6.415773], [-75.468742, 6.415591], [-75.468776, 6.415723]]], [[[-75.468612, 6.399132], [-75.468542, 6.399022], [-75.468592, 6.398895], [-75.468689, 6.398993], [-75.468612, 6.399132]]], [[[-75.468643, 6.396631], [-75.468558, 6.396555], [-75.468609, 6.39647], [-75.468693, 6.396536], [-75.468643, 6.396631]]], [[[-75.469129, 6.397024], [-75.469026, 6.397677], [-75.468855, 6.397655], [-75.468734, 6.397797], [-75.468681, 6.397315], [-75.468915, 6.397416], [-75.469006, 6.39692], [-75.469129, 6.397024]]], [[[-75.469067, 6.394765], [-75.468842, 6.394567], [-75.46883, 6.394475], [-75.469065, 6.394592], [-75.469067, 6.394765]]], [[[-75.46906, 6.395076], [-75.468975, 6.395157], [-75.469, 6.395053], [-75.46906, 6.395076]]], [[[-75.469781, 6.409038], [-75.469368, 6.408754], [-75.469376, 6.408595], [-75.469606, 6.408554], [-75.469714, 6.408618], [-75.469781, 6.409038]]], [[[-75.469116, 6.408482], [-75.46932, 6.408507], [-75.469327, 6.408569], [-75.469209, 6.408582], [-75.469116, 6.408482]]], [[[-75.469123, 6.396024], [-75.469093, 6.396117], [-75.469073, 6.396024], [-75.469123, 6.396024]]], [[[-75.469221, 6.361544], [-75.469187, 6.361646], [-75.468979, 6.361624], [-75.469119, 6.361477], [-75.469221, 6.361544]]], [[[-75.470596, 6.43021], [-75.469718, 6.429704], [-75.469798, 6.429404], [-75.470134, 6.429102], [-75.470068, 6.428735], [-75.470523, 6.429174], [-75.470732, 6.429632], [-75.47081, 6.430012], [-75.470737, 6.430171], [-75.470596, 6.43021]], [[-75.470417, 6.429513], [-75.470397, 6.429257], [-75.470259, 6.429348], [-75.47011, 6.42929], [-75.469978, 6.429452], [-75.470109, 6.429569], [-75.470417, 6.429513]]], [[[-75.469949, 6.423328], [-75.469862, 6.423201], [-75.46986, 6.422926], [-75.47002, 6.423096], [-75.469949, 6.423328]]], [[[-75.469947, 6.42221], [-75.469825, 6.422552], [-75.469879, 6.422159], [-75.469947, 6.42221]]], [[[-75.474914, 6.415862], [-75.474601, 6.416119], [-75.474456, 6.416058], [-75.474537, 6.415776], [-75.474854, 6.415516], [-75.475013, 6.415655], [-75.474914, 6.415862]]], [[[-75.474111, 6.415725], [-75.473612, 6.415719], [-75.473139, 6.41542], [-75.47274, 6.415643], [-75.472666, 6.415938], [-75.472933, 6.416404], [-75.472942, 6.416616], [-75.472742, 6.417031], [-75.471965, 6.417927], [-75.47134, 6.417466], [-75.471229, 6.417278], [-75.471074, 6.417362], [-75.471236, 6.417543], [-75.471109, 6.417647], [-75.470652, 6.417382], [-75.470371, 6.417373], [-75.470408, 6.417202], [-75.470768, 6.41673], [-75.470832, 6.416374], [-75.470355, 6.415819], [-75.470269, 6.415515], [-75.469868, 6.41505], [-75.470093, 6.414857], [-75.470505, 6.414712], [-75.470644, 6.414107], [-75.470893, 6.413983], [-75.471998, 6.414079], [-75.472364, 6.414279], [-75.472419, 6.414472], [-75.473682, 6.414348], [-75.473765, 6.414215], [-75.473659, 6.414034], [-75.473201, 6.414006], [-75.472782, 6.414151], [-75.472556, 6.413868], [-75.472321, 6.413814], [-75.472301, 6.413716], [-75.472527, 6.41363], [-75.47277, 6.413787], [-75.473169, 6.413556], [-75.473725, 6.41355], [-75.47412, 6.41386], [-75.47429, 6.414215], [-75.474661, 6.414295], [-75.474916, 6.414461], [-75.474872, 6.41462], [-75.474686, 6.414775], [-75.474361, 6.414768], [-75.474003, 6.415047], [-75.473899, 6.415299], [-75.474111, 6.415725]]], [[[-75.470406, 6.412044], [-75.470294, 6.412103], [-75.470271, 6.411963], [-75.470372, 6.411977], [-75.470406, 6.412044]]], [[[-75.470659, 6.39837], [-75.470606, 6.398311], [-75.470617, 6.398272], [-75.470685, 6.398294], [-75.470659, 6.39837]]], [[[-75.472917, 6.411317], [-75.472841, 6.411374], [-75.472841, 6.411274], [-75.472917, 6.411317]]], [[[-75.472606, 6.411224], [-75.472475, 6.411265], [-75.472291, 6.410892], [-75.472029, 6.410867], [-75.471925, 6.410694], [-75.471747, 6.410705], [-75.47159, 6.410424], [-75.471428, 6.410344], [-75.471392, 6.409864], [-75.471579, 6.409655], [-75.471567, 6.409442], [-75.471308, 6.409336], [-75.471075, 6.40937], [-75.470915, 6.409795], [-75.470668, 6.409508], [-75.470737, 6.409079], [-75.471708, 6.409011], [-75.472068, 6.408894], [-75.471764, 6.409323], [-75.471991, 6.409402], [-75.471944, 6.409681], [-75.472336, 6.409821], [-75.472563, 6.410151], [-75.472756, 6.410257], [-75.472532, 6.410722], [-75.472647, 6.411101], [-75.472606, 6.411224]]], [[[-75.471465, 6.425265], [-75.471414, 6.425316], [-75.471414, 6.42524], [-75.471465, 6.425265]]], [[[-75.471473, 6.425054], [-75.471466, 6.424906], [-75.471557, 6.424913], [-75.471473, 6.425054]]], [[[-75.47183, 6.401485], [-75.471769, 6.401802], [-75.471597, 6.401812], [-75.471418, 6.401522], [-75.471408, 6.401218], [-75.47178, 6.401198], [-75.47183, 6.401485]]], [[[-75.472366, 6.412565], [-75.472016, 6.412924], [-75.471789, 6.412983], [-75.471648, 6.412914], [-75.47166, 6.412634], [-75.472253, 6.412495], [-75.472342, 6.412329], [-75.472467, 6.41231], [-75.472366, 6.412565]]], [[[-75.471891, 6.399178], [-75.471695, 6.39932], [-75.47166, 6.399044], [-75.471905, 6.398969], [-75.471891, 6.399178]]], [[[-75.474536, 6.353451], [-75.474538, 6.35354], [-75.474741, 6.35368], [-75.474714, 6.353934], [-75.473981, 6.354212], [-75.473925, 6.354558], [-75.473735, 6.354721], [-75.47299, 6.354767], [-75.472504, 6.354661], [-75.471669, 6.354018], [-75.471623, 6.353516], [-75.47173, 6.352491], [-75.471849, 6.352356], [-75.472181, 6.35256], [-75.472458, 6.350939], [-75.472581, 6.350935], [-75.472857, 6.35112], [-75.473028, 6.350152], [-75.473153, 6.34993], [-75.473305, 6.349951], [-75.473597, 6.350257], [-75.473832, 6.350321], [-75.473969, 6.350457], [-75.473754, 6.350918], [-75.473821, 6.351333], [-75.47428, 6.351891], [-75.474227, 6.352147], [-75.474363, 6.352438], [-75.474839, 6.352899], [-75.474735, 6.353048], [-75.47486, 6.353346], [-75.474536, 6.353451]]], [[[-75.472003, 6.393951], [-75.471902, 6.394061], [-75.471901, 6.393959], [-75.472003, 6.393951]]], [[[-75.472667, 6.42577], [-75.472398, 6.425719], [-75.472158, 6.425718], [-75.472414, 6.425648], [-75.472667, 6.42577]]], [[[-75.472378, 6.402329], [-75.472109, 6.401963], [-75.47216, 6.401878], [-75.472386, 6.402047], [-75.472495, 6.402294], [-75.472378, 6.402329]]], [[[-75.472514, 6.41328], [-75.472387, 6.413405], [-75.472345, 6.413382], [-75.472387, 6.413281], [-75.472514, 6.41328]]], [[[-75.472799, 6.409275], [-75.472489, 6.409335], [-75.472387, 6.409268], [-75.472497, 6.409182], [-75.472799, 6.409275]]], [[[-75.472968, 6.399774], [-75.472596, 6.399746], [-75.473002, 6.399738], [-75.472968, 6.399774]]], [[[-75.472753, 6.397368], [-75.472596, 6.39742], [-75.472595, 6.397338], [-75.472753, 6.397368]]], [[[-75.472978, 6.402981], [-75.472802, 6.402734], [-75.472812, 6.402508], [-75.473036, 6.402676], [-75.473062, 6.402913], [-75.472978, 6.402981]]], [[[-75.473693, 6.400371], [-75.473217, 6.400423], [-75.473097, 6.400401], [-75.473124, 6.400326], [-75.473326, 6.40029], [-75.473693, 6.400371]]], [[[-75.473777, 6.426943], [-75.473692, 6.426859], [-75.47376, 6.426797], [-75.47381, 6.426847], [-75.473777, 6.426943]]], [[[-75.47414, 6.401312], [-75.47388, 6.401338], [-75.473826, 6.401079], [-75.473584, 6.400809], [-75.473926, 6.400804], [-75.47399, 6.401055], [-75.474246, 6.401166], [-75.47414, 6.401312]]], [[[-75.473822, 6.40352], [-75.473662, 6.403571], [-75.473636, 6.403419], [-75.473805, 6.403419], [-75.473822, 6.40352]]], [[[-75.481315, 6.416778], [-75.481189, 6.416918], [-75.480804, 6.417029], [-75.480936, 6.41746], [-75.480809, 6.41741], [-75.480574, 6.417514], [-75.47977, 6.418199], [-75.478871, 6.417149], [-75.479135, 6.4169], [-75.47928, 6.416581], [-75.479248, 6.416376], [-75.478953, 6.415942], [-75.47918, 6.415248], [-75.478856, 6.414884], [-75.478412, 6.414798], [-75.478613, 6.414133], [-75.478309, 6.413713], [-75.477665, 6.413179], [-75.477486, 6.413186], [-75.476782, 6.413591], [-75.475574, 6.412983], [-75.474967, 6.413611], [-75.475748, 6.414617], [-75.475777, 6.414715], [-75.475676, 6.414768], [-75.475322, 6.414436], [-75.475219, 6.414027], [-75.474903, 6.413844], [-75.474893, 6.413495], [-75.475128, 6.413098], [-75.475104, 6.412897], [-75.474619, 6.412386], [-75.474322, 6.412259], [-75.474288, 6.412124], [-75.475249, 6.411951], [-75.47533, 6.411879], [-75.475389, 6.411449], [-75.475781, 6.41136], [-75.475901, 6.41146], [-75.475781, 6.411622], [-75.475797, 6.411822], [-75.4764, 6.412085], [-75.476451, 6.412369], [-75.476644, 6.412638], [-75.476875, 6.412648], [-75.477078, 6.412523], [-75.47729, 6.412681], [-75.478375, 6.412777], [-75.478448, 6.412847], [-75.478423, 6.413234], [-75.478487, 6.413356], [-75.47906, 6.41337], [-75.479489, 6.413652], [-75.479974, 6.413764], [-75.480186, 6.414264], [-75.480497, 6.414338], [-75.480821, 6.414721], [-75.481102, 6.414821], [-75.481041, 6.415392], [-75.480672, 6.415417], [-75.480617, 6.415492], [-75.480892, 6.416238], [-75.481341, 6.416463], [-75.481315, 6.416778]], [[-75.479473, 6.414147], [-75.478953, 6.414162], [-75.478878, 6.41422], [-75.479392, 6.4143], [-75.479521, 6.414266], [-75.479473, 6.414147]], [[-75.480301, 6.415341], [-75.480201, 6.415342], [-75.480228, 6.415462], [-75.480327, 6.415445], [-75.480301, 6.415341]], [[-75.480715, 6.416927], [-75.480327, 6.416611], [-75.480248, 6.416643], [-75.480255, 6.416847], [-75.48035, 6.416956], [-75.480715, 6.416927]]], [[[-75.477279, 6.41455], [-75.477612, 6.414334], [-75.47781, 6.41454], [-75.477708, 6.414739], [-75.477363, 6.414932], [-75.477181, 6.414757], [-75.477279, 6.41455]]], [[[-75.475284, 6.403934], [-75.475296, 6.404499], [-75.475136, 6.404705], [-75.475053, 6.404593], [-75.475199, 6.40433], [-75.475102, 6.404068], [-75.475144, 6.403915], [-75.475284, 6.403934]]], [[[-75.474917, 6.367349], [-75.47501, 6.36741], [-75.474866, 6.367399], [-75.474917, 6.367349]]], [[[-75.475401, 6.399382], [-75.475297, 6.399433], [-75.475204, 6.399382], [-75.475288, 6.399331], [-75.475401, 6.399382]]], [[[-75.476116, 6.422276], [-75.475829, 6.42259], [-75.475824, 6.422353], [-75.475602, 6.422154], [-75.475668, 6.421933], [-75.475916, 6.421706], [-75.476199, 6.421903], [-75.476116, 6.422276]]], [[[-75.475879, 6.405156], [-75.47577, 6.405126], [-75.475621, 6.405361], [-75.47552, 6.405376], [-75.475523, 6.404721], [-75.475623, 6.404348], [-75.475717, 6.404462], [-75.475748, 6.404925], [-75.475965, 6.405062], [-75.475879, 6.405156]]], [[[-75.47586, 6.399786], [-75.475683, 6.399849], [-75.475624, 6.399838], [-75.47586, 6.399786]]], [[[-75.47612, 6.400228], [-75.476021, 6.400277], [-75.475987, 6.400192], [-75.476046, 6.400163], [-75.47612, 6.400228]]], [[[-75.476891, 6.427827], [-75.476517, 6.427484], [-75.476421, 6.427292], [-75.476295, 6.427251], [-75.476281, 6.427095], [-75.476775, 6.427378], [-75.476995, 6.427298], [-75.477138, 6.427342], [-75.477266, 6.427545], [-75.477182, 6.427839], [-75.477413, 6.427836], [-75.477159, 6.427953], [-75.476891, 6.427827]]], [[[-75.476892, 6.425027], [-75.476945, 6.425484], [-75.476912, 6.425662], [-75.476892, 6.425027]]], [[[-75.476687, 6.425748], [-75.476712, 6.425867], [-75.476637, 6.425918], [-75.476636, 6.425782], [-75.476687, 6.425748]]], [[[-75.477104, 6.430366], [-75.477001, 6.430366], [-75.47694, 6.43016], [-75.476679, 6.430071], [-75.47665, 6.429837], [-75.476968, 6.429851], [-75.477031, 6.430091], [-75.477171, 6.43022], [-75.477104, 6.430366]]], [[[-75.477489, 6.408271], [-75.4773, 6.408168], [-75.47717, 6.407656], [-75.476816, 6.407458], [-75.47672, 6.407021], [-75.476975, 6.407105], [-75.477187, 6.407494], [-75.477848, 6.407807], [-75.477832, 6.408044], [-75.477489, 6.408271]]], [[[-75.477065, 6.431553], [-75.476963, 6.431539], [-75.476969, 6.431463], [-75.477053, 6.431448], [-75.477065, 6.431553]]], [[[-75.477717, 6.425171], [-75.477385, 6.425381], [-75.477255, 6.425245], [-75.47722, 6.424542], [-75.47751, 6.424075], [-75.477655, 6.424003], [-75.477876, 6.424053], [-75.477647, 6.424138], [-75.477573, 6.424325], [-75.477871, 6.424893], [-75.477717, 6.425171]]], [[[-75.477649, 6.430117], [-75.477484, 6.430112], [-75.477442, 6.430079], [-75.477649, 6.430117]]], [[[-75.478749, 6.428315], [-75.47845, 6.428286], [-75.478188, 6.4281], [-75.478177, 6.427953], [-75.478378, 6.427606], [-75.478323, 6.427374], [-75.478647, 6.427551], [-75.479044, 6.427473], [-75.479294, 6.427611], [-75.479187, 6.427859], [-75.478749, 6.428315]]], [[[-75.478515, 6.405162], [-75.478284, 6.405143], [-75.4783, 6.40488], [-75.478427, 6.40486], [-75.478518, 6.404948], [-75.478578, 6.405088], [-75.478515, 6.405162]]], [[[-75.478195, 6.369568], [-75.478068, 6.369537], [-75.478068, 6.36943], [-75.478265, 6.369491], [-75.478195, 6.369568]]], [[[-75.479452, 6.370231], [-75.47939, 6.370265], [-75.479339, 6.370232], [-75.47939, 6.370198], [-75.479452, 6.370231]]], [[[-75.480049, 6.429007], [-75.480236, 6.428904], [-75.480297, 6.428939], [-75.480177, 6.429117], [-75.480049, 6.429007]]], [[[-75.479913, 6.428886], [-75.47983, 6.428855], [-75.479835, 6.428805], [-75.479913, 6.428886]]], [[[-75.480127, 6.422418], [-75.479892, 6.422438], [-75.479834, 6.422382], [-75.480127, 6.422418]]], [[[-75.48083, 6.409734], [-75.480594, 6.409669], [-75.480211, 6.409211], [-75.480555, 6.409296], [-75.480823, 6.409612], [-75.48083, 6.409734]]], [[[-75.482019, 6.41057], [-75.481756, 6.410505], [-75.481423, 6.41014], [-75.482097, 6.410261], [-75.482137, 6.410417], [-75.482019, 6.41057]]], [[[-75.481553, 6.411047], [-75.480952, 6.410593], [-75.480755, 6.410519], [-75.48133, 6.410582], [-75.481627, 6.410721], [-75.481687, 6.410928], [-75.481553, 6.411047]]], [[[-75.480762, 6.410624], [-75.480695, 6.410604], [-75.480697, 6.410573], [-75.480762, 6.410624]]], [[[-75.482024, 6.419551], [-75.481713, 6.41995], [-75.481549, 6.419971], [-75.481201, 6.419638], [-75.481124, 6.419359], [-75.481197, 6.41925], [-75.481671, 6.419056], [-75.48184, 6.419251], [-75.482078, 6.419347], [-75.482024, 6.419551]]], [[[-75.481383, 6.392048], [-75.481318, 6.39225], [-75.481305, 6.391945], [-75.481383, 6.392048]]], [[[-75.48162, 6.368254], [-75.481406, 6.368187], [-75.481368, 6.368117], [-75.481479, 6.368019], [-75.481649, 6.368035], [-75.481782, 6.368203], [-75.48162, 6.368254]]], [[[-75.481929, 6.42474], [-75.481868, 6.424774], [-75.481817, 6.42474], [-75.481867, 6.424706], [-75.481929, 6.42474]]], [[[-75.482175, 6.425786], [-75.482069, 6.425805], [-75.482019, 6.425714], [-75.4822, 6.425534], [-75.482175, 6.425786]]], [[[-75.482622, 6.42305], [-75.482336, 6.423057], [-75.482251, 6.422968], [-75.482587, 6.422965], [-75.482622, 6.42305]]], [[[-75.482843, 6.411515], [-75.482645, 6.411411], [-75.482584, 6.4112], [-75.48285, 6.411209], [-75.482843, 6.411515]]], [[[-75.482533, 6.411652], [-75.482327, 6.411641], [-75.48225, 6.411583], [-75.482529, 6.411572], [-75.482533, 6.411652]]], [[[-75.483345, 6.410822], [-75.482909, 6.410843], [-75.482828, 6.410755], [-75.483324, 6.410713], [-75.483345, 6.410822]]], [[[-75.483102, 6.396248], [-75.483086, 6.396287], [-75.483041, 6.396239], [-75.483102, 6.396248]]], [[[-75.484508, 6.412555], [-75.484397, 6.412837], [-75.484119, 6.412862], [-75.483967, 6.413178], [-75.483808, 6.4132], [-75.483656, 6.413425], [-75.48353, 6.41346], [-75.484064, 6.412665], [-75.483791, 6.412406], [-75.484253, 6.412353], [-75.484392, 6.412386], [-75.484508, 6.412555]]], [[[-75.483439, 6.413357], [-75.483374, 6.413306], [-75.483376, 6.413275], [-75.483439, 6.413357]]], [[[-75.484133, 6.413727], [-75.484103, 6.413913], [-75.483981, 6.413728], [-75.484133, 6.413727]]], [[[-75.485257, 6.413957], [-75.485127, 6.413913], [-75.485013, 6.414215], [-75.484898, 6.414195], [-75.484362, 6.413281], [-75.484572, 6.413287], [-75.484705, 6.413657], [-75.484816, 6.413747], [-75.485001, 6.413683], [-75.485101, 6.413445], [-75.485301, 6.413436], [-75.485364, 6.413783], [-75.485257, 6.413957]]], [[[-75.48525, 6.412868], [-75.48497, 6.412809], [-75.484843, 6.412664], [-75.485235, 6.412678], [-75.48525, 6.412868]]], [[[-75.485236, 6.416386], [-75.48524, 6.416292], [-75.485367, 6.416291], [-75.485321, 6.416386], [-75.485236, 6.416386]]], [[[-75.486132, 6.414265], [-75.485858, 6.414297], [-75.485777, 6.414188], [-75.48611, 6.414178], [-75.486132, 6.414265]]], [[[-75.486615, 6.391879], [-75.486439, 6.39188], [-75.486287, 6.391796], [-75.486669, 6.391755], [-75.486615, 6.391879]]], [[[-75.487519, 6.41714], [-75.487471, 6.417283], [-75.487233, 6.41731], [-75.487183, 6.417781], [-75.487013, 6.417741], [-75.486729, 6.417424], [-75.486838, 6.417327], [-75.486778, 6.417127], [-75.486875, 6.417031], [-75.487298, 6.417023], [-75.487519, 6.41714]]], [[[-75.486826, 6.396609], [-75.48681, 6.396676], [-75.486784, 6.396626], [-75.486826, 6.396609]]], [[[-75.48775, 6.418154], [-75.487538, 6.418174], [-75.487436, 6.418065], [-75.487868, 6.418036], [-75.48775, 6.418154]]], [[[-75.488783, 6.416373], [-75.488542, 6.416418], [-75.48794, 6.415985], [-75.487953, 6.415846], [-75.488127, 6.415723], [-75.488093, 6.415488], [-75.488472, 6.415511], [-75.488797, 6.416197], [-75.488783, 6.416373]]], [[[-75.488121, 6.41147], [-75.488081, 6.411427], [-75.488132, 6.411402], [-75.488121, 6.41147]]], [[[-75.488425, 6.415175], [-75.48845, 6.415082], [-75.488658, 6.415011], [-75.488518, 6.415153], [-75.488425, 6.415175]]], [[[-75.488797, 6.421011], [-75.488688, 6.421146], [-75.48852, 6.420899], [-75.488749, 6.420898], [-75.488797, 6.421011]]], [[[-75.488613, 6.417312], [-75.488542, 6.417254], [-75.488593, 6.417169], [-75.488669, 6.417224], [-75.488613, 6.417312]]], [[[-75.489076, 6.420717], [-75.488877, 6.420694], [-75.4887, 6.420556], [-75.48915, 6.420548], [-75.489177, 6.420632], [-75.489076, 6.420717]]], [[[-75.48884, 6.414613], [-75.48878, 6.414486], [-75.488851, 6.414387], [-75.488903, 6.414529], [-75.48884, 6.414613]]], [[[-75.443995, 6.343093], [-75.444062, 6.343142], [-75.444007, 6.343226], [-75.443933, 6.343197], [-75.443995, 6.343093]]], [[[-75.444608, 6.340624], [-75.444644, 6.340728], [-75.444531, 6.340794], [-75.444453, 6.340651], [-75.444608, 6.340624]]], [[[-75.461757, 6.419748], [-75.461834, 6.419847], [-75.461756, 6.419968], [-75.461311, 6.420313], [-75.461757, 6.419748]]], [[[-75.453174, 6.424585], [-75.453253, 6.424706], [-75.453222, 6.424746], [-75.453038, 6.424586], [-75.453174, 6.424585]]], [[[-75.445656, 6.35987], [-75.445545, 6.360044], [-75.445317, 6.360161], [-75.445432, 6.359982], [-75.445656, 6.35987]]], [[[-75.43411, 6.348759], [-75.434316, 6.348632], [-75.434365, 6.348673], [-75.434165, 6.348906], [-75.434012, 6.348958], [-75.43411, 6.348759]]], [[[-75.439692, 6.423263], [-75.439733, 6.42315], [-75.439777, 6.42322], [-75.439692, 6.423263]]], [[[-75.429021, 6.346587], [-75.429038, 6.346745], [-75.428875, 6.346778], [-75.428852, 6.346619], [-75.429021, 6.346587]]], [[[-75.429127, 6.353278], [-75.429279, 6.353628], [-75.428947, 6.35334], [-75.428963, 6.353174], [-75.429142, 6.353021], [-75.429208, 6.353078], [-75.429127, 6.353278]]], [[[-75.428965, 6.365319], [-75.42883, 6.365511], [-75.428715, 6.365358], [-75.428859, 6.36523], [-75.428965, 6.365319]]], [[[-75.424527, 6.358674], [-75.424488, 6.358781], [-75.424294, 6.358836], [-75.424376, 6.358713], [-75.424527, 6.358674]]], [[[-75.414935, 6.392974], [-75.414938, 6.393116], [-75.414648, 6.393275], [-75.414435, 6.393205], [-75.414221, 6.39293], [-75.414653, 6.393093], [-75.414935, 6.392974]]]]}, "properties": {"clase": 2, "area_ha": 250.96420573331764}}, {"type": "Feature", "geometry": {"type": "MultiPolygon", "coordinates": [[[[-75.403245, 6.353469], [-75.403242, 6.353396], [-75.403327, 6.353451], [-75.403245, 6.353469]]], [[[-75.4043, 6.360665], [-75.404027, 6.360726], [-75.403598, 6.360144], [-75.403773, 6.3602], [-75.403995, 6.360441], [-75.404351, 6.360416], [-75.404385, 6.360558], [-75.4043, 6.360665]]], [[[-75.406242, 6.37359], [-75.406042, 6.373591], [-75.405967, 6.373715], [-75.405848, 6.373265], [-75.405316, 6.372848], [-75.405719, 6.372349], [-75.405626, 6.37222], [-75.40568, 6.372125], [-75.406176, 6.372203], [-75.405849, 6.372949], [-75.406238, 6.373436], [-75.406242, 6.37359]]], [[[-75.405709, 6.359078], [-75.405573, 6.359089], [-75.405542, 6.35903], [-75.405708, 6.358958], [-75.405709, 6.359078]]], [[[-75.405977, 6.374995], [-75.405813, 6.375133], [-75.405687, 6.375056], [-75.405669, 6.374757], [-75.405758, 6.374555], [-75.405934, 6.374697], [-75.406076, 6.374675], [-75.405977, 6.374995]]], [[[-75.4064, 6.376626], [-75.406203, 6.376771], [-75.406078, 6.376936], [-75.406086, 6.37661], [-75.4064, 6.376626]]], [[[-75.406311, 6.351265], [-75.406269, 6.351208], [-75.406328, 6.351058], [-75.406344, 6.351197], [-75.406311, 6.351265]]], [[[-75.406711, 6.374131], [-75.406477, 6.374425], [-75.406664, 6.373848], [-75.406711, 6.374131]]], [[[-75.408931, 6.370504], [-75.40879, 6.370863], [-75.408478, 6.37111], [-75.407914, 6.37087], [-75.407656, 6.370991], [-75.407644, 6.371195], [-75.407533, 6.371188], [-75.407466, 6.370973], [-75.407217, 6.370892], [-75.407102, 6.370758], [-75.407375, 6.37052], [-75.407894, 6.370308], [-75.408149, 6.370358], [-75.408381, 6.370599], [-75.408931, 6.370504]]], [[[-75.407545, 6.371426], [-75.407467, 6.371474], [-75.407433, 6.371432], [-75.407545, 6.371426]]], [[[-75.408035, 6.377072], [-75.407886, 6.377012], [-75.407878, 6.376922], [-75.408079, 6.376775], [-75.408111, 6.377018], [-75.408035, 6.377072]]], [[[-75.407766, 6.376828], [-75.407644, 6.376771], [-75.407829, 6.37655], [-75.407867, 6.376726], [-75.407766, 6.376828]]], [[[-75.407968, 6.378578], [-75.407718, 6.3787], [-75.407725, 6.37837], [-75.407951, 6.378426], [-75.407968, 6.378578]]], [[[-75.408064, 6.356736], [-75.408003, 6.356798], [-75.408014, 6.356685], [-75.408064, 6.356736]]], [[[-75.408692, 6.378719], [-75.408326, 6.378787], [-75.408207, 6.378695], [-75.408376, 6.378593], [-75.408663, 6.378583], [-75.408692, 6.378719]]], [[[-75.408364, 6.386527], [-75.408378, 6.386358], [-75.408437, 6.386307], [-75.40847, 6.386606], [-75.408364, 6.386527]]], [[[-75.408953, 6.377646], [-75.40875, 6.377647], [-75.408836, 6.377384], [-75.408454, 6.377168], [-75.408749, 6.377181], [-75.409008, 6.377373], [-75.409071, 6.377527], [-75.408953, 6.377646]]], [[[-75.408786, 6.375865], [-75.408676, 6.37585], [-75.408651, 6.375792], [-75.408839, 6.375759], [-75.408786, 6.375865]]], [[[-75.409254, 6.384777], [-75.409101, 6.384838], [-75.409047, 6.384969], [-75.40911, 6.384635], [-75.409329, 6.384625], [-75.409254, 6.384777]]], [[[-75.40894, 6.38453], [-75.408785, 6.38453], [-75.408749, 6.384437], [-75.409044, 6.384396], [-75.40894, 6.38453]]], [[[-75.408765, 6.384698], [-75.408788, 6.384767], [-75.408715, 6.384757], [-75.408765, 6.384698]]], [[[-75.408917, 6.378415], [-75.408958, 6.37802], [-75.408983, 6.377991], [-75.409044, 6.378414], [-75.408917, 6.378415]]], [[[-75.408971, 6.379012], [-75.408931, 6.378935], [-75.408987, 6.37885], [-75.409004, 6.378961], [-75.408971, 6.379012]]], [[[-75.409099, 6.386942], [-75.40895, 6.386649], [-75.408983, 6.386564], [-75.409131, 6.386744], [-75.409099, 6.386942]]], [[[-75.409175, 6.378663], [-75.409279, 6.378595], [-75.409364, 6.378679], [-75.409225, 6.378713], [-75.409175, 6.378663]]], [[[-75.409298, 6.380219], [-75.409268, 6.380374], [-75.409222, 6.38022], [-75.409298, 6.380219]]], [[[-75.409603, 6.379037], [-75.409454, 6.379071], [-75.409412, 6.379019], [-75.409527, 6.378989], [-75.409603, 6.379037]]], [[[-75.409334, 6.379343], [-75.409277, 6.379278], [-75.40931, 6.379164], [-75.409366, 6.379229], [-75.409334, 6.379343]]], [[[-75.412655, 6.387756], [-75.412441, 6.387766], [-75.412396, 6.387703], [-75.412549, 6.387677], [-75.412655, 6.387756]]], [[[-75.412244, 6.38759], [-75.411794, 6.387605], [-75.411716, 6.388009], [-75.411382, 6.387583], [-75.411016, 6.387753], [-75.410768, 6.387725], [-75.410061, 6.387899], [-75.409695, 6.387679], [-75.409687, 6.38745], [-75.409838, 6.387332], [-75.409894, 6.387126], [-75.409755, 6.386808], [-75.409855, 6.38624], [-75.409742, 6.386025], [-75.409787, 6.385789], [-75.409718, 6.385521], [-75.409568, 6.385363], [-75.40943, 6.385423], [-75.409368, 6.38535], [-75.409402, 6.384975], [-75.409584, 6.384924], [-75.409692, 6.384759], [-75.409748, 6.385209], [-75.410114, 6.38517], [-75.410329, 6.38542], [-75.410621, 6.385277], [-75.410992, 6.385654], [-75.410842, 6.385794], [-75.410786, 6.386197], [-75.41092, 6.386462], [-75.410891, 6.386582], [-75.410017, 6.386471], [-75.40989, 6.386599], [-75.409896, 6.38675], [-75.410768, 6.387247], [-75.411082, 6.387159], [-75.412244, 6.38759]]], [[[-75.410236, 6.385032], [-75.410266, 6.384936], [-75.410312, 6.38503], [-75.410236, 6.385032]]], [[[-75.409929, 6.384656], [-75.409777, 6.384436], [-75.40963, 6.384391], [-75.409718, 6.384167], [-75.409812, 6.384328], [-75.410085, 6.384338], [-75.410064, 6.384632], [-75.409929, 6.384656]]], [[[-75.409527, 6.376606], [-75.409426, 6.376674], [-75.4094, 6.37665], [-75.409527, 6.376606]]], [[[-75.409806, 6.374082], [-75.409756, 6.374125], [-75.409756, 6.374074], [-75.409806, 6.374082]]], [[[-75.409787, 6.363925], [-75.409702, 6.363859], [-75.409752, 6.363747], [-75.409837, 6.363813], [-75.409787, 6.363925]]], [[[-75.410146, 6.391179], [-75.410073, 6.391181], [-75.410128, 6.391097], [-75.410146, 6.391179]]], [[[-75.410153, 6.388604], [-75.410213, 6.388502], [-75.410272, 6.388511], [-75.410279, 6.388643], [-75.410153, 6.388604]]], [[[-75.410593, 6.374606], [-75.410495, 6.374816], [-75.410276, 6.374778], [-75.410368, 6.374594], [-75.410593, 6.374606]]], [[[-75.410622, 6.389808], [-75.410377, 6.38978], [-75.410399, 6.389527], [-75.41056, 6.389697], [-75.410763, 6.389731], [-75.410622, 6.389808]]], [[[-75.41055, 6.382081], [-75.410473, 6.381996], [-75.410489, 6.381773], [-75.410591, 6.381872], [-75.41055, 6.382081]]], [[[-75.411048, 6.388366], [-75.410861, 6.388413], [-75.410754, 6.388636], [-75.410496, 6.388766], [-75.410733, 6.388093], [-75.410987, 6.388114], [-75.411048, 6.388366]]], [[[-75.411411, 6.377217], [-75.41117, 6.377295], [-75.411095, 6.377144], [-75.410794, 6.376963], [-75.411008, 6.376877], [-75.411077, 6.377042], [-75.411383, 6.377075], [-75.411411, 6.377217]]], [[[-75.411234, 6.392], [-75.410989, 6.392139], [-75.410935, 6.392036], [-75.411175, 6.391959], [-75.411234, 6.392]]], [[[-75.411467, 6.388912], [-75.411252, 6.38904], [-75.410997, 6.388883], [-75.411332, 6.388663], [-75.411482, 6.388799], [-75.411467, 6.388912]]], [[[-75.411162, 6.372951], [-75.410968, 6.372969], [-75.410908, 6.372896], [-75.411128, 6.372884], [-75.411162, 6.372951]]], [[[-75.418008, 6.394083], [-75.417437, 6.394242], [-75.417167, 6.394411], [-75.416654, 6.394448], [-75.416574, 6.394562], [-75.416607, 6.394849], [-75.416515, 6.394893], [-75.416324, 6.394803], [-75.416256, 6.394637], [-75.416422, 6.394269], [-75.41661, 6.394175], [-75.417113, 6.394196], [-75.417127, 6.394059], [-75.416945, 6.394018], [-75.416328, 6.39413], [-75.415984, 6.39396], [-75.415554, 6.393914], [-75.415625, 6.394018], [-75.416021, 6.394065], [-75.416219, 6.394305], [-75.416104, 6.394878], [-75.415925, 6.394995], [-75.415617, 6.395038], [-75.415053, 6.394938], [-75.415018, 6.39481], [-75.415191, 6.394745], [-75.415137, 6.394349], [-75.415007, 6.394372], [-75.414971, 6.394706], [-75.414851, 6.394669], [-75.414764, 6.394257], [-75.41462, 6.394606], [-75.414439, 6.394608], [-75.414442, 6.394151], [-75.414138, 6.394742], [-75.414237, 6.394901], [-75.414107, 6.394926], [-75.414014, 6.395159], [-75.413882, 6.395136], [-75.413721, 6.395257], [-75.413442, 6.39524], [-75.413254, 6.395348], [-75.412661, 6.395355], [-75.412633, 6.3953], [-75.412856, 6.395264], [-75.412879, 6.395189], [-75.412695, 6.395123], [-75.412439, 6.395168], [-75.412313, 6.395037], [-75.412323, 6.395177], [-75.412176, 6.395165], [-75.411657, 6.3945], [-75.41161, 6.394201], [-75.411336, 6.394138], [-75.4113, 6.393857], [-75.411331, 6.393782], [-75.411471, 6.393827], [-75.411659, 6.393761], [-75.411621, 6.393593], [-75.411699, 6.393412], [-75.411847, 6.393642], [-75.412327, 6.393546], [-75.412306, 6.39344], [-75.411997, 6.393437], [-75.411957, 6.393237], [-75.412257, 6.393214], [-75.41255, 6.392868], [-75.412993, 6.392758], [-75.412474, 6.39249], [-75.412554, 6.392311], [-75.412856, 6.392439], [-75.412945, 6.392586], [-75.413111, 6.392569], [-75.41317, 6.39277], [-75.413371, 6.392525], [-75.413966, 6.392643], [-75.414255, 6.392478], [-75.4151, 6.392264], [-75.414927, 6.39216], [-75.414476, 6.392235], [-75.414154, 6.392093], [-75.414138, 6.391977], [-75.414321, 6.392014], [-75.414377, 6.39193], [-75.414185, 6.391665], [-75.414192, 6.391387], [-75.414117, 6.391274], [-75.413866, 6.391464], [-75.413815, 6.391886], [-75.413467, 6.391737], [-75.413194, 6.391746], [-75.413622, 6.391384], [-75.413896, 6.390876], [-75.414144, 6.39079], [-75.414531, 6.390828], [-75.414613, 6.391058], [-75.414884, 6.390746], [-75.414981, 6.390933], [-75.415116, 6.390971], [-75.414945, 6.391094], [-75.415142, 6.391421], [-75.415014, 6.39192], [-75.415846, 6.392417], [-75.416214, 6.392747], [-75.416334, 6.393019], [-75.416173, 6.393366], [-75.416196, 6.393518], [-75.416502, 6.393563], [-75.417199, 6.393344], [-75.417639, 6.393465], [-75.417797, 6.393415], [-75.417835, 6.393717], [-75.418075, 6.393913], [-75.418008, 6.394083]], [[-75.412221, 6.394537], [-75.412069, 6.394451], [-75.411943, 6.394542], [-75.412078, 6.394633], [-75.412221, 6.394537]], [[-75.412434, 6.394238], [-75.412228, 6.39423], [-75.412241, 6.394341], [-75.412405, 6.394471], [-75.412332, 6.394624], [-75.412572, 6.394485], [-75.412434, 6.394238]], [[-75.413438, 6.393873], [-75.412949, 6.393929], [-75.412545, 6.393826], [-75.412411, 6.394052], [-75.412727, 6.393949], [-75.413028, 6.394308], [-75.413313, 6.394367], [-75.413314, 6.394566], [-75.41367, 6.394703], [-75.413791, 6.394891], [-75.41395, 6.39488], [-75.41352, 6.394376], [-75.413556, 6.394232], [-75.413384, 6.394068], [-75.413438, 6.393873]], [[-75.413718, 6.393143], [-75.413119, 6.393387], [-75.412965, 6.393643], [-75.413101, 6.393648], [-75.413248, 6.393499], [-75.413477, 6.393491], [-75.413718, 6.393143]], [[-75.414968, 6.393016], [-75.414879, 6.392964], [-75.414551, 6.393088], [-75.414221, 6.392921], [-75.414426, 6.3932], [-75.414674, 6.393324], [-75.414956, 6.39315], [-75.414968, 6.393016]], [[-75.415498, 6.394174], [-75.415339, 6.394211], [-75.415424, 6.39438], [-75.415549, 6.394275], [-75.415498, 6.394174]], [[-75.415891, 6.394748], [-75.415844, 6.39448], [-75.415799, 6.394461], [-75.415733, 6.394723], [-75.415891, 6.394748]], [[-75.417162, 6.393855], [-75.417346, 6.393905], [-75.417389, 6.393854], [-75.417162, 6.393855]]], [[[-75.417232, 6.394573], [-75.41706, 6.394803], [-75.416948, 6.394821], [-75.417055, 6.394611], [-75.417232, 6.394573]]], [[[-75.416139, 6.395264], [-75.416066, 6.395313], [-75.415969, 6.395311], [-75.416058, 6.395261], [-75.416139, 6.395264]]], [[[-75.415672, 6.395297], [-75.415358, 6.395396], [-75.41518, 6.39523], [-75.415364, 6.395106], [-75.415794, 6.395136], [-75.415672, 6.395297]]], [[[-75.414618, 6.394837], [-75.414804, 6.39522], [-75.414745, 6.395304], [-75.414541, 6.395199], [-75.414468, 6.394879], [-75.414618, 6.394837]]], [[[-75.411754, 6.37502], [-75.411714, 6.374943], [-75.41177, 6.374859], [-75.411787, 6.374969], [-75.411754, 6.37502]]], [[[-75.411617, 6.37514], [-75.411325, 6.375174], [-75.411247, 6.375151], [-75.411617, 6.37514]]], [[[-75.411801, 6.389868], [-75.411799, 6.390207], [-75.411757, 6.39023], [-75.411679, 6.390012], [-75.411801, 6.389868]]], [[[-75.411544, 6.389989], [-75.411373, 6.390041], [-75.411361, 6.390023], [-75.411544, 6.389989]]], [[[-75.415412, 6.374478], [-75.415159, 6.374731], [-75.414861, 6.374797], [-75.414808, 6.374907], [-75.414624, 6.37482], [-75.414963, 6.375621], [-75.414978, 6.375888], [-75.41514, 6.376117], [-75.415241, 6.376671], [-75.415107, 6.377095], [-75.4146, 6.377213], [-75.414328, 6.376873], [-75.413851, 6.376704], [-75.413904, 6.376476], [-75.413793, 6.3763], [-75.413926, 6.37627], [-75.414062, 6.376395], [-75.414373, 6.376476], [-75.414394, 6.376694], [-75.414766, 6.376882], [-75.414689, 6.37662], [-75.415012, 6.376586], [-75.415041, 6.376196], [-75.414742, 6.376057], [-75.414682, 6.375728], [-75.414551, 6.375858], [-75.414572, 6.376179], [-75.414437, 6.376273], [-75.41431, 6.376231], [-75.414252, 6.375918], [-75.414421, 6.375748], [-75.414461, 6.375372], [-75.41421, 6.374991], [-75.413867, 6.374922], [-75.413833, 6.37449], [-75.413617, 6.374231], [-75.413414, 6.374294], [-75.413107, 6.374236], [-75.412535, 6.373692], [-75.412427, 6.37373], [-75.412286, 6.374055], [-75.411947, 6.374013], [-75.411932, 6.373884], [-75.412094, 6.373634], [-75.411925, 6.373366], [-75.411837, 6.373612], [-75.41151, 6.37356], [-75.411775, 6.3734], [-75.411823, 6.37305], [-75.411488, 6.372514], [-75.411513, 6.372354], [-75.411763, 6.37219], [-75.411832, 6.372294], [-75.411988, 6.372273], [-75.412099, 6.372508], [-75.411997, 6.37275], [-75.412028, 6.372889], [-75.412504, 6.372923], [-75.41276, 6.372857], [-75.412912, 6.372674], [-75.412669, 6.372584], [-75.412661, 6.372396], [-75.412449, 6.372315], [-75.412703, 6.372198], [-75.412772, 6.372371], [-75.413269, 6.372893], [-75.413135, 6.373048], [-75.413226, 6.373196], [-75.413904, 6.372506], [-75.414096, 6.372408], [-75.414436, 6.372478], [-75.414641, 6.372842], [-75.414609, 6.373064], [-75.414142, 6.373822], [-75.414109, 6.374165], [-75.414387, 6.374378], [-75.414688, 6.37432], [-75.41497, 6.374461], [-75.415348, 6.374321], [-75.415412, 6.374478]], [[-75.412682, 6.372998], [-75.412561, 6.373061], [-75.412534, 6.373191], [-75.412715, 6.373176], [-75.412682, 6.372998]], [[-75.412734, 6.373436], [-75.412591, 6.373436], [-75.412532, 6.373518], [-75.412698, 6.373526], [-75.412734, 6.373436]], [[-75.414243, 6.372854], [-75.414133, 6.372825], [-75.413942, 6.373057], [-75.413893, 6.373402], [-75.414243, 6.372854]]], [[[-75.412457, 6.387116], [-75.412367, 6.387172], [-75.41214, 6.38711], [-75.411985, 6.38685], [-75.411788, 6.38711], [-75.411682, 6.386842], [-75.411854, 6.386726], [-75.412217, 6.386664], [-75.412339, 6.38681], [-75.412566, 6.386858], [-75.412524, 6.386968], [-75.41238, 6.387024], [-75.412457, 6.387116]]], [[[-75.412692, 6.361958], [-75.412549, 6.362377], [-75.412616, 6.362444], [-75.412759, 6.362373], [-75.412679, 6.36258], [-75.412486, 6.362544], [-75.412182, 6.362684], [-75.411584, 6.362449], [-75.411752, 6.362336], [-75.412045, 6.362466], [-75.412227, 6.362183], [-75.412442, 6.36216], [-75.412692, 6.361958]]], [[[-75.411804, 6.360332], [-75.411702, 6.360343], [-75.411634, 6.360172], [-75.411803, 6.360156], [-75.411804, 6.360332]]], [[[-75.411785, 6.375791], [-75.411744, 6.375833], [-75.411718, 6.375783], [-75.411785, 6.375791]]], [[[-75.411833, 6.38891], [-75.411765, 6.388809], [-75.41179, 6.388783], [-75.411833, 6.38891]]], [[[-75.412382, 6.384463], [-75.412775, 6.384296], [-75.412957, 6.384446], [-75.412602, 6.384514], [-75.412382, 6.384463]]], [[[-75.412473, 6.390489], [-75.412406, 6.390388], [-75.41243, 6.390363], [-75.412473, 6.390489]]], [[[-75.412981, 6.385075], [-75.412674, 6.385343], [-75.412486, 6.385041], [-75.412843, 6.385], [-75.412981, 6.385075]]], [[[-75.412691, 6.377448], [-75.412522, 6.377449], [-75.412691, 6.377371], [-75.412691, 6.377448]]], [[[-75.413011, 6.368521], [-75.412859, 6.368456], [-75.413035, 6.368286], [-75.413095, 6.368419], [-75.413011, 6.368521]]], [[[-75.413268, 6.381212], [-75.413299, 6.38151], [-75.413225, 6.381588], [-75.413268, 6.381212]]], [[[-75.413177, 6.362999], [-75.413101, 6.362993], [-75.41316, 6.362917], [-75.413177, 6.362999]]], [[[-75.413422, 6.391169], [-75.413312, 6.391146], [-75.413286, 6.391062], [-75.413475, 6.391061], [-75.413422, 6.391169]]], [[[-75.413547, 6.38791], [-75.413329, 6.388142], [-75.413274, 6.387844], [-75.413471, 6.387724], [-75.413547, 6.38791]]], [[[-75.414634, 6.371261], [-75.414228, 6.371689], [-75.41398, 6.371702], [-75.413834, 6.371945], [-75.413371, 6.372309], [-75.413288, 6.372018], [-75.413463, 6.371853], [-75.413507, 6.371618], [-75.413754, 6.371786], [-75.413954, 6.371012], [-75.414196, 6.370978], [-75.414439, 6.371232], [-75.414634, 6.371261]]], [[[-75.413727, 6.371109], [-75.413633, 6.371041], [-75.413629, 6.37098], [-75.413739, 6.371011], [-75.413727, 6.371109]]], [[[-75.413287, 6.371271], [-75.413224, 6.371153], [-75.413244, 6.371145], [-75.413287, 6.371271]]], [[[-75.41344, 6.379296], [-75.413322, 6.379247], [-75.413374, 6.378971], [-75.413524, 6.379138], [-75.41344, 6.379296]]], [[[-75.413887, 6.375801], [-75.413548, 6.375861], [-75.413429, 6.37571], [-75.413411, 6.375507], [-75.413835, 6.375649], [-75.413887, 6.375801]]], [[[-75.413409, 6.361639], [-75.413451, 6.361722], [-75.413381, 6.361698], [-75.413409, 6.361639]]], [[[-75.413548, 6.386074], [-75.413622, 6.386031], [-75.413737, 6.386089], [-75.413598, 6.386107], [-75.413548, 6.386074]]], [[[-75.413682, 6.385672], [-75.413555, 6.385672], [-75.413681, 6.385595], [-75.413682, 6.385672]]], [[[-75.414731, 6.386779], [-75.414777, 6.387186], [-75.414551, 6.38707], [-75.414417, 6.387427], [-75.414238, 6.387406], [-75.414093, 6.387153], [-75.414177, 6.387121], [-75.414331, 6.387259], [-75.414341, 6.386958], [-75.413921, 6.386715], [-75.413819, 6.386471], [-75.413649, 6.386367], [-75.41412, 6.386386], [-75.413993, 6.386479], [-75.414069, 6.386609], [-75.4144, 6.38659], [-75.414516, 6.386766], [-75.414731, 6.386779]]], [[[-75.413981, 6.387262], [-75.413921, 6.387309], [-75.413901, 6.387244], [-75.413981, 6.387262]]], [[[-75.413803, 6.378328], [-75.413718, 6.378274], [-75.413785, 6.378212], [-75.413836, 6.378244], [-75.413803, 6.378328]]], [[[-75.414129, 6.369636], [-75.413834, 6.369912], [-75.413745, 6.369939], [-75.413866, 6.369565], [-75.414172, 6.369467], [-75.414129, 6.369636]]], [[[-75.413831, 6.362688], [-75.413764, 6.362789], [-75.413738, 6.362713], [-75.413831, 6.362688]]], [[[-75.414141, 6.379758], [-75.414056, 6.379936], [-75.413875, 6.379935], [-75.414105, 6.37964], [-75.414141, 6.379758]]], [[[-75.41391, 6.381882], [-75.41387, 6.381805], [-75.413926, 6.381721], [-75.413943, 6.381831], [-75.41391, 6.381882]]], [[[-75.413894, 6.368907], [-75.413838, 6.368847], [-75.413871, 6.368791], [-75.413928, 6.36884], [-75.413894, 6.368907]]], [[[-75.414075, 6.378643], [-75.414036, 6.378578], [-75.414091, 6.378465], [-75.414109, 6.378575], [-75.414075, 6.378643]]], [[[-75.415802, 6.381887], [-75.415829, 6.382177], [-75.415551, 6.382594], [-75.415328, 6.382722], [-75.415096, 6.382631], [-75.414806, 6.382786], [-75.414648, 6.382762], [-75.414715, 6.382491], [-75.414897, 6.382241], [-75.415457, 6.382142], [-75.415327, 6.381626], [-75.415581, 6.381634], [-75.415802, 6.381887]]], [[[-75.41474, 6.383095], [-75.414791, 6.383202], [-75.414572, 6.383491], [-75.414372, 6.383608], [-75.414161, 6.383533], [-75.414171, 6.383409], [-75.414365, 6.383196], [-75.41474, 6.383095]]], [[[-75.414313, 6.382416], [-75.41422, 6.382264], [-75.414381, 6.382037], [-75.414398, 6.382316], [-75.414313, 6.382416]]], [[[-75.414599, 6.380256], [-75.414232, 6.380369], [-75.414233, 6.380213], [-75.414368, 6.380099], [-75.414556, 6.380107], [-75.414599, 6.380256]]], [[[-75.414349, 6.381711], [-75.414214, 6.381708], [-75.414324, 6.381645], [-75.414349, 6.381711]]], [[[-75.41518, 6.385419], [-75.414947, 6.385608], [-75.414585, 6.385608], [-75.41444, 6.385303], [-75.414601, 6.385127], [-75.415028, 6.384974], [-75.415286, 6.385143], [-75.41518, 6.385419]]], [[[-75.414744, 6.378666], [-75.414441, 6.378939], [-75.414439, 6.378671], [-75.414656, 6.378424], [-75.414744, 6.378666]]], [[[-75.414688, 6.390271], [-75.414565, 6.390482], [-75.414487, 6.390477], [-75.414449, 6.390212], [-75.414716, 6.38999], [-75.414688, 6.390271]]], [[[-75.414759, 6.361682], [-75.414606, 6.361687], [-75.414532, 6.361551], [-75.414854, 6.361535], [-75.414759, 6.361682]]], [[[-75.415005, 6.366672], [-75.415115, 6.366558], [-75.415199, 6.366592], [-75.415183, 6.366693], [-75.415005, 6.366672]]], [[[-75.415398, 6.361926], [-75.415144, 6.362008], [-75.415037, 6.361896], [-75.415335, 6.361815], [-75.415398, 6.361926]]], [[[-75.415835, 6.371421], [-75.415675, 6.371631], [-75.41561, 6.371521], [-75.415353, 6.371463], [-75.415329, 6.371282], [-75.415715, 6.371266], [-75.415835, 6.371421]]], [[[-75.415732, 6.388519], [-75.41546, 6.388446], [-75.415479, 6.388274], [-75.415691, 6.388222], [-75.415821, 6.38828], [-75.41587, 6.388473], [-75.415732, 6.388519]]], [[[-75.415364, 6.354597], [-75.41528, 6.354678], [-75.415305, 6.354574], [-75.415364, 6.354597]]], [[[-75.415472, 6.36754], [-75.415478, 6.367447], [-75.415729, 6.367522], [-75.415646, 6.367607], [-75.415472, 6.36754]]], [[[-75.415874, 6.386357], [-75.415841, 6.386601], [-75.415681, 6.386648], [-75.415662, 6.386253], [-75.415788, 6.386215], [-75.415874, 6.386357]]], [[[-75.4165, 6.392121], [-75.416145, 6.392345], [-75.416231, 6.392016], [-75.416095, 6.392001], [-75.415972, 6.392131], [-75.415702, 6.391814], [-75.415718, 6.39163], [-75.415847, 6.391507], [-75.416101, 6.391667], [-75.416223, 6.391594], [-75.416359, 6.391073], [-75.416444, 6.391191], [-75.416446, 6.391454], [-75.416207, 6.391771], [-75.416348, 6.391751], [-75.416498, 6.391577], [-75.416623, 6.391589], [-75.416685, 6.391815], [-75.4165, 6.392121]]], [[[-75.41612, 6.388293], [-75.416018, 6.388209], [-75.41604, 6.388003], [-75.416176, 6.388152], [-75.41612, 6.388293]]], [[[-75.416517, 6.388781], [-75.416208, 6.388879], [-75.416163, 6.388819], [-75.416391, 6.388671], [-75.416517, 6.388781]]], [[[-75.417166, 6.361022], [-75.416945, 6.361116], [-75.416459, 6.361059], [-75.416283, 6.360825], [-75.416378, 6.360629], [-75.416309, 6.360407], [-75.416396, 6.360361], [-75.416469, 6.360572], [-75.416677, 6.360615], [-75.416797, 6.360945], [-75.417166, 6.361022]]], [[[-75.416726, 6.389675], [-75.416804, 6.389636], [-75.416917, 6.389691], [-75.416793, 6.389709], [-75.416726, 6.389675]]], [[[-75.416656, 6.38984], [-75.41692, 6.390211], [-75.416524, 6.390581], [-75.416572, 6.39037], [-75.416469, 6.390234], [-75.416445, 6.389994], [-75.416563, 6.389831], [-75.416656, 6.38984]]], [[[-75.416301, 6.352106], [-75.416261, 6.351967], [-75.416317, 6.351826], [-75.416335, 6.352021], [-75.416301, 6.352106]]], [[[-75.41654, 6.364492], [-75.416497, 6.36441], [-75.416556, 6.364257], [-75.416573, 6.364424], [-75.41654, 6.364492]]], [[[-75.418032, 6.389152], [-75.418028, 6.389224], [-75.417966, 6.389161], [-75.418032, 6.389152]]], [[[-75.41787, 6.388722], [-75.417746, 6.389282], [-75.417455, 6.38891], [-75.417205, 6.389035], [-75.41712, 6.388789], [-75.417365, 6.388746], [-75.417082, 6.38853], [-75.417437, 6.388486], [-75.417793, 6.388569], [-75.41787, 6.388722]]], [[[-75.416912, 6.388582], [-75.416841, 6.388635], [-75.416737, 6.388562], [-75.416842, 6.388533], [-75.416912, 6.388582]]], [[[-75.416825, 6.386768], [-75.416785, 6.386635], [-75.41684, 6.386409], [-75.416858, 6.386632], [-75.416825, 6.386768]]], [[[-75.416786, 6.352643], [-75.416707, 6.352465], [-75.416731, 6.352265], [-75.416859, 6.352391], [-75.416786, 6.352643]]], [[[-75.417059, 6.36439], [-75.416805, 6.364476], [-75.416841, 6.364256], [-75.41699, 6.364069], [-75.417109, 6.364235], [-75.417059, 6.36439]]], [[[-75.416952, 6.358551], [-75.416879, 6.358553], [-75.416935, 6.358469], [-75.416952, 6.358551]]], [[[-75.417172, 6.382061], [-75.417266, 6.381993], [-75.417379, 6.382077], [-75.41724, 6.382111], [-75.417172, 6.382061]]], [[[-75.417805, 6.385508], [-75.417434, 6.385928], [-75.417281, 6.385914], [-75.417212, 6.385619], [-75.417465, 6.385119], [-75.41779, 6.385346], [-75.417805, 6.385508]]], [[[-75.417675, 6.365167], [-75.417327, 6.365491], [-75.417174, 6.365452], [-75.417232, 6.365164], [-75.417378, 6.364995], [-75.417659, 6.364986], [-75.417675, 6.365167]]], [[[-75.41873, 6.362998], [-75.418331, 6.362881], [-75.417696, 6.362234], [-75.417146, 6.361841], [-75.417114, 6.361675], [-75.417252, 6.361614], [-75.417375, 6.361369], [-75.417623, 6.361342], [-75.41778, 6.361441], [-75.417975, 6.361897], [-75.418831, 6.362811], [-75.418859, 6.362933], [-75.41873, 6.362998]]], [[[-75.418906, 6.360763], [-75.41863, 6.360992], [-75.417992, 6.360801], [-75.417702, 6.360525], [-75.417276, 6.360422], [-75.417264, 6.360259], [-75.417143, 6.360123], [-75.417245, 6.360035], [-75.417378, 6.360065], [-75.41744, 6.359811], [-75.417889, 6.359994], [-75.418061, 6.359913], [-75.418262, 6.360039], [-75.418529, 6.36001], [-75.418664, 6.360397], [-75.418889, 6.360359], [-75.418983, 6.36043], [-75.418906, 6.360763]], [[-75.418275, 6.36017], [-75.418013, 6.360105], [-75.41792, 6.360253], [-75.418053, 6.360414], [-75.418275, 6.36017]]], [[[-75.417712, 6.359787], [-75.417783, 6.35968], [-75.417935, 6.359645], [-75.417911, 6.359806], [-75.417712, 6.359787]]], [[[-75.417333, 6.354096], [-75.41718, 6.354039], [-75.417267, 6.353833], [-75.417374, 6.353894], [-75.417333, 6.354096]]], [[[-75.417698, 6.34415], [-75.417674, 6.344379], [-75.417615, 6.344405], [-75.417614, 6.344027], [-75.417698, 6.34415]]], [[[-75.419869, 6.359155], [-75.419487, 6.359581], [-75.418913, 6.359424], [-75.418665, 6.359568], [-75.41857, 6.359543], [-75.418591, 6.359387], [-75.418389, 6.359206], [-75.418318, 6.358937], [-75.418595, 6.358798], [-75.418642, 6.358605], [-75.418482, 6.358355], [-75.418343, 6.357634], [-75.418354, 6.358029], [-75.418252, 6.35811], [-75.418201, 6.357476], [-75.418012, 6.357331], [-75.418081, 6.35709], [-75.418249, 6.357296], [-75.418425, 6.357339], [-75.418473, 6.357557], [-75.418588, 6.357621], [-75.419209, 6.357235], [-75.419484, 6.357246], [-75.4195, 6.35762], [-75.419231, 6.358045], [-75.419223, 6.358219], [-75.419417, 6.358857], [-75.419757, 6.358911], [-75.419869, 6.359155]], [[-75.418958, 6.357737], [-75.418821, 6.357806], [-75.41899, 6.357956], [-75.419029, 6.357849], [-75.418958, 6.357737]]], [[[-75.418556, 6.387344], [-75.418598, 6.387635], [-75.418346, 6.387672], [-75.418278, 6.387613], [-75.41833, 6.387272], [-75.418556, 6.387344]]], [[[-75.418731, 6.390869], [-75.418417, 6.390845], [-75.418358, 6.390727], [-75.418645, 6.390701], [-75.418731, 6.390869]]], [[[-75.419472, 6.389948], [-75.419156, 6.389803], [-75.419071, 6.389594], [-75.418709, 6.389632], [-75.418522, 6.389537], [-75.418382, 6.389362], [-75.418413, 6.389238], [-75.418616, 6.389223], [-75.418977, 6.389455], [-75.419261, 6.389525], [-75.419494, 6.389842], [-75.419472, 6.389948]]], [[[-75.419638, 6.38535], [-75.419345, 6.385763], [-75.419266, 6.385241], [-75.419354, 6.385001], [-75.418973, 6.38467], [-75.418801, 6.384362], [-75.418513, 6.384179], [-75.418563, 6.383925], [-75.418838, 6.383642], [-75.419115, 6.383874], [-75.41911, 6.38405], [-75.41929, 6.384165], [-75.419557, 6.384547], [-75.419626, 6.384835], [-75.419549, 6.385095], [-75.419638, 6.38535]]], [[[-75.41917, 6.36646], [-75.419154, 6.366528], [-75.419128, 6.366477], [-75.41917, 6.36646]]], [[[-75.418845, 6.366433], [-75.418654, 6.366426], [-75.418573, 6.366321], [-75.418912, 6.36636], [-75.418845, 6.366433]]], [[[-75.418838, 6.38669], [-75.418737, 6.386757], [-75.418712, 6.386733], [-75.418838, 6.38669]]], [[[-75.418783, 6.371958], [-75.418685, 6.371935], [-75.418642, 6.371876], [-75.418853, 6.371866], [-75.418783, 6.371958]]], [[[-75.418872, 6.377549], [-75.418795, 6.377473], [-75.418871, 6.377397], [-75.418922, 6.377498], [-75.418872, 6.377549]]], [[[-75.419272, 6.378011], [-75.419096, 6.378249], [-75.419297, 6.378491], [-75.419289, 6.378657], [-75.419205, 6.378694], [-75.418793, 6.378384], [-75.418762, 6.378228], [-75.419034, 6.377879], [-75.419178, 6.377874], [-75.419272, 6.378011]]], [[[-75.418851, 6.356242], [-75.418795, 6.356194], [-75.418828, 6.356109], [-75.418884, 6.356158], [-75.418851, 6.356242]]], [[[-75.418866, 6.341952], [-75.418906, 6.341851], [-75.419037, 6.341772], [-75.418937, 6.341962], [-75.418866, 6.341952]]], [[[-75.419406, 6.389001], [-75.419279, 6.388968], [-75.419264, 6.388946], [-75.419442, 6.388911], [-75.419406, 6.389001]]], [[[-75.419518, 6.383632], [-75.419685, 6.383564], [-75.419826, 6.383648], [-75.419603, 6.383683], [-75.419518, 6.383632]]], [[[-75.419557, 6.383887], [-75.41965, 6.383948], [-75.419532, 6.383937], [-75.419557, 6.383887]]], [[[-75.419561, 6.354656], [-75.419437, 6.354574], [-75.419549, 6.354376], [-75.419628, 6.354537], [-75.419561, 6.354656]]], [[[-75.419629, 6.366828], [-75.419599, 6.366921], [-75.419553, 6.366829], [-75.419629, 6.366828]]], [[[-75.419536, 6.341989], [-75.419477, 6.342023], [-75.419451, 6.342012], [-75.419476, 6.341961], [-75.419536, 6.341989]]], [[[-75.420333, 6.372349], [-75.420122, 6.372587], [-75.419959, 6.37263], [-75.420059, 6.372475], [-75.419799, 6.372232], [-75.41967, 6.371894], [-75.419924, 6.371837], [-75.420099, 6.371904], [-75.420354, 6.372154], [-75.420333, 6.372349]]], [[[-75.42011, 6.38018], [-75.419742, 6.380043], [-75.419694, 6.379926], [-75.419718, 6.37969], [-75.420234, 6.380113], [-75.42011, 6.38018]]], [[[-75.419728, 6.379563], [-75.419694, 6.379504], [-75.419706, 6.379478], [-75.419756, 6.379503], [-75.419728, 6.379563]]], [[[-75.420371, 6.34124], [-75.419952, 6.341608], [-75.419715, 6.341627], [-75.419697, 6.341459], [-75.419984, 6.341294], [-75.420231, 6.340957], [-75.420202, 6.340852], [-75.419934, 6.340862], [-75.419999, 6.340726], [-75.420269, 6.340658], [-75.42041, 6.340736], [-75.420371, 6.34124]]], [[[-75.420047, 6.389099], [-75.420014, 6.388564], [-75.420112, 6.388265], [-75.420196, 6.388978], [-75.420165, 6.389148], [-75.420047, 6.389099]]], [[[-75.420297, 6.367148], [-75.420167, 6.367147], [-75.420152, 6.367054], [-75.420332, 6.367024], [-75.420297, 6.367148]]], [[[-75.420219, 6.356012], [-75.419944, 6.35566], [-75.42, 6.355471], [-75.420329, 6.35596], [-75.420219, 6.356012]]], [[[-75.420219, 6.356495], [-75.420101, 6.356523], [-75.420055, 6.356403], [-75.420201, 6.356325], [-75.420219, 6.356495]]], [[[-75.420213, 6.355258], [-75.420072, 6.355233], [-75.420204, 6.355099], [-75.420264, 6.355173], [-75.420213, 6.355258]]], [[[-75.421538, 6.372136], [-75.421315, 6.37228], [-75.420892, 6.372209], [-75.420828, 6.372006], [-75.420596, 6.371909], [-75.420481, 6.371608], [-75.420278, 6.37146], [-75.420321, 6.370953], [-75.42038, 6.370945], [-75.420384, 6.371116], [-75.420539, 6.37107], [-75.420963, 6.371262], [-75.421138, 6.371488], [-75.421395, 6.371611], [-75.421573, 6.371945], [-75.421538, 6.372136]], [[-75.421335, 6.371734], [-75.421276, 6.371658], [-75.421155, 6.371675], [-75.421237, 6.371776], [-75.421335, 6.371734]]], [[[-75.421361, 6.383544], [-75.421104, 6.383658], [-75.421058, 6.383875], [-75.420578, 6.383745], [-75.420364, 6.383833], [-75.420303, 6.383776], [-75.420331, 6.383399], [-75.420618, 6.383115], [-75.420928, 6.383188], [-75.420795, 6.383302], [-75.421285, 6.383219], [-75.421223, 6.383438], [-75.421361, 6.383544]]], [[[-75.420712, 6.368818], [-75.420283, 6.368511], [-75.420347, 6.368082], [-75.420573, 6.368251], [-75.420693, 6.368538], [-75.420712, 6.368818]]], [[[-75.420614, 6.367971], [-75.42056, 6.367763], [-75.420594, 6.36772], [-75.420614, 6.367971]]], [[[-75.420479, 6.357144], [-75.420364, 6.357288], [-75.42028, 6.357322], [-75.420397, 6.357119], [-75.420479, 6.357144]]], [[[-75.420569, 6.349828], [-75.420465, 6.349709], [-75.42039, 6.349498], [-75.420634, 6.349732], [-75.420569, 6.349828]]], [[[-75.421423, 6.379077], [-75.420921, 6.379042], [-75.420753, 6.37882], [-75.4209, 6.378766], [-75.421235, 6.378821], [-75.421255, 6.378974], [-75.421423, 6.379077]]], [[[-75.421497, 6.373663], [-75.421234, 6.373548], [-75.421003, 6.373126], [-75.421428, 6.37346], [-75.421497, 6.373663]]], [[[-75.421636, 6.378578], [-75.421359, 6.37848], [-75.421358, 6.378348], [-75.421635, 6.378488], [-75.421636, 6.378578]]], [[[-75.421958, 6.374217], [-75.4216, 6.374555], [-75.421366, 6.374486], [-75.421452, 6.374285], [-75.42192, 6.374121], [-75.421958, 6.374217]]], [[[-75.423345, 6.356851], [-75.423033, 6.356652], [-75.422742, 6.356582], [-75.422694, 6.356396], [-75.422795, 6.356359], [-75.422664, 6.356008], [-75.42237, 6.356318], [-75.422255, 6.356283], [-75.422269, 6.356126], [-75.422194, 6.356068], [-75.4219, 6.35615], [-75.421625, 6.356383], [-75.421353, 6.356221], [-75.421482, 6.355969], [-75.421951, 6.355827], [-75.422218, 6.35544], [-75.422311, 6.355745], [-75.422442, 6.355775], [-75.422484, 6.355929], [-75.422588, 6.355889], [-75.422646, 6.355726], [-75.422466, 6.355609], [-75.422462, 6.355349], [-75.422815, 6.35465], [-75.422946, 6.355516], [-75.423117, 6.355709], [-75.423301, 6.356166], [-75.423345, 6.356851]]], [[[-75.422451, 6.354632], [-75.422077, 6.354746], [-75.421833, 6.354648], [-75.421703, 6.354304], [-75.42182, 6.353987], [-75.421886, 6.353994], [-75.421968, 6.354328], [-75.422135, 6.354351], [-75.42229, 6.354523], [-75.422555, 6.354437], [-75.422451, 6.354632]]], [[[-75.421475, 6.338815], [-75.421372, 6.339075], [-75.421279, 6.339143], [-75.421332, 6.338918], [-75.421475, 6.338815]]], [[[-75.421982, 6.353249], [-75.421652, 6.35358], [-75.421591, 6.352872], [-75.421662, 6.353272], [-75.421753, 6.353309], [-75.421862, 6.353111], [-75.421982, 6.353249]]], [[[-75.421345, 6.353147], [-75.421362, 6.353423], [-75.421329, 6.353474], [-75.421345, 6.353147]]], [[[-75.421538, 6.381936], [-75.421506, 6.381711], [-75.421509, 6.381685], [-75.421567, 6.381843], [-75.421538, 6.381936]]], [[[-75.421776, 6.377607], [-75.421665, 6.37749], [-75.421859, 6.377298], [-75.421877, 6.377522], [-75.421776, 6.377607]]], [[[-75.421948, 6.383117], [-75.421728, 6.383172], [-75.421677, 6.383148], [-75.421948, 6.383117]]], [[[-75.421795, 6.351634], [-75.421727, 6.351594], [-75.421771, 6.351303], [-75.421828, 6.351498], [-75.421795, 6.351634]]], [[[-75.422119, 6.36659], [-75.421854, 6.36658], [-75.421814, 6.36653], [-75.421915, 6.366456], [-75.422124, 6.36648], [-75.422119, 6.36659]]], [[[-75.421881, 6.347126], [-75.421774, 6.3472], [-75.421729, 6.347203], [-75.421881, 6.347126]]], [[[-75.422327, 6.346674], [-75.422425, 6.347319], [-75.422302, 6.347608], [-75.42222, 6.347497], [-75.422159, 6.346752], [-75.422079, 6.346617], [-75.422087, 6.346093], [-75.421933, 6.345945], [-75.42196, 6.345714], [-75.422136, 6.345496], [-75.421844, 6.345148], [-75.421822, 6.344852], [-75.421706, 6.344726], [-75.421805, 6.34462], [-75.422013, 6.344653], [-75.42213, 6.344804], [-75.422038, 6.344997], [-75.422243, 6.345613], [-75.422176, 6.346501], [-75.422327, 6.346674]]], [[[-75.422185, 6.347876], [-75.422229, 6.348325], [-75.422211, 6.348361], [-75.422079, 6.348111], [-75.42209, 6.347906], [-75.422185, 6.347876]]], [[[-75.423536, 6.324472], [-75.423196, 6.324441], [-75.423319, 6.32498], [-75.423258, 6.325454], [-75.422744, 6.325628], [-75.422672, 6.325966], [-75.422458, 6.326148], [-75.422212, 6.325743], [-75.421769, 6.325591], [-75.42179, 6.3252], [-75.421906, 6.325214], [-75.422013, 6.325367], [-75.42217, 6.325301], [-75.421875, 6.324766], [-75.421918, 6.324295], [-75.422317, 6.324883], [-75.422978, 6.325183], [-75.423144, 6.325119], [-75.423121, 6.324951], [-75.422994, 6.324902], [-75.422819, 6.324098], [-75.422657, 6.323998], [-75.422806, 6.32377], [-75.423026, 6.32373], [-75.422827, 6.323586], [-75.422825, 6.323045], [-75.423122, 6.323015], [-75.423274, 6.323096], [-75.422992, 6.323166], [-75.423353, 6.323669], [-75.423536, 6.324472]]], [[[-75.422334, 6.32327], [-75.422083, 6.323774], [-75.421905, 6.323843], [-75.421705, 6.323789], [-75.421769, 6.323195], [-75.422109, 6.322704], [-75.421802, 6.322656], [-75.421758, 6.322578], [-75.422169, 6.322635], [-75.422192, 6.322796], [-75.422368, 6.323012], [-75.422334, 6.32327]]], [[[-75.421896, 6.346723], [-75.421829, 6.346843], [-75.421839, 6.346556], [-75.421896, 6.346723]]], [[[-75.421993, 6.361384], [-75.421977, 6.361451], [-75.421951, 6.361401], [-75.421993, 6.361384]]], [[[-75.422228, 6.36414], [-75.422235, 6.364064], [-75.422311, 6.364123], [-75.422228, 6.36414]]], [[[-75.42217, 6.360646], [-75.422103, 6.360631], [-75.422042, 6.360363], [-75.422115, 6.359643], [-75.422192, 6.359904], [-75.42217, 6.360646]]], [[[-75.422674, 6.379837], [-75.422462, 6.380071], [-75.422408, 6.380263], [-75.422324, 6.380261], [-75.422271, 6.379832], [-75.422345, 6.379667], [-75.422674, 6.379837]]], [[[-75.422142, 6.379444], [-75.422148, 6.379325], [-75.422255, 6.379274], [-75.422234, 6.379494], [-75.422142, 6.379444]]], [[[-75.422066, 6.366], [-75.422066, 6.366062], [-75.422055, 6.366062], [-75.422066, 6.366]]], [[[-75.422172, 6.360968], [-75.422079, 6.361029], [-75.422087, 6.360886], [-75.422172, 6.360968]]], [[[-75.42291, 6.369119], [-75.422629, 6.369292], [-75.422289, 6.368938], [-75.422966, 6.368875], [-75.423011, 6.368949], [-75.42291, 6.369119]]], [[[-75.422344, 6.349556], [-75.422302, 6.349396], [-75.42235, 6.349131], [-75.422378, 6.34944], [-75.422344, 6.349556]]], [[[-75.434411, 6.353662], [-75.434359, 6.35374], [-75.434426, 6.353881], [-75.43427, 6.353821], [-75.434141, 6.353912], [-75.433463, 6.353593], [-75.433435, 6.35318], [-75.43326, 6.352659], [-75.433582, 6.352646], [-75.433525, 6.352736], [-75.433718, 6.352823], [-75.433644, 6.35324], [-75.43383, 6.353578], [-75.434035, 6.353623], [-75.434256, 6.353505], [-75.434411, 6.353662]]], [[[-75.432559, 6.352498], [-75.432323, 6.352664], [-75.432107, 6.352644], [-75.431281, 6.352157], [-75.430834, 6.351721], [-75.430649, 6.351701], [-75.430441, 6.35181], [-75.430345, 6.35197], [-75.430412, 6.352386], [-75.430089, 6.35257], [-75.430035, 6.35273], [-75.430421, 6.353138], [-75.430048, 6.35331], [-75.430016, 6.353497], [-75.429774, 6.353753], [-75.429868, 6.354055], [-75.429805, 6.354409], [-75.42995, 6.354574], [-75.429853, 6.354761], [-75.430175, 6.354626], [-75.430047, 6.354041], [-75.430179, 6.353923], [-75.430209, 6.353707], [-75.430651, 6.353463], [-75.430635, 6.35335], [-75.431007, 6.353437], [-75.431467, 6.353264], [-75.43171, 6.353261], [-75.432318, 6.353466], [-75.432448, 6.353604], [-75.432096, 6.353662], [-75.432893, 6.353904], [-75.433563, 6.354525], [-75.433252, 6.354839], [-75.433009, 6.35481], [-75.432876, 6.354921], [-75.432968, 6.355155], [-75.433185, 6.355194], [-75.433658, 6.354907], [-75.433793, 6.354957], [-75.433708, 6.355221], [-75.433203, 6.35574], [-75.432961, 6.3557], [-75.432487, 6.355263], [-75.432273, 6.354842], [-75.431802, 6.354253], [-75.431784, 6.353903], [-75.431552, 6.353833], [-75.431425, 6.3539], [-75.431569, 6.354162], [-75.431402, 6.354621], [-75.431568, 6.354932], [-75.431925, 6.355308], [-75.431766, 6.355282], [-75.431558, 6.35507], [-75.431466, 6.355243], [-75.431127, 6.355294], [-75.431445, 6.35554], [-75.431547, 6.355806], [-75.431787, 6.355807], [-75.431711, 6.355681], [-75.431758, 6.355619], [-75.432343, 6.355723], [-75.432191, 6.355995], [-75.43182, 6.356319], [-75.431523, 6.35629], [-75.430972, 6.355833], [-75.430417, 6.355866], [-75.430261, 6.355803], [-75.429594, 6.355265], [-75.429552, 6.35541], [-75.429704, 6.355617], [-75.429754, 6.355921], [-75.429169, 6.356416], [-75.428912, 6.356375], [-75.428633, 6.356115], [-75.428794, 6.355892], [-75.428676, 6.355621], [-75.428918, 6.355531], [-75.428955, 6.355435], [-75.42854, 6.355374], [-75.427279, 6.356312], [-75.426799, 6.356222], [-75.426256, 6.356571], [-75.426049, 6.356521], [-75.425972, 6.356445], [-75.426042, 6.35638], [-75.425912, 6.356347], [-75.425666, 6.356636], [-75.425273, 6.356625], [-75.424537, 6.356982], [-75.42426, 6.356992], [-75.42406, 6.356884], [-75.423981, 6.357054], [-75.423902, 6.357003], [-75.423879, 6.356875], [-75.424012, 6.356646], [-75.423964, 6.356486], [-75.424094, 6.356333], [-75.424667, 6.3562], [-75.424901, 6.356301], [-75.424961, 6.356222], [-75.42484, 6.355916], [-75.424519, 6.355767], [-75.424284, 6.355789], [-75.424225, 6.355581], [-75.424313, 6.355289], [-75.424433, 6.35537], [-75.424523, 6.355212], [-75.425014, 6.355273], [-75.425162, 6.355168], [-75.425185, 6.354974], [-75.425125, 6.354633], [-75.425105, 6.354926], [-75.424506, 6.354833], [-75.424453, 6.354743], [-75.42452, 6.354548], [-75.424659, 6.354453], [-75.424683, 6.354169], [-75.424877, 6.354011], [-75.424978, 6.353655], [-75.425182, 6.354127], [-75.425383, 6.354039], [-75.425531, 6.354272], [-75.425938, 6.354462], [-75.426053, 6.354673], [-75.426087, 6.354295], [-75.42622, 6.354107], [-75.425927, 6.353938], [-75.425981, 6.35364], [-75.426182, 6.353821], [-75.426582, 6.353621], [-75.42688, 6.353742], [-75.427355, 6.353767], [-75.427606, 6.354155], [-75.427882, 6.353751], [-75.428548, 6.354936], [-75.42898, 6.354841], [-75.428784, 6.354602], [-75.428945, 6.354402], [-75.428637, 6.354136], [-75.428757, 6.353845], [-75.428141, 6.35372], [-75.428087, 6.353581], [-75.428361, 6.353476], [-75.427961, 6.353271], [-75.428053, 6.353007], [-75.428641, 6.352859], [-75.428189, 6.352806], [-75.427933, 6.352546], [-75.427405, 6.352334], [-75.427421, 6.352114], [-75.427268, 6.351958], [-75.427202, 6.351332], [-75.427102, 6.351154], [-75.426964, 6.351135], [-75.426906, 6.351296], [-75.427135, 6.351684], [-75.427303, 6.352404], [-75.427236, 6.352563], [-75.426815, 6.35264], [-75.426703, 6.352398], [-75.42643, 6.352229], [-75.426448, 6.352135], [-75.425685, 6.352279], [-75.425225, 6.352022], [-75.425419, 6.351364], [-75.425368, 6.35122], [-75.425131, 6.351054], [-75.425318, 6.351026], [-75.4255, 6.350773], [-75.425265, 6.350379], [-75.425001, 6.350206], [-75.424991, 6.350031], [-75.425085, 6.349909], [-75.42564, 6.34963], [-75.425912, 6.349746], [-75.425908, 6.349962], [-75.425576, 6.350086], [-75.425624, 6.35038], [-75.425688, 6.350177], [-75.425954, 6.350122], [-75.426424, 6.349769], [-75.42672, 6.350026], [-75.42721, 6.350096], [-75.427062, 6.349961], [-75.42673, 6.349858], [-75.426593, 6.349572], [-75.426235, 6.349421], [-75.426501, 6.349274], [-75.426871, 6.348774], [-75.426819, 6.348389], [-75.426958, 6.3481], [-75.426729, 6.348035], [-75.42687, 6.347916], [-75.42712, 6.347893], [-75.427198, 6.347733], [-75.427179, 6.347433], [-75.427104, 6.34737], [-75.426985, 6.347413], [-75.426994, 6.347351], [-75.4272, 6.347218], [-75.427385, 6.347509], [-75.42775, 6.347065], [-75.427707, 6.346932], [-75.427562, 6.346876], [-75.427506, 6.346981], [-75.427495, 6.346657], [-75.427354, 6.346386], [-75.427459, 6.345774], [-75.427827, 6.345508], [-75.427682, 6.345256], [-75.427651, 6.344719], [-75.427533, 6.344347], [-75.427565, 6.343979], [-75.427444, 6.343797], [-75.427546, 6.34341], [-75.427724, 6.343451], [-75.428107, 6.34389], [-75.428083, 6.344045], [-75.427855, 6.344208], [-75.427853, 6.344922], [-75.428147, 6.345918], [-75.42831, 6.345951], [-75.428617, 6.345769], [-75.428882, 6.345917], [-75.429014, 6.34635], [-75.429243, 6.346622], [-75.429249, 6.346872], [-75.42969, 6.347018], [-75.429766, 6.347477], [-75.429971, 6.347747], [-75.429922, 6.347952], [-75.430218, 6.348198], [-75.430007, 6.348634], [-75.429874, 6.348408], [-75.42971, 6.348358], [-75.429863, 6.349061], [-75.430036, 6.349151], [-75.430012, 6.348843], [-75.430259, 6.349221], [-75.430411, 6.349314], [-75.430615, 6.349067], [-75.430698, 6.349071], [-75.430619, 6.349372], [-75.430225, 6.34946], [-75.430294, 6.349595], [-75.430659, 6.349712], [-75.430706, 6.349896], [-75.4305, 6.349831], [-75.430125, 6.350109], [-75.430762, 6.350376], [-75.430743, 6.350652], [-75.430574, 6.35089], [-75.430619, 6.350962], [-75.430868, 6.350896], [-75.431276, 6.35102], [-75.431288, 6.350868], [-75.431554, 6.350587], [-75.431623, 6.350338], [-75.431559, 6.350226], [-75.431334, 6.35045], [-75.431181, 6.350363], [-75.431134, 6.350103], [-75.431323, 6.349837], [-75.430989, 6.34928], [-75.430861, 6.348691], [-75.430891, 6.348303], [-75.430669, 6.348554], [-75.430423, 6.348234], [-75.430414, 6.347791], [-75.430534, 6.347653], [-75.43076, 6.347594], [-75.430813, 6.347701], [-75.430734, 6.34815], [-75.430972, 6.34805], [-75.431251, 6.348184], [-75.430972, 6.347512], [-75.431096, 6.347326], [-75.431624, 6.347858], [-75.431669, 6.34832], [-75.431524, 6.348393], [-75.431425, 6.348263], [-75.431331, 6.348338], [-75.431555, 6.3486], [-75.43209, 6.348869], [-75.431804, 6.349125], [-75.431605, 6.348828], [-75.431453, 6.348786], [-75.431489, 6.349298], [-75.431295, 6.349282], [-75.431259, 6.349426], [-75.431402, 6.349627], [-75.431732, 6.349662], [-75.431451, 6.349789], [-75.431473, 6.349922], [-75.431982, 6.349955], [-75.432214, 6.35059], [-75.432531, 6.350747], [-75.432216, 6.350858], [-75.43222, 6.351025], [-75.4329, 6.351209], [-75.432746, 6.351343], [-75.432882, 6.351477], [-75.433139, 6.352063], [-75.43311, 6.352507], [-75.432946, 6.35268], [-75.432559, 6.352498]], [[-75.425073, 6.355591], [-75.424954, 6.355521], [-75.424755, 6.355527], [-75.424872, 6.355598], [-75.425073, 6.355591]], [[-75.425572, 6.355098], [-75.425388, 6.355114], [-75.425321, 6.355255], [-75.425552, 6.355345], [-75.425572, 6.355098]], [[-75.426606, 6.350588], [-75.426394, 6.350476], [-75.426118, 6.35059], [-75.425856, 6.350857], [-75.425832, 6.351059], [-75.426059, 6.351219], [-75.426283, 6.351165], [-75.426586, 6.35089], [-75.426606, 6.350588]], [[-75.427012, 6.354435], [-75.426817, 6.354195], [-75.426631, 6.354168], [-75.426734, 6.354529], [-75.426997, 6.35457], [-75.427012, 6.354435]], [[-75.427168, 6.355756], [-75.427594, 6.355758], [-75.427723, 6.355652], [-75.427368, 6.355635], [-75.427202, 6.355527], [-75.426999, 6.355655], [-75.427168, 6.355756]], [[-75.427329, 6.349001], [-75.427209, 6.349054], [-75.427103, 6.349339], [-75.427264, 6.349205], [-75.427329, 6.349001]], [[-75.427263, 6.354878], [-75.427432, 6.355088], [-75.427482, 6.354898], [-75.427364, 6.354648], [-75.427385, 6.354499], [-75.427128, 6.354177], [-75.427284, 6.35453], [-75.427263, 6.354878]], [[-75.427936, 6.348485], [-75.427653, 6.348246], [-75.42746, 6.348316], [-75.427671, 6.348507], [-75.427832, 6.348878], [-75.427936, 6.348485]], [[-75.428047, 6.34907], [-75.427935, 6.349066], [-75.427629, 6.349446], [-75.427564, 6.349673], [-75.427944, 6.349448], [-75.428047, 6.34907]], [[-75.428714, 6.349569], [-75.428536, 6.349426], [-75.428044, 6.349921], [-75.427841, 6.35021], [-75.427812, 6.350521], [-75.427584, 6.350813], [-75.427855, 6.351822], [-75.428353, 6.351707], [-75.428522, 6.3515], [-75.428382, 6.351099], [-75.428584, 6.350555], [-75.428401, 6.350204], [-75.428714, 6.349569]], [[-75.429039, 6.348233], [-75.428184, 6.347529], [-75.428041, 6.347532], [-75.427713, 6.347747], [-75.428107, 6.348112], [-75.428163, 6.348458], [-75.428305, 6.34833], [-75.42847, 6.348448], [-75.42845, 6.348768], [-75.428974, 6.348516], [-75.429067, 6.348362], [-75.429039, 6.348233]], [[-75.428003, 6.355337], [-75.427805, 6.355281], [-75.427761, 6.355418], [-75.427968, 6.355474], [-75.428003, 6.355337]], [[-75.42784, 6.354186], [-75.42793, 6.354597], [-75.427994, 6.354642], [-75.427992, 6.354331], [-75.42784, 6.354186]], [[-75.428322, 6.346509], [-75.428197, 6.346585], [-75.428004, 6.347023], [-75.428255, 6.346712], [-75.428322, 6.346509]], [[-75.428697, 6.352385], [-75.428584, 6.352243], [-75.428268, 6.352137], [-75.428117, 6.352202], [-75.428051, 6.352341], [-75.428579, 6.35255], [-75.428697, 6.352385]], [[-75.42903, 6.346634], [-75.428904, 6.346567], [-75.428824, 6.346716], [-75.428976, 6.346804], [-75.42903, 6.346634]], [[-75.429032, 6.351883], [-75.42903, 6.35181], [-75.428851, 6.351801], [-75.428909, 6.351883], [-75.429032, 6.351883]], [[-75.429152, 6.349199], [-75.428985, 6.34911], [-75.428887, 6.349094], [-75.429042, 6.349223], [-75.429152, 6.349199]], [[-75.429246, 6.353647], [-75.429126, 6.353282], [-75.429205, 6.353079], [-75.429132, 6.353024], [-75.42896, 6.353184], [-75.428941, 6.353349], [-75.429246, 6.353647]], [[-75.429138, 6.352028], [-75.429004, 6.352045], [-75.428939, 6.35214], [-75.429194, 6.352113], [-75.429138, 6.352028]], [[-75.429558, 6.354629], [-75.429535, 6.354431], [-75.429169, 6.354563], [-75.42939, 6.354697], [-75.429558, 6.354629]], [[-75.429503, 6.351221], [-75.429382, 6.350918], [-75.429404, 6.350768], [-75.429292, 6.350753], [-75.429256, 6.350852], [-75.429367, 6.351137], [-75.429503, 6.351221]], [[-75.429584, 6.349164], [-75.4295, 6.349286], [-75.429547, 6.349656], [-75.429652, 6.349322], [-75.429584, 6.349164]], [[-75.429793, 6.352709], [-75.429938, 6.352536], [-75.429702, 6.352343], [-75.429899, 6.352259], [-75.429733, 6.352096], [-75.429657, 6.352144], [-75.429647, 6.352491], [-75.429535, 6.352688], [-75.429793, 6.352709]], [[-75.429993, 6.353028], [-75.429836, 6.352901], [-75.429751, 6.352904], [-75.42991, 6.353053], [-75.429993, 6.353028]], [[-75.43025, 6.350795], [-75.430152, 6.350576], [-75.429858, 6.350589], [-75.429968, 6.350869], [-75.430195, 6.350903], [-75.43025, 6.350795]], [[-75.430379, 6.351283], [-75.430268, 6.351184], [-75.430113, 6.351207], [-75.430232, 6.351295], [-75.430379, 6.351283]], [[-75.430616, 6.355178], [-75.430413, 6.355224], [-75.430345, 6.355373], [-75.430425, 6.355405], [-75.430727, 6.355241], [-75.430616, 6.355178]], [[-75.431018, 6.354195], [-75.430627, 6.354157], [-75.430543, 6.354299], [-75.430908, 6.354382], [-75.431018, 6.354195]], [[-75.430765, 6.351369], [-75.430654, 6.35129], [-75.430604, 6.351298], [-75.430749, 6.351522], [-75.430765, 6.351369]], [[-75.431368, 6.351638], [-75.432573, 6.351806], [-75.432434, 6.351555], [-75.432161, 6.351503], [-75.43207, 6.351395], [-75.432513, 6.351247], [-75.432151, 6.351165], [-75.43184, 6.350934], [-75.431522, 6.350898], [-75.431589, 6.351215], [-75.431457, 6.35136], [-75.431509, 6.351548], [-75.431368, 6.351638]], [[-75.432837, 6.354198], [-75.432465, 6.354118], [-75.432297, 6.354231], [-75.4325, 6.354263], [-75.432837, 6.354198]]], [[[-75.43159, 6.353177], [-75.43151, 6.353161], [-75.431661, 6.353129], [-75.43159, 6.353177]]], [[[-75.424713, 6.353529], [-75.424662, 6.353459], [-75.424661, 6.353432], [-75.424732, 6.353474], [-75.424713, 6.353529]]], [[[-75.425212, 6.353363], [-75.425526, 6.35347], [-75.425451, 6.353722], [-75.425174, 6.353464], [-75.425212, 6.353363]]], [[[-75.426771, 6.353254], [-75.426783, 6.353331], [-75.426698, 6.353344], [-75.426686, 6.353266], [-75.426771, 6.353254]]], [[[-75.424786, 6.352117], [-75.424627, 6.352141], [-75.424543, 6.352001], [-75.424655, 6.351479], [-75.42504, 6.351794], [-75.4248, 6.351922], [-75.424786, 6.352117]]], [[[-75.424843, 6.352681], [-75.424722, 6.35266], [-75.424674, 6.352531], [-75.424806, 6.352556], [-75.424843, 6.352681]]], [[[-75.424195, 6.3527], [-75.423901, 6.352439], [-75.423362, 6.352173], [-75.423248, 6.352185], [-75.423163, 6.352325], [-75.423008, 6.351977], [-75.422409, 6.351684], [-75.422405, 6.351588], [-75.422593, 6.35142], [-75.422443, 6.351307], [-75.422341, 6.351061], [-75.422435, 6.350802], [-75.422582, 6.350714], [-75.422857, 6.350804], [-75.423066, 6.351243], [-75.42324, 6.351395], [-75.423262, 6.351691], [-75.422949, 6.351766], [-75.422957, 6.351823], [-75.423266, 6.351853], [-75.42342, 6.351982], [-75.424118, 6.351993], [-75.424479, 6.35212], [-75.424523, 6.352291], [-75.424195, 6.3527]]], [[[-75.424428, 6.35141], [-75.424211, 6.351036], [-75.424344, 6.350861], [-75.424552, 6.350925], [-75.424646, 6.351065], [-75.424568, 6.351367], [-75.424428, 6.35141]]], [[[-75.424416, 6.350683], [-75.4245, 6.350597], [-75.424561, 6.350616], [-75.424465, 6.350796], [-75.424416, 6.350683]]], [[[-75.424364, 6.350064], [-75.424546, 6.349985], [-75.424592, 6.349745], [-75.424845, 6.349791], [-75.424576, 6.350121], [-75.424364, 6.350064]]], [[[-75.42487, 6.34959], [-75.424881, 6.349485], [-75.424943, 6.349466], [-75.424983, 6.349628], [-75.42487, 6.34959]]], [[[-75.424971, 6.350698], [-75.425168, 6.350739], [-75.424969, 6.350956], [-75.42489, 6.350834], [-75.424971, 6.350698]]], [[[-75.430103, 6.346724], [-75.430069, 6.346171], [-75.429817, 6.345815], [-75.429993, 6.345502], [-75.429989, 6.345705], [-75.430273, 6.345606], [-75.430716, 6.346535], [-75.431178, 6.346813], [-75.430992, 6.346914], [-75.431133, 6.347085], [-75.430975, 6.34708], [-75.43073, 6.34685], [-75.430608, 6.346464], [-75.430461, 6.346312], [-75.430364, 6.346324], [-75.430276, 6.346595], [-75.430103, 6.346724]]], [[[-75.427767, 6.353429], [-75.427338, 6.35339], [-75.427223, 6.353301], [-75.4276, 6.353235], [-75.427788, 6.353352], [-75.427767, 6.353429]]], [[[-75.429981, 6.345235], [-75.429904, 6.345184], [-75.429878, 6.345102], [-75.430026, 6.345173], [-75.429981, 6.345235]]], [[[-75.429712, 6.345021], [-75.42953, 6.344891], [-75.429631, 6.344835], [-75.429343, 6.3447], [-75.429227, 6.344478], [-75.429266, 6.344309], [-75.429454, 6.344125], [-75.429832, 6.34428], [-75.429846, 6.344564], [-75.430083, 6.344759], [-75.42976, 6.344904], [-75.429712, 6.345021]]], [[[-75.429282, 6.344038], [-75.429351, 6.343994], [-75.429497, 6.344005], [-75.429383, 6.344072], [-75.429282, 6.344038]]], [[[-75.424427, 6.35729], [-75.424828, 6.35759], [-75.425083, 6.357927], [-75.424698, 6.358484], [-75.424669, 6.358694], [-75.425044, 6.358701], [-75.425478, 6.358919], [-75.426114, 6.35855], [-75.426236, 6.359164], [-75.426383, 6.359163], [-75.426486, 6.35898], [-75.426603, 6.359138], [-75.426354, 6.359573], [-75.426398, 6.35993], [-75.42628, 6.360244], [-75.42562, 6.360637], [-75.424721, 6.360968], [-75.424732, 6.360833], [-75.424183, 6.360786], [-75.423972, 6.36056], [-75.423945, 6.360349], [-75.424165, 6.360241], [-75.424223, 6.360023], [-75.424338, 6.359939], [-75.424392, 6.359563], [-75.424249, 6.359401], [-75.424128, 6.359549], [-75.423981, 6.359162], [-75.423772, 6.358945], [-75.423927, 6.358828], [-75.42397, 6.358656], [-75.423792, 6.358443], [-75.423752, 6.358242], [-75.423623, 6.358176], [-75.424077, 6.357759], [-75.423897, 6.357592], [-75.423887, 6.357467], [-75.42411, 6.357509], [-75.424427, 6.35729]], [[-75.424365, 6.357841], [-75.424183, 6.357832], [-75.424226, 6.358143], [-75.424363, 6.358047], [-75.424365, 6.357841]], [[-75.424525, 6.358688], [-75.424429, 6.358663], [-75.424317, 6.358862], [-75.424454, 6.358836], [-75.424525, 6.358688]], [[-75.425141, 6.359289], [-75.424776, 6.359138], [-75.42463, 6.359345], [-75.424937, 6.359504], [-75.425115, 6.359724], [-75.425311, 6.359526], [-75.425141, 6.359289]], [[-75.425185, 6.360338], [-75.424846, 6.360257], [-75.424736, 6.360311], [-75.424945, 6.36054], [-75.425018, 6.360407], [-75.425185, 6.360338]], [[-75.425563, 6.359707], [-75.425448, 6.359681], [-75.425395, 6.359793], [-75.425515, 6.359844], [-75.425563, 6.359707]]], [[[-75.423478, 6.358975], [-75.423365, 6.358978], [-75.423311, 6.358815], [-75.423463, 6.358854], [-75.423478, 6.358975]]], [[[-75.423665, 6.357674], [-75.423741, 6.35775], [-75.423665, 6.35775], [-75.423665, 6.357674]]], [[[-75.427278, 6.346636], [-75.427144, 6.346708], [-75.42711, 6.346683], [-75.427278, 6.346636]]], [[[-75.426936, 6.3471], [-75.426835, 6.347026], [-75.426986, 6.346803], [-75.427021, 6.346998], [-75.426936, 6.3471]]], [[[-75.422755, 6.322187], [-75.422578, 6.322231], [-75.422255, 6.322008], [-75.422288, 6.321697], [-75.422528, 6.321737], [-75.422756, 6.322051], [-75.422755, 6.322187]]], [[[-75.422944, 6.337035], [-75.42287, 6.337272], [-75.422697, 6.3373], [-75.422711, 6.3372], [-75.422944, 6.337035]]], [[[-75.422406, 6.337328], [-75.42233, 6.337288], [-75.422337, 6.337051], [-75.422521, 6.336686], [-75.422539, 6.336904], [-75.422406, 6.337328]]], [[[-75.423579, 6.349938], [-75.422934, 6.349638], [-75.422916, 6.349518], [-75.423345, 6.349483], [-75.423644, 6.349825], [-75.423579, 6.349938]]], [[[-75.42268, 6.349046], [-75.422621, 6.349301], [-75.422532, 6.348873], [-75.42268, 6.349046]]], [[[-75.42305, 6.341554], [-75.422771, 6.341843], [-75.422433, 6.341936], [-75.422887, 6.341577], [-75.42305, 6.341554]]], [[[-75.422734, 6.36101], [-75.422778, 6.36132], [-75.422744, 6.361408], [-75.422685, 6.36129], [-75.422734, 6.36101]]], [[[-75.422751, 6.362753], [-75.422675, 6.362736], [-75.422674, 6.36261], [-75.42275, 6.362669], [-75.422751, 6.362753]]], [[[-75.423603, 6.369946], [-75.423316, 6.370119], [-75.42287, 6.370076], [-75.422898, 6.369876], [-75.423335, 6.369743], [-75.422838, 6.369567], [-75.423119, 6.36934], [-75.423283, 6.369369], [-75.423614, 6.369737], [-75.423603, 6.369946]]], [[[-75.422787, 6.344711], [-75.422661, 6.344788], [-75.422627, 6.344676], [-75.422703, 6.344629], [-75.422787, 6.344711]]], [[[-75.423599, 6.36425], [-75.423261, 6.364358], [-75.423171, 6.36423], [-75.423463, 6.364163], [-75.423599, 6.36425]]], [[[-75.423108, 6.363926], [-75.423024, 6.363873], [-75.42285, 6.363832], [-75.423168, 6.363845], [-75.423108, 6.363926]]], [[[-75.423537, 6.382235], [-75.423411, 6.382464], [-75.423075, 6.382465], [-75.422967, 6.382367], [-75.422896, 6.382074], [-75.423389, 6.381978], [-75.423502, 6.382032], [-75.423537, 6.382235]]], [[[-75.422821, 6.33554], [-75.422656, 6.335712], [-75.422638, 6.335512], [-75.422744, 6.335305], [-75.422821, 6.33554]]], [[[-75.423236, 6.320269], [-75.423024, 6.320375], [-75.422926, 6.321006], [-75.422749, 6.321194], [-75.42272, 6.321107], [-75.42292, 6.320738], [-75.422807, 6.320295], [-75.423142, 6.320144], [-75.423236, 6.320269]]], [[[-75.425074, 6.380557], [-75.424525, 6.381003], [-75.424075, 6.380746], [-75.423881, 6.38072], [-75.423284, 6.380085], [-75.423293, 6.379656], [-75.4235, 6.379595], [-75.423859, 6.3801], [-75.424107, 6.380175], [-75.424421, 6.380445], [-75.425182, 6.380114], [-75.425276, 6.380251], [-75.425074, 6.380557]]], [[[-75.42356, 6.366637], [-75.423348, 6.366604], [-75.423214, 6.366317], [-75.423355, 6.366288], [-75.423446, 6.366472], [-75.423678, 6.366563], [-75.42356, 6.366637]]], [[[-75.423255, 6.338295], [-75.423141, 6.338415], [-75.423128, 6.338259], [-75.423255, 6.338295]]], [[[-75.425096, 6.368922], [-75.425036, 6.368854], [-75.425037, 6.368837], [-75.42513, 6.368854], [-75.425096, 6.368922]]], [[[-75.424888, 6.368831], [-75.424855, 6.369038], [-75.424962, 6.369297], [-75.424915, 6.369499], [-75.424653, 6.369757], [-75.424354, 6.369826], [-75.423988, 6.369485], [-75.423954, 6.369197], [-75.424039, 6.368786], [-75.423694, 6.368775], [-75.42335, 6.368335], [-75.423576, 6.368428], [-75.423672, 6.368344], [-75.423488, 6.3682], [-75.423277, 6.368257], [-75.423234, 6.368182], [-75.423571, 6.368122], [-75.423769, 6.367931], [-75.423849, 6.368184], [-75.423797, 6.368477], [-75.424255, 6.368646], [-75.424428, 6.368591], [-75.424534, 6.368379], [-75.424663, 6.368513], [-75.425069, 6.368506], [-75.425112, 6.368615], [-75.424888, 6.368831]], [[-75.424716, 6.369061], [-75.424625, 6.369077], [-75.424641, 6.369233], [-75.424764, 6.369165], [-75.424716, 6.369061]]], [[[-75.423765, 6.349044], [-75.423766, 6.349196], [-75.423577, 6.349181], [-75.423647, 6.349], [-75.423765, 6.349044]]], [[[-75.423503, 6.3353], [-75.423526, 6.335417], [-75.423504, 6.335426], [-75.423503, 6.3353]]], [[[-75.424067, 6.333864], [-75.423992, 6.334177], [-75.423739, 6.334201], [-75.423662, 6.334012], [-75.423693, 6.333583], [-75.423997, 6.333673], [-75.424067, 6.333864]]], [[[-75.423776, 6.333043], [-75.423663, 6.33306], [-75.423665, 6.333004], [-75.423776, 6.333043]]], [[[-75.42391, 6.345958], [-75.42386, 6.345619], [-75.423879, 6.345597], [-75.42391, 6.345958]]], [[[-75.423929, 6.330748], [-75.423855, 6.330638], [-75.423877, 6.330497], [-75.423953, 6.330547], [-75.423929, 6.330748]]], [[[-75.424607, 6.34375], [-75.424619, 6.344321], [-75.424239, 6.343949], [-75.424025, 6.343981], [-75.423957, 6.343889], [-75.42403, 6.343709], [-75.424353, 6.343833], [-75.424607, 6.34375]]], [[[-75.42505, 6.32444], [-75.424857, 6.324634], [-75.424774, 6.324912], [-75.424439, 6.325057], [-75.424489, 6.325656], [-75.424408, 6.325804], [-75.424401, 6.32621], [-75.424288, 6.326232], [-75.424103, 6.325931], [-75.424156, 6.324848], [-75.424233, 6.324599], [-75.424386, 6.324572], [-75.424543, 6.324269], [-75.424465, 6.324092], [-75.424328, 6.324014], [-75.424185, 6.324379], [-75.423972, 6.324085], [-75.423943, 6.323452], [-75.424096, 6.323158], [-75.423956, 6.322578], [-75.424005, 6.322416], [-75.424368, 6.322672], [-75.424465, 6.323361], [-75.424563, 6.323465], [-75.424409, 6.323585], [-75.424602, 6.32372], [-75.424731, 6.324154], [-75.42505, 6.324259], [-75.42505, 6.32444]]], [[[-75.424449, 6.379831], [-75.424249, 6.379751], [-75.424242, 6.37966], [-75.424448, 6.379746], [-75.424449, 6.379831]]], [[[-75.423943, 6.332717], [-75.423944, 6.332779], [-75.423933, 6.332779], [-75.423943, 6.332717]]], [[[-75.424382, 6.318286], [-75.424012, 6.318351], [-75.423954, 6.318306], [-75.42404, 6.318138], [-75.424212, 6.318087], [-75.424429, 6.318171], [-75.424382, 6.318286]]], [[[-75.424395, 6.365298], [-75.424322, 6.3653], [-75.424378, 6.365215], [-75.424395, 6.365298]]], [[[-75.424659, 6.366213], [-75.42439, 6.366571], [-75.424359, 6.365984], [-75.424493, 6.366164], [-75.424659, 6.366213]]], [[[-75.433021, 6.366642], [-75.433003, 6.36696], [-75.432132, 6.36707], [-75.432034, 6.36716], [-75.431777, 6.366928], [-75.431599, 6.366444], [-75.431444, 6.366388], [-75.43086, 6.366934], [-75.430482, 6.367031], [-75.430532, 6.367595], [-75.430332, 6.36782], [-75.430033, 6.36787], [-75.429529, 6.367575], [-75.429427, 6.367413], [-75.429436, 6.367219], [-75.429199, 6.367], [-75.428667, 6.367091], [-75.428137, 6.366785], [-75.427881, 6.366933], [-75.427333, 6.36689], [-75.427054, 6.366782], [-75.426562, 6.366304], [-75.42651, 6.365887], [-75.425962, 6.366193], [-75.425689, 6.366126], [-75.4252, 6.366177], [-75.424794, 6.365925], [-75.424519, 6.365522], [-75.424857, 6.365202], [-75.424789, 6.364943], [-75.424879, 6.364783], [-75.425143, 6.364928], [-75.425316, 6.364864], [-75.425484, 6.365001], [-75.425696, 6.36481], [-75.425881, 6.36477], [-75.426003, 6.364849], [-75.426044, 6.3651], [-75.426298, 6.365121], [-75.426429, 6.365369], [-75.4269, 6.365142], [-75.427198, 6.365268], [-75.42768, 6.365698], [-75.427889, 6.365663], [-75.428044, 6.365515], [-75.42808, 6.365338], [-75.427895, 6.365065], [-75.427796, 6.364644], [-75.427198, 6.364351], [-75.426629, 6.364549], [-75.426442, 6.364166], [-75.426773, 6.364119], [-75.427133, 6.364253], [-75.427377, 6.364222], [-75.427426, 6.364134], [-75.427318, 6.364062], [-75.427337, 6.363928], [-75.427657, 6.363912], [-75.42732, 6.363692], [-75.42737, 6.36361], [-75.427631, 6.363719], [-75.427782, 6.363689], [-75.427869, 6.363802], [-75.428307, 6.363796], [-75.428442, 6.363896], [-75.428542, 6.363717], [-75.428412, 6.363524], [-75.42853, 6.363498], [-75.42896, 6.363796], [-75.429282, 6.363812], [-75.429441, 6.364002], [-75.429775, 6.36408], [-75.429833, 6.364266], [-75.42978, 6.36434], [-75.430069, 6.364318], [-75.430313, 6.364619], [-75.430871, 6.364929], [-75.430913, 6.365087], [-75.430671, 6.365499], [-75.430826, 6.365803], [-75.431156, 6.366105], [-75.431367, 6.366186], [-75.431459, 6.365804], [-75.431644, 6.36565], [-75.431782, 6.365647], [-75.431919, 6.365838], [-75.43198, 6.366219], [-75.432205, 6.365964], [-75.43245, 6.365997], [-75.432691, 6.366181], [-75.432797, 6.366478], [-75.433021, 6.366642]], [[-75.4249, 6.365258], [-75.4248, 6.36553], [-75.425124, 6.365635], [-75.42566, 6.365537], [-75.425346, 6.365515], [-75.425273, 6.365358], [-75.425069, 6.365228], [-75.4249, 6.365258]], [[-75.428004, 6.366303], [-75.427499, 6.366207], [-75.427192, 6.366236], [-75.427772, 6.366382], [-75.428004, 6.366303]], [[-75.427785, 6.363998], [-75.427767, 6.3641], [-75.427881, 6.364109], [-75.427861, 6.364005], [-75.427785, 6.363998]], [[-75.428853, 6.366422], [-75.42868, 6.366378], [-75.428568, 6.36597], [-75.428274, 6.366098], [-75.428369, 6.366369], [-75.428728, 6.366621], [-75.428836, 6.366595], [-75.428853, 6.366422]], [[-75.428809, 6.365503], [-75.428964, 6.365309], [-75.428839, 6.365232], [-75.428715, 6.365382], [-75.428809, 6.365503]], [[-75.430078, 6.364499], [-75.429345, 6.364452], [-75.429157, 6.364212], [-75.429111, 6.363979], [-75.42888, 6.364115], [-75.428891, 6.364327], [-75.429408, 6.364656], [-75.429956, 6.364719], [-75.430244, 6.364633], [-75.430078, 6.364499]], [[-75.429386, 6.364864], [-75.429274, 6.365005], [-75.429523, 6.365041], [-75.429505, 6.364914], [-75.429386, 6.364864]], [[-75.429737, 6.365264], [-75.429393, 6.3657], [-75.429634, 6.365913], [-75.429837, 6.365455], [-75.429737, 6.365264]], [[-75.430314, 6.366374], [-75.430026, 6.366375], [-75.429981, 6.366537], [-75.430312, 6.36662], [-75.430427, 6.366453], [-75.430314, 6.366374]], [[-75.430328, 6.365614], [-75.430252, 6.365689], [-75.430274, 6.365774], [-75.430423, 6.365681], [-75.430328, 6.365614]], [[-75.430714, 6.36627], [-75.430658, 6.366181], [-75.430576, 6.366158], [-75.430649, 6.36634], [-75.430714, 6.36627]], [[-75.432178, 6.366766], [-75.432024, 6.366847], [-75.432161, 6.366951], [-75.432291, 6.366926], [-75.432338, 6.36676], [-75.432258, 6.366534], [-75.432178, 6.366766]]], [[[-75.429446, 6.371459], [-75.429276, 6.37155], [-75.429368, 6.371786], [-75.429092, 6.371833], [-75.429012, 6.371754], [-75.429169, 6.371487], [-75.42853, 6.371462], [-75.428103, 6.371343], [-75.427921, 6.371444], [-75.427908, 6.37158], [-75.4275, 6.371712], [-75.4274, 6.372027], [-75.427294, 6.371574], [-75.426968, 6.37141], [-75.426928, 6.371286], [-75.427173, 6.371079], [-75.427391, 6.371294], [-75.427604, 6.371343], [-75.427974, 6.370804], [-75.428156, 6.37085], [-75.428207, 6.37101], [-75.428364, 6.371094], [-75.428986, 6.370861], [-75.429243, 6.370962], [-75.429215, 6.371101], [-75.429374, 6.371268], [-75.429446, 6.371459]], [[-75.428686, 6.371232], [-75.42855, 6.371191], [-75.428486, 6.371263], [-75.42868, 6.371372], [-75.428686, 6.371232]]], [[[-75.427194, 6.371991], [-75.426477, 6.372495], [-75.42602, 6.372164], [-75.425938, 6.372215], [-75.425901, 6.372606], [-75.425969, 6.37289], [-75.426165, 6.373137], [-75.426426, 6.373035], [-75.4267, 6.373218], [-75.4269, 6.373609], [-75.42673, 6.374149], [-75.426589, 6.374313], [-75.426585, 6.374602], [-75.426223, 6.374516], [-75.426382, 6.374048], [-75.426323, 6.373895], [-75.425919, 6.373919], [-75.425761, 6.374321], [-75.425607, 6.374367], [-75.425553, 6.374303], [-75.425698, 6.37414], [-75.42571, 6.373994], [-75.425283, 6.373738], [-75.425135, 6.373454], [-75.424987, 6.373418], [-75.424592, 6.37356], [-75.42449, 6.373502], [-75.424518, 6.373374], [-75.425227, 6.373018], [-75.425253, 6.372904], [-75.425138, 6.372772], [-75.424725, 6.372961], [-75.424606, 6.372809], [-75.424579, 6.372589], [-75.424737, 6.372492], [-75.424845, 6.372187], [-75.425001, 6.372165], [-75.42511, 6.372299], [-75.425508, 6.371934], [-75.425645, 6.371528], [-75.425501, 6.371306], [-75.425885, 6.370893], [-75.426127, 6.370903], [-75.426468, 6.371271], [-75.426034, 6.371515], [-75.426126, 6.371786], [-75.426496, 6.371947], [-75.427075, 6.371863], [-75.427194, 6.371991]], [[-75.426009, 6.373456], [-75.425889, 6.373357], [-75.425754, 6.373361], [-75.42597, 6.373548], [-75.426009, 6.373456]]], [[[-75.425032, 6.36248], [-75.424827, 6.362379], [-75.424582, 6.361972], [-75.424531, 6.361491], [-75.424645, 6.361272], [-75.424873, 6.361319], [-75.425044, 6.361571], [-75.424998, 6.362129], [-75.42515, 6.362429], [-75.425032, 6.36248]]], [[[-75.424702, 6.380023], [-75.424645, 6.379963], [-75.424678, 6.379907], [-75.424735, 6.379956], [-75.424702, 6.380023]]], [[[-75.424587, 6.316354], [-75.424442, 6.316129], [-75.424476, 6.316027], [-75.424603, 6.316094], [-75.424587, 6.316354]]], [[[-75.424873, 6.375614], [-75.424812, 6.375738], [-75.424839, 6.375583], [-75.424873, 6.375614]]], [[[-75.425409, 6.367312], [-75.425389, 6.367735], [-75.425063, 6.367969], [-75.424837, 6.36671], [-75.425222, 6.366997], [-75.425409, 6.367312]]], [[[-75.424903, 6.371858], [-75.424866, 6.371749], [-75.425013, 6.371841], [-75.424903, 6.371858]]], [[[-75.42513, 6.378559], [-75.425053, 6.378483], [-75.42507, 6.378385], [-75.425171, 6.378444], [-75.42513, 6.378559]]], [[[-75.425018, 6.317309], [-75.424883, 6.317377], [-75.424849, 6.317353], [-75.425018, 6.317309]]], [[[-75.425496, 6.322928], [-75.425427, 6.323197], [-75.425224, 6.323164], [-75.425007, 6.323368], [-75.424939, 6.323337], [-75.424936, 6.32309], [-75.425202, 6.322883], [-75.425496, 6.322928]]], [[[-75.426342, 6.369651], [-75.426073, 6.369622], [-75.425829, 6.3694], [-75.425622, 6.369407], [-75.425582, 6.369653], [-75.425952, 6.369949], [-75.42584, 6.37009], [-75.425339, 6.369635], [-75.425324, 6.369359], [-75.42563, 6.369036], [-75.425618, 6.368676], [-75.425369, 6.368155], [-75.425811, 6.368514], [-75.425702, 6.368694], [-75.425738, 6.368843], [-75.425982, 6.368949], [-75.426026, 6.369155], [-75.426258, 6.369236], [-75.426442, 6.369415], [-75.426494, 6.369566], [-75.426342, 6.369651]]], [[[-75.425885, 6.326362], [-75.425521, 6.326646], [-75.425317, 6.326496], [-75.425203, 6.326252], [-75.425411, 6.326173], [-75.425841, 6.326211], [-75.425908, 6.32623], [-75.425885, 6.326362]]], [[[-75.434222, 6.360193], [-75.43392, 6.360373], [-75.433395, 6.360394], [-75.43283, 6.360835], [-75.432392, 6.360667], [-75.431737, 6.36113], [-75.431274, 6.361145], [-75.430536, 6.362253], [-75.429416, 6.363039], [-75.429068, 6.363133], [-75.428687, 6.363077], [-75.428476, 6.363252], [-75.428128, 6.36309], [-75.427888, 6.363282], [-75.427748, 6.363146], [-75.427861, 6.363081], [-75.427845, 6.362889], [-75.428001, 6.362766], [-75.427987, 6.362691], [-75.427703, 6.362653], [-75.427508, 6.362923], [-75.427023, 6.362534], [-75.427048, 6.362891], [-75.426818, 6.363122], [-75.426542, 6.363081], [-75.425978, 6.363293], [-75.425801, 6.363169], [-75.425694, 6.362779], [-75.425467, 6.362696], [-75.425845, 6.361959], [-75.426308, 6.362246], [-75.427256, 6.36233], [-75.427366, 6.362291], [-75.427376, 6.362151], [-75.427086, 6.362015], [-75.427028, 6.361846], [-75.427487, 6.361823], [-75.427653, 6.362013], [-75.427871, 6.362057], [-75.427996, 6.361992], [-75.427932, 6.361751], [-75.428427, 6.36158], [-75.428597, 6.36183], [-75.42877, 6.361891], [-75.428916, 6.361586], [-75.429006, 6.360746], [-75.429082, 6.360772], [-75.428968, 6.361261], [-75.428997, 6.361739], [-75.429176, 6.36146], [-75.429089, 6.361013], [-75.429285, 6.36079], [-75.429359, 6.360432], [-75.429525, 6.360374], [-75.429887, 6.360457], [-75.430088, 6.360375], [-75.430042, 6.360214], [-75.429814, 6.360141], [-75.430008, 6.360097], [-75.429975, 6.36001], [-75.429564, 6.359984], [-75.429421, 6.360201], [-75.429047, 6.360272], [-75.428896, 6.360195], [-75.428581, 6.360216], [-75.428318, 6.359869], [-75.428278, 6.360092], [-75.42789, 6.360248], [-75.427817, 6.360447], [-75.427666, 6.36047], [-75.427608, 6.360388], [-75.427711, 6.360317], [-75.427699, 6.360164], [-75.427843, 6.360032], [-75.42776, 6.359813], [-75.427951, 6.359464], [-75.427846, 6.359118], [-75.427975, 6.359002], [-75.428351, 6.359086], [-75.428615, 6.359428], [-75.429322, 6.359327], [-75.429578, 6.359121], [-75.42921, 6.358851], [-75.42925, 6.358705], [-75.429419, 6.358664], [-75.429527, 6.358826], [-75.429816, 6.358904], [-75.430396, 6.358586], [-75.430691, 6.358811], [-75.430981, 6.359292], [-75.43128, 6.3593], [-75.431264, 6.359399], [-75.431007, 6.35948], [-75.430961, 6.359593], [-75.431535, 6.359637], [-75.431853, 6.359872], [-75.431871, 6.360037], [-75.432041, 6.360248], [-75.432389, 6.360161], [-75.432532, 6.359999], [-75.432457, 6.359721], [-75.432169, 6.359505], [-75.432171, 6.359428], [-75.432275, 6.359408], [-75.432911, 6.359771], [-75.43315, 6.359664], [-75.433445, 6.359703], [-75.433608, 6.359838], [-75.433816, 6.360229], [-75.433955, 6.359892], [-75.434263, 6.359882], [-75.43434, 6.35999], [-75.434222, 6.360193]], [[-75.426536, 6.362829], [-75.426484, 6.362721], [-75.4264, 6.362694], [-75.42644, 6.362851], [-75.426536, 6.362829]], [[-75.427588, 6.362188], [-75.427514, 6.36231], [-75.427598, 6.362463], [-75.427842, 6.362513], [-75.428004, 6.362456], [-75.427588, 6.362188]], [[-75.429218, 6.361868], [-75.429003, 6.362032], [-75.428892, 6.361939], [-75.428695, 6.361996], [-75.428586, 6.36217], [-75.428257, 6.362289], [-75.428205, 6.362459], [-75.42871, 6.362412], [-75.429067, 6.362148], [-75.429218, 6.361868]], [[-75.428929, 6.362873], [-75.428857, 6.362833], [-75.428918, 6.362696], [-75.428687, 6.36268], [-75.428722, 6.36288], [-75.428929, 6.362873]], [[-75.429847, 6.360759], [-75.429729, 6.36081], [-75.429786, 6.36103], [-75.429898, 6.36086], [-75.429847, 6.360759]], [[-75.43007, 6.361757], [-75.429898, 6.361872], [-75.429786, 6.362126], [-75.430003, 6.36191], [-75.43007, 6.361757]], [[-75.430614, 6.358884], [-75.430371, 6.358896], [-75.430305, 6.35914], [-75.43006, 6.359372], [-75.430311, 6.359287], [-75.430584, 6.358994], [-75.430614, 6.358884]], [[-75.43042, 6.361047], [-75.430303, 6.360823], [-75.430193, 6.360859], [-75.430181, 6.361125], [-75.43042, 6.361047]], [[-75.431077, 6.360431], [-75.430796, 6.360144], [-75.430403, 6.360106], [-75.430543, 6.360617], [-75.431078, 6.360651], [-75.431077, 6.360431]], [[-75.430674, 6.361114], [-75.430578, 6.361145], [-75.430629, 6.361297], [-75.430712, 6.361185], [-75.430674, 6.361114]], [[-75.432664, 6.36044], [-75.432555, 6.360428], [-75.432554, 6.360563], [-75.432713, 6.360577], [-75.432664, 6.36044]], [[-75.43263, 6.360181], [-75.432723, 6.360282], [-75.432858, 6.360275], [-75.432716, 6.360056], [-75.43263, 6.360181]]], [[[-75.432278, 6.35999], [-75.43221, 6.359974], [-75.432261, 6.359948], [-75.432278, 6.35999]]], [[[-75.425946, 6.363569], [-75.426115, 6.363568], [-75.426149, 6.363636], [-75.425946, 6.363569]]], [[[-75.425215, 6.327456], [-75.425255, 6.327396], [-75.425438, 6.327488], [-75.425299, 6.327506], [-75.425215, 6.327456]]], [[[-75.425956, 6.320329], [-75.425824, 6.320325], [-75.425682, 6.320468], [-75.42546, 6.320001], [-75.425442, 6.319783], [-75.425668, 6.319782], [-75.425889, 6.319942], [-75.426008, 6.320162], [-75.425956, 6.320329]]], [[[-75.426913, 6.380691], [-75.426462, 6.380272], [-75.426339, 6.380015], [-75.426218, 6.379972], [-75.426189, 6.379539], [-75.426062, 6.3794], [-75.42611, 6.379202], [-75.426199, 6.379229], [-75.426282, 6.379451], [-75.426563, 6.379559], [-75.426664, 6.379864], [-75.426846, 6.379994], [-75.426793, 6.380334], [-75.426997, 6.380567], [-75.426913, 6.380691]]], [[[-75.425951, 6.379109], [-75.425709, 6.379252], [-75.425917, 6.378997], [-75.425951, 6.379109]]], [[[-75.428271, 6.324433], [-75.42805, 6.324839], [-75.427643, 6.324931], [-75.42741, 6.325132], [-75.426875, 6.325113], [-75.426516, 6.325317], [-75.426508, 6.32542], [-75.426722, 6.32541], [-75.427028, 6.325667], [-75.426989, 6.325848], [-75.426826, 6.325961], [-75.426326, 6.32542], [-75.426268, 6.325222], [-75.426085, 6.325325], [-75.425851, 6.325317], [-75.425525, 6.325028], [-75.425609, 6.324671], [-75.425789, 6.324448], [-75.425896, 6.324478], [-75.425877, 6.324614], [-75.425984, 6.324685], [-75.426526, 6.324672], [-75.42646, 6.324586], [-75.426056, 6.324507], [-75.426237, 6.324359], [-75.426889, 6.324484], [-75.427229, 6.324458], [-75.427844, 6.324693], [-75.428187, 6.324173], [-75.428271, 6.324433]]], [[[-75.426172, 6.343251], [-75.425988, 6.343292], [-75.425801, 6.343536], [-75.4257, 6.343531], [-75.42617, 6.343018], [-75.426272, 6.342584], [-75.426291, 6.343082], [-75.426172, 6.343251]]], [[[-75.425631, 6.339327], [-75.425635, 6.33909], [-75.425684, 6.338988], [-75.425744, 6.339529], [-75.425631, 6.339327]]], [[[-75.427204, 6.377895], [-75.426902, 6.378125], [-75.426509, 6.378035], [-75.426484, 6.377739], [-75.426113, 6.377584], [-75.426031, 6.377473], [-75.426148, 6.376927], [-75.42629, 6.376761], [-75.426404, 6.376847], [-75.426475, 6.377408], [-75.42658, 6.377414], [-75.426678, 6.377085], [-75.426652, 6.376682], [-75.42692, 6.37659], [-75.427073, 6.376286], [-75.427169, 6.376513], [-75.427369, 6.376497], [-75.42716, 6.376775], [-75.426882, 6.376957], [-75.426796, 6.37753], [-75.426875, 6.377647], [-75.427269, 6.377674], [-75.427204, 6.377895]]], [[[-75.425906, 6.377232], [-75.425866, 6.377138], [-75.425914, 6.376737], [-75.425939, 6.377048], [-75.425906, 6.377232]]], [[[-75.426773, 6.380879], [-75.426279, 6.381029], [-75.426064, 6.380771], [-75.426197, 6.38073], [-75.426773, 6.380879]]], [[[-75.426173, 6.375786], [-75.426156, 6.375853], [-75.426131, 6.375803], [-75.426173, 6.375786]]], [[[-75.4264, 6.383227], [-75.426367, 6.383303], [-75.426315, 6.383228], [-75.4264, 6.383227]]], [[[-75.426619, 6.384116], [-75.426449, 6.383978], [-75.426465, 6.38386], [-75.426601, 6.383884], [-75.426619, 6.384116]]], [[[-75.426297, 6.345223], [-75.426209, 6.345181], [-75.426232, 6.344998], [-75.426331, 6.345139], [-75.426297, 6.345223]]], [[[-75.426279, 6.321813], [-75.42619, 6.321781], [-75.426213, 6.321679], [-75.426344, 6.321697], [-75.426279, 6.321813]]], [[[-75.428091, 6.323516], [-75.427629, 6.323442], [-75.427655, 6.323268], [-75.427559, 6.323229], [-75.427453, 6.322993], [-75.427712, 6.322802], [-75.427805, 6.322832], [-75.428091, 6.323516]]], [[[-75.428029, 6.32373], [-75.428053, 6.323839], [-75.427964, 6.323894], [-75.427329, 6.3239], [-75.426883, 6.324026], [-75.42656, 6.323942], [-75.426476, 6.323733], [-75.426234, 6.323604], [-75.426352, 6.323538], [-75.426484, 6.323582], [-75.426756, 6.323362], [-75.427482, 6.323774], [-75.428029, 6.32373]]], [[[-75.427853, 6.38361], [-75.427684, 6.383746], [-75.427007, 6.383659], [-75.426888, 6.383394], [-75.426673, 6.383258], [-75.426608, 6.382947], [-75.426844, 6.382801], [-75.427197, 6.382839], [-75.427328, 6.383014], [-75.4273, 6.38325], [-75.427488, 6.383606], [-75.427654, 6.383685], [-75.427609, 6.383539], [-75.427753, 6.383509], [-75.427853, 6.38361]]], [[[-75.426635, 6.341916], [-75.42661, 6.34206], [-75.426535, 6.342111], [-75.426585, 6.34195], [-75.426635, 6.341916]]], [[[-75.427072, 6.377311], [-75.426999, 6.377313], [-75.427055, 6.377228], [-75.427072, 6.377311]]], [[[-75.427428, 6.339943], [-75.427089, 6.339924], [-75.426894, 6.339816], [-75.427178, 6.33972], [-75.427428, 6.339943]]], [[[-75.427042, 6.340626], [-75.42708, 6.341091], [-75.426971, 6.341168], [-75.426936, 6.340948], [-75.427042, 6.340626]]], [[[-75.427289, 6.339206], [-75.427315, 6.339418], [-75.427236, 6.339459], [-75.426911, 6.339168], [-75.427119, 6.339088], [-75.427289, 6.339206]]], [[[-75.427105, 6.358523], [-75.427243, 6.358381], [-75.427362, 6.358414], [-75.427338, 6.358541], [-75.427105, 6.358523]]], [[[-75.427124, 6.335294], [-75.427051, 6.335332], [-75.427039, 6.335271], [-75.427116, 6.334731], [-75.427124, 6.335294]]], [[[-75.427449, 6.374443], [-75.427211, 6.374218], [-75.427206, 6.374062], [-75.427452, 6.374289], [-75.427449, 6.374443]]], [[[-75.428105, 6.379207], [-75.428019, 6.379197], [-75.427457, 6.378441], [-75.427617, 6.378531], [-75.427712, 6.378479], [-75.427782, 6.37808], [-75.427881, 6.377982], [-75.428059, 6.378032], [-75.428141, 6.378279], [-75.428105, 6.379207]]], [[[-75.427908, 6.368729], [-75.427602, 6.369146], [-75.427475, 6.369224], [-75.427596, 6.368731], [-75.427908, 6.368729]]], [[[-75.427437, 6.334724], [-75.427388, 6.33486], [-75.427387, 6.334674], [-75.427437, 6.334724]]], [[[-75.427775, 6.382644], [-75.427742, 6.382771], [-75.427632, 6.382774], [-75.427663, 6.382608], [-75.427775, 6.382644]]], [[[-75.429509, 6.380801], [-75.428064, 6.381066], [-75.4278, 6.380913], [-75.427682, 6.380693], [-75.427959, 6.380464], [-75.427932, 6.380294], [-75.428024, 6.380225], [-75.42821, 6.380223], [-75.428174, 6.380407], [-75.428498, 6.38034], [-75.428559, 6.380439], [-75.428986, 6.380146], [-75.429274, 6.380339], [-75.429513, 6.380369], [-75.429509, 6.380801]], [[-75.428533, 6.38063], [-75.428444, 6.380574], [-75.428237, 6.380726], [-75.428398, 6.38077], [-75.428533, 6.38063]]], [[[-75.428698, 6.380218], [-75.428645, 6.380105], [-75.428441, 6.380013], [-75.428749, 6.379979], [-75.428793, 6.380174], [-75.428698, 6.380218]]], [[[-75.427783, 6.340905], [-75.427472, 6.340906], [-75.427444, 6.340867], [-75.427783, 6.340905]]], [[[-75.427507, 6.321814], [-75.427477, 6.321969], [-75.427431, 6.321814], [-75.427507, 6.321814]]], [[[-75.428367, 6.325768], [-75.428086, 6.325999], [-75.428015, 6.326527], [-75.427851, 6.325918], [-75.427554, 6.325681], [-75.42788, 6.325584], [-75.427806, 6.325254], [-75.428327, 6.325675], [-75.428367, 6.325768]]], [[[-75.42857, 6.358025], [-75.428101, 6.358018], [-75.427908, 6.357725], [-75.428284, 6.357732], [-75.42857, 6.358025]]], [[[-75.428388, 6.356798], [-75.428167, 6.356724], [-75.428268, 6.356478], [-75.428557, 6.356747], [-75.428388, 6.356798]]], [[[-75.428634, 6.373104], [-75.428414, 6.373073], [-75.428363, 6.37295], [-75.428599, 6.372813], [-75.42874, 6.372823], [-75.428747, 6.373036], [-75.428634, 6.373104]]], [[[-75.428953, 6.379587], [-75.428451, 6.379726], [-75.428382, 6.379403], [-75.428429, 6.379248], [-75.4288, 6.379487], [-75.428969, 6.379506], [-75.428953, 6.379587]]], [[[-75.428639, 6.372293], [-75.428419, 6.372335], [-75.42836, 6.372311], [-75.428587, 6.372165], [-75.428639, 6.372293]]], [[[-75.428447, 6.335632], [-75.428211, 6.335661], [-75.428269, 6.335492], [-75.428387, 6.335474], [-75.428353, 6.335409], [-75.428514, 6.335514], [-75.428447, 6.335632]]], [[[-75.428342, 6.328831], [-75.428249, 6.328874], [-75.428218, 6.328837], [-75.428342, 6.328831]]], [[[-75.42871, 6.36153], [-75.428559, 6.36126], [-75.428437, 6.361227], [-75.428414, 6.361091], [-75.428467, 6.36087], [-75.428573, 6.360925], [-75.428695, 6.360783], [-75.42871, 6.36153]]], [[[-75.429646, 6.41036], [-75.42945, 6.410637], [-75.429241, 6.410476], [-75.429052, 6.410484], [-75.428786, 6.410774], [-75.428673, 6.41059], [-75.428764, 6.410428], [-75.429172, 6.410338], [-75.429036, 6.410165], [-75.429264, 6.410148], [-75.429322, 6.410004], [-75.429641, 6.410172], [-75.429646, 6.41036]]], [[[-75.429395, 6.409779], [-75.429479, 6.409671], [-75.42962, 6.40962], [-75.429536, 6.409727], [-75.429395, 6.409779]]], [[[-75.430213, 6.34023], [-75.429374, 6.340277], [-75.429181, 6.340474], [-75.428805, 6.340553], [-75.428693, 6.340852], [-75.428823, 6.341403], [-75.428757, 6.341796], [-75.428648, 6.341775], [-75.42832, 6.341417], [-75.428445, 6.340588], [-75.428639, 6.340418], [-75.429093, 6.340305], [-75.429358, 6.339581], [-75.429612, 6.339557], [-75.429799, 6.339637], [-75.429948, 6.340046], [-75.430377, 6.340145], [-75.430213, 6.34023]]], [[[-75.428941, 6.341844], [-75.429029, 6.341897], [-75.429039, 6.342034], [-75.428905, 6.342006], [-75.428941, 6.341844]]], [[[-75.428619, 6.358438], [-75.428513, 6.358423], [-75.428463, 6.358316], [-75.428679, 6.35834], [-75.428619, 6.358438]]], [[[-75.428547, 6.32676], [-75.428378, 6.326807], [-75.428327, 6.326757], [-75.428445, 6.326695], [-75.428547, 6.32676]]], [[[-75.429616, 6.378751], [-75.428772, 6.378337], [-75.428675, 6.378153], [-75.428916, 6.378084], [-75.428959, 6.378228], [-75.429123, 6.378278], [-75.429265, 6.378478], [-75.429672, 6.378569], [-75.4297, 6.378666], [-75.429616, 6.378751]]], [[[-75.428946, 6.334824], [-75.428811, 6.334943], [-75.428726, 6.334746], [-75.428895, 6.334706], [-75.428946, 6.334824]]], [[[-75.429497, 6.357689], [-75.429302, 6.35795], [-75.428986, 6.358116], [-75.428879, 6.357805], [-75.428991, 6.357559], [-75.429241, 6.357745], [-75.429321, 6.357552], [-75.429521, 6.357506], [-75.429497, 6.357689]]], [[[-75.429219, 6.377351], [-75.429169, 6.377517], [-75.429168, 6.3773], [-75.429219, 6.377351]]], [[[-75.429494, 6.357203], [-75.429164, 6.357052], [-75.429127, 6.356982], [-75.429389, 6.357022], [-75.429494, 6.357203]]], [[[-75.429577, 6.373337], [-75.429265, 6.373372], [-75.429179, 6.373349], [-75.429577, 6.373337]]], [[[-75.432159, 6.412436], [-75.43204, 6.412422], [-75.431895, 6.412257], [-75.43205, 6.412275], [-75.432159, 6.412436]]], [[[-75.431644, 6.412385], [-75.431712, 6.412486], [-75.431612, 6.412563], [-75.431577, 6.412436], [-75.431644, 6.412385]]], [[[-75.431396, 6.412516], [-75.431294, 6.412848], [-75.430987, 6.41254], [-75.43114, 6.412559], [-75.431303, 6.412456], [-75.431396, 6.412516]]], [[[-75.430901, 6.412756], [-75.430066, 6.412247], [-75.429561, 6.412049], [-75.429484, 6.411928], [-75.429788, 6.411847], [-75.43019, 6.412086], [-75.430063, 6.411887], [-75.430198, 6.411872], [-75.43046, 6.412103], [-75.430901, 6.412756]]], [[[-75.429428, 6.373643], [-75.429326, 6.373628], [-75.42932, 6.373573], [-75.429416, 6.373572], [-75.429428, 6.373643]]], [[[-75.429452, 6.346246], [-75.429384, 6.346181], [-75.429468, 6.346068], [-75.429502, 6.346178], [-75.429452, 6.346246]]], [[[-75.429876, 6.411212], [-75.429809, 6.411314], [-75.429783, 6.411238], [-75.429876, 6.411212]]], [[[-75.429602, 6.346655], [-75.4296, 6.346581], [-75.429685, 6.346637], [-75.429602, 6.346655]]], [[[-75.429984, 6.409513], [-75.429934, 6.409609], [-75.429911, 6.409536], [-75.429984, 6.409513]]], [[[-75.429792, 6.357504], [-75.429776, 6.357572], [-75.42975, 6.357521], [-75.429792, 6.357504]]], [[[-75.43012, 6.411482], [-75.430079, 6.41155], [-75.430053, 6.4115], [-75.43012, 6.411482]]], [[[-75.430062, 6.369187], [-75.429879, 6.369215], [-75.429836, 6.369156], [-75.430019, 6.369096], [-75.430062, 6.369187]]], [[[-75.430078, 6.317171], [-75.429748, 6.317208], [-75.429638, 6.317167], [-75.430078, 6.317171]]], [[[-75.433295, 6.405491], [-75.433126, 6.40554], [-75.433302, 6.405346], [-75.433326, 6.404929], [-75.433423, 6.405135], [-75.433295, 6.405491]]], [[[-75.43311, 6.405811], [-75.433058, 6.405931], [-75.432885, 6.40601], [-75.433289, 6.406222], [-75.433193, 6.406396], [-75.432605, 6.406584], [-75.432227, 6.406552], [-75.431852, 6.40677], [-75.43176, 6.407077], [-75.431385, 6.407161], [-75.431463, 6.407641], [-75.431282, 6.408158], [-75.431494, 6.408493], [-75.431655, 6.408368], [-75.43184, 6.408372], [-75.431675, 6.408594], [-75.431715, 6.408881], [-75.431565, 6.409102], [-75.431291, 6.409329], [-75.431097, 6.409375], [-75.430843, 6.409106], [-75.430183, 6.409046], [-75.430564, 6.408457], [-75.431047, 6.408047], [-75.431045, 6.40767], [-75.431286, 6.407596], [-75.431216, 6.407309], [-75.430976, 6.4072], [-75.430991, 6.406963], [-75.431218, 6.406768], [-75.431512, 6.407062], [-75.431673, 6.406954], [-75.431703, 6.406589], [-75.43143, 6.406416], [-75.431438, 6.406285], [-75.431907, 6.406382], [-75.4323, 6.406323], [-75.432434, 6.406204], [-75.431604, 6.406148], [-75.432735, 6.405905], [-75.432887, 6.405716], [-75.432952, 6.405841], [-75.43311, 6.405811]], [[-75.431135, 6.409057], [-75.431201, 6.408892], [-75.431048, 6.40903], [-75.431135, 6.409057]]], [[[-75.430976, 6.357222], [-75.430759, 6.357334], [-75.430124, 6.357362], [-75.430078, 6.357014], [-75.43017, 6.35694], [-75.430373, 6.357], [-75.430671, 6.356867], [-75.430942, 6.357035], [-75.430976, 6.357222]]], [[[-75.430564, 6.374072], [-75.430399, 6.374156], [-75.430301, 6.374364], [-75.43033, 6.374041], [-75.430564, 6.374072]]], [[[-75.431153, 6.373477], [-75.430895, 6.373293], [-75.430336, 6.373245], [-75.430601, 6.372793], [-75.431112, 6.372972], [-75.431153, 6.373477]], [[-75.430944, 6.37308], [-75.430884, 6.373024], [-75.430751, 6.373081], [-75.430835, 6.373166], [-75.430944, 6.37308]]], [[[-75.431001, 6.373629], [-75.430858, 6.373774], [-75.430461, 6.37359], [-75.430831, 6.373529], [-75.431001, 6.373629]]], [[[-75.430374, 6.377342], [-75.430423, 6.377283], [-75.430643, 6.377375], [-75.430476, 6.377393], [-75.430374, 6.377342]]], [[[-75.43062, 6.375569], [-75.430562, 6.37588], [-75.430459, 6.3755], [-75.43062, 6.375569]]], [[[-75.431025, 6.406341], [-75.430828, 6.406327], [-75.430751, 6.406269], [-75.430997, 6.406259], [-75.431025, 6.406341]]], [[[-75.430859, 6.338074], [-75.430724, 6.338059], [-75.430516, 6.337903], [-75.430795, 6.337865], [-75.430859, 6.338074]]], [[[-75.43109, 6.371643], [-75.43106, 6.371911], [-75.430917, 6.371948], [-75.430662, 6.371837], [-75.430702, 6.371711], [-75.43097, 6.371594], [-75.43109, 6.371643]]], [[[-75.432037, 6.367669], [-75.431516, 6.367891], [-75.431121, 6.367803], [-75.430995, 6.367599], [-75.431305, 6.367241], [-75.431603, 6.367178], [-75.431882, 6.367398], [-75.432037, 6.367669]]], [[[-75.430948, 6.323863], [-75.431022, 6.324114], [-75.430851, 6.324101], [-75.430865, 6.323903], [-75.430948, 6.323863]]], [[[-75.43177, 6.358229], [-75.431488, 6.358281], [-75.431411, 6.358135], [-75.431687, 6.358119], [-75.43177, 6.358229]]], [[[-75.431135, 6.358354], [-75.431067, 6.358255], [-75.431151, 6.358086], [-75.431185, 6.358253], [-75.431135, 6.358354]]], [[[-75.431467, 6.372457], [-75.431234, 6.372431], [-75.431158, 6.372168], [-75.431263, 6.372157], [-75.431339, 6.372317], [-75.431476, 6.372359], [-75.431467, 6.372457]]], [[[-75.432045, 6.363403], [-75.431756, 6.363651], [-75.431618, 6.363608], [-75.431715, 6.363472], [-75.43171, 6.36292], [-75.432016, 6.363189], [-75.432045, 6.363403]]], [[[-75.431572, 6.362745], [-75.431326, 6.362652], [-75.431273, 6.362318], [-75.431481, 6.362308], [-75.431776, 6.362553], [-75.431792, 6.362716], [-75.431572, 6.362745]]], [[[-75.43125, 6.362141], [-75.431159, 6.362095], [-75.431133, 6.362039], [-75.431285, 6.362079], [-75.43125, 6.362141]]], [[[-75.431336, 6.344722], [-75.431202, 6.34479], [-75.431168, 6.344765], [-75.431336, 6.344722]]], [[[-75.431898, 6.342818], [-75.431392, 6.343267], [-75.431194, 6.34307], [-75.431329, 6.342764], [-75.431562, 6.342622], [-75.431732, 6.342378], [-75.432081, 6.342527], [-75.431898, 6.342818]]], [[[-75.432512, 6.374683], [-75.432056, 6.375241], [-75.431784, 6.375042], [-75.43222, 6.374795], [-75.43185, 6.374617], [-75.432462, 6.374489], [-75.432208, 6.374365], [-75.432544, 6.374414], [-75.432512, 6.374683]]], [[[-75.431957, 6.364322], [-75.431808, 6.3644], [-75.431654, 6.364138], [-75.431939, 6.364187], [-75.431957, 6.364322]]], [[[-75.434924, 6.411403], [-75.434583, 6.411427], [-75.434706, 6.4112], [-75.434404, 6.411099], [-75.434054, 6.411353], [-75.433783, 6.411354], [-75.433401, 6.411079], [-75.433544, 6.411025], [-75.433547, 6.410918], [-75.433385, 6.410931], [-75.433118, 6.41068], [-75.432902, 6.41079], [-75.432992, 6.41107], [-75.432916, 6.411288], [-75.432813, 6.410913], [-75.432856, 6.410625], [-75.432748, 6.410384], [-75.432604, 6.410373], [-75.432269, 6.410603], [-75.432065, 6.410377], [-75.432308, 6.410126], [-75.432693, 6.410098], [-75.432674, 6.409987], [-75.432533, 6.409918], [-75.43259, 6.409849], [-75.432738, 6.409874], [-75.433194, 6.410215], [-75.433761, 6.409981], [-75.43392, 6.410017], [-75.434545, 6.4106], [-75.434936, 6.410838], [-75.435093, 6.411233], [-75.434924, 6.411403]]], [[[-75.433117, 6.407165], [-75.432593, 6.407483], [-75.432327, 6.407482], [-75.432106, 6.407263], [-75.432088, 6.406966], [-75.432347, 6.406861], [-75.432508, 6.406885], [-75.432495, 6.406961], [-75.432878, 6.406866], [-75.433375, 6.406888], [-75.433117, 6.407165]]], [[[-75.433886, 6.366711], [-75.433767, 6.366781], [-75.433584, 6.366733], [-75.433367, 6.366556], [-75.433169, 6.366187], [-75.432874, 6.365923], [-75.432683, 6.365875], [-75.432684, 6.365786], [-75.432886, 6.365715], [-75.432934, 6.365609], [-75.432494, 6.365477], [-75.432318, 6.365092], [-75.432076, 6.365007], [-75.432312, 6.36494], [-75.432213, 6.364773], [-75.431987, 6.364667], [-75.432149, 6.364419], [-75.432313, 6.364384], [-75.432457, 6.364476], [-75.432597, 6.365069], [-75.432822, 6.364931], [-75.43303, 6.365336], [-75.433377, 6.365523], [-75.433886, 6.366711]]], [[[-75.431842, 6.326006], [-75.431852, 6.326342], [-75.431793, 6.326436], [-75.431759, 6.326238], [-75.431842, 6.326006]]], [[[-75.432602, 6.346062], [-75.432074, 6.345917], [-75.431934, 6.345756], [-75.431951, 6.345661], [-75.432118, 6.345649], [-75.432238, 6.345806], [-75.432407, 6.345849], [-75.432391, 6.346], [-75.432602, 6.346062]]], [[[-75.432135, 6.346098], [-75.4321, 6.346168], [-75.432051, 6.346134], [-75.432135, 6.346098]]], [[[-75.432505, 6.358423], [-75.432036, 6.358332], [-75.431999, 6.358268], [-75.432258, 6.35826], [-75.432505, 6.358423]]], [[[-75.432271, 6.324663], [-75.431972, 6.324744], [-75.431887, 6.324678], [-75.432056, 6.324598], [-75.432271, 6.324663]]], [[[-75.437452, 6.350977], [-75.437227, 6.351125], [-75.436862, 6.351201], [-75.436732, 6.351396], [-75.436615, 6.351244], [-75.436516, 6.350776], [-75.43642, 6.350883], [-75.436236, 6.350833], [-75.435974, 6.350901], [-75.43617, 6.351621], [-75.436058, 6.351908], [-75.435652, 6.351978], [-75.435852, 6.352294], [-75.435847, 6.352649], [-75.435615, 6.352515], [-75.4353, 6.352131], [-75.435267, 6.351835], [-75.435432, 6.351535], [-75.43537, 6.351414], [-75.434647, 6.351965], [-75.434384, 6.351883], [-75.434225, 6.35155], [-75.433904, 6.351553], [-75.433704, 6.352226], [-75.433564, 6.352355], [-75.433446, 6.352339], [-75.433469, 6.352096], [-75.433351, 6.351608], [-75.43354, 6.351582], [-75.433645, 6.351425], [-75.433434, 6.351152], [-75.433844, 6.351057], [-75.43438, 6.350521], [-75.434935, 6.350783], [-75.435219, 6.350453], [-75.435118, 6.35026], [-75.434024, 6.349492], [-75.433615, 6.349481], [-75.433154, 6.349709], [-75.432738, 6.348995], [-75.432844, 6.348472], [-75.432693, 6.348442], [-75.432591, 6.348562], [-75.432329, 6.348102], [-75.432372, 6.34799], [-75.432485, 6.348062], [-75.432724, 6.348014], [-75.432856, 6.348172], [-75.43301, 6.348161], [-75.433173, 6.348314], [-75.4335, 6.347955], [-75.433495, 6.347847], [-75.433351, 6.347756], [-75.433494, 6.347713], [-75.433594, 6.347529], [-75.433813, 6.347496], [-75.434113, 6.347658], [-75.43436, 6.347471], [-75.434347, 6.347358], [-75.434183, 6.347529], [-75.433895, 6.347241], [-75.433726, 6.347279], [-75.433236, 6.347041], [-75.433266, 6.34686], [-75.433909, 6.34688], [-75.434223, 6.346722], [-75.43415, 6.346546], [-75.433852, 6.346423], [-75.433717, 6.346484], [-75.433839, 6.346663], [-75.433623, 6.346687], [-75.433233, 6.34635], [-75.433254, 6.346254], [-75.433554, 6.346359], [-75.433801, 6.34616], [-75.433758, 6.346009], [-75.433494, 6.345899], [-75.43353, 6.345632], [-75.434058, 6.346047], [-75.434284, 6.346501], [-75.434275, 6.34609], [-75.43462, 6.345863], [-75.43456, 6.345561], [-75.434618, 6.345345], [-75.434821, 6.345771], [-75.434913, 6.345618], [-75.435019, 6.345686], [-75.434974, 6.345977], [-75.43483, 6.346129], [-75.434927, 6.346839], [-75.435025, 6.346895], [-75.434983, 6.346411], [-75.435244, 6.346453], [-75.435394, 6.346699], [-75.435291, 6.34724], [-75.435388, 6.347396], [-75.435229, 6.347496], [-75.435007, 6.347421], [-75.435035, 6.347648], [-75.434824, 6.348037], [-75.434836, 6.348529], [-75.434992, 6.348121], [-75.434917, 6.348574], [-75.43496, 6.348876], [-75.434876, 6.349158], [-75.434668, 6.349222], [-75.434871, 6.349552], [-75.435265, 6.349601], [-75.435608, 6.34946], [-75.435887, 6.34988], [-75.43573, 6.35011], [-75.435735, 6.350304], [-75.436178, 6.350175], [-75.436562, 6.35025], [-75.436795, 6.350715], [-75.436759, 6.351], [-75.437257, 6.351012], [-75.437475, 6.350779], [-75.437452, 6.350977]], [[-75.433396, 6.349135], [-75.43339, 6.348943], [-75.433239, 6.349214], [-75.433396, 6.349135]], [[-75.433817, 6.348441], [-75.43368, 6.348139], [-75.433546, 6.348104], [-75.433817, 6.348441]], [[-75.434056, 6.351354], [-75.433932, 6.351265], [-75.43377, 6.351339], [-75.433908, 6.35142], [-75.434056, 6.351354]], [[-75.43433, 6.348678], [-75.434154, 6.348674], [-75.434012, 6.348941], [-75.434245, 6.348838], [-75.43433, 6.348678]], [[-75.434594, 6.351512], [-75.434494, 6.351122], [-75.434383, 6.351063], [-75.434509, 6.351429], [-75.434594, 6.351512]], [[-75.434929, 6.347344], [-75.434927, 6.347255], [-75.43478, 6.347266], [-75.434819, 6.347354], [-75.434929, 6.347344]], [[-75.435685, 6.350856], [-75.435534, 6.350916], [-75.43569, 6.351225], [-75.435802, 6.350975], [-75.435685, 6.350856]], [[-75.435709, 6.350603], [-75.435608, 6.350615], [-75.435623, 6.350719], [-75.435717, 6.350705], [-75.435709, 6.350603]], [[-75.43635, 6.350669], [-75.436372, 6.350485], [-75.436218, 6.350401], [-75.436007, 6.350435], [-75.435922, 6.35055], [-75.435952, 6.350681], [-75.43609, 6.350772], [-75.43635, 6.350669]]], [[[-75.432953, 6.346837], [-75.432714, 6.346781], [-75.432964, 6.346566], [-75.433066, 6.346701], [-75.432953, 6.346837]]], [[[-75.433341, 6.345597], [-75.433018, 6.345311], [-75.432976, 6.345035], [-75.432703, 6.344624], [-75.432883, 6.344274], [-75.433365, 6.343711], [-75.433445, 6.343424], [-75.43338, 6.343157], [-75.432551, 6.342182], [-75.432633, 6.341758], [-75.432834, 6.341535], [-75.433179, 6.341911], [-75.433232, 6.342185], [-75.433505, 6.342364], [-75.433326, 6.342534], [-75.433878, 6.3428], [-75.434006, 6.343096], [-75.433984, 6.343562], [-75.433741, 6.344219], [-75.433627, 6.34415], [-75.433492, 6.344201], [-75.433336, 6.344561], [-75.433779, 6.345154], [-75.43388, 6.345138], [-75.433784, 6.34481], [-75.434177, 6.345192], [-75.434207, 6.345834], [-75.434042, 6.34588], [-75.433819, 6.345477], [-75.433501, 6.345372], [-75.433481, 6.345076], [-75.433378, 6.345123], [-75.433341, 6.345597]]], [[[-75.434647, 6.345284], [-75.434588, 6.345189], [-75.434578, 6.345112], [-75.434647, 6.345168], [-75.434647, 6.345284]]], [[[-75.433125, 6.390801], [-75.432963, 6.390904], [-75.432881, 6.391165], [-75.433084, 6.391336], [-75.43301, 6.391633], [-75.432696, 6.391097], [-75.432633, 6.390815], [-75.43273, 6.390668], [-75.43295, 6.390582], [-75.43318, 6.390648], [-75.433125, 6.390801]]], [[[-75.433277, 6.374207], [-75.432967, 6.374295], [-75.432942, 6.373951], [-75.432636, 6.373647], [-75.432649, 6.373463], [-75.433143, 6.373306], [-75.43308, 6.373658], [-75.433327, 6.374051], [-75.433277, 6.374207]]], [[[-75.432455, 6.32298], [-75.432503, 6.323163], [-75.432484, 6.323177], [-75.432455, 6.32298]]], [[[-75.432971, 6.41209], [-75.432985, 6.4122], [-75.432892, 6.412252], [-75.432971, 6.41209]]], [[[-75.432526, 6.325523], [-75.43254, 6.325438], [-75.432599, 6.325412], [-75.432631, 6.325561], [-75.432526, 6.325523]]], [[[-75.432915, 6.325181], [-75.432767, 6.325265], [-75.432815, 6.32514], [-75.432915, 6.325181]]], [[[-75.432869, 6.341045], [-75.432969, 6.341005], [-75.433138, 6.34106], [-75.432971, 6.341078], [-75.432869, 6.341045]]], [[[-75.433332, 6.347445], [-75.433244, 6.34742], [-75.43327, 6.347378], [-75.433332, 6.347445]]], [[[-75.433761, 6.358246], [-75.433446, 6.358278], [-75.433417, 6.358177], [-75.433701, 6.358164], [-75.433761, 6.358246]]], [[[-75.433408, 6.356408], [-75.433408, 6.35647], [-75.433397, 6.35647], [-75.433408, 6.356408]]], [[[-75.433881, 6.408622], [-75.433881, 6.408684], [-75.43387, 6.408684], [-75.433881, 6.408622]]], [[[-75.433772, 6.356423], [-75.433882, 6.35631], [-75.434023, 6.356376], [-75.433924, 6.35649], [-75.433772, 6.356423]]], [[[-75.434536, 6.3594], [-75.434237, 6.359562], [-75.433898, 6.359423], [-75.43381, 6.359033], [-75.433843, 6.358525], [-75.433964, 6.358732], [-75.434099, 6.358788], [-75.434226, 6.359296], [-75.434603, 6.359241], [-75.434536, 6.3594]]], [[[-75.434003, 6.358358], [-75.433975, 6.358164], [-75.433836, 6.358006], [-75.43408, 6.358206], [-75.4341, 6.358328], [-75.434003, 6.358358]]], [[[-75.434903, 6.377954], [-75.434826, 6.378186], [-75.434771, 6.377976], [-75.434658, 6.377922], [-75.43425, 6.378098], [-75.434055, 6.378017], [-75.434224, 6.377898], [-75.434767, 6.377884], [-75.434903, 6.377954]]], [[[-75.43431, 6.402771], [-75.434229, 6.402805], [-75.434169, 6.402772], [-75.434237, 6.402738], [-75.43431, 6.402771]]], [[[-75.434611, 6.369612], [-75.434275, 6.37013], [-75.4341, 6.370103], [-75.434114, 6.369937], [-75.434486, 6.36954], [-75.434611, 6.369612]]], [[[-75.434837, 6.35528], [-75.434703, 6.355281], [-75.43468, 6.355195], [-75.434905, 6.355157], [-75.434837, 6.35528]]], [[[-75.434604, 6.355101], [-75.434564, 6.355146], [-75.434571, 6.355062], [-75.434604, 6.355101]]], [[[-75.43444, 6.354905], [-75.43425, 6.354859], [-75.434015, 6.354585], [-75.434329, 6.354143], [-75.434396, 6.354439], [-75.434327, 6.354747], [-75.434507, 6.35473], [-75.434541, 6.35482], [-75.43444, 6.354905]]], [[[-75.43454, 6.408546], [-75.434417, 6.40867], [-75.434436, 6.408445], [-75.43454, 6.408546]]], [[[-75.434873, 6.403034], [-75.434648, 6.403009], [-75.434503, 6.402951], [-75.434836, 6.402887], [-75.435058, 6.402937], [-75.434873, 6.403034]]], [[[-75.435299, 6.355904], [-75.434962, 6.356357], [-75.434487, 6.356452], [-75.434488, 6.356197], [-75.434277, 6.355669], [-75.434542, 6.355527], [-75.434428, 6.355793], [-75.434526, 6.355884], [-75.43453, 6.356124], [-75.4347, 6.3563], [-75.434859, 6.355843], [-75.435238, 6.355768], [-75.435299, 6.355904]]], [[[-75.434721, 6.344435], [-75.434542, 6.344752], [-75.434469, 6.344724], [-75.434272, 6.344285], [-75.434551, 6.344207], [-75.434721, 6.344435]]], [[[-75.435047, 6.415693], [-75.434865, 6.415738], [-75.434727, 6.41556], [-75.434862, 6.415331], [-75.435092, 6.415211], [-75.435147, 6.415473], [-75.435047, 6.415693]]], [[[-75.436263, 6.391776], [-75.436244, 6.392296], [-75.435633, 6.391281], [-75.43531, 6.39038], [-75.434833, 6.390132], [-75.434679, 6.389834], [-75.434997, 6.389945], [-75.435504, 6.390403], [-75.435762, 6.39102], [-75.436263, 6.391776]]], [[[-75.435855, 6.354373], [-75.435799, 6.354903], [-75.435586, 6.35501], [-75.435375, 6.355331], [-75.43518, 6.355327], [-75.435039, 6.35487], [-75.435053, 6.354638], [-75.434946, 6.354471], [-75.435027, 6.35416], [-75.43512, 6.354145], [-75.435258, 6.354297], [-75.435355, 6.354161], [-75.435634, 6.354188], [-75.435855, 6.354373]]], [[[-75.435693, 6.35937], [-75.435586, 6.359772], [-75.435696, 6.360165], [-75.435561, 6.360279], [-75.435465, 6.360242], [-75.435306, 6.359942], [-75.435323, 6.359874], [-75.435452, 6.359953], [-75.435304, 6.359582], [-75.435359, 6.359388], [-75.435044, 6.359426], [-75.434958, 6.359299], [-75.435579, 6.359238], [-75.435693, 6.35937]]], [[[-75.435285, 6.358049], [-75.435201, 6.358091], [-75.43515, 6.358041], [-75.435285, 6.358049]]], [[[-75.435734, 6.34079], [-75.435348, 6.340786], [-75.435256, 6.340968], [-75.435096, 6.340675], [-75.435487, 6.3406], [-75.435697, 6.34069], [-75.435734, 6.34079]]], [[[-75.43542, 6.399618], [-75.43542, 6.39968], [-75.435409, 6.39968], [-75.43542, 6.399618]]], [[[-75.435629, 6.378231], [-75.435553, 6.378301], [-75.435471, 6.378267], [-75.435581, 6.378086], [-75.435629, 6.378231]]], [[[-75.436071, 6.40834], [-75.43597, 6.408391], [-75.435893, 6.408316], [-75.43602, 6.40829], [-75.436071, 6.40834]]], [[[-75.436468, 6.346439], [-75.4366, 6.347034], [-75.436437, 6.347133], [-75.436466, 6.347484], [-75.435845, 6.348507], [-75.435763, 6.347894], [-75.435849, 6.347643], [-75.435844, 6.347123], [-75.436008, 6.347128], [-75.436116, 6.347347], [-75.436291, 6.346956], [-75.436319, 6.346599], [-75.436468, 6.346439]]], [[[-75.43656, 6.346374], [-75.436565, 6.34631], [-75.436621, 6.34631], [-75.43656, 6.346374]]], [[[-75.436101, 6.373286], [-75.435979, 6.373343], [-75.435866, 6.37331], [-75.435966, 6.373253], [-75.436101, 6.373286]]], [[[-75.436274, 6.377216], [-75.43602, 6.377149], [-75.435968, 6.377005], [-75.436267, 6.377051], [-75.436274, 6.377216]]], [[[-75.436448, 6.376321], [-75.436242, 6.376225], [-75.43619, 6.376413], [-75.435934, 6.376639], [-75.435939, 6.376382], [-75.436109, 6.375998], [-75.436039, 6.375831], [-75.436094, 6.375668], [-75.436421, 6.375948], [-75.436448, 6.376321]]], [[[-75.436551, 6.349779], [-75.436346, 6.349832], [-75.436238, 6.349765], [-75.435943, 6.349242], [-75.436164, 6.349339], [-75.436352, 6.349659], [-75.436403, 6.349604], [-75.436312, 6.349375], [-75.43642, 6.349441], [-75.436593, 6.349631], [-75.436551, 6.349779]]], [[[-75.436144, 6.374872], [-75.436009, 6.374869], [-75.436118, 6.374806], [-75.436144, 6.374872]]], [[[-75.436041, 6.36023], [-75.436002, 6.360165], [-75.436057, 6.360052], [-75.436075, 6.360162], [-75.436041, 6.36023]]], [[[-75.436259, 6.377631], [-75.436183, 6.377724], [-75.436107, 6.377623], [-75.436208, 6.377564], [-75.436259, 6.377631]]], [[[-75.437527, 6.355431], [-75.437402, 6.355721], [-75.436998, 6.356161], [-75.43686, 6.356597], [-75.436509, 6.356963], [-75.436249, 6.357052], [-75.436324, 6.35683], [-75.436237, 6.356709], [-75.436349, 6.356367], [-75.436672, 6.356197], [-75.43664, 6.356034], [-75.436496, 6.355941], [-75.437046, 6.355248], [-75.437084, 6.354808], [-75.437303, 6.354756], [-75.437414, 6.354857], [-75.437527, 6.355431]]], [[[-75.437342, 6.35458], [-75.436843, 6.354061], [-75.436656, 6.354057], [-75.43638, 6.354232], [-75.436386, 6.354019], [-75.43666, 6.353903], [-75.436757, 6.353694], [-75.436292, 6.353599], [-75.435979, 6.353325], [-75.436003, 6.353185], [-75.436397, 6.353184], [-75.436649, 6.353525], [-75.436891, 6.353472], [-75.437165, 6.353653], [-75.437265, 6.354255], [-75.437411, 6.354495], [-75.437342, 6.35458]]], [[[-75.436344, 6.35723], [-75.436513, 6.357365], [-75.436249, 6.357314], [-75.436344, 6.35723]]], [[[-75.436663, 6.357325], [-75.43675, 6.357291], [-75.436784, 6.357347], [-75.436732, 6.357367], [-75.436663, 6.357325]]], [[[-75.436953, 6.353278], [-75.437272, 6.353101], [-75.437362, 6.352903], [-75.437331, 6.35326], [-75.437223, 6.353222], [-75.437081, 6.353349], [-75.436953, 6.353278]]], [[[-75.436574, 6.40818], [-75.436444, 6.408259], [-75.436439, 6.408065], [-75.436539, 6.408079], [-75.436574, 6.40818]]], [[[-75.436456, 6.408565], [-75.436457, 6.408626], [-75.436445, 6.408626], [-75.436456, 6.408565]]], [[[-75.43676, 6.403995], [-75.43674, 6.40395], [-75.43676, 6.40395], [-75.43676, 6.403995]]], [[[-75.436752, 6.404302], [-75.436753, 6.404437], [-75.436666, 6.404463], [-75.436594, 6.404235], [-75.436752, 6.404302]]], [[[-75.436687, 6.344991], [-75.436585, 6.344988], [-75.436517, 6.344938], [-75.436788, 6.344852], [-75.436687, 6.344991]]], [[[-75.436523, 6.34465], [-75.436354, 6.344684], [-75.436318, 6.344651], [-75.436523, 6.34465]]], [[[-75.43695, 6.358323], [-75.436762, 6.358482], [-75.436547, 6.358427], [-75.436541, 6.35833], [-75.436712, 6.358236], [-75.436713, 6.357962], [-75.436938, 6.358038], [-75.43695, 6.358323]]], [[[-75.436781, 6.357748], [-75.43679, 6.357652], [-75.43682, 6.357624], [-75.436852, 6.357683], [-75.436781, 6.357748]]], [[[-75.436601, 6.345401], [-75.43662, 6.345266], [-75.436666, 6.345375], [-75.436601, 6.345401]]], [[[-75.436644, 6.344271], [-75.436628, 6.344338], [-75.436602, 6.344288], [-75.436644, 6.344271]]], [[[-75.437414, 6.352212], [-75.437345, 6.352467], [-75.437185, 6.35247], [-75.437221, 6.352143], [-75.436834, 6.351811], [-75.437328, 6.351976], [-75.437414, 6.352212]]], [[[-75.440705, 6.423033], [-75.440297, 6.423278], [-75.440646, 6.423384], [-75.440654, 6.423457], [-75.440429, 6.42392], [-75.440144, 6.42417], [-75.439586, 6.424321], [-75.438899, 6.424299], [-75.438734, 6.424388], [-75.438683, 6.424599], [-75.438932, 6.424976], [-75.438955, 6.425303], [-75.43859, 6.424857], [-75.43817, 6.424029], [-75.437796, 6.423858], [-75.437557, 6.423627], [-75.437179, 6.422728], [-75.437197, 6.422606], [-75.437417, 6.422433], [-75.437813, 6.422641], [-75.438169, 6.422618], [-75.438806, 6.422127], [-75.439085, 6.422045], [-75.43914, 6.422252], [-75.439359, 6.422199], [-75.439632, 6.422462], [-75.439507, 6.42281], [-75.439603, 6.422872], [-75.439919, 6.422873], [-75.440143, 6.422645], [-75.440092, 6.422451], [-75.440267, 6.422372], [-75.440403, 6.42243], [-75.44048, 6.422633], [-75.440186, 6.42294], [-75.440292, 6.423015], [-75.440685, 6.422964], [-75.440705, 6.423033]], [[-75.438403, 6.423558], [-75.438527, 6.423507], [-75.438328, 6.423282], [-75.437681, 6.423243], [-75.438165, 6.423375], [-75.438403, 6.423558]], [[-75.438825, 6.423738], [-75.438698, 6.424006], [-75.438908, 6.424042], [-75.438954, 6.423819], [-75.438825, 6.423738]], [[-75.439165, 6.422589], [-75.439023, 6.422598], [-75.438803, 6.422731], [-75.439051, 6.422716], [-75.439165, 6.422589]], [[-75.440245, 6.42383], [-75.440124, 6.423791], [-75.439795, 6.423849], [-75.439995, 6.423932], [-75.440245, 6.42383]]], [[[-75.437013, 6.343408], [-75.436894, 6.343393], [-75.43684, 6.343318], [-75.436961, 6.343302], [-75.437013, 6.343408]]], [[[-75.436833, 6.337229], [-75.436941, 6.337186], [-75.437096, 6.337244], [-75.436901, 6.337262], [-75.436833, 6.337229]]], [[[-75.437381, 6.408731], [-75.43725, 6.408742], [-75.437211, 6.408603], [-75.437387, 6.408585], [-75.437381, 6.408731]]], [[[-75.437917, 6.341145], [-75.437718, 6.341544], [-75.437476, 6.341686], [-75.437224, 6.341566], [-75.437071, 6.341364], [-75.437158, 6.341191], [-75.437479, 6.341042], [-75.437433, 6.340867], [-75.437582, 6.340718], [-75.43774, 6.340728], [-75.437899, 6.340874], [-75.437917, 6.341145]], [[-75.437702, 6.341327], [-75.437543, 6.341211], [-75.437361, 6.341337], [-75.4374, 6.341448], [-75.437514, 6.341467], [-75.437702, 6.341327]]], [[[-75.437604, 6.341874], [-75.437679, 6.341974], [-75.437621, 6.342347], [-75.437558, 6.342023], [-75.437604, 6.341874]]], [[[-75.43782, 6.34253], [-75.437865, 6.342716], [-75.437775, 6.342719], [-75.437682, 6.342559], [-75.43782, 6.34253]]], [[[-75.437898, 6.347961], [-75.43784, 6.348226], [-75.437734, 6.348307], [-75.437794, 6.348552], [-75.437714, 6.348585], [-75.437375, 6.348234], [-75.437712, 6.348088], [-75.437637, 6.347845], [-75.437844, 6.347828], [-75.437898, 6.347961]]], [[[-75.437597, 6.349976], [-75.437473, 6.350028], [-75.437448, 6.349946], [-75.437597, 6.349976]]], [[[-75.437579, 6.346838], [-75.437661, 6.346724], [-75.437757, 6.34682], [-75.437708, 6.346888], [-75.437579, 6.346838]]], [[[-75.437856, 6.337679], [-75.437695, 6.337665], [-75.437686, 6.337499], [-75.4379, 6.33755], [-75.437856, 6.337679]]], [[[-75.438288, 6.345538], [-75.438211, 6.345438], [-75.438337, 6.345212], [-75.438355, 6.345436], [-75.438288, 6.345538]]], [[[-75.438731, 6.355687], [-75.438521, 6.356053], [-75.438354, 6.355869], [-75.438289, 6.355351], [-75.438404, 6.355022], [-75.438562, 6.355603], [-75.438731, 6.355687]]], [[[-75.438577, 6.35714], [-75.438379, 6.35704], [-75.438379, 6.356949], [-75.438576, 6.357005], [-75.438577, 6.35714]]], [[[-75.439564, 6.344221], [-75.439248, 6.344365], [-75.439153, 6.344632], [-75.438842, 6.344691], [-75.438703, 6.344928], [-75.438517, 6.344954], [-75.438355, 6.344816], [-75.438339, 6.344339], [-75.438503, 6.344363], [-75.438617, 6.344219], [-75.438644, 6.344315], [-75.43882, 6.344322], [-75.438939, 6.344195], [-75.439114, 6.344169], [-75.439564, 6.344221]]], [[[-75.438404, 6.349365], [-75.438441, 6.34923], [-75.438551, 6.349204], [-75.438564, 6.349398], [-75.438404, 6.349365]]], [[[-75.440201, 6.358369], [-75.439926, 6.358598], [-75.439893, 6.358779], [-75.439846, 6.358576], [-75.439936, 6.358221], [-75.439742, 6.358093], [-75.439908, 6.357824], [-75.440201, 6.358369]]], [[[-75.43961, 6.358571], [-75.439457, 6.359353], [-75.43902, 6.359509], [-75.438766, 6.359434], [-75.438601, 6.359259], [-75.438595, 6.359197], [-75.438736, 6.359169], [-75.438599, 6.359077], [-75.438637, 6.358855], [-75.438508, 6.358672], [-75.439095, 6.358673], [-75.438804, 6.358783], [-75.438714, 6.3589], [-75.439167, 6.359066], [-75.439528, 6.358547], [-75.43961, 6.358571]]], [[[-75.439265, 6.358584], [-75.439323, 6.358508], [-75.439356, 6.358504], [-75.439326, 6.358578], [-75.439265, 6.358584]]], [[[-75.43926, 6.343249], [-75.439155, 6.343335], [-75.439166, 6.343478], [-75.439042, 6.343464], [-75.438582, 6.342965], [-75.438472, 6.342693], [-75.438517, 6.342612], [-75.438845, 6.342518], [-75.43926, 6.343249]]], [[[-75.439796, 6.355457], [-75.43925, 6.355464], [-75.438803, 6.355314], [-75.438647, 6.354662], [-75.438741, 6.354204], [-75.438826, 6.35419], [-75.438917, 6.354339], [-75.439089, 6.355243], [-75.439526, 6.355123], [-75.439796, 6.355457]]], [[[-75.438993, 6.40146], [-75.438942, 6.401477], [-75.438942, 6.401427], [-75.438993, 6.40146]]], [[[-75.439321, 6.411097], [-75.439186, 6.411193], [-75.439076, 6.411154], [-75.439264, 6.41087], [-75.439321, 6.411097]]], [[[-75.438877, 6.357922], [-75.438835, 6.35784], [-75.438893, 6.357687], [-75.438911, 6.357854], [-75.438877, 6.357922]]], [[[-75.439246, 6.352337], [-75.438958, 6.352656], [-75.43889, 6.352294], [-75.439217, 6.352229], [-75.439246, 6.352337]]], [[[-75.438915, 6.346727], [-75.438858, 6.346668], [-75.438892, 6.346611], [-75.438948, 6.34666], [-75.438915, 6.346727]]], [[[-75.439678, 6.4074], [-75.439282, 6.407378], [-75.439195, 6.407226], [-75.439391, 6.407032], [-75.439533, 6.407245], [-75.439777, 6.40731], [-75.439678, 6.4074]]], [[[-75.439289, 6.406729], [-75.43923, 6.40679], [-75.439204, 6.406647], [-75.439289, 6.406729]]], [[[-75.43943, 6.425948], [-75.439394, 6.425882], [-75.439442, 6.425769], [-75.439459, 6.42588], [-75.43943, 6.425948]]], [[[-75.439188, 6.34715], [-75.439112, 6.347118], [-75.439032, 6.346983], [-75.439139, 6.347005], [-75.439188, 6.34715]]], [[[-75.439141, 6.338388], [-75.439148, 6.338803], [-75.439081, 6.338879], [-75.439141, 6.338388]]], [[[-75.440248, 6.42672], [-75.439921, 6.426665], [-75.439701, 6.426455], [-75.439947, 6.426478], [-75.440248, 6.42672]]], [[[-75.440866, 6.350884], [-75.44061, 6.350936], [-75.44055, 6.350887], [-75.440866, 6.350884]]], [[[-75.440311, 6.351077], [-75.440746, 6.351169], [-75.440777, 6.351196], [-75.44028, 6.351148], [-75.440311, 6.351077]]], [[[-75.440307, 6.351426], [-75.440372, 6.351531], [-75.440238, 6.351691], [-75.440435, 6.351763], [-75.440436, 6.351989], [-75.440301, 6.352108], [-75.44009, 6.352118], [-75.43997, 6.351966], [-75.44009, 6.351641], [-75.439963, 6.351575], [-75.43992, 6.351438], [-75.44004, 6.351357], [-75.440307, 6.351426]]], [[[-75.43974, 6.351811], [-75.439471, 6.351767], [-75.439408, 6.351507], [-75.439235, 6.35131], [-75.439348, 6.35111], [-75.439458, 6.35116], [-75.43974, 6.351811]]], [[[-75.439409, 6.350932], [-75.439358, 6.350864], [-75.439465, 6.350875], [-75.439409, 6.350932]]], [[[-75.461255, 6.339023], [-75.461052, 6.339352], [-75.460786, 6.339514], [-75.460701, 6.339822], [-75.460407, 6.340029], [-75.460329, 6.340391], [-75.460143, 6.340566], [-75.459654, 6.340333], [-75.459113, 6.339908], [-75.458617, 6.339934], [-75.458016, 6.339605], [-75.457581, 6.339813], [-75.457403, 6.340089], [-75.457503, 6.340335], [-75.457692, 6.340357], [-75.458145, 6.340136], [-75.458623, 6.340578], [-75.458531, 6.340602], [-75.45829, 6.341066], [-75.458118, 6.341114], [-75.457744, 6.340986], [-75.457521, 6.341169], [-75.457462, 6.341296], [-75.457522, 6.34148], [-75.45773, 6.341678], [-75.45805, 6.341785], [-75.458221, 6.342038], [-75.457801, 6.342507], [-75.457449, 6.342543], [-75.457148, 6.342806], [-75.456619, 6.34256], [-75.455999, 6.342687], [-75.45573, 6.342561], [-75.45529, 6.342115], [-75.455227, 6.341868], [-75.455305, 6.341614], [-75.45517, 6.341469], [-75.454945, 6.341483], [-75.454749, 6.341349], [-75.454579, 6.341341], [-75.45362, 6.341975], [-75.452895, 6.341448], [-75.452231, 6.341334], [-75.452107, 6.341627], [-75.452675, 6.342422], [-75.452577, 6.34266], [-75.452626, 6.342876], [-75.452511, 6.342969], [-75.452416, 6.343535], [-75.452192, 6.34385], [-75.452109, 6.344288], [-75.451767, 6.344491], [-75.451685, 6.344672], [-75.451528, 6.343861], [-75.451556, 6.343577], [-75.451192, 6.34304], [-75.451224, 6.342806], [-75.451089, 6.342844], [-75.451065, 6.343249], [-75.451149, 6.34353], [-75.451464, 6.343955], [-75.451469, 6.344097], [-75.451394, 6.344144], [-75.451184, 6.344016], [-75.451153, 6.343801], [-75.450869, 6.343752], [-75.4507, 6.343577], [-75.45055, 6.343241], [-75.450638, 6.343071], [-75.450229, 6.34288], [-75.449839, 6.342485], [-75.449728, 6.342248], [-75.449802, 6.341688], [-75.449484, 6.341429], [-75.44884, 6.341919], [-75.448484, 6.342038], [-75.448209, 6.342405], [-75.448384, 6.342557], [-75.448949, 6.342173], [-75.449139, 6.342161], [-75.449354, 6.342284], [-75.449684, 6.342686], [-75.449616, 6.342966], [-75.449356, 6.343202], [-75.449053, 6.34328], [-75.448414, 6.342923], [-75.448046, 6.343113], [-75.447535, 6.343623], [-75.446679, 6.344274], [-75.446357, 6.344249], [-75.446002, 6.343959], [-75.445865, 6.343973], [-75.445722, 6.344381], [-75.445816, 6.34459], [-75.445709, 6.344922], [-75.445912, 6.345083], [-75.446309, 6.345155], [-75.446295, 6.345214], [-75.445884, 6.345287], [-75.445599, 6.345514], [-75.445306, 6.345495], [-75.445196, 6.345411], [-75.445272, 6.345117], [-75.445109, 6.344928], [-75.444158, 6.344929], [-75.443401, 6.344544], [-75.443277, 6.344347], [-75.443335, 6.344174], [-75.443021, 6.344024], [-75.44295, 6.343894], [-75.442389, 6.343898], [-75.442281, 6.344052], [-75.442638, 6.344655], [-75.442355, 6.344743], [-75.442339, 6.34498], [-75.44215, 6.345239], [-75.441749, 6.345439], [-75.44159, 6.345661], [-75.441505, 6.345641], [-75.441515, 6.345947], [-75.441362, 6.346096], [-75.440952, 6.34551], [-75.440957, 6.34522], [-75.440516, 6.3448], [-75.440439, 6.344413], [-75.440216, 6.344287], [-75.440311, 6.343996], [-75.440072, 6.343756], [-75.440281, 6.343303], [-75.440084, 6.343065], [-75.439977, 6.343083], [-75.439359, 6.342166], [-75.439443, 6.341884], [-75.439737, 6.341828], [-75.440054, 6.341565], [-75.439835, 6.341273], [-75.439723, 6.341499], [-75.439605, 6.341519], [-75.439242, 6.341068], [-75.439277, 6.340692], [-75.439426, 6.340504], [-75.439464, 6.340287], [-75.439811, 6.340261], [-75.440011, 6.34031], [-75.440281, 6.34069], [-75.440158, 6.341252], [-75.440201, 6.341491], [-75.441045, 6.34261], [-75.441188, 6.342489], [-75.441215, 6.342082], [-75.441304, 6.341989], [-75.441458, 6.342043], [-75.441412, 6.342333], [-75.441545, 6.342618], [-75.441742, 6.342457], [-75.442135, 6.342671], [-75.442373, 6.342475], [-75.442358, 6.342114], [-75.442674, 6.342024], [-75.442768, 6.342135], [-75.442525, 6.342312], [-75.442486, 6.342485], [-75.442692, 6.342715], [-75.442609, 6.342886], [-75.442866, 6.342806], [-75.442879, 6.343113], [-75.443123, 6.34296], [-75.443337, 6.342548], [-75.443381, 6.342717], [-75.443604, 6.342389], [-75.443918, 6.342372], [-75.443819, 6.342621], [-75.443552, 6.342915], [-75.443612, 6.34316], [-75.443899, 6.342988], [-75.44406, 6.342983], [-75.444167, 6.342777], [-75.444353, 6.342678], [-75.444757, 6.342696], [-75.444879, 6.342839], [-75.444775, 6.342985], [-75.44449, 6.342968], [-75.444521, 6.343092], [-75.444798, 6.343113], [-75.44499, 6.342931], [-75.445256, 6.343241], [-75.445645, 6.343436], [-75.445856, 6.343399], [-75.446182, 6.343059], [-75.446382, 6.34323], [-75.446605, 6.34313], [-75.446853, 6.343251], [-75.447433, 6.343166], [-75.447831, 6.342725], [-75.447521, 6.342569], [-75.44763, 6.342235], [-75.447589, 6.342053], [-75.447228, 6.342203], [-75.446842, 6.342504], [-75.446616, 6.342278], [-75.44607, 6.34219], [-75.445447, 6.341941], [-75.444823, 6.341287], [-75.44442, 6.341015], [-75.444262, 6.341035], [-75.44394, 6.341295], [-75.443573, 6.341381], [-75.443225, 6.34129], [-75.442901, 6.340912], [-75.442981, 6.340612], [-75.443258, 6.340187], [-75.443122, 6.339872], [-75.443306, 6.339627], [-75.443697, 6.339411], [-75.443979, 6.34013], [-75.444171, 6.340225], [-75.443915, 6.339824], [-75.443918, 6.339527], [-75.444082, 6.339346], [-75.444373, 6.339338], [-75.44446, 6.339191], [-75.444672, 6.33914], [-75.445205, 6.338697], [-75.44546, 6.338587], [-75.445734, 6.338841], [-75.446044, 6.338779], [-75.446106, 6.338562], [-75.445995, 6.338403], [-75.445809, 6.338348], [-75.445902, 6.338264], [-75.446289, 6.338268], [-75.446307, 6.338563], [-75.446601, 6.338516], [-75.446766, 6.338645], [-75.447117, 6.338479], [-75.447144, 6.338136], [-75.447442, 6.338484], [-75.448068, 6.338605], [-75.448067, 6.338791], [-75.448175, 6.33896], [-75.448128, 6.339155], [-75.447791, 6.339094], [-75.447712, 6.339329], [-75.447378, 6.339578], [-75.447354, 6.339917], [-75.447614, 6.340141], [-75.44732, 6.340074], [-75.447248, 6.340365], [-75.44775, 6.340374], [-75.44759, 6.340399], [-75.447404, 6.340627], [-75.447141, 6.340772], [-75.447342, 6.340964], [-75.447215, 6.341283], [-75.447369, 6.341234], [-75.447516, 6.340939], [-75.447791, 6.340859], [-75.447989, 6.340602], [-75.448026, 6.340407], [-75.448684, 6.340308], [-75.449058, 6.34009], [-75.449216, 6.340202], [-75.449265, 6.340443], [-75.449397, 6.340479], [-75.449455, 6.340853], [-75.449541, 6.340854], [-75.449628, 6.340632], [-75.449767, 6.340693], [-75.449823, 6.341089], [-75.450005, 6.340887], [-75.450009, 6.340755], [-75.449807, 6.340374], [-75.449586, 6.340185], [-75.449566, 6.340018], [-75.44972, 6.339869], [-75.449944, 6.339827], [-75.45, 6.339933], [-75.449889, 6.340167], [-75.44998, 6.340172], [-75.450205, 6.340019], [-75.450229, 6.339833], [-75.449742, 6.339554], [-75.44946, 6.339713], [-75.449355, 6.339673], [-75.449339, 6.339515], [-75.449541, 6.33933], [-75.449381, 6.339168], [-75.449525, 6.338977], [-75.4494, 6.338557], [-75.44883, 6.338232], [-75.448688, 6.337961], [-75.448696, 6.337862], [-75.448829, 6.337785], [-75.449393, 6.337732], [-75.449805, 6.337982], [-75.450034, 6.338443], [-75.449661, 6.338369], [-75.449602, 6.338605], [-75.449871, 6.338704], [-75.450028, 6.338597], [-75.450143, 6.338617], [-75.450312, 6.338768], [-75.450344, 6.338994], [-75.450499, 6.339045], [-75.450463, 6.339145], [-75.450091, 6.33913], [-75.450054, 6.339208], [-75.450235, 6.339242], [-75.450351, 6.339487], [-75.450585, 6.339348], [-75.450706, 6.339373], [-75.450652, 6.339589], [-75.450725, 6.339665], [-75.450705, 6.339947], [-75.450835, 6.340115], [-75.450883, 6.340823], [-75.451153, 6.341045], [-75.451158, 6.34146], [-75.451375, 6.3417], [-75.451515, 6.342258], [-75.45214, 6.343564], [-75.452179, 6.342895], [-75.451931, 6.342597], [-75.452132, 6.342378], [-75.451679, 6.342013], [-75.451415, 6.340948], [-75.451149, 6.340612], [-75.451135, 6.339912], [-75.451398, 6.339617], [-75.451509, 6.339631], [-75.451525, 6.339871], [-75.451691, 6.33997], [-75.452087, 6.339985], [-75.45238, 6.339896], [-75.452859, 6.340074], [-75.453344, 6.340088], [-75.453539, 6.339964], [-75.453867, 6.33949], [-75.454771, 6.339249], [-75.455172, 6.338963], [-75.455248, 6.339046], [-75.455144, 6.339193], [-75.455164, 6.339328], [-75.455415, 6.339443], [-75.455863, 6.339456], [-75.456489, 6.33984], [-75.456459, 6.340073], [-75.456146, 6.340171], [-75.45626, 6.340317], [-75.456301, 6.34061], [-75.456426, 6.34046], [-75.456465, 6.340231], [-75.45699, 6.339889], [-75.456737, 6.339912], [-75.456635, 6.339706], [-75.456473, 6.339617], [-75.456276, 6.3392], [-75.455988, 6.338975], [-75.455697, 6.339171], [-75.455041, 6.338845], [-75.454424, 6.339058], [-75.454092, 6.339032], [-75.453962, 6.338853], [-75.453834, 6.338889], [-75.453779, 6.339034], [-75.453662, 6.339001], [-75.453634, 6.338896], [-75.453825, 6.338563], [-75.45362, 6.338372], [-75.453548, 6.337947], [-75.453421, 6.337728], [-75.45311, 6.337492], [-75.452699, 6.337408], [-75.452268, 6.337156], [-75.452545, 6.337095], [-75.452829, 6.337217], [-75.4528, 6.337025], [-75.452577, 6.336815], [-75.452604, 6.336587], [-75.452761, 6.336365], [-75.45301, 6.336514], [-75.453426, 6.337017], [-75.453652, 6.33716], [-75.453725, 6.337376], [-75.454066, 6.337356], [-75.454277, 6.33751], [-75.454263, 6.337244], [-75.454033, 6.337006], [-75.454632, 6.336966], [-75.454723, 6.336661], [-75.454933, 6.336542], [-75.455007, 6.33664], [-75.454907, 6.336832], [-75.454923, 6.337115], [-75.455529, 6.337643], [-75.455648, 6.337632], [-75.455702, 6.337371], [-75.456021, 6.336957], [-75.45623, 6.336911], [-75.456355, 6.336951], [-75.456387, 6.337108], [-75.456001, 6.337328], [-75.455813, 6.33751], [-75.455853, 6.337604], [-75.456451, 6.337687], [-75.456968, 6.337617], [-75.457296, 6.337753], [-75.457987, 6.337603], [-75.458202, 6.337924], [-75.458498, 6.338019], [-75.458574, 6.337994], [-75.458509, 6.337832], [-75.459118, 6.337795], [-75.458823, 6.337732], [-75.458822, 6.337545], [-75.458204, 6.337358], [-75.458134, 6.337134], [-75.458297, 6.337015], [-75.458258, 6.336902], [-75.45863, 6.336748], [-75.459359, 6.336666], [-75.4594, 6.337264], [-75.459518, 6.337471], [-75.45981, 6.337098], [-75.460116, 6.337122], [-75.459933, 6.337312], [-75.459811, 6.337775], [-75.459998, 6.337739], [-75.460152, 6.337466], [-75.46041, 6.337288], [-75.460674, 6.337567], [-75.460702, 6.337767], [-75.460591, 6.337913], [-75.46077, 6.338478], [-75.460413, 6.338334], [-75.460306, 6.338719], [-75.460224, 6.338749], [-75.460141, 6.338103], [-75.460043, 6.338029], [-75.4599, 6.338128], [-75.459828, 6.338608], [-75.460026, 6.338692], [-75.46011, 6.338965], [-75.460292, 6.339062], [-75.46065, 6.338983], [-75.460732, 6.338788], [-75.461058, 6.338527], [-75.461304, 6.338678], [-75.461255, 6.339023]], [[-75.439693, 6.341162], [-75.439668, 6.341048], [-75.439506, 6.340906], [-75.439576, 6.341243], [-75.439693, 6.341162]], [[-75.440156, 6.340806], [-75.439825, 6.340484], [-75.439647, 6.340525], [-75.439621, 6.340859], [-75.439705, 6.340932], [-75.439892, 6.340976], [-75.440156, 6.340806]], [[-75.44045, 6.342882], [-75.44032, 6.342319], [-75.440135, 6.341904], [-75.439926, 6.34237], [-75.440157, 6.34256], [-75.440366, 6.343123], [-75.44045, 6.342882]], [[-75.440862, 6.344011], [-75.440801, 6.343579], [-75.440949, 6.343459], [-75.440909, 6.343383], [-75.440716, 6.343369], [-75.440616, 6.343431], [-75.44051, 6.34388], [-75.440759, 6.344137], [-75.440709, 6.344471], [-75.44098, 6.344515], [-75.441168, 6.344791], [-75.441113, 6.344422], [-75.440862, 6.344011]], [[-75.441208, 6.345504], [-75.441249, 6.345351], [-75.441179, 6.345335], [-75.441087, 6.345555], [-75.441208, 6.345504]], [[-75.4416, 6.343084], [-75.441433, 6.343006], [-75.441288, 6.343075], [-75.441317, 6.34317], [-75.441468, 6.34322], [-75.441509, 6.343394], [-75.441688, 6.34324], [-75.4416, 6.343084]], [[-75.441818, 6.343978], [-75.441598, 6.343922], [-75.441485, 6.344135], [-75.441622, 6.344275], [-75.44179, 6.344281], [-75.441911, 6.34412], [-75.441818, 6.343978]], [[-75.441966, 6.344639], [-75.441862, 6.344693], [-75.441851, 6.344798], [-75.441999, 6.344796], [-75.441966, 6.344639]], [[-75.442288, 6.343225], [-75.441981, 6.34298], [-75.442012, 6.343509], [-75.442072, 6.343335], [-75.442288, 6.343225]], [[-75.442088, 6.344501], [-75.442202, 6.344589], [-75.442352, 6.344495], [-75.442234, 6.344405], [-75.442088, 6.344501]], [[-75.442847, 6.343467], [-75.442771, 6.343392], [-75.442548, 6.343418], [-75.442667, 6.34349], [-75.442847, 6.343467]], [[-75.443134, 6.343299], [-75.443013, 6.343231], [-75.442892, 6.343323], [-75.443, 6.343406], [-75.443134, 6.343299]], [[-75.443975, 6.340413], [-75.443671, 6.340515], [-75.443382, 6.340838], [-75.443604, 6.340817], [-75.443916, 6.340547], [-75.443975, 6.340413]], [[-75.443801, 6.344265], [-75.444236, 6.34442], [-75.44443, 6.344362], [-75.444174, 6.344244], [-75.443985, 6.34383], [-75.443706, 6.343965], [-75.443419, 6.343936], [-75.443801, 6.344265]], [[-75.444519, 6.339769], [-75.444239, 6.339697], [-75.444164, 6.339779], [-75.444519, 6.339769]], [[-75.444888, 6.34361], [-75.44471, 6.343486], [-75.44455, 6.343183], [-75.44444, 6.343156], [-75.444302, 6.343458], [-75.444272, 6.344014], [-75.444464, 6.344066], [-75.444845, 6.343972], [-75.444967, 6.343847], [-75.444888, 6.34361]], [[-75.444597, 6.340608], [-75.444454, 6.340627], [-75.444539, 6.340792], [-75.444614, 6.340712], [-75.444597, 6.340608]], [[-75.445308, 6.344194], [-75.44505, 6.344077], [-75.4449, 6.3443], [-75.444693, 6.344356], [-75.444925, 6.344375], [-75.445308, 6.344194]], [[-75.445044, 6.343343], [-75.444968, 6.343329], [-75.444899, 6.343463], [-75.445032, 6.343477], [-75.445044, 6.343343]], [[-75.445187, 6.339681], [-75.445289, 6.339403], [-75.445049, 6.339414], [-75.444987, 6.339513], [-75.445047, 6.33969], [-75.445187, 6.339681]], [[-75.445266, 6.339052], [-75.445177, 6.339069], [-75.445161, 6.339177], [-75.445293, 6.339173], [-75.445266, 6.339052]], [[-75.446831, 6.339145], [-75.446605, 6.339046], [-75.446572, 6.338712], [-75.446341, 6.338738], [-75.446329, 6.339021], [-75.445928, 6.33973], [-75.445438, 6.340074], [-75.445428, 6.340249], [-75.445606, 6.340397], [-75.445408, 6.340559], [-75.44591, 6.340678], [-75.445949, 6.340596], [-75.445787, 6.3403], [-75.445834, 6.340198], [-75.446406, 6.340129], [-75.446649, 6.340198], [-75.446832, 6.339937], [-75.446822, 6.339716], [-75.446958, 6.339515], [-75.44667, 6.339431], [-75.446687, 6.339289], [-75.446831, 6.339145]], [[-75.446617, 6.340952], [-75.445656, 6.341008], [-75.445511, 6.341139], [-75.445504, 6.341324], [-75.445758, 6.341441], [-75.446148, 6.341414], [-75.446407, 6.341213], [-75.446765, 6.341151], [-75.446785, 6.341008], [-75.446617, 6.340952]], [[-75.44594, 6.341752], [-75.445864, 6.341702], [-75.445782, 6.341708], [-75.445893, 6.341848], [-75.44594, 6.341752]], [[-75.446492, 6.341955], [-75.446223, 6.341892], [-75.446165, 6.342035], [-75.446469, 6.342058], [-75.446492, 6.341955]], [[-75.44639, 6.341656], [-75.446314, 6.341642], [-75.446248, 6.341743], [-75.446371, 6.341761], [-75.44639, 6.341656]], [[-75.446713, 6.343727], [-75.446632, 6.343469], [-75.44653, 6.343411], [-75.446615, 6.343789], [-75.446713, 6.343727]], [[-75.447211, 6.341599], [-75.446644, 6.341881], [-75.446625, 6.341986], [-75.446778, 6.342036], [-75.446947, 6.341964], [-75.447225, 6.341684], [-75.447211, 6.341599]], [[-75.448119, 6.339], [-75.447853, 6.33888], [-75.447576, 6.338791], [-75.447753, 6.338963], [-75.448119, 6.339]], [[-75.448302, 6.341049], [-75.448035, 6.341019], [-75.447907, 6.341217], [-75.448302, 6.341049]], [[-75.448183, 6.34171], [-75.448198, 6.341312], [-75.448156, 6.341607], [-75.448027, 6.341759], [-75.448183, 6.34171]], [[-75.448466, 6.340683], [-75.448353, 6.340599], [-75.448331, 6.340777], [-75.448432, 6.340768], [-75.448466, 6.340683]], [[-75.448908, 6.341331], [-75.448774, 6.341292], [-75.448565, 6.341355], [-75.448711, 6.341394], [-75.448908, 6.341331]], [[-75.450689, 6.342616], [-75.450833, 6.342707], [-75.450688, 6.342162], [-75.450919, 6.341769], [-75.450556, 6.341809], [-75.450362, 6.341539], [-75.450372, 6.341908], [-75.450269, 6.342076], [-75.450353, 6.342126], [-75.450527, 6.342035], [-75.450689, 6.342616]], [[-75.451752, 6.340513], [-75.451735, 6.340413], [-75.451676, 6.340414], [-75.451646, 6.340571], [-75.451752, 6.340513]], [[-75.452032, 6.340801], [-75.451866, 6.340906], [-75.451913, 6.340983], [-75.452022, 6.340943], [-75.452032, 6.340801]], [[-75.452084, 6.340559], [-75.452424, 6.340668], [-75.452658, 6.340898], [-75.452842, 6.34033], [-75.452631, 6.34044], [-75.452197, 6.340346], [-75.452084, 6.340559]], [[-75.453545, 6.34093], [-75.45346, 6.340863], [-75.4532, 6.340909], [-75.453426, 6.340964], [-75.453545, 6.34093]], [[-75.454235, 6.340538], [-75.453862, 6.340484], [-75.453261, 6.340538], [-75.453487, 6.340651], [-75.454235, 6.340538]], [[-75.453648, 6.341382], [-75.453538, 6.341306], [-75.453428, 6.341307], [-75.453578, 6.341424], [-75.453648, 6.341382]], [[-75.454603, 6.340086], [-75.454452, 6.339872], [-75.454305, 6.339919], [-75.45451, 6.340144], [-75.454603, 6.340086]], [[-75.455316, 6.33797], [-75.454725, 6.337506], [-75.454577, 6.337518], [-75.454488, 6.33779], [-75.454767, 6.337898], [-75.454871, 6.338059], [-75.455105, 6.338185], [-75.455576, 6.33824], [-75.455958, 6.338061], [-75.455678, 6.337845], [-75.455594, 6.338014], [-75.455316, 6.33797]], [[-75.455216, 6.338509], [-75.455063, 6.338392], [-75.454775, 6.338348], [-75.454929, 6.338493], [-75.455216, 6.338509]], [[-75.455013, 6.340313], [-75.454925, 6.340364], [-75.454952, 6.34047], [-75.455335, 6.340688], [-75.455569, 6.340677], [-75.455346, 6.340414], [-75.455013, 6.340313]], [[-75.455004, 6.340697], [-75.454926, 6.340786], [-75.454952, 6.340974], [-75.455026, 6.340858], [-75.455004, 6.340697]], [[-75.455896, 6.341279], [-75.455794, 6.341197], [-75.45556, 6.341175], [-75.455818, 6.341354], [-75.455896, 6.341279]], [[-75.455957, 6.34219], [-75.455817, 6.341971], [-75.455724, 6.34192], [-75.455957, 6.34219]], [[-75.455857, 6.340264], [-75.45579, 6.34036], [-75.455875, 6.340472], [-75.455908, 6.340331], [-75.455857, 6.340264]], [[-75.456288, 6.341987], [-75.456183, 6.342025], [-75.456336, 6.342279], [-75.456373, 6.342105], [-75.456288, 6.341987]], [[-75.45644, 6.341393], [-75.456496, 6.341889], [-75.456705, 6.341959], [-75.45691, 6.342341], [-75.457081, 6.342326], [-75.457063, 6.342021], [-75.456768, 6.341546], [-75.456869, 6.34128], [-75.456666, 6.340675], [-75.456508, 6.340602], [-75.45629, 6.340838], [-75.45656, 6.341016], [-75.45644, 6.341393]], [[-75.457073, 6.338647], [-75.457008, 6.338463], [-75.456804, 6.338558], [-75.456923, 6.338647], [-75.457073, 6.338647]], [[-75.457177, 6.340902], [-75.457161, 6.340571], [-75.457118, 6.340529], [-75.457044, 6.340927], [-75.457177, 6.340902]], [[-75.457113, 6.339382], [-75.45719, 6.33902], [-75.457089, 6.339088], [-75.457113, 6.339382]], [[-75.457328, 6.341975], [-75.45726, 6.341797], [-75.457215, 6.341778], [-75.457278, 6.342065], [-75.457328, 6.341975]], [[-75.458521, 6.338702], [-75.457815, 6.338232], [-75.45755, 6.338355], [-75.457598, 6.33851], [-75.457856, 6.338585], [-75.458203, 6.338843], [-75.458363, 6.338845], [-75.458521, 6.338702]], [[-75.458326, 6.340507], [-75.458145, 6.340501], [-75.45811, 6.340609], [-75.458413, 6.340598], [-75.458326, 6.340507]], [[-75.459379, 6.339076], [-75.459243, 6.338998], [-75.459189, 6.338785], [-75.458911, 6.339268], [-75.45848, 6.339341], [-75.458925, 6.33936], [-75.459379, 6.339076]], [[-75.459547, 6.338216], [-75.459485, 6.33763], [-75.459388, 6.337578], [-75.459266, 6.337722], [-75.459264, 6.338329], [-75.459547, 6.338216]], [[-75.459335, 6.33853], [-75.45936, 6.338636], [-75.459442, 6.338636], [-75.45941, 6.338477], [-75.459335, 6.33853]], [[-75.460048, 6.340021], [-75.460058, 6.339738], [-75.460046, 6.339711], [-75.460048, 6.340021]]], [[[-75.451412, 6.344678], [-75.45164, 6.345976], [-75.451605, 6.346119], [-75.451491, 6.346186], [-75.451295, 6.346094], [-75.451134, 6.345869], [-75.45131, 6.345574], [-75.451321, 6.345278], [-75.451064, 6.344649], [-75.451201, 6.3448], [-75.451412, 6.344678]]], [[[-75.441717, 6.342135], [-75.441631, 6.341899], [-75.441526, 6.341724], [-75.441752, 6.341783], [-75.441717, 6.342135]]], [[[-75.444882, 6.342548], [-75.444933, 6.342607], [-75.444924, 6.342651], [-75.444881, 6.342603], [-75.444882, 6.342548]]], [[[-75.447354, 6.338142], [-75.447454, 6.338201], [-75.447496, 6.338335], [-75.447386, 6.338261], [-75.447354, 6.338142]]], [[[-75.44866, 6.33988], [-75.448699, 6.339766], [-75.448963, 6.339848], [-75.448776, 6.339945], [-75.44866, 6.33988]]], [[[-75.449204, 6.339336], [-75.449236, 6.339287], [-75.449264, 6.339312], [-75.449204, 6.339336]]], [[[-75.449592, 6.337675], [-75.449146, 6.337529], [-75.449146, 6.337453], [-75.449433, 6.3374], [-75.449662, 6.337628], [-75.449592, 6.337675]]], [[[-75.450002, 6.337533], [-75.450369, 6.337372], [-75.450617, 6.337451], [-75.450567, 6.337571], [-75.450376, 6.337667], [-75.450266, 6.337935], [-75.450059, 6.337904], [-75.449864, 6.337686], [-75.450002, 6.337533]]], [[[-75.450538, 6.337862], [-75.45105, 6.337724], [-75.451238, 6.337494], [-75.45141, 6.337518], [-75.451504, 6.338035], [-75.451287, 6.338104], [-75.451261, 6.338301], [-75.451094, 6.338388], [-75.451344, 6.338567], [-75.451371, 6.338706], [-75.451019, 6.338646], [-75.450486, 6.338376], [-75.450579, 6.338152], [-75.450538, 6.337862]]], [[[-75.451095, 6.339197], [-75.451043, 6.339124], [-75.451102, 6.339037], [-75.451215, 6.339123], [-75.451095, 6.339197]]], [[[-75.453653, 6.339158], [-75.453793, 6.339125], [-75.453736, 6.339298], [-75.453646, 6.339254], [-75.453653, 6.339158]]], [[[-75.454054, 6.336218], [-75.454112, 6.336051], [-75.454213, 6.335999], [-75.454121, 6.336184], [-75.454054, 6.336218]]], [[[-75.45637, 6.336421], [-75.456598, 6.336496], [-75.456777, 6.336712], [-75.456552, 6.336689], [-75.456337, 6.336474], [-75.45637, 6.336421]]], [[[-75.456978, 6.336681], [-75.457185, 6.33651], [-75.457234, 6.336347], [-75.457415, 6.336297], [-75.457574, 6.33641], [-75.45753, 6.336656], [-75.457718, 6.336731], [-75.457752, 6.336895], [-75.457494, 6.337073], [-75.457285, 6.336892], [-75.457231, 6.336715], [-75.456978, 6.336681]]], [[[-75.444355, 6.343737], [-75.444356, 6.343848], [-75.444352, 6.343852], [-75.444295, 6.343754], [-75.444355, 6.343737]]], [[[-75.453798, 6.337045], [-75.453799, 6.33693], [-75.453937, 6.336916], [-75.45393, 6.337029], [-75.453798, 6.337045]]], [[[-75.454347, 6.336686], [-75.454392, 6.336576], [-75.454494, 6.336635], [-75.454468, 6.336701], [-75.454347, 6.336686]]], [[[-75.456262, 6.33671], [-75.456171, 6.336707], [-75.456164, 6.336599], [-75.456263, 6.336599], [-75.456262, 6.33671]]], [[[-75.455522, 6.336781], [-75.455191, 6.336781], [-75.455199, 6.336688], [-75.455363, 6.336702], [-75.455582, 6.336585], [-75.455522, 6.336781]]], [[[-75.457483, 6.33736], [-75.457538, 6.337229], [-75.458027, 6.337204], [-75.457863, 6.337371], [-75.457483, 6.33736]]], [[[-75.443936, 6.339218], [-75.443765, 6.339109], [-75.443763, 6.338999], [-75.443902, 6.339117], [-75.443936, 6.339218]]], [[[-75.446202, 6.342631], [-75.446236, 6.342758], [-75.44623, 6.342762], [-75.446174, 6.342702], [-75.446202, 6.342631]]], [[[-75.450976, 6.344046], [-75.450951, 6.344233], [-75.450928, 6.344248], [-75.450895, 6.344103], [-75.450976, 6.344046]]], [[[-75.450823, 6.345554], [-75.45035, 6.34537], [-75.449829, 6.344934], [-75.449707, 6.344923], [-75.449492, 6.345069], [-75.449522, 6.344271], [-75.449786, 6.344194], [-75.450145, 6.344412], [-75.450406, 6.344846], [-75.45045, 6.34468], [-75.450573, 6.344712], [-75.451035, 6.345227], [-75.451022, 6.345511], [-75.450823, 6.345554]], [[-75.449794, 6.344737], [-75.449671, 6.34469], [-75.449632, 6.34481], [-75.449706, 6.344838], [-75.449794, 6.344737]], [[-75.450128, 6.344705], [-75.450023, 6.344688], [-75.449988, 6.344763], [-75.450135, 6.344815], [-75.450128, 6.344705]]], [[[-75.446019, 6.344577], [-75.446106, 6.344589], [-75.446226, 6.344768], [-75.446053, 6.344662], [-75.446019, 6.344577]]], [[[-75.441274, 6.346357], [-75.441376, 6.346399], [-75.441346, 6.346648], [-75.441186, 6.346554], [-75.441274, 6.346357]]], [[[-75.441384, 6.347021], [-75.441461, 6.347774], [-75.441054, 6.347527], [-75.440607, 6.347671], [-75.440429, 6.347634], [-75.440458, 6.34754], [-75.440774, 6.347464], [-75.440793, 6.34723], [-75.440902, 6.347144], [-75.441139, 6.347131], [-75.441139, 6.347228], [-75.440954, 6.347313], [-75.44111, 6.347392], [-75.441384, 6.347021]]], [[[-75.451918, 6.33885], [-75.451929, 6.338927], [-75.451845, 6.338939], [-75.451832, 6.338862], [-75.451918, 6.33885]]], [[[-75.451868, 6.338559], [-75.451974, 6.338502], [-75.452038, 6.33853], [-75.451965, 6.338631], [-75.451868, 6.338559]]], [[[-75.439305, 6.358239], [-75.439274, 6.35807], [-75.439307, 6.358019], [-75.43935, 6.358086], [-75.439305, 6.358239]]], [[[-75.440116, 6.406049], [-75.439862, 6.406092], [-75.439823, 6.405908], [-75.440111, 6.40587], [-75.440116, 6.406049]]], [[[-75.440052, 6.405626], [-75.440018, 6.405516], [-75.440051, 6.405485], [-75.440085, 6.405552], [-75.440052, 6.405626]]], [[[-75.440107, 6.34979], [-75.439672, 6.349843], [-75.439616, 6.349786], [-75.439768, 6.349707], [-75.440107, 6.34979]]], [[[-75.44032, 6.360378], [-75.440064, 6.360373], [-75.440212, 6.360488], [-75.440212, 6.360593], [-75.439884, 6.360649], [-75.439749, 6.360097], [-75.439859, 6.360026], [-75.44002, 6.360064], [-75.44032, 6.360378]]], [[[-75.439823, 6.343459], [-75.43966, 6.343516], [-75.439634, 6.34346], [-75.439823, 6.343459]]], [[[-75.439805, 6.357093], [-75.439692, 6.357039], [-75.439821, 6.356943], [-75.439856, 6.357025], [-75.439805, 6.357093]]], [[[-75.440831, 6.421654], [-75.440581, 6.421795], [-75.440526, 6.42159], [-75.440319, 6.421534], [-75.440399, 6.42118], [-75.440154, 6.421058], [-75.440291, 6.420863], [-75.44047, 6.420885], [-75.440633, 6.421129], [-75.440693, 6.421539], [-75.440831, 6.421654]]], [[[-75.440597, 6.346974], [-75.440539, 6.347039], [-75.440203, 6.346774], [-75.439837, 6.345883], [-75.440369, 6.34657], [-75.440491, 6.346617], [-75.440444, 6.346786], [-75.440597, 6.346974]]], [[[-75.440286, 6.356059], [-75.440052, 6.356255], [-75.440141, 6.356445], [-75.439958, 6.356441], [-75.439923, 6.356196], [-75.440286, 6.356059]]], [[[-75.440061, 6.357335], [-75.439976, 6.357311], [-75.440054, 6.357094], [-75.440111, 6.357233], [-75.440061, 6.357335]]], [[[-75.442393, 6.361981], [-75.44232, 6.362174], [-75.442406, 6.362356], [-75.442355, 6.362457], [-75.442008, 6.362639], [-75.441666, 6.362977], [-75.440932, 6.363295], [-75.440578, 6.363311], [-75.440094, 6.362991], [-75.440149, 6.362909], [-75.440426, 6.362869], [-75.440697, 6.362625], [-75.440754, 6.362473], [-75.440571, 6.362401], [-75.440574, 6.362325], [-75.440884, 6.362377], [-75.440809, 6.362072], [-75.440867, 6.361581], [-75.441084, 6.36209], [-75.441044, 6.362498], [-75.441356, 6.362615], [-75.44173, 6.362477], [-75.442035, 6.362511], [-75.442047, 6.362309], [-75.44188, 6.362374], [-75.441677, 6.362189], [-75.442198, 6.361981], [-75.442393, 6.361981]], [[-75.441294, 6.36274], [-75.441163, 6.362724], [-75.441124, 6.362803], [-75.441272, 6.362861], [-75.441294, 6.36274]]], [[[-75.440574, 6.354171], [-75.440456, 6.354799], [-75.440339, 6.354849], [-75.440233, 6.354548], [-75.440483, 6.354049], [-75.440574, 6.354171]]], [[[-75.440638, 6.405253], [-75.440525, 6.405284], [-75.440491, 6.405228], [-75.440559, 6.40521], [-75.440638, 6.405253]]], [[[-75.441326, 6.352093], [-75.441209, 6.352398], [-75.441099, 6.352373], [-75.441191, 6.352636], [-75.441067, 6.352935], [-75.44075, 6.353053], [-75.44062, 6.353362], [-75.440508, 6.353366], [-75.440468, 6.35247], [-75.440739, 6.352175], [-75.441208, 6.352029], [-75.441326, 6.352093]]], [[[-75.440927, 6.399552], [-75.440707, 6.39942], [-75.440714, 6.399248], [-75.440879, 6.399406], [-75.440927, 6.399552]]], [[[-75.440777, 6.361262], [-75.440544, 6.3613], [-75.440525, 6.361121], [-75.440731, 6.361083], [-75.440777, 6.361262]]], [[[-75.44171, 6.33833], [-75.440994, 6.339013], [-75.44062, 6.33894], [-75.440432, 6.338683], [-75.441111, 6.338488], [-75.441246, 6.33826], [-75.44145, 6.338141], [-75.44171, 6.33833]]], [[[-75.442255, 6.41952], [-75.442138, 6.419574], [-75.441961, 6.419458], [-75.441764, 6.419501], [-75.441262, 6.420063], [-75.440922, 6.419907], [-75.441173, 6.419564], [-75.441571, 6.419436], [-75.441704, 6.419206], [-75.441791, 6.419263], [-75.44189, 6.419174], [-75.442125, 6.419209], [-75.44227, 6.419368], [-75.442255, 6.41952]]], [[[-75.440994, 6.405398], [-75.440896, 6.405378], [-75.440853, 6.405345], [-75.441064, 6.405276], [-75.440994, 6.405398]]], [[[-75.441427, 6.409749], [-75.441027, 6.409746], [-75.441203, 6.409686], [-75.441285, 6.40944], [-75.441427, 6.409749]]], [[[-75.441269, 6.420508], [-75.44116, 6.42057], [-75.441185, 6.420426], [-75.441269, 6.420508]]], [[[-75.440928, 6.360294], [-75.440987, 6.360319], [-75.440945, 6.360344], [-75.440928, 6.360294]]], [[[-75.441064, 6.337242], [-75.440942, 6.337217], [-75.440912, 6.337133], [-75.441074, 6.337133], [-75.441064, 6.337242]]], [[[-75.441661, 6.410161], [-75.441367, 6.410132], [-75.441288, 6.410016], [-75.441626, 6.410023], [-75.441661, 6.410161]]], [[[-75.441471, 6.354666], [-75.441261, 6.354917], [-75.441431, 6.355694], [-75.441291, 6.355822], [-75.441137, 6.355467], [-75.441075, 6.355032], [-75.441139, 6.354755], [-75.44142, 6.354556], [-75.441471, 6.354666]]], [[[-75.441714, 6.424541], [-75.441589, 6.424826], [-75.441453, 6.42481], [-75.441612, 6.424479], [-75.441714, 6.424541]]], [[[-75.442027, 6.40042], [-75.441795, 6.400294], [-75.441676, 6.400142], [-75.441927, 6.400183], [-75.442027, 6.40042]]], [[[-75.441598, 6.399929], [-75.441413, 6.399916], [-75.441369, 6.399872], [-75.441553, 6.39983], [-75.441598, 6.399929]]], [[[-75.443575, 6.359912], [-75.443333, 6.360107], [-75.443287, 6.360009], [-75.443104, 6.360089], [-75.443195, 6.360282], [-75.443089, 6.360441], [-75.442854, 6.360363], [-75.442823, 6.360003], [-75.443181, 6.359921], [-75.443264, 6.359662], [-75.443441, 6.359641], [-75.443534, 6.359744], [-75.443575, 6.359912]]], [[[-75.442654, 6.360553], [-75.442608, 6.360595], [-75.442522, 6.360553], [-75.442576, 6.360489], [-75.442654, 6.360553]]], [[[-75.442392, 6.360672], [-75.442339, 6.360741], [-75.442313, 6.360716], [-75.442392, 6.360672]]], [[[-75.441961, 6.36058], [-75.44163, 6.360664], [-75.441582, 6.360929], [-75.441273, 6.360532], [-75.441964, 6.360412], [-75.442013, 6.360153], [-75.442206, 6.35992], [-75.442609, 6.360003], [-75.442664, 6.36012], [-75.442606, 6.360347], [-75.44225, 6.360368], [-75.441961, 6.36058]]], [[[-75.441866, 6.423588], [-75.441831, 6.423916], [-75.441779, 6.423942], [-75.441762, 6.423654], [-75.441866, 6.423588]]], [[[-75.441865, 6.407869], [-75.441738, 6.407855], [-75.441779, 6.407646], [-75.441898, 6.407768], [-75.441865, 6.407869]]], [[[-75.442657, 6.418857], [-75.442556, 6.418859], [-75.442457, 6.418431], [-75.442245, 6.418586], [-75.442019, 6.418556], [-75.441985, 6.418002], [-75.442279, 6.418006], [-75.442378, 6.418116], [-75.442621, 6.418163], [-75.442706, 6.418535], [-75.442657, 6.418857]]], [[[-75.442061, 6.408753], [-75.441971, 6.408795], [-75.441961, 6.408697], [-75.442028, 6.408702], [-75.442061, 6.408753]]], [[[-75.443183, 6.414071], [-75.443074, 6.414142], [-75.44288, 6.414095], [-75.442796, 6.414228], [-75.442511, 6.414371], [-75.442307, 6.414216], [-75.442627, 6.413774], [-75.442898, 6.413589], [-75.442999, 6.413586], [-75.443183, 6.413764], [-75.443183, 6.414071]]], [[[-75.443188, 6.409913], [-75.442705, 6.410066], [-75.442576, 6.410033], [-75.442748, 6.409671], [-75.442328, 6.409079], [-75.442353, 6.408935], [-75.442672, 6.408915], [-75.44282, 6.409177], [-75.44323, 6.409499], [-75.443188, 6.409913]]], [[[-75.444005, 6.402751], [-75.443551, 6.402762], [-75.443482, 6.403209], [-75.443344, 6.40339], [-75.443207, 6.403351], [-75.443135, 6.403161], [-75.443066, 6.403165], [-75.442966, 6.403369], [-75.443195, 6.403469], [-75.443227, 6.403564], [-75.443042, 6.403729], [-75.442669, 6.403528], [-75.442334, 6.402919], [-75.442706, 6.4029], [-75.442881, 6.402619], [-75.443236, 6.402318], [-75.443403, 6.402362], [-75.443602, 6.402603], [-75.444127, 6.402659], [-75.444005, 6.402751]], [[-75.443315, 6.402875], [-75.443378, 6.402586], [-75.443273, 6.402561], [-75.443231, 6.402696], [-75.443315, 6.402875]]], [[[-75.442841, 6.421313], [-75.44278, 6.421591], [-75.442823, 6.421745], [-75.442564, 6.421838], [-75.442563, 6.421629], [-75.442841, 6.421313]]], [[[-75.444303, 6.353869], [-75.444161, 6.354213], [-75.443964, 6.354118], [-75.443668, 6.354241], [-75.44279, 6.355078], [-75.442742, 6.354819], [-75.442661, 6.35481], [-75.442597, 6.355118], [-75.442416, 6.354785], [-75.442439, 6.35443], [-75.44236, 6.3542], [-75.442416, 6.354055], [-75.442241, 6.353925], [-75.442208, 6.35378], [-75.442388, 6.353525], [-75.442761, 6.353495], [-75.443026, 6.353586], [-75.443055, 6.353818], [-75.443319, 6.353958], [-75.443736, 6.353952], [-75.444077, 6.353786], [-75.444303, 6.353869]], [[-75.442547, 6.353633], [-75.442456, 6.353669], [-75.442461, 6.353815], [-75.442621, 6.35379], [-75.442547, 6.353633]], [[-75.442797, 6.354498], [-75.442903, 6.354315], [-75.442903, 6.354221], [-75.442599, 6.354341], [-75.44259, 6.354577], [-75.442797, 6.354498]]], [[[-75.442569, 6.35289], [-75.442632, 6.352883], [-75.442633, 6.352913], [-75.442569, 6.35289]]], [[[-75.442815, 6.415078], [-75.442748, 6.415124], [-75.44256, 6.415104], [-75.44265, 6.415013], [-75.442815, 6.415078]]], [[[-75.442379, 6.357244], [-75.442358, 6.356959], [-75.442397, 6.356919], [-75.442484, 6.35724], [-75.442379, 6.357244]]], [[[-75.442528, 6.359394], [-75.442435, 6.359402], [-75.442391, 6.359157], [-75.442549, 6.359258], [-75.442528, 6.359394]]], [[[-75.443512, 6.424631], [-75.443372, 6.424789], [-75.443282, 6.42479], [-75.443377, 6.424632], [-75.443512, 6.424631]]], [[[-75.443059, 6.424936], [-75.442872, 6.424879], [-75.442778, 6.424634], [-75.443029, 6.424647], [-75.443118, 6.424867], [-75.443059, 6.424936]]], [[[-75.443499, 6.401671], [-75.443429, 6.401916], [-75.443306, 6.401952], [-75.443035, 6.401814], [-75.442921, 6.40162], [-75.442685, 6.401475], [-75.443004, 6.401475], [-75.443499, 6.401671]]], [[[-75.443138, 6.420112], [-75.443077, 6.420187], [-75.443007, 6.420196], [-75.443031, 6.420034], [-75.443138, 6.420112]]], [[[-75.442983, 6.420285], [-75.442952, 6.420423], [-75.44286, 6.420457], [-75.442819, 6.420288], [-75.442983, 6.420285]]], [[[-75.442983, 6.423128], [-75.442892, 6.423096], [-75.442875, 6.423038], [-75.443004, 6.423022], [-75.442983, 6.423128]]], [[[-75.443304, 6.417501], [-75.442985, 6.417866], [-75.44289, 6.41788], [-75.443117, 6.417481], [-75.443263, 6.417416], [-75.443304, 6.417501]]], [[[-75.442927, 6.421048], [-75.442871, 6.421], [-75.442904, 6.420915], [-75.442961, 6.420965], [-75.442927, 6.421048]]], [[[-75.443122, 6.33759], [-75.443265, 6.33844], [-75.443198, 6.338769], [-75.442899, 6.338538], [-75.442901, 6.338297], [-75.442664, 6.338004], [-75.442697, 6.337797], [-75.442939, 6.337712], [-75.442882, 6.337616], [-75.442954, 6.337562], [-75.443122, 6.33759]]], [[[-75.443338, 6.358205], [-75.443232, 6.358266], [-75.443007, 6.358307], [-75.443215, 6.358181], [-75.443338, 6.358205]]], [[[-75.443054, 6.410335], [-75.44306, 6.41026], [-75.443136, 6.410318], [-75.443054, 6.410335]]], [[[-75.443537, 6.418683], [-75.443462, 6.418974], [-75.443116, 6.4191], [-75.443305, 6.41848], [-75.443486, 6.418525], [-75.443537, 6.418683]]], [[[-75.443456, 6.408565], [-75.443339, 6.408586], [-75.44326, 6.408504], [-75.443477, 6.408457], [-75.443456, 6.408565]]], [[[-75.444073, 6.412566], [-75.44345, 6.41275], [-75.443291, 6.412454], [-75.443355, 6.412369], [-75.443534, 6.412393], [-75.443559, 6.412469], [-75.44368, 6.412376], [-75.44397, 6.412374], [-75.444106, 6.412448], [-75.444073, 6.412566]]], [[[-75.443392, 6.411962], [-75.443359, 6.412029], [-75.443308, 6.411979], [-75.443392, 6.411962]]], [[[-75.443336, 6.396484], [-75.44326, 6.396526], [-75.443251, 6.39649], [-75.443336, 6.396484]]], [[[-75.44472, 6.423645], [-75.444715, 6.423906], [-75.444459, 6.423962], [-75.444389, 6.423902], [-75.444354, 6.423487], [-75.443986, 6.423476], [-75.443948, 6.423589], [-75.444162, 6.423671], [-75.444209, 6.423951], [-75.444061, 6.424154], [-75.443795, 6.42386], [-75.443734, 6.423567], [-75.443396, 6.423405], [-75.444044, 6.422949], [-75.443968, 6.423201], [-75.444374, 6.423377], [-75.44447, 6.423526], [-75.44472, 6.423645]]], [[[-75.443666, 6.405295], [-75.443325, 6.405358], [-75.443293, 6.405266], [-75.443666, 6.405295]]], [[[-75.443639, 6.425809], [-75.443529, 6.42582], [-75.443501, 6.425764], [-75.443658, 6.425723], [-75.443639, 6.425809]]], [[[-75.443535, 6.415677], [-75.443492, 6.415603], [-75.44355, 6.415487], [-75.443568, 6.415626], [-75.443535, 6.415677]]], [[[-75.443374, 6.349478], [-75.443266, 6.349461], [-75.44326, 6.349331], [-75.443372, 6.349357], [-75.443374, 6.349478]]], [[[-75.444065, 6.407582], [-75.443606, 6.407617], [-75.443486, 6.407595], [-75.444065, 6.407582]]], [[[-75.444288, 6.401048], [-75.444027, 6.401058], [-75.443822, 6.40129], [-75.443695, 6.401223], [-75.443721, 6.400909], [-75.443932, 6.400717], [-75.444072, 6.400712], [-75.44391, 6.400909], [-75.444288, 6.401048]]], [[[-75.44397, 6.361693], [-75.443843, 6.361763], [-75.443778, 6.361726], [-75.44397, 6.361693]]], [[[-75.443756, 6.361945], [-75.443682, 6.362039], [-75.443517, 6.362016], [-75.443581, 6.361884], [-75.443756, 6.361945]]], [[[-75.443911, 6.421657], [-75.443973, 6.421718], [-75.443885, 6.421708], [-75.443911, 6.421657]]], [[[-75.444442, 6.411877], [-75.444371, 6.411979], [-75.444263, 6.411946], [-75.444109, 6.411743], [-75.444116, 6.411574], [-75.444339, 6.411675], [-75.444442, 6.411877]]], [[[-75.446301, 6.418876], [-75.44585, 6.419013], [-75.445697, 6.418887], [-75.445615, 6.418631], [-75.446275, 6.418476], [-75.44652, 6.418717], [-75.446301, 6.418876]]], [[[-75.445441, 6.418408], [-75.445407, 6.419376], [-75.445224, 6.419765], [-75.445627, 6.419682], [-75.445712, 6.419764], [-75.445342, 6.419962], [-75.445153, 6.419829], [-75.445206, 6.419531], [-75.444938, 6.41965], [-75.444818, 6.419528], [-75.445048, 6.419174], [-75.445015, 6.418719], [-75.444916, 6.419222], [-75.444576, 6.419051], [-75.444397, 6.418836], [-75.444616, 6.418545], [-75.444909, 6.418505], [-75.445006, 6.418209], [-75.445151, 6.418079], [-75.445737, 6.41798], [-75.445758, 6.418061], [-75.445441, 6.418408]]], [[[-75.444877, 6.419769], [-75.444864, 6.420158], [-75.445058, 6.42024], [-75.445136, 6.420388], [-75.445349, 6.420384], [-75.445519, 6.420742], [-75.445471, 6.420832], [-75.44506, 6.420828], [-75.444956, 6.420709], [-75.444768, 6.420691], [-75.445012, 6.4206], [-75.444981, 6.420484], [-75.444507, 6.420427], [-75.444508, 6.420196], [-75.444756, 6.419716], [-75.444877, 6.419769]], [[-75.445242, 6.42061], [-75.445125, 6.420533], [-75.445073, 6.420607], [-75.445224, 6.420708], [-75.445242, 6.42061]]], [[[-75.444456, 6.42071], [-75.444441, 6.420947], [-75.444069, 6.421147], [-75.444041, 6.420919], [-75.444349, 6.420592], [-75.444456, 6.42071]]], [[[-75.443876, 6.355618], [-75.44375, 6.355627], [-75.443749, 6.3555], [-75.443876, 6.355533], [-75.443876, 6.355618]]], [[[-75.444121, 6.351887], [-75.443821, 6.351871], [-75.443793, 6.351708], [-75.444105, 6.351769], [-75.444121, 6.351887]]], [[[-75.444434, 6.426022], [-75.444262, 6.426085], [-75.444177, 6.426052], [-75.444434, 6.426022]]], [[[-75.444734, 6.399228], [-75.444595, 6.399279], [-75.444396, 6.399533], [-75.444106, 6.398996], [-75.444104, 6.398842], [-75.444186, 6.398788], [-75.444437, 6.398852], [-75.444709, 6.399069], [-75.444734, 6.399228]]], [[[-75.444276, 6.398138], [-75.444157, 6.398149], [-75.444101, 6.398093], [-75.444258, 6.398052], [-75.444276, 6.398138]]], [[[-75.444052, 6.36111], [-75.44407, 6.361339], [-75.443994, 6.361415], [-75.444052, 6.36111]]], [[[-75.444361, 6.40313], [-75.4443, 6.403164], [-75.444249, 6.403131], [-75.444299, 6.403097], [-75.444361, 6.40313]]], [[[-75.444569, 6.421469], [-75.444366, 6.421571], [-75.44432, 6.421502], [-75.444569, 6.421469]]], [[[-75.444472, 6.414564], [-75.444448, 6.414921], [-75.444359, 6.414926], [-75.444341, 6.414746], [-75.444472, 6.414564]]], [[[-75.444188, 6.348618], [-75.44407, 6.348614], [-75.444019, 6.348565], [-75.444272, 6.348512], [-75.444188, 6.348618]]], [[[-75.444586, 6.412346], [-75.44451, 6.412388], [-75.444502, 6.412352], [-75.444586, 6.412346]]], [[[-75.4463, 6.415217], [-75.446185, 6.415198], [-75.446079, 6.415019], [-75.445592, 6.414868], [-75.445557, 6.414538], [-75.445691, 6.41454], [-75.445786, 6.414715], [-75.446032, 6.4148], [-75.446204, 6.41476], [-75.446316, 6.415014], [-75.4463, 6.415217]]], [[[-75.445362, 6.414876], [-75.445184, 6.414898], [-75.44504, 6.415035], [-75.444937, 6.41455], [-75.444664, 6.414392], [-75.444872, 6.414176], [-75.444732, 6.413843], [-75.444798, 6.413649], [-75.444758, 6.413378], [-75.444646, 6.413169], [-75.444806, 6.413041], [-75.444883, 6.412734], [-75.445113, 6.412944], [-75.445078, 6.413472], [-75.445259, 6.413496], [-75.445352, 6.413262], [-75.4455, 6.413387], [-75.445004, 6.41387], [-75.445039, 6.414405], [-75.445222, 6.414558], [-75.445362, 6.414876]]], [[[-75.444436, 6.338583], [-75.44438, 6.338326], [-75.444405, 6.338267], [-75.444436, 6.338583]]], [[[-75.44589, 6.406165], [-75.445775, 6.406214], [-75.445723, 6.406376], [-75.445612, 6.406381], [-75.445197, 6.406153], [-75.444897, 6.406108], [-75.444833, 6.40601], [-75.445394, 6.405894], [-75.445421, 6.406052], [-75.445605, 6.406198], [-75.445675, 6.406195], [-75.445742, 6.405983], [-75.445878, 6.406049], [-75.44589, 6.406165]]], [[[-75.446751, 6.359033], [-75.44662, 6.3594], [-75.446615, 6.359635], [-75.446211, 6.359417], [-75.445997, 6.359521], [-75.44612, 6.359872], [-75.446141, 6.36042], [-75.445902, 6.360346], [-75.445571, 6.36044], [-75.445339, 6.360302], [-75.444956, 6.360456], [-75.44482, 6.360337], [-75.444768, 6.359994], [-75.444927, 6.359868], [-75.445002, 6.359621], [-75.444957, 6.359486], [-75.444739, 6.359349], [-75.444892, 6.358965], [-75.445594, 6.358775], [-75.445702, 6.35902], [-75.445463, 6.359182], [-75.445404, 6.359335], [-75.446103, 6.359215], [-75.446446, 6.358982], [-75.446693, 6.358953], [-75.446647, 6.358858], [-75.446751, 6.359033]], [[-75.445341, 6.360202], [-75.44561, 6.359911], [-75.445622, 6.359839], [-75.445341, 6.360202]]], [[[-75.445806, 6.358617], [-75.445772, 6.358123], [-75.446006, 6.358307], [-75.446456, 6.358204], [-75.44659, 6.358324], [-75.446391, 6.358331], [-75.446261, 6.358574], [-75.445959, 6.358795], [-75.445806, 6.358617]]], [[[-75.446619, 6.358802], [-75.446581, 6.358649], [-75.446658, 6.358614], [-75.446619, 6.358802]]], [[[-75.444907, 6.360729], [-75.444971, 6.360814], [-75.444952, 6.360823], [-75.444907, 6.360729]]], [[[-75.44658, 6.354665], [-75.446424, 6.354726], [-75.446441, 6.354941], [-75.446322, 6.35503], [-75.44615, 6.354902], [-75.446043, 6.354622], [-75.445859, 6.354969], [-75.445728, 6.35492], [-75.445728, 6.354696], [-75.445917, 6.354515], [-75.445581, 6.354607], [-75.445491, 6.354813], [-75.445373, 6.354849], [-75.445111, 6.354569], [-75.444984, 6.354561], [-75.444907, 6.354356], [-75.444763, 6.354255], [-75.444695, 6.353814], [-75.444747, 6.353956], [-75.445063, 6.353895], [-75.445069, 6.354137], [-75.445287, 6.354332], [-75.445366, 6.35454], [-75.445555, 6.354331], [-75.445914, 6.354133], [-75.446087, 6.354319], [-75.446161, 6.354302], [-75.446292, 6.354544], [-75.446542, 6.354508], [-75.44658, 6.354665]]], [[[-75.44595, 6.355721], [-75.446031, 6.35589], [-75.446466, 6.355732], [-75.446009, 6.356252], [-75.44573, 6.355938], [-75.445652, 6.355686], [-75.445794, 6.355458], [-75.446042, 6.355376], [-75.446082, 6.355479], [-75.44595, 6.355721]]], [[[-75.444893, 6.353005], [-75.444807, 6.352709], [-75.444848, 6.352519], [-75.445069, 6.352756], [-75.445221, 6.353232], [-75.444893, 6.353005]]], [[[-75.445242, 6.353592], [-75.445316, 6.353786], [-75.445302, 6.35381], [-75.445168, 6.35369], [-75.445242, 6.353592]]], [[[-75.446077, 6.411122], [-75.44569, 6.411116], [-75.445356, 6.4109], [-75.445166, 6.410603], [-75.445148, 6.410416], [-75.445695, 6.410835], [-75.445852, 6.410844], [-75.4459, 6.411043], [-75.446077, 6.411122]]], [[[-75.44529, 6.417771], [-75.445188, 6.417745], [-75.445216, 6.417576], [-75.445306, 6.417669], [-75.44529, 6.417771]]], [[[-75.445479, 6.404117], [-75.44531, 6.404176], [-75.445276, 6.404092], [-75.445377, 6.404056], [-75.445479, 6.404117]]], [[[-75.446246, 6.427487], [-75.445772, 6.427665], [-75.4456, 6.427632], [-75.445963, 6.427433], [-75.446246, 6.427487]]], [[[-75.446083, 6.422387], [-75.446074, 6.422811], [-75.445899, 6.422796], [-75.445686, 6.422648], [-75.44577, 6.422418], [-75.445564, 6.421908], [-75.445636, 6.421626], [-75.445834, 6.421794], [-75.445926, 6.422208], [-75.446083, 6.422387]]], [[[-75.446764, 6.362468], [-75.446504, 6.362731], [-75.446245, 6.362666], [-75.446622, 6.36239], [-75.446764, 6.362468]]], [[[-75.446034, 6.362717], [-75.445973, 6.362687], [-75.446016, 6.362508], [-75.446074, 6.3626], [-75.446034, 6.362717]]], [[[-75.445781, 6.362748], [-75.445997, 6.362942], [-75.446281, 6.363029], [-75.446286, 6.363461], [-75.445784, 6.363713], [-75.445767, 6.363341], [-75.445627, 6.363031], [-75.445781, 6.362748]]], [[[-75.445558, 6.363765], [-75.445928, 6.364038], [-75.44593, 6.364104], [-75.445668, 6.364114], [-75.445592, 6.363905], [-75.445463, 6.363816], [-75.445558, 6.363765]]], [[[-75.445798, 6.416497], [-75.445742, 6.416437], [-75.445775, 6.416381], [-75.445831, 6.41643], [-75.445798, 6.416497]]], [[[-75.445989, 6.412502], [-75.445966, 6.412672], [-75.445894, 6.412472], [-75.445989, 6.412502]]], [[[-75.446894, 6.417021], [-75.44674, 6.41706], [-75.446466, 6.416865], [-75.446437, 6.416621], [-75.446521, 6.416575], [-75.446747, 6.4167], [-75.446889, 6.416682], [-75.44696, 6.416852], [-75.446894, 6.417021]]], [[[-75.4462, 6.416593], [-75.446073, 6.416577], [-75.446091, 6.416328], [-75.446255, 6.416446], [-75.4462, 6.416593]]], [[[-75.446253, 6.428913], [-75.446152, 6.429037], [-75.446129, 6.429037], [-75.446151, 6.428913], [-75.446253, 6.428913]]], [[[-75.446313, 6.40173], [-75.446173, 6.401578], [-75.446113, 6.401376], [-75.446361, 6.401502], [-75.446313, 6.40173]]], [[[-75.446394, 6.409551], [-75.446162, 6.409231], [-75.446319, 6.409068], [-75.446442, 6.409214], [-75.446468, 6.409492], [-75.446394, 6.409551]]], [[[-75.446496, 6.357734], [-75.446381, 6.357823], [-75.446075, 6.35764], [-75.445899, 6.357344], [-75.446098, 6.357156], [-75.446233, 6.357206], [-75.446489, 6.35745], [-75.446496, 6.357734]]], [[[-75.446396, 6.401024], [-75.446338, 6.401117], [-75.446287, 6.401067], [-75.446396, 6.401024]]], [[[-75.446345, 6.41336], [-75.446314, 6.41327], [-75.446331, 6.413228], [-75.44639, 6.413281], [-75.446345, 6.41336]]], [[[-75.446662, 6.423941], [-75.446646, 6.424069], [-75.446481, 6.424183], [-75.446552, 6.424017], [-75.446662, 6.423941]]], [[[-75.44699, 6.41354], [-75.446715, 6.414017], [-75.446425, 6.413901], [-75.446435, 6.413734], [-75.446702, 6.413639], [-75.446885, 6.413387], [-75.44699, 6.41354]]], [[[-75.446633, 6.422706], [-75.446534, 6.422649], [-75.44666, 6.422415], [-75.446716, 6.422606], [-75.446633, 6.422706]]], [[[-75.446635, 6.422207], [-75.446612, 6.42207], [-75.446694, 6.422013], [-75.446742, 6.422208], [-75.446635, 6.422207]]], [[[-75.448101, 6.421489], [-75.447738, 6.421379], [-75.447584, 6.421084], [-75.44733, 6.420984], [-75.44729, 6.421408], [-75.447083, 6.421443], [-75.447035, 6.421562], [-75.446905, 6.421354], [-75.446684, 6.421271], [-75.446582, 6.421553], [-75.446623, 6.421242], [-75.447239, 6.420282], [-75.4473, 6.419855], [-75.447846, 6.420694], [-75.448121, 6.421311], [-75.448101, 6.421489]], [[-75.447295, 6.420592], [-75.447424, 6.420917], [-75.447738, 6.421101], [-75.447769, 6.420894], [-75.447504, 6.420741], [-75.447403, 6.420557], [-75.447295, 6.420592]]], [[[-75.446861, 6.42735], [-75.446793, 6.427401], [-75.446667, 6.427401], [-75.446777, 6.42735], [-75.446861, 6.42735]]], [[[-75.446485, 6.360233], [-75.446421, 6.360361], [-75.446412, 6.360184], [-75.446485, 6.360233]]], [[[-75.447167, 6.400297], [-75.447096, 6.400705], [-75.446825, 6.400745], [-75.446995, 6.400388], [-75.447093, 6.400359], [-75.447115, 6.400009], [-75.447167, 6.400297]]], [[[-75.446786, 6.400965], [-75.44682, 6.401024], [-75.446809, 6.40105], [-75.446758, 6.401025], [-75.446786, 6.400965]]], [[[-75.446787, 6.34986], [-75.446668, 6.349846], [-75.446757, 6.349575], [-75.44687, 6.349686], [-75.446787, 6.34986]]], [[[-75.447456, 6.398239], [-75.447339, 6.398391], [-75.447128, 6.398278], [-75.446958, 6.398339], [-75.446945, 6.398111], [-75.447049, 6.398046], [-75.447252, 6.398104], [-75.447456, 6.398239]]], [[[-75.446994, 6.347193], [-75.446834, 6.347217], [-75.446881, 6.347099], [-75.446994, 6.347193]]], [[[-75.447054, 6.364155], [-75.44695, 6.364204], [-75.446908, 6.364179], [-75.446965, 6.364088], [-75.447054, 6.364155]]], [[[-75.449212, 6.424009], [-75.448216, 6.424191], [-75.448195, 6.424442], [-75.448057, 6.424695], [-75.447754, 6.424724], [-75.447533, 6.424509], [-75.447551, 6.424348], [-75.447376, 6.424189], [-75.447257, 6.423688], [-75.447329, 6.423598], [-75.447348, 6.423738], [-75.44745, 6.423745], [-75.447728, 6.423394], [-75.448166, 6.423246], [-75.448458, 6.423537], [-75.448489, 6.423893], [-75.449212, 6.424009]], [[-75.447629, 6.424069], [-75.447546, 6.424013], [-75.447405, 6.424047], [-75.447489, 6.424103], [-75.447629, 6.424069]], [[-75.448173, 6.423701], [-75.448102, 6.423586], [-75.447945, 6.423638], [-75.448102, 6.423749], [-75.448173, 6.423701]]], [[[-75.447147, 6.354492], [-75.447143, 6.354862], [-75.447059, 6.354881], [-75.446964, 6.35456], [-75.447147, 6.354492]]], [[[-75.447066, 6.354151], [-75.447025, 6.354193], [-75.446999, 6.354143], [-75.447066, 6.354151]]], [[[-75.447132, 6.352447], [-75.447036, 6.352401], [-75.447086, 6.352183], [-75.447165, 6.352345], [-75.447132, 6.352447]]], [[[-75.44741, 6.400981], [-75.44734, 6.400917], [-75.44739, 6.400776], [-75.447466, 6.400848], [-75.44741, 6.400981]]], [[[-75.447518, 6.416588], [-75.447513, 6.417], [-75.447501, 6.417011], [-75.447518, 6.416588]]], [[[-75.448147, 6.394174], [-75.448083, 6.394142], [-75.448085, 6.394302], [-75.448212, 6.394409], [-75.447853, 6.394475], [-75.447482, 6.394118], [-75.447447, 6.393791], [-75.447661, 6.39363], [-75.447914, 6.393808], [-75.447956, 6.393986], [-75.448187, 6.39407], [-75.448147, 6.394174]]], [[[-75.44779, 6.393458], [-75.447874, 6.393378], [-75.447981, 6.393404], [-75.447841, 6.393527], [-75.44779, 6.393458]]], [[[-75.447543, 6.353321], [-75.447345, 6.353352], [-75.447294, 6.353296], [-75.447413, 6.353277], [-75.447543, 6.353321]]], [[[-75.447526, 6.346858], [-75.447408, 6.346915], [-75.447408, 6.346859], [-75.447526, 6.346858]]], [[[-75.448111, 6.417104], [-75.448081, 6.417228], [-75.448035, 6.417105], [-75.448111, 6.417104]]], [[[-75.447828, 6.336058], [-75.447778, 6.336159], [-75.447694, 6.33616], [-75.447732, 6.336002], [-75.447828, 6.336058]]], [[[-75.448447, 6.416377], [-75.448238, 6.416453], [-75.448187, 6.416279], [-75.448271, 6.415931], [-75.448403, 6.416167], [-75.448529, 6.415818], [-75.448584, 6.416181], [-75.448447, 6.416377]]], [[[-75.448338, 6.345818], [-75.447906, 6.345831], [-75.447818, 6.345721], [-75.4481, 6.345692], [-75.448338, 6.345818]]], [[[-75.448235, 6.414552], [-75.448223, 6.414953], [-75.448178, 6.41442], [-75.448235, 6.414552]]], [[[-75.448807, 6.413123], [-75.448265, 6.413185], [-75.448121, 6.41312], [-75.448352, 6.413036], [-75.448476, 6.412812], [-75.448859, 6.412828], [-75.448751, 6.412992], [-75.448807, 6.413123]]], [[[-75.448225, 6.421845], [-75.448225, 6.421907], [-75.448214, 6.421907], [-75.448225, 6.421845]]], [[[-75.448129, 6.339863], [-75.448019, 6.339874], [-75.447916, 6.339694], [-75.448091, 6.339653], [-75.448129, 6.339863]]], [[[-75.448879, 6.408746], [-75.448399, 6.408701], [-75.44828, 6.408627], [-75.448726, 6.408639], [-75.448879, 6.408746]]], [[[-75.449262, 6.34899], [-75.449144, 6.349394], [-75.448811, 6.349559], [-75.448608, 6.349473], [-75.448229, 6.348885], [-75.448428, 6.348776], [-75.448578, 6.348947], [-75.448725, 6.348935], [-75.448794, 6.348621], [-75.44874, 6.34837], [-75.448877, 6.348299], [-75.44909, 6.348511], [-75.449262, 6.34899]]], [[[-75.449161, 6.415202], [-75.448778, 6.415337], [-75.448679, 6.415177], [-75.448686, 6.414936], [-75.448856, 6.414719], [-75.448785, 6.414424], [-75.448877, 6.414187], [-75.448993, 6.414235], [-75.449094, 6.414528], [-75.449161, 6.415202]]], [[[-75.448701, 6.396816], [-75.44863, 6.396769], [-75.448681, 6.396656], [-75.448757, 6.396711], [-75.448701, 6.396816]]], [[[-75.448838, 6.337318], [-75.44856, 6.3373], [-75.448463, 6.336965], [-75.448689, 6.336989], [-75.448838, 6.337318]]], [[[-75.450193, 6.399333], [-75.449719, 6.399642], [-75.449246, 6.399636], [-75.449226, 6.399735], [-75.449426, 6.399912], [-75.449182, 6.399967], [-75.449083, 6.399874], [-75.449047, 6.39955], [-75.448739, 6.399154], [-75.448959, 6.399056], [-75.449413, 6.399281], [-75.449896, 6.399165], [-75.450193, 6.399333]]], [[[-75.449321, 6.345963], [-75.449263, 6.346274], [-75.449057, 6.346201], [-75.44875, 6.345796], [-75.44889, 6.345698], [-75.448863, 6.345485], [-75.44902, 6.345454], [-75.44926, 6.34565], [-75.449321, 6.345963]]], [[[-75.449112, 6.429692], [-75.44903, 6.429588], [-75.449142, 6.429475], [-75.449179, 6.429624], [-75.449112, 6.429692]]], [[[-75.449122, 6.409903], [-75.449025, 6.409731], [-75.449104, 6.409674], [-75.449189, 6.409791], [-75.449122, 6.409903]]], [[[-75.449937, 6.39614], [-75.449646, 6.396153], [-75.449628, 6.396004], [-75.449436, 6.395939], [-75.449387, 6.395812], [-75.449674, 6.395746], [-75.449757, 6.396018], [-75.449937, 6.39614]]], [[[-75.44927, 6.395604], [-75.449034, 6.395558], [-75.449008, 6.395493], [-75.449245, 6.395485], [-75.44927, 6.395604]]], [[[-75.449175, 6.419855], [-75.449108, 6.419907], [-75.449119, 6.419801], [-75.449175, 6.419855]]], [[[-75.449825, 6.39864], [-75.44969, 6.398809], [-75.449402, 6.398712], [-75.449317, 6.398602], [-75.449582, 6.398326], [-75.449814, 6.398514], [-75.449825, 6.39864]]], [[[-75.44987, 6.419925], [-75.449557, 6.419987], [-75.449498, 6.419875], [-75.449819, 6.419826], [-75.44987, 6.419925]]], [[[-75.449504, 6.401218], [-75.449462, 6.401286], [-75.449437, 6.401235], [-75.449504, 6.401218]]], [[[-75.44968, 6.343576], [-75.449556, 6.343591], [-75.449317, 6.343776], [-75.449448, 6.343476], [-75.44958, 6.343464], [-75.44968, 6.343576]]], [[[-75.449917, 6.424948], [-75.449807, 6.424917], [-75.449803, 6.424782], [-75.44997, 6.424803], [-75.449917, 6.424948]]], [[[-75.450114, 6.410982], [-75.449975, 6.411106], [-75.449731, 6.410708], [-75.450007, 6.410707], [-75.449969, 6.410857], [-75.450114, 6.410982]]], [[[-75.450185, 6.390655], [-75.44995, 6.390867], [-75.449974, 6.39107], [-75.449826, 6.391095], [-75.449903, 6.390652], [-75.450101, 6.390575], [-75.450185, 6.390655]]], [[[-75.450029, 6.425978], [-75.449967, 6.426012], [-75.449917, 6.425979], [-75.449967, 6.425945], [-75.450029, 6.425978]]], [[[-75.450423, 6.412736], [-75.450175, 6.412634], [-75.450135, 6.412557], [-75.450371, 6.412637], [-75.450423, 6.412736]]], [[[-75.44995, 6.412815], [-75.449836, 6.412688], [-75.449918, 6.412531], [-75.450041, 6.412656], [-75.44995, 6.412815]]], [[[-75.449885, 6.396483], [-75.450032, 6.396873], [-75.449964, 6.396949], [-75.449879, 6.39678], [-75.449885, 6.396483]]], [[[-75.450505, 6.404918], [-75.450056, 6.404888], [-75.449969, 6.404772], [-75.450331, 6.404579], [-75.450792, 6.404833], [-75.450505, 6.404918]]], [[[-75.449928, 6.347596], [-75.449818, 6.347573], [-75.449715, 6.34749], [-75.449958, 6.347488], [-75.449928, 6.347596]]], [[[-75.450147, 6.392755], [-75.450131, 6.392891], [-75.450092, 6.392925], [-75.45004, 6.392688], [-75.450147, 6.392755]]], [[[-75.4503, 6.399912], [-75.450233, 6.399965], [-75.450244, 6.399858], [-75.4503, 6.399912]]], [[[-75.450773, 6.391254], [-75.450553, 6.391372], [-75.450454, 6.391236], [-75.450274, 6.391234], [-75.450255, 6.391012], [-75.450653, 6.390984], [-75.450552, 6.391154], [-75.450773, 6.391254]]], [[[-75.457539, 6.423486], [-75.45751, 6.423632], [-75.457441, 6.423637], [-75.457015, 6.423406], [-75.456989, 6.423214], [-75.456792, 6.423185], [-75.456539, 6.422973], [-75.456401, 6.42304], [-75.456425, 6.423253], [-75.456263, 6.423446], [-75.456132, 6.423334], [-75.455946, 6.423329], [-75.455837, 6.423115], [-75.45559, 6.423299], [-75.455449, 6.423096], [-75.455432, 6.422845], [-75.455292, 6.422978], [-75.455267, 6.423341], [-75.455025, 6.423633], [-75.454618, 6.423928], [-75.454625, 6.424204], [-75.45391, 6.423652], [-75.453728, 6.423066], [-75.453517, 6.422876], [-75.453767, 6.423801], [-75.453601, 6.424019], [-75.453581, 6.42437], [-75.453663, 6.424417], [-75.453795, 6.42427], [-75.453968, 6.424493], [-75.453805, 6.424763], [-75.453786, 6.424986], [-75.453528, 6.425153], [-75.453878, 6.425148], [-75.454114, 6.42474], [-75.454269, 6.425291], [-75.454418, 6.425083], [-75.454522, 6.425267], [-75.454725, 6.425372], [-75.45475, 6.425418], [-75.454769, 6.425511], [-75.454647, 6.425352], [-75.454611, 6.425555], [-75.454827, 6.425686], [-75.455095, 6.426235], [-75.454837, 6.426437], [-75.454633, 6.426275], [-75.454495, 6.426013], [-75.454282, 6.426017], [-75.454122, 6.42572], [-75.453815, 6.425577], [-75.453734, 6.425713], [-75.453407, 6.425752], [-75.453153, 6.426065], [-75.45295, 6.426122], [-75.452837, 6.425938], [-75.453021, 6.425789], [-75.453149, 6.42536], [-75.453017, 6.425144], [-75.452742, 6.424993], [-75.452941, 6.424777], [-75.45265, 6.424519], [-75.452835, 6.424468], [-75.452961, 6.424298], [-75.45326, 6.42423], [-75.453035, 6.424108], [-75.45278, 6.424287], [-75.452482, 6.424192], [-75.452584, 6.423713], [-75.452535, 6.423083], [-75.452649, 6.422861], [-75.452498, 6.422411], [-75.452645, 6.422315], [-75.452288, 6.421874], [-75.452232, 6.421673], [-75.452346, 6.421622], [-75.452355, 6.42137], [-75.452486, 6.421158], [-75.452478, 6.420867], [-75.45222, 6.420697], [-75.452169, 6.420944], [-75.451788, 6.420899], [-75.452103, 6.420778], [-75.452012, 6.42062], [-75.452429, 6.420466], [-75.452102, 6.420215], [-75.451914, 6.420411], [-75.451762, 6.420431], [-75.451494, 6.419949], [-75.451336, 6.420283], [-75.451135, 6.420388], [-75.451083, 6.42052], [-75.450822, 6.420599], [-75.450713, 6.420722], [-75.450606, 6.420649], [-75.450607, 6.420475], [-75.450789, 6.42021], [-75.450988, 6.420282], [-75.451124, 6.420208], [-75.450836, 6.419696], [-75.451071, 6.419571], [-75.451097, 6.419429], [-75.450533, 6.418763], [-75.451006, 6.418722], [-75.451104, 6.418567], [-75.451087, 6.418471], [-75.450991, 6.418541], [-75.450965, 6.418416], [-75.451069, 6.417723], [-75.451309, 6.417719], [-75.451657, 6.418489], [-75.451611, 6.418593], [-75.451491, 6.41856], [-75.451365, 6.418136], [-75.451268, 6.418056], [-75.451349, 6.418892], [-75.451666, 6.419322], [-75.452114, 6.41968], [-75.452426, 6.420065], [-75.453017, 6.420239], [-75.453225, 6.420167], [-75.453434, 6.420243], [-75.453548, 6.420581], [-75.453368, 6.420598], [-75.453354, 6.420688], [-75.453514, 6.420987], [-75.453713, 6.420909], [-75.453853, 6.42074], [-75.454252, 6.420769], [-75.454361, 6.420934], [-75.454319, 6.421186], [-75.454385, 6.421387], [-75.454816, 6.421733], [-75.45491, 6.421702], [-75.454787, 6.421453], [-75.45486, 6.421274], [-75.455221, 6.421275], [-75.455386, 6.421525], [-75.455425, 6.421409], [-75.455541, 6.421412], [-75.455627, 6.421583], [-75.455874, 6.421692], [-75.456018, 6.421871], [-75.4559, 6.422017], [-75.455909, 6.422144], [-75.45608, 6.422193], [-75.456193, 6.422119], [-75.456369, 6.422361], [-75.456718, 6.422533], [-75.456829, 6.422736], [-75.456729, 6.422948], [-75.456935, 6.422966], [-75.457539, 6.423486]], [[-75.451188, 6.419011], [-75.451098, 6.418847], [-75.451001, 6.418786], [-75.450997, 6.41908], [-75.451156, 6.41915], [-75.451188, 6.419011]], [[-75.451519, 6.419755], [-75.451566, 6.419492], [-75.451529, 6.419473], [-75.451406, 6.419734], [-75.451519, 6.419755]], [[-75.451875, 6.419756], [-75.451747, 6.419794], [-75.451805, 6.419944], [-75.45193, 6.419893], [-75.451875, 6.419756]], [[-75.453691, 6.421465], [-75.453664, 6.421316], [-75.453415, 6.421375], [-75.453193, 6.421321], [-75.452834, 6.421511], [-75.45278, 6.421669], [-75.453084, 6.421811], [-75.453239, 6.421639], [-75.453593, 6.421564], [-75.453691, 6.421465]], [[-75.453122, 6.423335], [-75.453096, 6.423243], [-75.452946, 6.423203], [-75.452825, 6.423422], [-75.452935, 6.423451], [-75.453122, 6.423335]], [[-75.453036, 6.422673], [-75.45304, 6.422336], [-75.453017, 6.422314], [-75.453036, 6.422673]], [[-75.453225, 6.424666], [-75.453148, 6.424555], [-75.453058, 6.424561], [-75.453144, 6.42473], [-75.453225, 6.424666]], [[-75.455046, 6.423257], [-75.454878, 6.422686], [-75.454441, 6.422369], [-75.454324, 6.421892], [-75.454079, 6.421804], [-75.453707, 6.421994], [-75.453381, 6.421834], [-75.453255, 6.421857], [-75.453485, 6.422343], [-75.453945, 6.422654], [-75.454208, 6.422974], [-75.454394, 6.423377], [-75.454682, 6.42323], [-75.454757, 6.423039], [-75.45486, 6.423038], [-75.454799, 6.423198], [-75.454904, 6.423289], [-75.455046, 6.423257]], [[-75.455419, 6.422413], [-75.455222, 6.422333], [-75.455193, 6.422413], [-75.455419, 6.422413]], [[-75.45574, 6.422385], [-75.455653, 6.422329], [-75.455569, 6.422442], [-75.45569, 6.422453], [-75.45574, 6.422385]], [[-75.456496, 6.422712], [-75.456185, 6.422633], [-75.455996, 6.422818], [-75.456012, 6.42294], [-75.456144, 6.422976], [-75.456496, 6.422712]]], [[[-75.453994, 6.423845], [-75.454035, 6.423928], [-75.453972, 6.424051], [-75.453935, 6.423953], [-75.453994, 6.423845]]], [[[-75.455979, 6.426114], [-75.456099, 6.426167], [-75.456159, 6.42626], [-75.455985, 6.426203], [-75.455979, 6.426114]]], [[[-75.452461, 6.424311], [-75.452407, 6.424273], [-75.452407, 6.424244], [-75.452461, 6.424242], [-75.452461, 6.424311]]], [[[-75.452304, 6.421305], [-75.452314, 6.421102], [-75.452373, 6.421051], [-75.452304, 6.421305]]], [[[-75.454174, 6.424088], [-75.454212, 6.424167], [-75.454156, 6.424252], [-75.454141, 6.424139], [-75.454174, 6.424088]]], [[[-75.450659, 6.349373], [-75.450546, 6.349347], [-75.450607, 6.349113], [-75.450675, 6.349237], [-75.450659, 6.349373]]], [[[-75.451225, 6.411065], [-75.451053, 6.410792], [-75.450944, 6.410622], [-75.451364, 6.41103], [-75.451225, 6.411065]]], [[[-75.45101, 6.397799], [-75.45094, 6.397719], [-75.450989, 6.397549], [-75.451066, 6.397638], [-75.45101, 6.397799]]], [[[-75.451295, 6.34662], [-75.451211, 6.346621], [-75.451236, 6.346544], [-75.451295, 6.34662]]], [[[-75.452702, 6.42548], [-75.452555, 6.425461], [-75.452508, 6.425369], [-75.452769, 6.425335], [-75.452702, 6.42548]]], [[[-75.452536, 6.425692], [-75.452481, 6.425887], [-75.452221, 6.425683], [-75.452378, 6.425599], [-75.452536, 6.425692]]], [[[-75.452008, 6.425691], [-75.451904, 6.425743], [-75.451895, 6.425613], [-75.451974, 6.425624], [-75.452008, 6.425691]]], [[[-75.452728, 6.406729], [-75.452691, 6.406848], [-75.452531, 6.406899], [-75.45226, 6.406646], [-75.452589, 6.406526], [-75.452728, 6.406729]]], [[[-75.452696, 6.42618], [-75.452475, 6.426212], [-75.45242, 6.426103], [-75.452652, 6.426093], [-75.452696, 6.42618]]], [[[-75.452892, 6.408723], [-75.452677, 6.408699], [-75.452471, 6.408451], [-75.452432, 6.407888], [-75.452547, 6.407898], [-75.452655, 6.407793], [-75.45279, 6.407933], [-75.452891, 6.408498], [-75.45301, 6.408624], [-75.452892, 6.408723]]], [[[-75.452664, 6.40996], [-75.452512, 6.409985], [-75.452399, 6.409845], [-75.452596, 6.409875], [-75.452664, 6.40996]]], [[[-75.452556, 6.406174], [-75.45248, 6.406151], [-75.452496, 6.40605], [-75.452597, 6.406065], [-75.452556, 6.406174]]], [[[-75.452871, 6.377908], [-75.45256, 6.37826], [-75.452457, 6.378269], [-75.452486, 6.378087], [-75.452834, 6.377772], [-75.452871, 6.377908]]], [[[-75.453439, 6.412024], [-75.453165, 6.412277], [-75.453045, 6.412198], [-75.453263, 6.411985], [-75.453439, 6.412024]]], [[[-75.458791, 6.421142], [-75.4583, 6.420859], [-75.458189, 6.421087], [-75.45832, 6.421244], [-75.458279, 6.421441], [-75.458005, 6.421544], [-75.457709, 6.421468], [-75.458019, 6.421072], [-75.458095, 6.420817], [-75.45793, 6.420712], [-75.457562, 6.420969], [-75.457618, 6.420683], [-75.457498, 6.420065], [-75.457403, 6.420106], [-75.457391, 6.420226], [-75.45717, 6.420174], [-75.457189, 6.420015], [-75.456921, 6.419879], [-75.456795, 6.419623], [-75.456457, 6.419617], [-75.455967, 6.42004], [-75.455878, 6.419864], [-75.455614, 6.419832], [-75.455255, 6.419553], [-75.455134, 6.419543], [-75.455073, 6.419678], [-75.455179, 6.419802], [-75.455162, 6.419935], [-75.455384, 6.420098], [-75.455156, 6.420319], [-75.454802, 6.420406], [-75.454708, 6.420395], [-75.454647, 6.420206], [-75.454456, 6.420067], [-75.454351, 6.419781], [-75.454257, 6.420093], [-75.454087, 6.42019], [-75.453849, 6.419954], [-75.453778, 6.419637], [-75.453461, 6.419638], [-75.453139, 6.418953], [-75.453232, 6.418673], [-75.453578, 6.418392], [-75.453744, 6.418449], [-75.453689, 6.41862], [-75.453813, 6.418816], [-75.454548, 6.418995], [-75.454916, 6.419335], [-75.455558, 6.418972], [-75.455798, 6.419243], [-75.456055, 6.419252], [-75.456214, 6.419353], [-75.456317, 6.419292], [-75.456196, 6.418793], [-75.456348, 6.418213], [-75.45609, 6.418265], [-75.456003, 6.418185], [-75.455945, 6.417818], [-75.456096, 6.417721], [-75.455982, 6.417519], [-75.455863, 6.417418], [-75.455779, 6.417452], [-75.455917, 6.41757], [-75.455954, 6.417671], [-75.455595, 6.417465], [-75.455322, 6.417188], [-75.455245, 6.41688], [-75.45495, 6.416665], [-75.454791, 6.416643], [-75.454568, 6.416868], [-75.454474, 6.416854], [-75.454393, 6.416681], [-75.454446, 6.416542], [-75.45497, 6.416475], [-75.455476, 6.416749], [-75.455464, 6.416639], [-75.45522, 6.416517], [-75.455531, 6.416405], [-75.455868, 6.41702], [-75.456161, 6.417122], [-75.456375, 6.417507], [-75.456866, 6.417849], [-75.457016, 6.417646], [-75.4573, 6.417838], [-75.457312, 6.41813], [-75.457142, 6.418523], [-75.457039, 6.41852], [-75.457025, 6.418192], [-75.456941, 6.418178], [-75.456879, 6.418288], [-75.45687, 6.418531], [-75.457026, 6.418649], [-75.457024, 6.418821], [-75.45694, 6.418878], [-75.456669, 6.41877], [-75.456996, 6.419033], [-75.456717, 6.419321], [-75.457057, 6.419449], [-75.457213, 6.419633], [-75.45753, 6.419776], [-75.457681, 6.41998], [-75.457942, 6.419972], [-75.457961, 6.420151], [-75.458111, 6.420187], [-75.45833, 6.420494], [-75.45861, 6.420654], [-75.458791, 6.421142]], [[-75.453778, 6.419035], [-75.453588, 6.418875], [-75.453751, 6.419137], [-75.453778, 6.419035]], [[-75.455879, 6.419644], [-75.455611, 6.41965], [-75.455591, 6.419737], [-75.455879, 6.419644]]], [[[-75.457261, 6.418659], [-75.457881, 6.419248], [-75.458287, 6.419807], [-75.45721, 6.419334], [-75.457136, 6.418792], [-75.457261, 6.418659]]], [[[-75.454395, 6.416372], [-75.45416, 6.416287], [-75.454131, 6.416167], [-75.454395, 6.416372]]], [[[-75.458047, 6.421754], [-75.458092, 6.421947], [-75.457795, 6.422036], [-75.457831, 6.421762], [-75.457918, 6.421702], [-75.458047, 6.421754]]], [[[-75.454634, 6.417152], [-75.454952, 6.41745], [-75.454971, 6.417598], [-75.454813, 6.417761], [-75.454687, 6.41773], [-75.454507, 6.417378], [-75.454287, 6.417238], [-75.454452, 6.417089], [-75.454634, 6.417152]]], [[[-75.454546, 6.41799], [-75.454657, 6.41811], [-75.454319, 6.41801], [-75.454546, 6.41799]]], [[[-75.453098, 6.415606], [-75.453081, 6.415644], [-75.453037, 6.415596], [-75.453098, 6.415606]]], [[[-75.453209, 6.417645], [-75.453111, 6.417679], [-75.453069, 6.417668], [-75.453111, 6.417617], [-75.453209, 6.417645]]], [[[-75.453694, 6.426859], [-75.453526, 6.427126], [-75.453351, 6.427172], [-75.453347, 6.42705], [-75.45366, 6.426741], [-75.453694, 6.426859]]], [[[-75.45346, 6.427535], [-75.453335, 6.427974], [-75.453287, 6.428008], [-75.45323, 6.427854], [-75.45346, 6.427535]]], [[[-75.454169, 6.422218], [-75.454127, 6.422285], [-75.454102, 6.422235], [-75.454169, 6.422218]]], [[[-75.45319, 6.339264], [-75.453102, 6.339281], [-75.453056, 6.339182], [-75.45318, 6.339154], [-75.45319, 6.339264]]], [[[-75.453851, 6.416071], [-75.453789, 6.416164], [-75.453797, 6.416046], [-75.453851, 6.416071]]], [[[-75.453663, 6.415897], [-75.453532, 6.416109], [-75.453413, 6.416102], [-75.453562, 6.415846], [-75.453663, 6.415897]]], [[[-75.453625, 6.416386], [-75.453352, 6.416421], [-75.453334, 6.416401], [-75.45341, 6.416358], [-75.453625, 6.416386]]], [[[-75.453188, 6.360569], [-75.453158, 6.360479], [-75.453174, 6.360437], [-75.453234, 6.36049], [-75.453188, 6.360569]]], [[[-75.45391, 6.417718], [-75.45359, 6.417964], [-75.453627, 6.41762], [-75.453534, 6.417542], [-75.453865, 6.417636], [-75.45391, 6.417718]]], [[[-75.453395, 6.377883], [-75.453488, 6.377843], [-75.453601, 6.377899], [-75.453463, 6.377917], [-75.453395, 6.377883]]], [[[-75.453419, 6.36922], [-75.453343, 6.369263], [-75.453335, 6.369226], [-75.453419, 6.36922]]], [[[-75.454446, 6.428189], [-75.454152, 6.428342], [-75.454058, 6.428575], [-75.453774, 6.428148], [-75.454446, 6.428189]]], [[[-75.454441, 6.426503], [-75.454228, 6.426525], [-75.454208, 6.426293], [-75.454412, 6.426336], [-75.454441, 6.426503]]], [[[-75.454821, 6.426774], [-75.454348, 6.426824], [-75.454242, 6.426772], [-75.454821, 6.426774]]], [[[-75.454087, 6.35407], [-75.454047, 6.353976], [-75.454103, 6.353863], [-75.454121, 6.354002], [-75.454087, 6.35407]]], [[[-75.454678, 6.424563], [-75.454802, 6.424655], [-75.454627, 6.424665], [-75.454678, 6.424563]]], [[[-75.454806, 6.353794], [-75.454481, 6.353615], [-75.454392, 6.353336], [-75.45453, 6.353336], [-75.454664, 6.35358], [-75.454866, 6.353658], [-75.454806, 6.353794]]], [[[-75.454672, 6.410476], [-75.454615, 6.410371], [-75.454648, 6.410179], [-75.454705, 6.410318], [-75.454672, 6.410476]]], [[[-75.454699, 6.367318], [-75.454846, 6.367789], [-75.454811, 6.367851], [-75.45464, 6.367759], [-75.454699, 6.367318]]], [[[-75.456384, 6.393927], [-75.456109, 6.39436], [-75.45602, 6.39407], [-75.455869, 6.394037], [-75.455578, 6.394246], [-75.455144, 6.394764], [-75.454794, 6.394682], [-75.455165, 6.394189], [-75.455695, 6.393787], [-75.456334, 6.39371], [-75.456384, 6.393927]]], [[[-75.45502, 6.354794], [-75.45467, 6.354701], [-75.454676, 6.354363], [-75.454939, 6.354413], [-75.455067, 6.354681], [-75.45502, 6.354794]]], [[[-75.455102, 6.395309], [-75.455103, 6.395452], [-75.455016, 6.395506], [-75.454944, 6.395278], [-75.455102, 6.395309]]], [[[-75.455501, 6.413947], [-75.455209, 6.41401], [-75.455099, 6.413957], [-75.455501, 6.413947]]], [[[-75.455084, 6.368966], [-75.455142, 6.368974], [-75.455056, 6.36906], [-75.455084, 6.368966]]], [[[-75.455017, 6.368743], [-75.454875, 6.368642], [-75.454876, 6.368433], [-75.455078, 6.368483], [-75.455088, 6.368703], [-75.455017, 6.368743]]], [[[-75.454795, 6.351622], [-75.454903, 6.351537], [-75.455058, 6.351654], [-75.454863, 6.351689], [-75.454795, 6.351622]]], [[[-75.455852, 6.425131], [-75.45574, 6.425264], [-75.455264, 6.425205], [-75.455852, 6.425131]]], [[[-75.455563, 6.350804], [-75.455479, 6.35111], [-75.455322, 6.35111], [-75.455186, 6.350474], [-75.455295, 6.350443], [-75.455522, 6.35061], [-75.455563, 6.350804]]], [[[-75.456019, 6.389235], [-75.455923, 6.3893], [-75.455696, 6.389144], [-75.4557, 6.388862], [-75.455384, 6.388372], [-75.455509, 6.38815], [-75.45563, 6.388376], [-75.455904, 6.388525], [-75.456069, 6.388775], [-75.456019, 6.389235]]], [[[-75.455354, 6.355283], [-75.455306, 6.355327], [-75.455299, 6.35527], [-75.455354, 6.355283]]], [[[-75.455673, 6.424864], [-75.455572, 6.424838], [-75.455599, 6.424669], [-75.45569, 6.424762], [-75.455673, 6.424864]]], [[[-75.456311, 6.356836], [-75.456317, 6.35676], [-75.456393, 6.356819], [-75.456311, 6.356836]]], [[[-75.456177, 6.357083], [-75.456187, 6.357447], [-75.45584, 6.357355], [-75.456141, 6.3573], [-75.456177, 6.357083]]], [[[-75.45676, 6.355483], [-75.456585, 6.355544], [-75.456534, 6.355736], [-75.456285, 6.355735], [-75.456208, 6.355621], [-75.456222, 6.35547], [-75.456399, 6.355503], [-75.456495, 6.35529], [-75.456731, 6.355374], [-75.45676, 6.355483]]], [[[-75.456112, 6.355888], [-75.456448, 6.356128], [-75.456644, 6.356412], [-75.456618, 6.356518], [-75.456202, 6.356266], [-75.455997, 6.355894], [-75.456112, 6.355888]]], [[[-75.456116, 6.347872], [-75.455993, 6.347996], [-75.455989, 6.347796], [-75.456116, 6.347872]]], [[[-75.456684, 6.414167], [-75.456322, 6.414112], [-75.456296, 6.413949], [-75.456683, 6.414048], [-75.456684, 6.414167]]], [[[-75.456218, 6.3468], [-75.456147, 6.346741], [-75.456221, 6.346538], [-75.456291, 6.346715], [-75.456218, 6.3468]]], [[[-75.456729, 6.386901], [-75.456619, 6.38698], [-75.45641, 6.386955], [-75.456567, 6.386827], [-75.456729, 6.386901]]], [[[-75.458728, 6.390708], [-75.458515, 6.390785], [-75.458218, 6.390691], [-75.457921, 6.390048], [-75.457641, 6.389719], [-75.457436, 6.389613], [-75.457587, 6.389569], [-75.457711, 6.389373], [-75.457886, 6.389409], [-75.458791, 6.390548], [-75.458728, 6.390708]], [[-75.4583, 6.390467], [-75.4582, 6.390534], [-75.458278, 6.390669], [-75.458378, 6.39059], [-75.4583, 6.390467]]], [[[-75.457308, 6.389848], [-75.457147, 6.389834], [-75.457061, 6.38966], [-75.456836, 6.389497], [-75.456752, 6.389326], [-75.456847, 6.38922], [-75.456644, 6.389212], [-75.456559, 6.389322], [-75.456424, 6.389264], [-75.456603, 6.388379], [-75.456934, 6.388595], [-75.457329, 6.389164], [-75.45735, 6.389385], [-75.457262, 6.389539], [-75.457404, 6.389758], [-75.457308, 6.389848]]], [[[-75.45681, 6.42038], [-75.456818, 6.42086], [-75.45675, 6.420894], [-75.456641, 6.420409], [-75.45681, 6.42038]]], [[[-75.457114, 6.427264], [-75.456967, 6.427123], [-75.456934, 6.426765], [-75.457095, 6.427049], [-75.457114, 6.427264]]], [[[-75.456834, 6.426573], [-75.45687, 6.426526], [-75.456913, 6.426597], [-75.456834, 6.426573]]], [[[-75.456822, 6.394034], [-75.456717, 6.393908], [-75.456747, 6.393713], [-75.456909, 6.393822], [-75.456822, 6.394034]]], [[[-75.457452, 6.343714], [-75.457015, 6.344048], [-75.456832, 6.344472], [-75.456719, 6.344537], [-75.456701, 6.343901], [-75.4566, 6.343781], [-75.45665, 6.343644], [-75.456567, 6.343414], [-75.456706, 6.343368], [-75.456678, 6.343455], [-75.45679, 6.343486], [-75.456863, 6.343325], [-75.456979, 6.343337], [-75.457112, 6.343588], [-75.457452, 6.343714]]], [[[-75.45673, 6.358258], [-75.456671, 6.358027], [-75.456712, 6.357874], [-75.456856, 6.357961], [-75.456925, 6.358189], [-75.456876, 6.358325], [-75.45673, 6.358258]]], [[[-75.456977, 6.391579], [-75.45692, 6.391485], [-75.456953, 6.391372], [-75.45701, 6.391456], [-75.456977, 6.391579]]], [[[-75.457863, 6.393913], [-75.457776, 6.393999], [-75.457764, 6.394216], [-75.457658, 6.39416], [-75.457449, 6.394328], [-75.457189, 6.394374], [-75.457178, 6.394191], [-75.457436, 6.394113], [-75.457529, 6.393822], [-75.457722, 6.393795], [-75.457863, 6.393913]]], [[[-75.457712, 6.343157], [-75.457578, 6.34342], [-75.457299, 6.342932], [-75.457598, 6.342829], [-75.457712, 6.343157]]], [[[-75.458034, 6.394754], [-75.45784, 6.394979], [-75.457721, 6.394766], [-75.457569, 6.394772], [-75.457553, 6.394554], [-75.457708, 6.394522], [-75.457992, 6.394625], [-75.458034, 6.394754]]], [[[-75.457697, 6.362433], [-75.457606, 6.362368], [-75.457589, 6.362267], [-75.457718, 6.362288], [-75.457697, 6.362433]]], [[[-75.457911, 6.423338], [-75.457881, 6.423431], [-75.457861, 6.423339], [-75.457911, 6.423338]]], [[[-75.459802, 6.348105], [-75.459634, 6.348569], [-75.459375, 6.348797], [-75.459401, 6.349096], [-75.45906, 6.34977], [-75.458641, 6.349313], [-75.458738, 6.349158], [-75.458695, 6.348933], [-75.458942, 6.348535], [-75.458706, 6.348452], [-75.458536, 6.348278], [-75.458563, 6.347733], [-75.458416, 6.347629], [-75.457927, 6.347565], [-75.457849, 6.347221], [-75.457572, 6.346823], [-75.457812, 6.346852], [-75.457993, 6.347131], [-75.458365, 6.34727], [-75.458489, 6.347531], [-75.458496, 6.347133], [-75.458199, 6.346729], [-75.458223, 6.3465], [-75.458335, 6.346502], [-75.458704, 6.346908], [-75.458518, 6.347099], [-75.458839, 6.347202], [-75.458941, 6.347381], [-75.458922, 6.347561], [-75.458771, 6.347576], [-75.458745, 6.347914], [-75.459291, 6.348196], [-75.459802, 6.348105]], [[-75.459229, 6.349133], [-75.459136, 6.349081], [-75.459057, 6.349189], [-75.459163, 6.34924], [-75.459229, 6.349133]]], [[[-75.458753, 6.403963], [-75.4585, 6.404107], [-75.458382, 6.404071], [-75.458397, 6.403969], [-75.458654, 6.403794], [-75.458753, 6.403963]]], [[[-75.458257, 6.403776], [-75.457927, 6.403596], [-75.458211, 6.40335], [-75.458457, 6.403605], [-75.458392, 6.403739], [-75.458257, 6.403776]]], [[[-75.458565, 6.413879], [-75.458228, 6.413899], [-75.458093, 6.413682], [-75.458198, 6.413638], [-75.458486, 6.413724], [-75.458565, 6.413879]]], [[[-75.460079, 6.394716], [-75.459779, 6.394859], [-75.459723, 6.395085], [-75.459506, 6.395344], [-75.459246, 6.395345], [-75.459159, 6.395286], [-75.459195, 6.395227], [-75.458961, 6.395252], [-75.459002, 6.394912], [-75.458645, 6.39493], [-75.458473, 6.394761], [-75.458481, 6.394659], [-75.458619, 6.394783], [-75.458518, 6.394556], [-75.45864, 6.3944], [-75.458499, 6.394127], [-75.458703, 6.394013], [-75.458519, 6.393928], [-75.458668, 6.393737], [-75.458568, 6.393503], [-75.458851, 6.39359], [-75.459044, 6.393487], [-75.459359, 6.393553], [-75.459303, 6.393769], [-75.45897, 6.394173], [-75.458943, 6.394351], [-75.459162, 6.3944], [-75.459487, 6.394194], [-75.459618, 6.394375], [-75.459998, 6.394407], [-75.460079, 6.394716]], [[-75.459372, 6.394655], [-75.459305, 6.394552], [-75.459149, 6.394598], [-75.459215, 6.39476], [-75.459372, 6.394655]]], [[[-75.458732, 6.393272], [-75.458301, 6.393008], [-75.458032, 6.39239], [-75.458949, 6.392979], [-75.459003, 6.393254], [-75.458732, 6.393272]]], [[[-75.458265, 6.422243], [-75.458231, 6.422311], [-75.45818, 6.422261], [-75.458265, 6.422243]]], [[[-75.458096, 6.379914], [-75.458054, 6.379729], [-75.458102, 6.379569], [-75.45813, 6.379849], [-75.458096, 6.379914]]], [[[-75.463265, 6.420072], [-75.463037, 6.420335], [-75.462737, 6.420227], [-75.462028, 6.42029], [-75.461923, 6.420502], [-75.462073, 6.420645], [-75.462094, 6.420956], [-75.461652, 6.421178], [-75.461324, 6.421782], [-75.461236, 6.421782], [-75.461164, 6.421534], [-75.460662, 6.421451], [-75.460143, 6.420993], [-75.459545, 6.420281], [-75.459696, 6.420075], [-75.459635, 6.419659], [-75.458908, 6.419161], [-75.458879, 6.418976], [-75.459043, 6.418973], [-75.45885, 6.418567], [-75.458884, 6.418083], [-75.458669, 6.417653], [-75.458487, 6.417812], [-75.458716, 6.418383], [-75.45867, 6.418537], [-75.458542, 6.41854], [-75.458552, 6.418134], [-75.458393, 6.417814], [-75.458321, 6.417383], [-75.458298, 6.416815], [-75.458379, 6.416507], [-75.458666, 6.416489], [-75.458944, 6.41673], [-75.459128, 6.417013], [-75.459248, 6.417543], [-75.459574, 6.417988], [-75.459588, 6.418333], [-75.459463, 6.418669], [-75.460155, 6.419609], [-75.460239, 6.420082], [-75.460171, 6.420267], [-75.460341, 6.420591], [-75.460272, 6.420839], [-75.460386, 6.421037], [-75.460756, 6.420851], [-75.461031, 6.420473], [-75.460956, 6.420134], [-75.460595, 6.419736], [-75.460459, 6.419085], [-75.46057, 6.418647], [-75.460347, 6.418226], [-75.460448, 6.417946], [-75.460824, 6.417623], [-75.461124, 6.417703], [-75.461573, 6.41819], [-75.461939, 6.418038], [-75.462707, 6.418541], [-75.463071, 6.418378], [-75.463248, 6.418453], [-75.463348, 6.418895], [-75.462986, 6.418956], [-75.462939, 6.419104], [-75.463201, 6.419174], [-75.463278, 6.419292], [-75.463346, 6.419792], [-75.463265, 6.420072]], [[-75.458633, 6.417291], [-75.458601, 6.416969], [-75.458513, 6.41693], [-75.458523, 6.417161], [-75.458633, 6.417291]], [[-75.460947, 6.418398], [-75.460962, 6.418085], [-75.460922, 6.418043], [-75.460947, 6.418398]], [[-75.461779, 6.419758], [-75.461522, 6.419962], [-75.461311, 6.420313], [-75.461756, 6.419968], [-75.461834, 6.419847], [-75.461779, 6.419758]], [[-75.461846, 6.418762], [-75.461957, 6.418785], [-75.462049, 6.418614], [-75.461849, 6.418596], [-75.461846, 6.418762]], [[-75.462154, 6.419224], [-75.462036, 6.419236], [-75.462047, 6.419393], [-75.462177, 6.419363], [-75.462154, 6.419224]], [[-75.462698, 6.419484], [-75.462634, 6.419506], [-75.462631, 6.419616], [-75.462749, 6.419599], [-75.462698, 6.419484]]], [[[-75.459316, 6.420821], [-75.459341, 6.421293], [-75.459249, 6.421536], [-75.459141, 6.421094], [-75.459316, 6.420821]]], [[[-75.45924, 6.420455], [-75.459285, 6.420266], [-75.459329, 6.420249], [-75.45924, 6.420455]]], [[[-75.458434, 6.392261], [-75.458206, 6.392137], [-75.458189, 6.392107], [-75.458408, 6.392131], [-75.458434, 6.392261]]], [[[-75.458509, 6.422547], [-75.458447, 6.422581], [-75.458396, 6.422548], [-75.458447, 6.422514], [-75.458509, 6.422547]]], [[[-75.458958, 6.346141], [-75.45871, 6.34631], [-75.458586, 6.346305], [-75.458181, 6.345938], [-75.458305, 6.345223], [-75.458412, 6.34538], [-75.458746, 6.345196], [-75.458716, 6.345857], [-75.458902, 6.345972], [-75.459039, 6.345844], [-75.459109, 6.345903], [-75.458958, 6.346141]]], [[[-75.458626, 6.39141], [-75.458763, 6.391824], [-75.458503, 6.391817], [-75.458626, 6.39141]]], [[[-75.458879, 6.407909], [-75.458825, 6.40808], [-75.458674, 6.407997], [-75.458554, 6.408049], [-75.458785, 6.407749], [-75.458879, 6.407909]]], [[[-75.45894, 6.434647], [-75.458794, 6.43474], [-75.458703, 6.434773], [-75.45894, 6.434647]]], [[[-75.458676, 6.404893], [-75.458584, 6.40511], [-75.458645, 6.404853], [-75.458676, 6.404893]]], [[[-75.459323, 6.427624], [-75.459164, 6.427708], [-75.458908, 6.427657], [-75.459112, 6.427574], [-75.459323, 6.427624]]], [[[-75.459071, 6.424384], [-75.459033, 6.424618], [-75.458966, 6.424652], [-75.458964, 6.424382], [-75.459071, 6.424384]]], [[[-75.459248, 6.422335], [-75.459047, 6.422019], [-75.459161, 6.421945], [-75.459258, 6.422013], [-75.45931, 6.422237], [-75.459248, 6.422335]]], [[[-75.459648, 6.404357], [-75.45958, 6.404467], [-75.459327, 6.404471], [-75.459422, 6.404304], [-75.459648, 6.404357]]], [[[-75.459022, 6.404636], [-75.459084, 6.404636], [-75.459084, 6.404647], [-75.459022, 6.404636]]], [[[-75.459973, 6.345817], [-75.459531, 6.34581], [-75.459357, 6.345726], [-75.459666, 6.345708], [-75.459973, 6.345817]]], [[[-75.460362, 6.350395], [-75.460262, 6.350669], [-75.46016, 6.350644], [-75.459503, 6.35017], [-75.459378, 6.349961], [-75.459498, 6.349763], [-75.459793, 6.34979], [-75.459805, 6.349927], [-75.460115, 6.35027], [-75.460362, 6.350395]]], [[[-75.460035, 6.427409], [-75.459844, 6.427524], [-75.459731, 6.42744], [-75.460054, 6.42713], [-75.460035, 6.427409]]], [[[-75.460448, 6.430859], [-75.460145, 6.431021], [-75.459807, 6.431031], [-75.459743, 6.430967], [-75.459789, 6.430814], [-75.460261, 6.430641], [-75.460413, 6.430707], [-75.460448, 6.430859]]], [[[-75.460735, 6.342035], [-75.46007, 6.342296], [-75.459851, 6.342256], [-75.459544, 6.342354], [-75.459443, 6.34227], [-75.45956, 6.342111], [-75.459885, 6.342146], [-75.460524, 6.341765], [-75.460665, 6.341581], [-75.460816, 6.341717], [-75.461157, 6.341763], [-75.460735, 6.342035]]], [[[-75.460508, 6.428881], [-75.460268, 6.428928], [-75.459995, 6.428655], [-75.460029, 6.428358], [-75.460173, 6.428352], [-75.460276, 6.428584], [-75.46048, 6.428731], [-75.460508, 6.428881]]], [[[-75.460212, 6.403643], [-75.460018, 6.40384], [-75.459883, 6.403841], [-75.459938, 6.403587], [-75.460088, 6.403553], [-75.460212, 6.403643]]], [[[-75.459782, 6.346049], [-75.459678, 6.346083], [-75.459585, 6.34605], [-75.459669, 6.346016], [-75.459782, 6.346049]]], [[[-75.459941, 6.353324], [-75.459789, 6.353366], [-75.459721, 6.353308], [-75.45987, 6.353194], [-75.459941, 6.353324]]], [[[-75.460023, 6.343146], [-75.459786, 6.343163], [-75.459718, 6.343139], [-75.460023, 6.343146]]], [[[-75.460352, 6.349242], [-75.460058, 6.349236], [-75.459987, 6.348928], [-75.460175, 6.348986], [-75.460194, 6.349118], [-75.460352, 6.349242]]], [[[-75.46038, 6.393308], [-75.460381, 6.393401], [-75.46037, 6.393401], [-75.46038, 6.393308]]], [[[-75.460259, 6.342905], [-75.460323, 6.342865], [-75.460439, 6.342921], [-75.460329, 6.342938], [-75.460259, 6.342905]]], [[[-75.460923, 6.350926], [-75.460738, 6.351181], [-75.460393, 6.351192], [-75.460822, 6.350767], [-75.460931, 6.350785], [-75.460923, 6.350926]]], [[[-75.461913, 6.347563], [-75.461346, 6.347695], [-75.460964, 6.347545], [-75.46101, 6.347349], [-75.460791, 6.346645], [-75.461053, 6.346338], [-75.461355, 6.346525], [-75.461291, 6.346725], [-75.461709, 6.346899], [-75.461913, 6.347563]]], [[[-75.461192, 6.347929], [-75.461738, 6.347828], [-75.461808, 6.348181], [-75.461707, 6.348334], [-75.461502, 6.34842], [-75.461223, 6.349127], [-75.461106, 6.348772], [-75.460683, 6.3486], [-75.460658, 6.348465], [-75.460479, 6.3483], [-75.460713, 6.348215], [-75.460866, 6.348405], [-75.461192, 6.347929]], [[-75.461244, 6.34839], [-75.461163, 6.348334], [-75.461073, 6.348408], [-75.461156, 6.348468], [-75.461244, 6.34839]], [[-75.461312, 6.348268], [-75.461308, 6.348056], [-75.461266, 6.348042], [-75.461312, 6.348268]]], [[[-75.460718, 6.347508], [-75.460669, 6.347551], [-75.460642, 6.34752], [-75.460718, 6.347508]]], [[[-75.46112, 6.349282], [-75.461086, 6.349462], [-75.460859, 6.349583], [-75.460809, 6.34926], [-75.461035, 6.349181], [-75.46112, 6.349282]]], [[[-75.461681, 6.401903], [-75.461388, 6.40202], [-75.460992, 6.401937], [-75.461081, 6.401796], [-75.461424, 6.401687], [-75.461448, 6.401523], [-75.4616, 6.401639], [-75.461681, 6.401903]]], [[[-75.461568, 6.394897], [-75.461416, 6.39495], [-75.461248, 6.394786], [-75.461397, 6.394471], [-75.461567, 6.394693], [-75.461568, 6.394897]]], [[[-75.461435, 6.423675], [-75.461374, 6.423768], [-75.461384, 6.42365], [-75.461435, 6.423675]]], [[[-75.46168, 6.430609], [-75.461581, 6.430444], [-75.461648, 6.430291], [-75.461753, 6.430442], [-75.46168, 6.430609]]], [[[-75.463473, 6.42198], [-75.463554, 6.422461], [-75.463388, 6.422634], [-75.463377, 6.423267], [-75.463299, 6.42334], [-75.462876, 6.422991], [-75.462748, 6.422971], [-75.462629, 6.422786], [-75.46225, 6.422598], [-75.461676, 6.421961], [-75.462242, 6.421364], [-75.462633, 6.42128], [-75.462761, 6.421063], [-75.462931, 6.421268], [-75.463225, 6.421408], [-75.463207, 6.42158], [-75.463094, 6.42163], [-75.462813, 6.421484], [-75.462705, 6.421725], [-75.462302, 6.421873], [-75.462286, 6.42206], [-75.462508, 6.422158], [-75.462514, 6.421989], [-75.462612, 6.421898], [-75.462768, 6.422329], [-75.462863, 6.422065], [-75.463034, 6.422132], [-75.463198, 6.422013], [-75.463473, 6.42198]], [[-75.462624, 6.42243], [-75.462564, 6.422667], [-75.462634, 6.422721], [-75.462692, 6.422467], [-75.462624, 6.42243]]], [[[-75.462164, 6.430721], [-75.462028, 6.430656], [-75.462002, 6.430555], [-75.462197, 6.430576], [-75.462164, 6.430721]]], [[[-75.462617, 6.409377], [-75.462421, 6.40949], [-75.462374, 6.409637], [-75.462192, 6.409508], [-75.462082, 6.409625], [-75.461902, 6.409098], [-75.461935, 6.408869], [-75.46207, 6.408827], [-75.462373, 6.40901], [-75.462677, 6.40888], [-75.462744, 6.409132], [-75.462617, 6.409377]]], [[[-75.461759, 6.339642], [-75.461664, 6.339566], [-75.461719, 6.339468], [-75.46185, 6.339526], [-75.461759, 6.339642]]], [[[-75.463355, 6.39105], [-75.462682, 6.391946], [-75.462718, 6.392581], [-75.462243, 6.393014], [-75.462382, 6.392794], [-75.462137, 6.392032], [-75.46228, 6.391767], [-75.462263, 6.391508], [-75.462531, 6.391456], [-75.462379, 6.391249], [-75.462844, 6.391157], [-75.46297, 6.390835], [-75.46313, 6.390758], [-75.463351, 6.390933], [-75.463355, 6.39105]]], [[[-75.462087, 6.391144], [-75.461935, 6.391183], [-75.462081, 6.390616], [-75.462015, 6.390408], [-75.462239, 6.390142], [-75.462342, 6.390126], [-75.462399, 6.390323], [-75.462239, 6.390583], [-75.462087, 6.391144]]], [[[-75.461763, 6.349249], [-75.461805, 6.349299], [-75.461755, 6.3493], [-75.461763, 6.349249]]], [[[-75.462172, 6.393642], [-75.461961, 6.393606], [-75.461946, 6.393581], [-75.462172, 6.393642]]], [[[-75.462478, 6.407867], [-75.462402, 6.407954], [-75.462317, 6.407887], [-75.462395, 6.407604], [-75.462478, 6.407867]]], [[[-75.46275, 6.341896], [-75.462527, 6.34193], [-75.462465, 6.34191], [-75.46275, 6.341896]]], [[[-75.462201, 6.341573], [-75.462305, 6.341954], [-75.462492, 6.342126], [-75.462461, 6.342187], [-75.462235, 6.342191], [-75.462025, 6.341997], [-75.462201, 6.341573]]], [[[-75.462396, 6.341044], [-75.462286, 6.341014], [-75.462206, 6.3408], [-75.462093, 6.340811], [-75.462112, 6.340568], [-75.462219, 6.340556], [-75.462406, 6.340724], [-75.462396, 6.341044]]], [[[-75.462074, 6.341218], [-75.462097, 6.341296], [-75.462067, 6.341296], [-75.462074, 6.341218]]], [[[-75.462395, 6.408169], [-75.462395, 6.408231], [-75.462384, 6.408231], [-75.462395, 6.408169]]], [[[-75.462131, 6.347063], [-75.462091, 6.346759], [-75.46214, 6.346682], [-75.462261, 6.347075], [-75.462131, 6.347063]]], [[[-75.46277, 6.43108], [-75.462713, 6.43093], [-75.462746, 6.430676], [-75.462803, 6.430827], [-75.46277, 6.43108]]], [[[-75.463738, 6.413322], [-75.463273, 6.413465], [-75.463075, 6.413263], [-75.463228, 6.413185], [-75.46332, 6.413292], [-75.463441, 6.413283], [-75.463322, 6.413036], [-75.46351, 6.412928], [-75.463743, 6.413158], [-75.463738, 6.413322]]], [[[-75.463269, 6.412731], [-75.46299, 6.412996], [-75.462846, 6.412883], [-75.462779, 6.412678], [-75.462925, 6.412467], [-75.463269, 6.412731]]], [[[-75.463314, 6.402037], [-75.463066, 6.402238], [-75.462965, 6.402154], [-75.462964, 6.401976], [-75.463091, 6.401773], [-75.463375, 6.401806], [-75.463314, 6.402037]]], [[[-75.463342, 6.408176], [-75.463181, 6.408527], [-75.463052, 6.408539], [-75.463342, 6.408176]]], [[[-75.46344, 6.359927], [-75.463199, 6.360284], [-75.463086, 6.3602], [-75.46326, 6.359877], [-75.463202, 6.359688], [-75.46344, 6.359927]]], [[[-75.464924, 6.394265], [-75.464848, 6.394391], [-75.464757, 6.394187], [-75.464453, 6.394227], [-75.464173, 6.394134], [-75.464124, 6.394078], [-75.464287, 6.393909], [-75.464048, 6.393843], [-75.463907, 6.394121], [-75.463577, 6.394381], [-75.463788, 6.394362], [-75.464093, 6.394476], [-75.46412, 6.39457], [-75.463832, 6.394589], [-75.463744, 6.394807], [-75.463593, 6.394866], [-75.463433, 6.394809], [-75.463452, 6.394553], [-75.4633, 6.39445], [-75.463232, 6.394266], [-75.46367, 6.393714], [-75.464218, 6.393632], [-75.464527, 6.393826], [-75.464924, 6.394265]]], [[[-75.46448, 6.394373], [-75.464438, 6.39443], [-75.464255, 6.394338], [-75.464396, 6.394323], [-75.46448, 6.394373]]], [[[-75.463986, 6.425526], [-75.463868, 6.426205], [-75.463665, 6.426305], [-75.46354, 6.426097], [-75.463551, 6.425768], [-75.463752, 6.425658], [-75.463869, 6.425426], [-75.463986, 6.425526]]], [[[-75.46421, 6.416934], [-75.464144, 6.417097], [-75.463967, 6.417208], [-75.463883, 6.417449], [-75.463761, 6.417458], [-75.463664, 6.417292], [-75.463673, 6.416848], [-75.463458, 6.416662], [-75.463662, 6.416563], [-75.463722, 6.41634], [-75.464056, 6.416647], [-75.46421, 6.416934]]], [[[-75.463866, 6.355625], [-75.463665, 6.356032], [-75.463336, 6.356051], [-75.463452, 6.355584], [-75.463245, 6.355169], [-75.463393, 6.354815], [-75.463206, 6.354695], [-75.463411, 6.354486], [-75.463624, 6.35455], [-75.463736, 6.355203], [-75.463879, 6.355373], [-75.463866, 6.355625]]], [[[-75.464066, 6.424117], [-75.463834, 6.424397], [-75.463664, 6.42433], [-75.463494, 6.42406], [-75.463559, 6.42384], [-75.463675, 6.423802], [-75.463761, 6.423924], [-75.464026, 6.423978], [-75.464066, 6.424117]]], [[[-75.463414, 6.359097], [-75.463386, 6.359334], [-75.4633, 6.359391], [-75.463306, 6.359154], [-75.463414, 6.359097]]], [[[-75.46382, 6.408516], [-75.463726, 6.408434], [-75.463691, 6.408129], [-75.463855, 6.408286], [-75.46382, 6.408516]]], [[[-75.464025, 6.356299], [-75.46381, 6.356421], [-75.463619, 6.356372], [-75.463692, 6.35629], [-75.46392, 6.356271], [-75.464025, 6.356299]]], [[[-75.464915, 6.420225], [-75.464662, 6.420325], [-75.464563, 6.420664], [-75.464291, 6.42083], [-75.464128, 6.420347], [-75.464198, 6.420192], [-75.464341, 6.420132], [-75.464121, 6.420038], [-75.463942, 6.419589], [-75.463979, 6.419398], [-75.464514, 6.4197], [-75.464915, 6.420225]]], [[[-75.464188, 6.40052], [-75.464087, 6.400572], [-75.46401, 6.400496], [-75.464137, 6.40047], [-75.464188, 6.40052]]], [[[-75.464084, 6.396526], [-75.464178, 6.396618], [-75.464059, 6.396602], [-75.464084, 6.396526]]], [[[-75.464232, 6.403742], [-75.464199, 6.403902], [-75.464148, 6.403801], [-75.464232, 6.403742]]], [[[-75.46432, 6.418004], [-75.464258, 6.417894], [-75.464333, 6.417775], [-75.464397, 6.417942], [-75.46432, 6.418004]]], [[[-75.464468, 6.414243], [-75.464333, 6.414288], [-75.46435, 6.414127], [-75.464434, 6.414159], [-75.464468, 6.414243]]], [[[-75.466576, 6.426436], [-75.466548, 6.426566], [-75.46612, 6.426563], [-75.46594, 6.426721], [-75.465847, 6.426631], [-75.465597, 6.426644], [-75.465482, 6.426366], [-75.465065, 6.426356], [-75.46463, 6.426479], [-75.464498, 6.426207], [-75.464671, 6.425977], [-75.465191, 6.425733], [-75.465681, 6.425632], [-75.465737, 6.425336], [-75.465586, 6.425195], [-75.465713, 6.425112], [-75.465619, 6.425031], [-75.465843, 6.424703], [-75.46605, 6.424838], [-75.466127, 6.425587], [-75.466001, 6.42578], [-75.465621, 6.425875], [-75.465543, 6.426107], [-75.465613, 6.42613], [-75.465666, 6.426028], [-75.465791, 6.426481], [-75.465936, 6.426211], [-75.466252, 6.426131], [-75.466458, 6.426233], [-75.466576, 6.426436]]], [[[-75.464494, 6.425734], [-75.464511, 6.425637], [-75.46473, 6.425586], [-75.464704, 6.425752], [-75.464494, 6.425734]]], [[[-75.465118, 6.42559], [-75.465335, 6.425406], [-75.465631, 6.425518], [-75.465212, 6.425666], [-75.465118, 6.42559]]], [[[-75.465053, 6.413412], [-75.464936, 6.413551], [-75.464675, 6.413566], [-75.464641, 6.413809], [-75.464523, 6.413877], [-75.464624, 6.413606], [-75.464932, 6.413208], [-75.465035, 6.413243], [-75.465053, 6.413412]]], [[[-75.464502, 6.405447], [-75.464441, 6.405602], [-75.464426, 6.405422], [-75.464502, 6.405447]]], [[[-75.464902, 6.432635], [-75.464819, 6.433027], [-75.464698, 6.433087], [-75.464638, 6.432955], [-75.464755, 6.432748], [-75.464773, 6.432412], [-75.464545, 6.431879], [-75.464723, 6.43187], [-75.464839, 6.431976], [-75.464902, 6.432635]]], [[[-75.465393, 6.417797], [-75.465385, 6.418117], [-75.465287, 6.418129], [-75.464977, 6.417708], [-75.4647, 6.417731], [-75.464606, 6.417483], [-75.464812, 6.417345], [-75.464925, 6.417522], [-75.465122, 6.417591], [-75.465171, 6.417721], [-75.465393, 6.417797]]], [[[-75.464854, 6.400506], [-75.4646, 6.400363], [-75.464548, 6.400146], [-75.464848, 6.400356], [-75.464854, 6.400506]]], [[[-75.464599, 6.356529], [-75.464437, 6.356797], [-75.464485, 6.356306], [-75.464599, 6.356529]]], [[[-75.473384, 6.420938], [-75.473193, 6.42108], [-75.472879, 6.420942], [-75.47276, 6.420967], [-75.472487, 6.420723], [-75.472045, 6.420633], [-75.471834, 6.420307], [-75.471995, 6.419982], [-75.472246, 6.419854], [-75.472571, 6.419865], [-75.472827, 6.419723], [-75.472691, 6.41954], [-75.472941, 6.419444], [-75.473058, 6.418982], [-75.473234, 6.419077], [-75.473316, 6.418769], [-75.473377, 6.4192], [-75.473211, 6.419467], [-75.473369, 6.419752], [-75.473314, 6.419978], [-75.473139, 6.420103], [-75.472654, 6.420081], [-75.472511, 6.420258], [-75.472777, 6.420681], [-75.473022, 6.420819], [-75.473356, 6.420843], [-75.473384, 6.420938]]], [[[-75.471823, 6.420578], [-75.471744, 6.420562], [-75.471604, 6.420577], [-75.47171, 6.420528], [-75.471823, 6.420578]]], [[[-75.471477, 6.420337], [-75.470648, 6.420494], [-75.470687, 6.420804], [-75.470933, 6.420813], [-75.471001, 6.420914], [-75.470909, 6.421284], [-75.470777, 6.421346], [-75.470487, 6.421016], [-75.470603, 6.420271], [-75.470427, 6.419956], [-75.470697, 6.419906], [-75.470621, 6.419745], [-75.470844, 6.419516], [-75.471108, 6.419756], [-75.471165, 6.420134], [-75.471477, 6.420337]]], [[[-75.470477, 6.419737], [-75.469903, 6.419994], [-75.469814, 6.419834], [-75.469225, 6.419621], [-75.468803, 6.419329], [-75.470477, 6.419737]]], [[[-75.469162, 6.419809], [-75.469077, 6.419803], [-75.469062, 6.419673], [-75.469176, 6.419693], [-75.469162, 6.419809]]], [[[-75.468577, 6.419294], [-75.468597, 6.41922], [-75.468677, 6.419236], [-75.46867, 6.419318], [-75.468577, 6.419294]]], [[[-75.468394, 6.418955], [-75.468191, 6.418891], [-75.468173, 6.418731], [-75.46836, 6.41879], [-75.468456, 6.418487], [-75.468702, 6.418401], [-75.468936, 6.4177], [-75.468759, 6.417613], [-75.468231, 6.417772], [-75.468128, 6.41769], [-75.46866, 6.41705], [-75.468794, 6.417092], [-75.468941, 6.417315], [-75.469101, 6.417348], [-75.469132, 6.417195], [-75.468976, 6.416823], [-75.46923, 6.416799], [-75.469405, 6.416531], [-75.469292, 6.416449], [-75.469053, 6.416627], [-75.46862, 6.416736], [-75.468268, 6.416377], [-75.468252, 6.416169], [-75.468139, 6.416259], [-75.468153, 6.416673], [-75.467865, 6.416382], [-75.467857, 6.416168], [-75.468041, 6.415885], [-75.468117, 6.415297], [-75.468026, 6.415275], [-75.467761, 6.415711], [-75.467632, 6.415699], [-75.467602, 6.415598], [-75.467789, 6.415177], [-75.467688, 6.414704], [-75.467776, 6.414587], [-75.468296, 6.414522], [-75.468322, 6.414274], [-75.468462, 6.414184], [-75.468965, 6.414374], [-75.469017, 6.414642], [-75.469138, 6.41475], [-75.469095, 6.415176], [-75.469438, 6.415047], [-75.469636, 6.415305], [-75.469991, 6.415231], [-75.470277, 6.415515], [-75.470355, 6.415819], [-75.470833, 6.416364], [-75.470775, 6.416673], [-75.470409, 6.417175], [-75.47029, 6.417098], [-75.470169, 6.417144], [-75.470173, 6.417328], [-75.470395, 6.41743], [-75.470666, 6.417389], [-75.47112, 6.417642], [-75.471479, 6.417543], [-75.471614, 6.417726], [-75.471377, 6.418059], [-75.471083, 6.418245], [-75.470883, 6.418174], [-75.470648, 6.417919], [-75.47042, 6.417912], [-75.470053, 6.417742], [-75.469879, 6.417768], [-75.469606, 6.418212], [-75.469397, 6.418207], [-75.469168, 6.418391], [-75.468664, 6.418551], [-75.468511, 6.418883], [-75.468394, 6.418955]], [[-75.468426, 6.414961], [-75.468286, 6.415063], [-75.468399, 6.41526], [-75.468494, 6.415079], [-75.468426, 6.414961]], [[-75.468783, 6.415589], [-75.468662, 6.415657], [-75.468631, 6.415802], [-75.468759, 6.415729], [-75.468783, 6.415589]], [[-75.469278, 6.415831], [-75.469211, 6.415909], [-75.469254, 6.416098], [-75.469329, 6.415956], [-75.469278, 6.415831]], [[-75.469672, 6.415711], [-75.469638, 6.415842], [-75.469774, 6.415898], [-75.469813, 6.415653], [-75.469632, 6.415482], [-75.469373, 6.415614], [-75.469396, 6.415689], [-75.469672, 6.415711]], [[-75.470444, 6.416482], [-75.470292, 6.416407], [-75.469977, 6.416621], [-75.469742, 6.417096], [-75.469687, 6.417531], [-75.470076, 6.416604], [-75.470444, 6.416482]]], [[[-75.468341, 6.418421], [-75.468258, 6.418425], [-75.468234, 6.418374], [-75.468337, 6.41833], [-75.468341, 6.418421]]], [[[-75.46786, 6.418343], [-75.467671, 6.418939], [-75.467528, 6.418894], [-75.467475, 6.418748], [-75.467287, 6.418781], [-75.467204, 6.418069], [-75.46786, 6.418343]]], [[[-75.468295, 6.417878], [-75.468487, 6.417926], [-75.468513, 6.418069], [-75.468266, 6.418027], [-75.468217, 6.417936], [-75.468295, 6.417878]]], [[[-75.467888, 6.418035], [-75.467803, 6.417995], [-75.467791, 6.417839], [-75.467917, 6.417904], [-75.467888, 6.418035]]], [[[-75.467995, 6.417381], [-75.467713, 6.417376], [-75.467673, 6.41715], [-75.467912, 6.417016], [-75.468024, 6.417052], [-75.468193, 6.417277], [-75.467995, 6.417381]]], [[[-75.467592, 6.417399], [-75.467378, 6.417534], [-75.467351, 6.417516], [-75.46747, 6.417318], [-75.467592, 6.417399]]], [[[-75.467325, 6.416734], [-75.467126, 6.416882], [-75.46681, 6.416726], [-75.466903, 6.416618], [-75.467274, 6.416534], [-75.467354, 6.416565], [-75.467325, 6.416734]]], [[[-75.466612, 6.416592], [-75.466135, 6.416359], [-75.466369, 6.416203], [-75.466346, 6.416096], [-75.466183, 6.416161], [-75.465986, 6.416094], [-75.466077, 6.415568], [-75.466393, 6.415382], [-75.466493, 6.415068], [-75.466645, 6.414987], [-75.466695, 6.41514], [-75.466538, 6.415519], [-75.466189, 6.415736], [-75.466262, 6.415956], [-75.466334, 6.415975], [-75.466716, 6.415622], [-75.466788, 6.41529], [-75.466988, 6.41515], [-75.467153, 6.415172], [-75.467369, 6.415376], [-75.467488, 6.415846], [-75.467393, 6.415932], [-75.467266, 6.415834], [-75.467092, 6.41586], [-75.46698, 6.415986], [-75.467078, 6.416184], [-75.467054, 6.416372], [-75.466956, 6.416437], [-75.466631, 6.416406], [-75.466612, 6.416592]]], [[[-75.466303, 6.416786], [-75.466188, 6.41686], [-75.466247, 6.416661], [-75.466303, 6.416786]]], [[[-75.465854, 6.416441], [-75.465879, 6.416503], [-75.465829, 6.416503], [-75.465854, 6.416441]]], [[[-75.467538, 6.415061], [-75.466972, 6.414274], [-75.466975, 6.414147], [-75.467271, 6.414146], [-75.467424, 6.414242], [-75.467535, 6.4146], [-75.467538, 6.415061]]], [[[-75.46688, 6.414708], [-75.466792, 6.414584], [-75.466833, 6.414491], [-75.466983, 6.414555], [-75.46688, 6.414708]]], [[[-75.466819, 6.41412], [-75.466604, 6.41415], [-75.466416, 6.413757], [-75.466164, 6.413588], [-75.465923, 6.413678], [-75.465833, 6.414087], [-75.465299, 6.414111], [-75.465432, 6.413971], [-75.465425, 6.413827], [-75.465698, 6.413674], [-75.465594, 6.413472], [-75.465721, 6.413237], [-75.465888, 6.413222], [-75.466034, 6.413372], [-75.466199, 6.413338], [-75.466097, 6.412958], [-75.46632, 6.412794], [-75.466289, 6.412367], [-75.466463, 6.412354], [-75.466302, 6.412089], [-75.466061, 6.412073], [-75.465894, 6.41178], [-75.466142, 6.411337], [-75.465997, 6.41136], [-75.465865, 6.411543], [-75.465558, 6.411594], [-75.465422, 6.411744], [-75.465242, 6.411724], [-75.46512, 6.411603], [-75.465158, 6.41148], [-75.465373, 6.411347], [-75.465262, 6.410793], [-75.465126, 6.410741], [-75.465025, 6.410804], [-75.464892, 6.411177], [-75.464714, 6.410943], [-75.46508, 6.410622], [-75.464977, 6.410301], [-75.465236, 6.410131], [-75.465248, 6.409628], [-75.465517, 6.4095], [-75.465782, 6.409132], [-75.465748, 6.409002], [-75.46552, 6.408842], [-75.465355, 6.408442], [-75.465485, 6.407926], [-75.465566, 6.408247], [-75.465919, 6.408161], [-75.465688, 6.407862], [-75.465639, 6.407387], [-75.46608, 6.407452], [-75.466551, 6.407031], [-75.467447, 6.406831], [-75.46767, 6.406513], [-75.468666, 6.406838], [-75.468999, 6.406831], [-75.46931, 6.407277], [-75.469676, 6.407502], [-75.469746, 6.407767], [-75.469935, 6.407759], [-75.469973, 6.408129], [-75.470166, 6.408157], [-75.470261, 6.40806], [-75.470496, 6.408034], [-75.470664, 6.408067], [-75.47067, 6.408146], [-75.470553, 6.40852], [-75.470385, 6.408741], [-75.469929, 6.408447], [-75.469347, 6.408657], [-75.469375, 6.408806], [-75.469918, 6.409255], [-75.469987, 6.409492], [-75.469886, 6.40963], [-75.469675, 6.409618], [-75.469479, 6.409853], [-75.469403, 6.41017], [-75.469106, 6.410323], [-75.46911, 6.410435], [-75.469288, 6.410585], [-75.469067, 6.410801], [-75.468807, 6.410625], [-75.468908, 6.410307], [-75.468839, 6.410126], [-75.468706, 6.410056], [-75.468359, 6.410135], [-75.468195, 6.410085], [-75.467928, 6.409745], [-75.467568, 6.40955], [-75.467627, 6.409389], [-75.467732, 6.409556], [-75.467946, 6.40956], [-75.467837, 6.409298], [-75.467704, 6.409209], [-75.467403, 6.409147], [-75.467241, 6.409225], [-75.467035, 6.409108], [-75.466999, 6.409435], [-75.46683, 6.40873], [-75.466569, 6.408775], [-75.46639, 6.408505], [-75.466283, 6.409149], [-75.466405, 6.409342], [-75.466159, 6.409953], [-75.466418, 6.410275], [-75.466234, 6.410864], [-75.466633, 6.411031], [-75.466742, 6.411335], [-75.466945, 6.411341], [-75.46712, 6.411544], [-75.466985, 6.411607], [-75.466976, 6.41179], [-75.467222, 6.412043], [-75.467407, 6.411991], [-75.467561, 6.412886], [-75.467346, 6.412664], [-75.467224, 6.412358], [-75.46704, 6.412269], [-75.466934, 6.412422], [-75.466852, 6.413102], [-75.466713, 6.413437], [-75.466855, 6.41355], [-75.466965, 6.413489], [-75.467006, 6.413073], [-75.46713, 6.412895], [-75.467821, 6.413083], [-75.467902, 6.413188], [-75.467613, 6.413623], [-75.467167, 6.413293], [-75.467243, 6.414023], [-75.466805, 6.413786], [-75.466819, 6.41412]], [[-75.465734, 6.410696], [-75.465648, 6.41051], [-75.465344, 6.410534], [-75.465503, 6.410827], [-75.465683, 6.410803], [-75.465734, 6.410696]], [[-75.465663, 6.410041], [-75.465817, 6.409656], [-75.465794, 6.409583], [-75.465547, 6.410013], [-75.465663, 6.410041]], [[-75.466045, 6.408278], [-75.465771, 6.408321], [-75.465595, 6.408508], [-75.465714, 6.408793], [-75.465941, 6.408936], [-75.466072, 6.40893], [-75.466147, 6.408802], [-75.466045, 6.408278]], [[-75.466739, 6.407369], [-75.466676, 6.40735], [-75.466336, 6.407721], [-75.46636, 6.407909], [-75.466539, 6.408053], [-75.466526, 6.408417], [-75.466664, 6.408075], [-75.466621, 6.407658], [-75.466739, 6.407369]], [[-75.466614, 6.411298], [-75.466521, 6.411213], [-75.466413, 6.411301], [-75.466482, 6.41155], [-75.466614, 6.411298]], [[-75.467588, 6.40833], [-75.467382, 6.407956], [-75.467225, 6.407963], [-75.467002, 6.408728], [-75.467135, 6.408734], [-75.46743, 6.408557], [-75.467588, 6.40833]], [[-75.467288, 6.407298], [-75.467309, 6.4071], [-75.467029, 6.407339], [-75.46717, 6.4074], [-75.467288, 6.407298]], [[-75.467868, 6.406872], [-75.467639, 6.406898], [-75.467614, 6.406957], [-75.467843, 6.407038], [-75.468012, 6.40695], [-75.467868, 6.406872]], [[-75.467941, 6.407919], [-75.467877, 6.407694], [-75.467815, 6.407663], [-75.467833, 6.407868], [-75.467941, 6.407919]], [[-75.469521, 6.408151], [-75.46951, 6.407787], [-75.469365, 6.407591], [-75.46913, 6.407524], [-75.468925, 6.407586], [-75.468653, 6.407339], [-75.468366, 6.407256], [-75.468141, 6.407402], [-75.468184, 6.407656], [-75.468533, 6.407874], [-75.468764, 6.408273], [-75.469073, 6.408502], [-75.469358, 6.408501], [-75.469521, 6.408151]], [[-75.4685, 6.409386], [-75.468341, 6.40926], [-75.468311, 6.409106], [-75.468206, 6.409139], [-75.468224, 6.4093], [-75.468503, 6.409592], [-75.468559, 6.409795], [-75.468642, 6.409796], [-75.468837, 6.409536], [-75.468972, 6.409646], [-75.469106, 6.409634], [-75.469237, 6.409831], [-75.469237, 6.409609], [-75.469027, 6.409243], [-75.469082, 6.409027], [-75.468993, 6.408927], [-75.468832, 6.408911], [-75.468658, 6.409097], [-75.468696, 6.409402], [-75.4685, 6.409386]], [[-75.46838, 6.408857], [-75.468334, 6.408646], [-75.468289, 6.408633], [-75.46838, 6.408857]], [[-75.468564, 6.407177], [-75.468479, 6.407095], [-75.468355, 6.407146], [-75.468451, 6.407229], [-75.468564, 6.407177]], [[-75.469013, 6.410063], [-75.468953, 6.409904], [-75.468815, 6.409879], [-75.468889, 6.410053], [-75.469013, 6.410063]], [[-75.469637, 6.408272], [-75.469641, 6.408364], [-75.469747, 6.408388], [-75.469757, 6.408238], [-75.469637, 6.408272]]], [[[-75.467984, 6.413428], [-75.468083, 6.413489], [-75.468228, 6.414029], [-75.468132, 6.414258], [-75.468009, 6.414304], [-75.467552, 6.414026], [-75.467678, 6.413693], [-75.467901, 6.413609], [-75.467984, 6.413428]]], [[[-75.469372, 6.407801], [-75.469227, 6.407742], [-75.469196, 6.407719], [-75.469304, 6.407711], [-75.469372, 6.407801]]], [[[-75.468845, 6.40919], [-75.468816, 6.40913], [-75.468879, 6.409066], [-75.468947, 6.409145], [-75.468845, 6.40919]]], [[[-75.473359, 6.421235], [-75.473451, 6.421384], [-75.473339, 6.421582], [-75.473223, 6.42137], [-75.473359, 6.421235]]], [[[-75.465028, 6.35298], [-75.464933, 6.353102], [-75.464815, 6.353077], [-75.464661, 6.352883], [-75.46466, 6.352725], [-75.464982, 6.352749], [-75.465028, 6.35298]]], [[[-75.465238, 6.418617], [-75.465083, 6.418582], [-75.465099, 6.418441], [-75.465301, 6.418482], [-75.465238, 6.418617]]], [[[-75.465425, 6.406265], [-75.465316, 6.406269], [-75.465231, 6.406452], [-75.46512, 6.406412], [-75.465173, 6.406085], [-75.46529, 6.406098], [-75.465425, 6.406265]]], [[[-75.465416, 6.416885], [-75.465371, 6.416801], [-75.465415, 6.416685], [-75.465478, 6.416801], [-75.465416, 6.416885]]], [[[-75.465475, 6.41318], [-75.465424, 6.413325], [-75.465349, 6.413385], [-75.465365, 6.413212], [-75.465475, 6.41318]]], [[[-75.465113, 6.344631], [-75.465073, 6.344566], [-75.465129, 6.344453], [-75.465146, 6.344563], [-75.465113, 6.344631]]], [[[-75.465312, 6.346167], [-75.465211, 6.346152], [-75.465211, 6.346094], [-75.465368, 6.346061], [-75.465312, 6.346167]]], [[[-75.465638, 6.346403], [-75.465427, 6.346384], [-75.465638, 6.346297], [-75.465638, 6.346403]]], [[[-75.469374, 6.428216], [-75.468504, 6.428466], [-75.46798, 6.428503], [-75.467192, 6.428388], [-75.466835, 6.42817], [-75.465908, 6.428136], [-75.466277, 6.42777], [-75.466873, 6.427813], [-75.467102, 6.427643], [-75.467286, 6.427626], [-75.467617, 6.427822], [-75.467535, 6.428053], [-75.467593, 6.428146], [-75.468318, 6.428303], [-75.468172, 6.428016], [-75.468445, 6.428026], [-75.468509, 6.428189], [-75.468599, 6.428193], [-75.468678, 6.428051], [-75.468614, 6.427814], [-75.468684, 6.427799], [-75.469176, 6.427949], [-75.469374, 6.428216]], [[-75.466533, 6.427945], [-75.466289, 6.42796], [-75.466269, 6.428002], [-75.466424, 6.428026], [-75.466533, 6.427945]]], [[[-75.466753, 6.427539], [-75.466841, 6.427553], [-75.466868, 6.427587], [-75.466774, 6.427607], [-75.466753, 6.427539]]], [[[-75.467618, 6.393285], [-75.467504, 6.393479], [-75.467569, 6.393658], [-75.467369, 6.393804], [-75.467057, 6.393777], [-75.467107, 6.393938], [-75.467004, 6.394059], [-75.466646, 6.393864], [-75.466368, 6.393894], [-75.466169, 6.394051], [-75.46605, 6.394367], [-75.466071, 6.394577], [-75.466451, 6.394532], [-75.466644, 6.394327], [-75.466922, 6.394367], [-75.466635, 6.394686], [-75.466698, 6.394856], [-75.46659, 6.394925], [-75.466488, 6.394926], [-75.466406, 6.394693], [-75.466082, 6.394742], [-75.46603, 6.395106], [-75.466124, 6.395472], [-75.466043, 6.395499], [-75.465788, 6.394931], [-75.465938, 6.394538], [-75.465877, 6.394237], [-75.466065, 6.393649], [-75.466353, 6.393407], [-75.466598, 6.393613], [-75.466784, 6.393618], [-75.467507, 6.393165], [-75.467618, 6.393285]]], [[[-75.466128, 6.394258], [-75.466176, 6.394274], [-75.466117, 6.3943], [-75.466128, 6.394258]]], [[[-75.465563, 6.352413], [-75.465563, 6.352475], [-75.465552, 6.352475], [-75.465563, 6.352413]]], [[[-75.466717, 6.344607], [-75.466401, 6.344975], [-75.46623, 6.344992], [-75.465757, 6.344585], [-75.465596, 6.344233], [-75.465832, 6.344138], [-75.466191, 6.344408], [-75.466666, 6.344416], [-75.466717, 6.344607]]], [[[-75.466681, 6.421428], [-75.466045, 6.421568], [-75.465984, 6.421477], [-75.466135, 6.421273], [-75.466439, 6.421153], [-75.466681, 6.421428]]], [[[-75.466997, 6.434836], [-75.466585, 6.434391], [-75.466588, 6.434302], [-75.466799, 6.434321], [-75.466927, 6.43443], [-75.466997, 6.434836]]], [[[-75.466475, 6.360834], [-75.466529, 6.360755], [-75.46667, 6.360867], [-75.466559, 6.360901], [-75.466475, 6.360834]]], [[[-75.467008, 6.418367], [-75.466977, 6.41846], [-75.466932, 6.418367], [-75.467008, 6.418367]]], [[[-75.46701, 6.406005], [-75.466886, 6.40607], [-75.467007, 6.405829], [-75.46701, 6.406005]]], [[[-75.467789, 6.395098], [-75.46769, 6.395078], [-75.467647, 6.395045], [-75.467858, 6.394976], [-75.467789, 6.395098]]], [[[-75.467411, 6.395223], [-75.467183, 6.395383], [-75.466836, 6.395388], [-75.467013, 6.39519], [-75.467326, 6.395139], [-75.467411, 6.395223]]], [[[-75.468011, 6.404854], [-75.46792, 6.405043], [-75.467743, 6.405143], [-75.46766, 6.404652], [-75.467743, 6.404313], [-75.467892, 6.404371], [-75.468011, 6.404854]]], [[[-75.467566, 6.404025], [-75.467474, 6.404211], [-75.46749, 6.403974], [-75.467566, 6.404025]]], [[[-75.467464, 6.404596], [-75.467301, 6.40474], [-75.46716, 6.404736], [-75.467319, 6.404552], [-75.467464, 6.404596]]], [[[-75.467459, 6.435012], [-75.467265, 6.435101], [-75.467266, 6.435019], [-75.467459, 6.435012]]], [[[-75.467962, 6.397166], [-75.467503, 6.397115], [-75.467331, 6.397437], [-75.46717, 6.397387], [-75.467194, 6.397172], [-75.467388, 6.396988], [-75.467599, 6.396981], [-75.467962, 6.397166]]], [[[-75.468058, 6.421674], [-75.467892, 6.421767], [-75.467753, 6.421065], [-75.467996, 6.421198], [-75.468058, 6.421674]]], [[[-75.467954, 6.396513], [-75.46771, 6.396395], [-75.467633, 6.396181], [-75.467985, 6.396184], [-75.467954, 6.396513]]], [[[-75.468833, 6.395074], [-75.468615, 6.395301], [-75.46844, 6.39614], [-75.468314, 6.396172], [-75.468194, 6.396006], [-75.468181, 6.395619], [-75.468321, 6.395477], [-75.468494, 6.395632], [-75.468581, 6.394844], [-75.468711, 6.394707], [-75.468763, 6.394435], [-75.468919, 6.394781], [-75.468833, 6.395074]]], [[[-75.468634, 6.39419], [-75.468374, 6.394548], [-75.468218, 6.39455], [-75.468223, 6.393934], [-75.468287, 6.394024], [-75.468625, 6.394039], [-75.468634, 6.39419]]], [[[-75.467956, 6.394617], [-75.467888, 6.394543], [-75.467931, 6.394213], [-75.467989, 6.394465], [-75.467956, 6.394617]]], [[[-75.468518, 6.39169], [-75.468476, 6.39182], [-75.468265, 6.391973], [-75.468127, 6.391999], [-75.46791, 6.391895], [-75.468255, 6.391542], [-75.468415, 6.391555], [-75.468518, 6.39169]]], [[[-75.468601, 6.399477], [-75.468385, 6.399826], [-75.468299, 6.400283], [-75.468133, 6.400425], [-75.468126, 6.400129], [-75.468258, 6.400006], [-75.468149, 6.399433], [-75.468265, 6.399054], [-75.468567, 6.399097], [-75.468601, 6.399477]]], [[[-75.468109, 6.361812], [-75.467952, 6.361863], [-75.467951, 6.361782], [-75.468109, 6.361812]]], [[[-75.468882, 6.393443], [-75.468617, 6.393514], [-75.468405, 6.393431], [-75.468452, 6.393213], [-75.468685, 6.392958], [-75.468806, 6.392949], [-75.468934, 6.393092], [-75.468882, 6.393443]]], [[[-75.469102, 6.361486], [-75.468891, 6.361633], [-75.468669, 6.361593], [-75.468752, 6.361465], [-75.468686, 6.361335], [-75.468762, 6.36127], [-75.469174, 6.361275], [-75.469102, 6.361486]]], [[[-75.46956, 6.406502], [-75.469391, 6.406665], [-75.469118, 6.406465], [-75.469122, 6.406303], [-75.469299, 6.406108], [-75.46944, 6.40609], [-75.469588, 6.406321], [-75.46956, 6.406502]]], [[[-75.469224, 6.391774], [-75.469184, 6.391602], [-75.469239, 6.391404], [-75.469258, 6.391656], [-75.469224, 6.391774]]], [[[-75.469459, 6.411122], [-75.469459, 6.411215], [-75.469448, 6.411215], [-75.469459, 6.411122]]], [[[-75.469627, 6.421286], [-75.469554, 6.421465], [-75.469558, 6.42123], [-75.469627, 6.421286]]], [[[-75.471242, 6.430566], [-75.47086, 6.430516], [-75.470709, 6.430281], [-75.470773, 6.429818], [-75.470418, 6.42897], [-75.469712, 6.428539], [-75.469743, 6.427963], [-75.469928, 6.42764], [-75.47015, 6.427693], [-75.470292, 6.42802], [-75.470451, 6.428118], [-75.47031, 6.428206], [-75.470358, 6.42841], [-75.470554, 6.428603], [-75.470666, 6.42845], [-75.47073, 6.428638], [-75.470914, 6.428798], [-75.471344, 6.429811], [-75.471568, 6.429858], [-75.471552, 6.430317], [-75.471346, 6.430402], [-75.471242, 6.430566]]], [[[-75.47146, 6.429611], [-75.471513, 6.429653], [-75.471505, 6.429718], [-75.471442, 6.42968], [-75.47146, 6.429611]]], [[[-75.470836, 6.43076], [-75.47086, 6.431139], [-75.470677, 6.431298], [-75.47061, 6.431047], [-75.470404, 6.430935], [-75.47037, 6.430803], [-75.470576, 6.430684], [-75.470836, 6.43076]]], [[[-75.470383, 6.42327], [-75.469863, 6.42284], [-75.469958, 6.422628], [-75.470362, 6.422824], [-75.470474, 6.423201], [-75.470383, 6.42327]]], [[[-75.470093, 6.431341], [-75.470144, 6.431442], [-75.470068, 6.431442], [-75.470093, 6.431341]]], [[[-75.470295, 6.420482], [-75.470116, 6.420386], [-75.47009, 6.420242], [-75.470192, 6.420213], [-75.470185, 6.42014], [-75.470333, 6.420274], [-75.470295, 6.420482]]], [[[-75.470673, 6.39473], [-75.470453, 6.39472], [-75.470427, 6.394639], [-75.470673, 6.39473]]], [[[-75.470571, 6.39871], [-75.470551, 6.398524], [-75.470665, 6.398421], [-75.470778, 6.398782], [-75.470689, 6.398811], [-75.470571, 6.39871]]], [[[-75.470722, 6.409064], [-75.470669, 6.409163], [-75.470659, 6.409057], [-75.470722, 6.409064]]], [[[-75.470797, 6.40981], [-75.47067, 6.409788], [-75.470671, 6.409571], [-75.470813, 6.409709], [-75.470797, 6.40981]]], [[[-75.47076, 6.399376], [-75.470887, 6.399296], [-75.471057, 6.399408], [-75.470862, 6.399443], [-75.47076, 6.399376]]], [[[-75.470816, 6.410983], [-75.470893, 6.410943], [-75.470977, 6.410998], [-75.470867, 6.411016], [-75.470816, 6.410983]]], [[[-75.47108, 6.412341], [-75.470876, 6.41229], [-75.471078, 6.411936], [-75.471139, 6.411991], [-75.47108, 6.412341]]], [[[-75.470987, 6.411332], [-75.470993, 6.411256], [-75.471069, 6.411314], [-75.470987, 6.411332]]], [[[-75.471282, 6.396681], [-75.471191, 6.396616], [-75.471174, 6.396514], [-75.471303, 6.396536], [-75.471282, 6.396681]]], [[[-75.473268, 6.424397], [-75.473164, 6.424552], [-75.472879, 6.424646], [-75.472784, 6.42492], [-75.472819, 6.425191], [-75.473077, 6.425361], [-75.47312, 6.425497], [-75.472716, 6.425694], [-75.472055, 6.425663], [-75.472014, 6.425405], [-75.472138, 6.425163], [-75.472384, 6.425029], [-75.472626, 6.425206], [-75.472696, 6.425104], [-75.472559, 6.424954], [-75.471764, 6.424851], [-75.472217, 6.424741], [-75.472212, 6.42447], [-75.472999, 6.424407], [-75.473189, 6.424296], [-75.473268, 6.424397]]], [[[-75.471562, 6.424988], [-75.471673, 6.425207], [-75.471496, 6.425259], [-75.471475, 6.42505], [-75.471562, 6.424988]]], [[[-75.471861, 6.39266], [-75.471671, 6.392559], [-75.471668, 6.392497], [-75.471835, 6.392553], [-75.471861, 6.39266]]], [[[-75.479257, 6.416618], [-75.479096, 6.416707], [-75.479005, 6.416543], [-75.478503, 6.416207], [-75.478506, 6.415929], [-75.478726, 6.415372], [-75.47864, 6.415223], [-75.478172, 6.415234], [-75.477677, 6.415571], [-75.477468, 6.41557], [-75.477167, 6.415379], [-75.477061, 6.415507], [-75.476869, 6.415193], [-75.476913, 6.41501], [-75.476406, 6.414758], [-75.476191, 6.414865], [-75.476124, 6.415001], [-75.476091, 6.415609], [-75.475953, 6.415742], [-75.475668, 6.415673], [-75.475637, 6.415863], [-75.475743, 6.416031], [-75.475548, 6.416186], [-75.475509, 6.416529], [-75.475373, 6.416556], [-75.475431, 6.41669], [-75.475638, 6.416735], [-75.475664, 6.41693], [-75.475811, 6.417076], [-75.475749, 6.417192], [-75.475284, 6.417177], [-75.474856, 6.417396], [-75.474157, 6.417406], [-75.473932, 6.417494], [-75.473491, 6.417375], [-75.473263, 6.417514], [-75.472996, 6.417422], [-75.472695, 6.417672], [-75.472713, 6.418342], [-75.472552, 6.418526], [-75.472448, 6.418274], [-75.472235, 6.418186], [-75.472047, 6.417837], [-75.472742, 6.417031], [-75.472945, 6.416608], [-75.472937, 6.416394], [-75.472667, 6.415936], [-75.47274, 6.415643], [-75.472875, 6.415506], [-75.473139, 6.41542], [-75.473612, 6.415719], [-75.474094, 6.415766], [-75.474116, 6.415677], [-75.473899, 6.415299], [-75.474003, 6.415047], [-75.474257, 6.414818], [-75.47468, 6.414789], [-75.474963, 6.414599], [-75.475439, 6.414869], [-75.475641, 6.414872], [-75.475795, 6.414774], [-75.475765, 6.414595], [-75.474967, 6.413613], [-75.475169, 6.413324], [-75.475574, 6.412983], [-75.47664, 6.413566], [-75.476923, 6.413551], [-75.477563, 6.413035], [-75.47805, 6.413451], [-75.478692, 6.414165], [-75.478412, 6.414798], [-75.478856, 6.414884], [-75.47918, 6.41525], [-75.478933, 6.415941], [-75.479206, 6.416339], [-75.479063, 6.416504], [-75.479257, 6.416618]], [[-75.475237, 6.416957], [-75.47445, 6.416631], [-75.474067, 6.41634], [-75.473791, 6.416271], [-75.473695, 6.416363], [-75.473927, 6.416602], [-75.473417, 6.41674], [-75.473336, 6.416887], [-75.473396, 6.416981], [-75.473749, 6.41699], [-75.473947, 6.417087], [-75.474244, 6.416964], [-75.474652, 6.417073], [-75.475237, 6.416957]], [[-75.475072, 6.415584], [-75.474886, 6.415515], [-75.474665, 6.415639], [-75.474466, 6.415889], [-75.474456, 6.416058], [-75.474664, 6.41612], [-75.475171, 6.41579], [-75.475072, 6.415584]], [[-75.475631, 6.415353], [-75.475494, 6.415255], [-75.475337, 6.415278], [-75.475473, 6.415366], [-75.475631, 6.415353]], [[-75.475718, 6.413609], [-75.475622, 6.413525], [-75.475509, 6.413576], [-75.475594, 6.41366], [-75.475718, 6.413609]], [[-75.47672, 6.414271], [-75.476187, 6.414033], [-75.476056, 6.413814], [-75.475823, 6.413812], [-75.47593, 6.414237], [-75.47672, 6.414271]], [[-75.477759, 6.414475], [-75.477579, 6.414344], [-75.477375, 6.414428], [-75.4772, 6.414661], [-75.477215, 6.414838], [-75.477383, 6.414932], [-75.477591, 6.41486], [-75.477778, 6.414665], [-75.477759, 6.414475]], [[-75.477673, 6.413645], [-75.477571, 6.413578], [-75.47747, 6.41362], [-75.477583, 6.413696], [-75.477673, 6.413645]]], [[[-75.475703, 6.417427], [-75.475619, 6.417442], [-75.475594, 6.417399], [-75.475699, 6.417343], [-75.475703, 6.417427]]], [[[-75.471898, 6.417932], [-75.47183, 6.417956], [-75.471841, 6.417883], [-75.471898, 6.417932]]], [[[-75.47201, 6.397853], [-75.471954, 6.397804], [-75.471987, 6.39772], [-75.472043, 6.397769], [-75.47201, 6.397853]]], [[[-75.47231, 6.398159], [-75.472142, 6.398216], [-75.472091, 6.398132], [-75.472191, 6.398098], [-75.47231, 6.398159]]], [[[-75.472289, 6.39836], [-75.472346, 6.398478], [-75.47229, 6.398478], [-75.472289, 6.39836]]], [[[-75.472903, 6.40945], [-75.472811, 6.409879], [-75.472684, 6.410007], [-75.472498, 6.409974], [-75.472328, 6.4098], [-75.472565, 6.409675], [-75.472654, 6.409442], [-75.472903, 6.40945]]], [[[-75.472788, 6.391877], [-75.472476, 6.392518], [-75.472278, 6.391535], [-75.47263, 6.391605], [-75.472781, 6.391727], [-75.472788, 6.391877]]], [[[-75.473442, 6.41149], [-75.473301, 6.411525], [-75.473172, 6.411477], [-75.473356, 6.411457], [-75.473442, 6.41149]]], [[[-75.473027, 6.411325], [-75.472833, 6.411199], [-75.473102, 6.41122], [-75.473027, 6.411325]]], [[[-75.47266, 6.411014], [-75.472468, 6.41076], [-75.472821, 6.410193], [-75.472989, 6.410499], [-75.472689, 6.410777], [-75.472972, 6.410906], [-75.472808, 6.411041], [-75.47266, 6.411014]]], [[[-75.473086, 6.394352], [-75.473181, 6.394737], [-75.472914, 6.394677], [-75.47297, 6.394334], [-75.473086, 6.394352]]], [[[-75.472884, 6.365262], [-75.472885, 6.364708], [-75.472907, 6.364669], [-75.47301, 6.365063], [-75.472979, 6.365301], [-75.472884, 6.365262]]], [[[-75.473285, 6.362087], [-75.473245, 6.362022], [-75.473301, 6.361909], [-75.473318, 6.36202], [-75.473285, 6.362087]]], [[[-75.4735, 6.362354], [-75.473503, 6.362939], [-75.473419, 6.363083], [-75.47334, 6.362943], [-75.473432, 6.362691], [-75.473365, 6.362304], [-75.4735, 6.362354]]], [[[-75.475195, 6.419934], [-75.474481, 6.420508], [-75.47391, 6.420571], [-75.473682, 6.42049], [-75.473863, 6.420155], [-75.474387, 6.419948], [-75.474686, 6.419882], [-75.475195, 6.419934]]], [[[-75.474132, 6.426685], [-75.473988, 6.426662], [-75.473937, 6.426573], [-75.474196, 6.426509], [-75.474132, 6.426685]]], [[[-75.473913, 6.426901], [-75.4738, 6.426932], [-75.473794, 6.42683], [-75.473862, 6.426812], [-75.473913, 6.426901]]], [[[-75.474587, 6.40394], [-75.473983, 6.403875], [-75.473745, 6.403712], [-75.473995, 6.403548], [-75.474587, 6.40394]]], [[[-75.474103, 6.398537], [-75.473954, 6.398493], [-75.473948, 6.398476], [-75.474077, 6.398461], [-75.474103, 6.398537]]], [[[-75.474412, 6.427667], [-75.474186, 6.42767], [-75.474102, 6.427558], [-75.474098, 6.427256], [-75.474272, 6.427011], [-75.474371, 6.42712], [-75.474275, 6.427492], [-75.474412, 6.427667]]], [[[-75.47442, 6.35101], [-75.4744, 6.351137], [-75.474369, 6.350982], [-75.47442, 6.35101]]], [[[-75.474339, 6.35111], [-75.474369, 6.351551], [-75.474286, 6.351789], [-75.474065, 6.351671], [-75.473818, 6.351333], [-75.473751, 6.350924], [-75.473818, 6.350729], [-75.474004, 6.350576], [-75.474181, 6.350592], [-75.474339, 6.35111]]], [[[-75.475093, 6.413169], [-75.474948, 6.413231], [-75.474707, 6.413162], [-75.47446, 6.412824], [-75.474386, 6.413006], [-75.474303, 6.413005], [-75.474153, 6.412856], [-75.474144, 6.412641], [-75.474284, 6.412578], [-75.474424, 6.412333], [-75.474613, 6.412394], [-75.475104, 6.412897], [-75.475093, 6.413169]]], [[[-75.474431, 6.401486], [-75.474186, 6.401591], [-75.474132, 6.401456], [-75.4744, 6.401398], [-75.474431, 6.401486]]], [[[-75.474661, 6.405316], [-75.4746, 6.405522], [-75.474539, 6.405548], [-75.474554, 6.405319], [-75.474661, 6.405316]]], [[[-75.475185, 6.404324], [-75.475031, 6.404531], [-75.475055, 6.404226], [-75.475185, 6.404324]]], [[[-75.475512, 6.367135], [-75.475449, 6.367095], [-75.475494, 6.367052], [-75.475512, 6.367135]]], [[[-75.476825, 6.422073], [-75.47671, 6.42213], [-75.476272, 6.423], [-75.476084, 6.423059], [-75.475787, 6.422954], [-75.475912, 6.422559], [-75.476263, 6.422139], [-75.476539, 6.422032], [-75.476825, 6.422073]]], [[[-75.476272, 6.421899], [-75.476206, 6.421874], [-75.476255, 6.421853], [-75.476272, 6.421899]]], [[[-75.475697, 6.391616], [-75.475647, 6.391703], [-75.475636, 6.391709], [-75.475697, 6.391616]]], [[[-75.476297, 6.405941], [-75.475993, 6.405899], [-75.475816, 6.405714], [-75.475864, 6.405206], [-75.475985, 6.40557], [-75.47612, 6.405445], [-75.476122, 6.40526], [-75.476184, 6.405291], [-75.476297, 6.405941]]], [[[-75.481756, 6.428003], [-75.481462, 6.428118], [-75.481513, 6.428267], [-75.48136, 6.428551], [-75.480901, 6.428224], [-75.480676, 6.428339], [-75.480704, 6.428854], [-75.481011, 6.429107], [-75.480899, 6.429166], [-75.480832, 6.429576], [-75.480629, 6.429811], [-75.480475, 6.429604], [-75.480053, 6.429491], [-75.479971, 6.429567], [-75.480144, 6.429646], [-75.480169, 6.429783], [-75.479957, 6.429849], [-75.479813, 6.429671], [-75.479696, 6.429224], [-75.478819, 6.428964], [-75.478977, 6.428837], [-75.478097, 6.428637], [-75.47775, 6.428326], [-75.477562, 6.42834], [-75.477566, 6.428566], [-75.47713, 6.428643], [-75.477063, 6.428787], [-75.477155, 6.429102], [-75.477542, 6.429212], [-75.477703, 6.429578], [-75.478298, 6.430041], [-75.478357, 6.430336], [-75.478253, 6.430684], [-75.478088, 6.430399], [-75.477629, 6.430029], [-75.477326, 6.429462], [-75.476954, 6.429217], [-75.476711, 6.428784], [-75.476252, 6.428514], [-75.476105, 6.428175], [-75.47616, 6.427979], [-75.476405, 6.428228], [-75.476767, 6.428227], [-75.476862, 6.428107], [-75.476836, 6.42784], [-75.477166, 6.427974], [-75.477438, 6.427807], [-75.47744, 6.42766], [-75.47723, 6.427414], [-75.47705, 6.427328], [-75.476704, 6.427357], [-75.476461, 6.427015], [-75.476632, 6.426823], [-75.477117, 6.426796], [-75.477436, 6.426648], [-75.477659, 6.426793], [-75.477993, 6.426704], [-75.47811, 6.426939], [-75.4782, 6.426726], [-75.478866, 6.426792], [-75.479595, 6.42714], [-75.479789, 6.427156], [-75.479961, 6.427409], [-75.480136, 6.427416], [-75.48039, 6.427141], [-75.480325, 6.426984], [-75.479483, 6.42692], [-75.479008, 6.426511], [-75.479309, 6.426578], [-75.4794, 6.426472], [-75.480107, 6.426553], [-75.480273, 6.426389], [-75.480025, 6.426376], [-75.48035, 6.426125], [-75.480697, 6.426301], [-75.480772, 6.426468], [-75.480589, 6.426622], [-75.481015, 6.426957], [-75.481322, 6.42673], [-75.481476, 6.426815], [-75.481429, 6.426957], [-75.481662, 6.427014], [-75.481693, 6.427165], [-75.481573, 6.427264], [-75.481543, 6.427545], [-75.481756, 6.428003]], [[-75.477607, 6.427021], [-75.477548, 6.426869], [-75.477364, 6.42687], [-75.477521, 6.427106], [-75.477607, 6.427021]], [[-75.479384, 6.427607], [-75.479037, 6.427467], [-75.47865, 6.42755], [-75.478331, 6.42737], [-75.478378, 6.427606], [-75.478173, 6.427943], [-75.478185, 6.428092], [-75.47845, 6.428286], [-75.478793, 6.428312], [-75.479366, 6.427696], [-75.479384, 6.427607]], [[-75.480252, 6.428739], [-75.480105, 6.428313], [-75.479967, 6.428236], [-75.479991, 6.4281], [-75.479686, 6.428119], [-75.47949, 6.428237], [-75.479424, 6.428451], [-75.479476, 6.428604], [-75.47978, 6.42871], [-75.480038, 6.42909], [-75.48025, 6.429071], [-75.480252, 6.428739]], [[-75.480571, 6.427809], [-75.480435, 6.4277], [-75.480323, 6.427678], [-75.480572, 6.427953], [-75.480571, 6.427809]]], [[[-75.477361, 6.428795], [-75.47742, 6.428818], [-75.477379, 6.428841], [-75.477361, 6.428795]]], [[[-75.477975, 6.429468], [-75.47815, 6.42946], [-75.478179, 6.429629], [-75.477993, 6.42957], [-75.477975, 6.429468]]], [[[-75.478617, 6.42655], [-75.478687, 6.42644], [-75.478851, 6.42643], [-75.478754, 6.4266], [-75.478617, 6.42655]]], [[[-75.481767, 6.427325], [-75.481664, 6.427552], [-75.481717, 6.427241], [-75.481767, 6.427325]]], [[[-75.480143, 6.427144], [-75.480192, 6.427251], [-75.480052, 6.4273], [-75.480058, 6.427174], [-75.480143, 6.427144]]], [[[-75.477709, 6.430387], [-75.477596, 6.430422], [-75.477579, 6.430366], [-75.477647, 6.430345], [-75.477709, 6.430387]]], [[[-75.476575, 6.429646], [-75.476498, 6.429647], [-75.476387, 6.429388], [-75.476523, 6.429253], [-75.476597, 6.429387], [-75.476575, 6.429646]]], [[[-75.476967, 6.426417], [-75.476677, 6.426412], [-75.476612, 6.426152], [-75.476668, 6.425907], [-75.476921, 6.425688], [-75.477009, 6.425913], [-75.476967, 6.426417]]], [[[-75.477719, 6.430821], [-75.477494, 6.431168], [-75.477117, 6.431287], [-75.476985, 6.431428], [-75.476725, 6.431342], [-75.476934, 6.431274], [-75.476978, 6.431109], [-75.477265, 6.431103], [-75.477301, 6.430925], [-75.47745, 6.430842], [-75.477719, 6.430821]]], [[[-75.476964, 6.430522], [-75.476964, 6.430584], [-75.476953, 6.430584], [-75.476964, 6.430522]]], [[[-75.477327, 6.422089], [-75.477223, 6.422366], [-75.477063, 6.422395], [-75.477234, 6.422118], [-75.477327, 6.422089]]], [[[-75.478714, 6.425665], [-75.477751, 6.425585], [-75.477578, 6.425679], [-75.47724, 6.425683], [-75.477267, 6.425554], [-75.47786, 6.425027], [-75.477834, 6.424763], [-75.477583, 6.424419], [-75.477786, 6.424449], [-75.477901, 6.424028], [-75.478123, 6.424416], [-75.478329, 6.424418], [-75.478596, 6.424682], [-75.478649, 6.425333], [-75.478583, 6.425561], [-75.478714, 6.425665]]], [[[-75.481191, 6.423136], [-75.480429, 6.4232], [-75.480617, 6.423121], [-75.480235, 6.422951], [-75.479728, 6.42307], [-75.479592, 6.422644], [-75.479346, 6.42274], [-75.478805, 6.422657], [-75.478753, 6.422567], [-75.478986, 6.422403], [-75.478469, 6.422287], [-75.478124, 6.422114], [-75.477691, 6.422079], [-75.477617, 6.421918], [-75.477778, 6.42185], [-75.478184, 6.421884], [-75.480082, 6.422434], [-75.480264, 6.422628], [-75.480928, 6.422798], [-75.481184, 6.423036], [-75.481191, 6.423136]]], [[[-75.478252, 6.408328], [-75.47815, 6.4083], [-75.477987, 6.408464], [-75.477656, 6.408474], [-75.477608, 6.408356], [-75.47792, 6.408001], [-75.478087, 6.408059], [-75.478252, 6.408328]]], [[[-75.478016, 6.422648], [-75.477955, 6.422772], [-75.477982, 6.422617], [-75.478016, 6.422648]]], [[[-75.477755, 6.422576], [-75.477685, 6.422548], [-75.477701, 6.422364], [-75.477801, 6.422441], [-75.477755, 6.422576]]], [[[-75.478417, 6.405351], [-75.478163, 6.405437], [-75.478048, 6.405373], [-75.477988, 6.405195], [-75.47825, 6.405107], [-75.478417, 6.405351]]], [[[-75.478382, 6.425975], [-75.478306, 6.426028], [-75.478208, 6.426009], [-75.478266, 6.425915], [-75.478382, 6.425975]]], [[[-75.480945, 6.417577], [-75.480631, 6.418143], [-75.480477, 6.418127], [-75.479928, 6.418567], [-75.479638, 6.418605], [-75.479288, 6.418354], [-75.479151, 6.417974], [-75.478845, 6.41783], [-75.478617, 6.417302], [-75.478786, 6.417217], [-75.479434, 6.417845], [-75.479663, 6.417979], [-75.479895, 6.417994], [-75.480809, 6.41741], [-75.480945, 6.417577]]], [[[-75.478527, 6.369312], [-75.478417, 6.369323], [-75.478389, 6.369265], [-75.478546, 6.369193], [-75.478527, 6.369312]]], [[[-75.478887, 6.416951], [-75.478887, 6.417012], [-75.478876, 6.417012], [-75.478887, 6.416951]]], [[[-75.478777, 6.359634], [-75.47883, 6.359549], [-75.478893, 6.359616], [-75.47886, 6.359667], [-75.478777, 6.359634]]], [[[-75.480083, 6.424027], [-75.479959, 6.424067], [-75.47962, 6.423723], [-75.479536, 6.423779], [-75.479663, 6.423953], [-75.479519, 6.423937], [-75.479429, 6.423859], [-75.479448, 6.423678], [-75.479557, 6.423576], [-75.479707, 6.423623], [-75.480083, 6.424027]]], [[[-75.480934, 6.410141], [-75.480636, 6.410154], [-75.479944, 6.409653], [-75.47965, 6.409583], [-75.479563, 6.409039], [-75.479696, 6.409007], [-75.479802, 6.409164], [-75.480077, 6.409208], [-75.480318, 6.409383], [-75.480663, 6.409775], [-75.480798, 6.410078], [-75.480934, 6.410141]]], [[[-75.480133, 6.369672], [-75.47979, 6.370037], [-75.479587, 6.370106], [-75.480098, 6.369562], [-75.480133, 6.369672]]], [[[-75.479612, 6.36891], [-75.479542, 6.368847], [-75.47965, 6.368768], [-75.479663, 6.368842], [-75.479612, 6.36891]]], [[[-75.479906, 6.360859], [-75.479853, 6.360457], [-75.479963, 6.359978], [-75.48009, 6.360809], [-75.480041, 6.360927], [-75.479906, 6.360859]]], [[[-75.480253, 6.392236], [-75.480213, 6.392159], [-75.480269, 6.392074], [-75.480286, 6.392185], [-75.480253, 6.392236]]], [[[-75.480265, 6.391204], [-75.480307, 6.391254], [-75.480257, 6.391254], [-75.480265, 6.391204]]], [[[-75.48063, 6.425226], [-75.48056, 6.425413], [-75.480538, 6.425413], [-75.480528, 6.425227], [-75.48063, 6.425226]]], [[[-75.480512, 6.42493], [-75.480608, 6.425003], [-75.480576, 6.425096], [-75.48048, 6.424989], [-75.480512, 6.42493]]], [[[-75.481234, 6.411367], [-75.48108, 6.411404], [-75.481011, 6.411537], [-75.480871, 6.411431], [-75.480831, 6.41119], [-75.480628, 6.41085], [-75.480728, 6.410596], [-75.480637, 6.410481], [-75.48102, 6.410631], [-75.481258, 6.410881], [-75.481327, 6.411203], [-75.481234, 6.411367]]], [[[-75.481484, 6.420187], [-75.481249, 6.420234], [-75.480929, 6.419986], [-75.480878, 6.419865], [-75.480953, 6.419604], [-75.481093, 6.419599], [-75.481277, 6.419762], [-75.481473, 6.420017], [-75.481484, 6.420187]]], [[[-75.481322, 6.425353], [-75.481292, 6.425477], [-75.481246, 6.425353], [-75.481322, 6.425353]]], [[[-75.481395, 6.392764], [-75.48117, 6.392686], [-75.48112, 6.39222], [-75.481306, 6.392294], [-75.481395, 6.392764]]], [[[-75.482125, 6.367983], [-75.481767, 6.368114], [-75.481345, 6.367979], [-75.481569, 6.367701], [-75.48175, 6.367638], [-75.482061, 6.367852], [-75.482125, 6.367983]]], [[[-75.48192, 6.42615], [-75.481801, 6.426093], [-75.481741, 6.425891], [-75.481901, 6.425746], [-75.481986, 6.425897], [-75.48192, 6.42615]]], [[[-75.482472, 6.423118], [-75.482296, 6.423449], [-75.481876, 6.423261], [-75.482183, 6.422983], [-75.482472, 6.423118]]], [[[-75.482254, 6.411885], [-75.482017, 6.411928], [-75.481989, 6.411844], [-75.482225, 6.411803], [-75.482254, 6.411885]]], [[[-75.482134, 6.397018], [-75.482104, 6.397255], [-75.482062, 6.397292], [-75.482053, 6.397047], [-75.482134, 6.397018]]], [[[-75.482373, 6.426481], [-75.482272, 6.426475], [-75.482293, 6.426343], [-75.482429, 6.426356], [-75.482373, 6.426481]]], [[[-75.482235, 6.396755], [-75.482277, 6.396805], [-75.482227, 6.396805], [-75.482235, 6.396755]]], [[[-75.483099, 6.396641], [-75.48276, 6.396559], [-75.482917, 6.396437], [-75.482933, 6.396249], [-75.483131, 6.396471], [-75.483099, 6.396641]]], [[[-75.48275, 6.396081], [-75.482602, 6.396194], [-75.482404, 6.396449], [-75.48227, 6.396492], [-75.4823, 6.396351], [-75.482573, 6.39605], [-75.48275, 6.396081]]], [[[-75.482584, 6.425819], [-75.482477, 6.425878], [-75.48241, 6.425845], [-75.482468, 6.425725], [-75.482584, 6.425819]]], [[[-75.482922, 6.392315], [-75.482975, 6.392697], [-75.482763, 6.392737], [-75.482678, 6.392672], [-75.482667, 6.392488], [-75.482806, 6.392271], [-75.482922, 6.392315]]], [[[-75.483562, 6.413286], [-75.483379, 6.413667], [-75.48319, 6.413703], [-75.483169, 6.413493], [-75.483408, 6.413379], [-75.483455, 6.413197], [-75.483562, 6.413286]]], [[[-75.483341, 6.423478], [-75.483325, 6.423546], [-75.483299, 6.423496], [-75.483341, 6.423478]]], [[[-75.4839, 6.412891], [-75.483706, 6.412977], [-75.483578, 6.412851], [-75.483815, 6.412807], [-75.4839, 6.412891]]], [[[-75.483526, 6.387628], [-75.483532, 6.387552], [-75.483608, 6.38761], [-75.483526, 6.387628]]], [[[-75.483745, 6.4125], [-75.483715, 6.412593], [-75.48367, 6.4125], [-75.483745, 6.4125]]], [[[-75.484057, 6.424383], [-75.483798, 6.424461], [-75.483713, 6.424386], [-75.484057, 6.424383]]], [[[-75.484503, 6.393421], [-75.484473, 6.393545], [-75.484402, 6.393422], [-75.484503, 6.393421]]], [[[-75.484558, 6.392473], [-75.484411, 6.392419], [-75.484438, 6.392224], [-75.484575, 6.392356], [-75.484558, 6.392473]]], [[[-75.485935, 6.414481], [-75.485877, 6.414597], [-75.485671, 6.414634], [-75.485295, 6.41458], [-75.4852, 6.414472], [-75.485385, 6.414227], [-75.48559, 6.414172], [-75.48581, 6.414239], [-75.485935, 6.414481]]], [[[-75.48505, 6.414385], [-75.484696, 6.414425], [-75.484589, 6.414052], [-75.484849, 6.414142], [-75.48505, 6.414385]]], [[[-75.484797, 6.394961], [-75.484632, 6.394865], [-75.484413, 6.395043], [-75.484496, 6.3948], [-75.484687, 6.39463], [-75.484855, 6.394831], [-75.484797, 6.394961]]], [[[-75.48484, 6.393318], [-75.48474, 6.393381], [-75.484638, 6.393158], [-75.484838, 6.393175], [-75.48484, 6.393318]]], [[[-75.485413, 6.419584], [-75.485334, 6.419633], [-75.485248, 6.419511], [-75.484944, 6.419503], [-75.484773, 6.419363], [-75.485325, 6.419136], [-75.485428, 6.419363], [-75.485413, 6.419584]]], [[[-75.485608, 6.41666], [-75.48562, 6.4176], [-75.485539, 6.417706], [-75.485435, 6.417207], [-75.485166, 6.417036], [-75.485028, 6.416622], [-75.485449, 6.416347], [-75.485608, 6.41666]]], [[[-75.485688, 6.419926], [-75.485595, 6.420082], [-75.485395, 6.420354], [-75.485451, 6.42], [-75.485688, 6.419926]]], [[[-75.48564, 6.418579], [-75.485515, 6.418563], [-75.48548, 6.418416], [-75.485609, 6.41843], [-75.48564, 6.418579]]], [[[-75.485915, 6.390498], [-75.485939, 6.39069], [-75.485871, 6.390745], [-75.485691, 6.390624], [-75.48561, 6.390397], [-75.485762, 6.39033], [-75.485915, 6.390498]]], [[[-75.48588, 6.416393], [-75.485815, 6.416346], [-75.485927, 6.416233], [-75.485947, 6.416325], [-75.48588, 6.416393]]], [[[-75.486516, 6.392072], [-75.486418, 6.392224], [-75.486231, 6.392167], [-75.485929, 6.392232], [-75.485816, 6.392132], [-75.486279, 6.391989], [-75.486516, 6.392072]]], [[[-75.486153, 6.391775], [-75.486112, 6.391842], [-75.486086, 6.391792], [-75.486153, 6.391775]]], [[[-75.486398, 6.41542], [-75.486229, 6.41544], [-75.486413, 6.415058], [-75.486482, 6.415216], [-75.486398, 6.41542]]], [[[-75.486761, 6.41405], [-75.486594, 6.414383], [-75.486485, 6.414692], [-75.486571, 6.414277], [-75.486761, 6.41405]]], [[[-75.486523, 6.397014], [-75.486422, 6.397], [-75.486422, 6.396941], [-75.486579, 6.396908], [-75.486523, 6.397014]]], [[[-75.487104, 6.417913], [-75.486879, 6.417991], [-75.486715, 6.417907], [-75.486677, 6.417523], [-75.487104, 6.417913]]], [[[-75.486796, 6.393894], [-75.486712, 6.39387], [-75.486699, 6.393772], [-75.486819, 6.393794], [-75.486796, 6.393894]]], [[[-75.486911, 6.393138], [-75.48681, 6.393062], [-75.486809, 6.392978], [-75.486967, 6.393056], [-75.486911, 6.393138]]], [[[-75.487067, 6.393666], [-75.486973, 6.393635], [-75.486939, 6.3935], [-75.487102, 6.393521], [-75.487067, 6.393666]]], [[[-75.487272, 6.41496], [-75.487034, 6.414812], [-75.487135, 6.414752], [-75.487355, 6.414875], [-75.487272, 6.41496]]], [[[-75.488028, 6.418407], [-75.48783, 6.418337], [-75.487739, 6.418134], [-75.487799, 6.418109], [-75.487856, 6.418277], [-75.488028, 6.418407]]], [[[-75.487599, 6.418373], [-75.487543, 6.418558], [-75.487378, 6.418354], [-75.487497, 6.418289], [-75.487599, 6.418373]]], [[[-75.487401, 6.391565], [-75.487299, 6.391447], [-75.487295, 6.391384], [-75.487416, 6.391477], [-75.487401, 6.391565]]], [[[-75.488064, 6.424657], [-75.487698, 6.424887], [-75.487648, 6.424904], [-75.487831, 6.424684], [-75.488064, 6.424657]]], [[[-75.488462, 6.416717], [-75.487736, 6.41632], [-75.48776, 6.416159], [-75.487932, 6.416065], [-75.488161, 6.4161], [-75.488526, 6.416412], [-75.488629, 6.416632], [-75.488462, 6.416717]]], [[[-75.488008, 6.416736], [-75.487924, 6.416729], [-75.487817, 6.416608], [-75.48796, 6.416647], [-75.488008, 6.416736]]], [[[-75.489289, 6.410559], [-75.489187, 6.410484], [-75.488995, 6.410508], [-75.488583, 6.411029], [-75.488567, 6.411235], [-75.488665, 6.411249], [-75.488677, 6.411388], [-75.488585, 6.411659], [-75.48819, 6.411562], [-75.488002, 6.411691], [-75.487702, 6.411669], [-75.488066, 6.411522], [-75.488371, 6.411258], [-75.488513, 6.41085], [-75.488967, 6.410188], [-75.489138, 6.410233], [-75.489289, 6.410559]]], [[[-75.489175, 6.41092], [-75.489118, 6.411056], [-75.489109, 6.411071], [-75.48912, 6.410931], [-75.489175, 6.41092]]], [[[-75.488603, 6.423913], [-75.488453, 6.424402], [-75.488414, 6.423978], [-75.488517, 6.423679], [-75.488603, 6.423913]]], [[[-75.489038, 6.411891], [-75.48907, 6.411717], [-75.489086, 6.411962], [-75.489038, 6.411891]]], [[[-75.488672, 6.413036], [-75.488663, 6.41297], [-75.488692, 6.412969], [-75.488672, 6.413036]]], [[[-75.488718, 6.413263], [-75.488791, 6.413305], [-75.488788, 6.413351], [-75.488718, 6.413263]]], [[[-75.488651, 6.413327], [-75.488831, 6.413563], [-75.488574, 6.413463], [-75.488549, 6.413362], [-75.488651, 6.413327]]], [[[-75.488524, 6.413606], [-75.488443, 6.413748], [-75.488338, 6.413596], [-75.488439, 6.413555], [-75.488524, 6.413606]]], [[[-75.488802, 6.421929], [-75.488491, 6.421577], [-75.488448, 6.421148], [-75.488531, 6.421171], [-75.488656, 6.421522], [-75.488821, 6.421686], [-75.488802, 6.421929]]], [[[-75.48935, 6.415889], [-75.489144, 6.415663], [-75.489146, 6.41601], [-75.488799, 6.415989], [-75.488517, 6.415559], [-75.488498, 6.415169], [-75.488706, 6.415016], [-75.488916, 6.415026], [-75.48935, 6.415889]]], [[[-75.49023, 6.41711], [-75.490167, 6.416937], [-75.490194, 6.416807], [-75.490249, 6.416957], [-75.49023, 6.41711]]], [[[-75.489921, 6.416953], [-75.48963, 6.416675], [-75.489578, 6.41648], [-75.489645, 6.416401], [-75.489939, 6.416368], [-75.490109, 6.416523], [-75.490118, 6.416675], [-75.489921, 6.416953]]], [[[-75.490547, 6.418934], [-75.490458, 6.418866], [-75.490459, 6.418807], [-75.490613, 6.418855], [-75.490547, 6.418934]]], [[[-75.490629, 6.420103], [-75.49057, 6.420154], [-75.490553, 6.420154], [-75.49057, 6.420061], [-75.490629, 6.420103]]], [[[-75.424591, 6.350328], [-75.424534, 6.350497], [-75.424511, 6.350505], [-75.424487, 6.350365], [-75.424591, 6.350328]]], [[[-75.425615, 6.353722], [-75.425721, 6.353614], [-75.42578, 6.353624], [-75.425668, 6.353872], [-75.425615, 6.353722]]], [[[-75.42907, 6.364228], [-75.429018, 6.364273], [-75.428941, 6.364216], [-75.42901, 6.364138], [-75.42907, 6.364228]]], [[[-75.4319, 6.351287], [-75.431837, 6.351326], [-75.431731, 6.351261], [-75.431817, 6.351186], [-75.4319, 6.351287]]], [[[-75.432197, 6.3517], [-75.432136, 6.351672], [-75.432155, 6.351596], [-75.432244, 6.351612], [-75.432197, 6.3517]]], [[[-75.430976, 6.350493], [-75.431069, 6.350734], [-75.430954, 6.350748], [-75.430861, 6.350554], [-75.430976, 6.350493]]], [[[-75.430432, 6.346813], [-75.430378, 6.346859], [-75.430304, 6.346804], [-75.430371, 6.346727], [-75.430432, 6.346813]]], [[[-75.443955, 6.34405], [-75.443894, 6.344022], [-75.443913, 6.343946], [-75.444001, 6.343961], [-75.443955, 6.34405]]], [[[-75.450227, 6.33848], [-75.450345, 6.338527], [-75.450268, 6.338564], [-75.450227, 6.33848]]], [[[-75.450628, 6.338733], [-75.450619, 6.338805], [-75.450514, 6.338816], [-75.450515, 6.338697], [-75.450628, 6.338733]]], [[[-75.450942, 6.339861], [-75.450903, 6.339934], [-75.450821, 6.339884], [-75.450863, 6.339809], [-75.450942, 6.339861]]], [[[-75.451025, 6.338925], [-75.450943, 6.338909], [-75.450906, 6.33878], [-75.451057, 6.338811], [-75.451025, 6.338925]]], [[[-75.451143, 6.339564], [-75.45119, 6.339613], [-75.451133, 6.339695], [-75.451056, 6.339628], [-75.451143, 6.339564]]], [[[-75.451903, 6.342433], [-75.451863, 6.342506], [-75.451781, 6.342457], [-75.451824, 6.342381], [-75.451903, 6.342433]]], [[[-75.455867, 6.339248], [-75.455834, 6.33932], [-75.455751, 6.339286], [-75.455788, 6.339218], [-75.455867, 6.339248]]], [[[-75.456272, 6.339474], [-75.456233, 6.339547], [-75.456151, 6.339497], [-75.456193, 6.339422], [-75.456272, 6.339474]]], [[[-75.457302, 6.337525], [-75.457266, 6.337598], [-75.457188, 6.337561], [-75.457226, 6.337493], [-75.457302, 6.337525]]], [[[-75.4602, 6.338873], [-75.460228, 6.338812], [-75.460304, 6.338831], [-75.460289, 6.33892], [-75.4602, 6.338873]]]]}, "properties": {"clase": 3, "area_ha": 522.2026775005506}}, {"type": "Feature", "geometry": {"type": "MultiPolygon", "coordinates": [[[[-75.400985, 6.357656], [-75.400828, 6.357713], [-75.400816, 6.357673], [-75.400985, 6.357656]]], [[[-75.402279, 6.353055], [-75.402312, 6.353105], [-75.402262, 6.353106], [-75.402279, 6.353055]]], [[[-75.403281, 6.353194], [-75.403239, 6.353327], [-75.403101, 6.35335], [-75.403131, 6.353092], [-75.403281, 6.353194]]], [[[-75.403282, 6.360883], [-75.403226, 6.360798], [-75.403259, 6.360674], [-75.403316, 6.36077], [-75.403282, 6.360883]]], [[[-75.403844, 6.360586], [-75.403676, 6.360443], [-75.403624, 6.36028], [-75.403788, 6.360392], [-75.403844, 6.360586]]], [[[-75.403968, 6.352416], [-75.403806, 6.352683], [-75.403736, 6.352698], [-75.403968, 6.352416]]], [[[-75.403826, 6.361151], [-75.403769, 6.361067], [-75.403802, 6.360926], [-75.403859, 6.36101], [-75.403826, 6.361151]]], [[[-75.404174, 6.352142], [-75.404166, 6.352193], [-75.404115, 6.352193], [-75.404174, 6.352142]]], [[[-75.405743, 6.351622], [-75.405466, 6.351972], [-75.405334, 6.352046], [-75.405743, 6.351622]]], [[[-75.405657, 6.372288], [-75.40545, 6.372661], [-75.405264, 6.372679], [-75.405297, 6.372476], [-75.405578, 6.372237], [-75.405657, 6.372288]]], [[[-75.405623, 6.360383], [-75.405553, 6.360449], [-75.405472, 6.36042], [-75.40558, 6.360303], [-75.405623, 6.360383]]], [[[-75.405802, 6.358865], [-75.405753, 6.358814], [-75.405764, 6.358719], [-75.405831, 6.358769], [-75.405802, 6.358865]]], [[[-75.40598, 6.371922], [-75.405862, 6.371984], [-75.405854, 6.371964], [-75.40598, 6.371922]]], [[[-75.406346, 6.350962], [-75.406203, 6.351262], [-75.406015, 6.351396], [-75.406225, 6.351026], [-75.406346, 6.350962]]], [[[-75.40645, 6.373928], [-75.406377, 6.373929], [-75.406433, 6.373844], [-75.40645, 6.373928]]], [[[-75.406911, 6.349719], [-75.406735, 6.350367], [-75.406483, 6.350679], [-75.406768, 6.34996], [-75.406911, 6.349719]]], [[[-75.407958, 6.370147], [-75.407338, 6.370557], [-75.40719, 6.370546], [-75.407486, 6.37026], [-75.407958, 6.370147]]], [[[-75.406938, 6.370614], [-75.406988, 6.370597], [-75.406999, 6.370625], [-75.406938, 6.370614]]], [[[-75.407169, 6.36937], [-75.407169, 6.369432], [-75.407158, 6.369432], [-75.407169, 6.36937]]], [[[-75.40738, 6.360265], [-75.407169, 6.360305], [-75.407155, 6.360266], [-75.40738, 6.360265]]], [[[-75.408081, 6.349007], [-75.407955, 6.349031], [-75.407593, 6.348939], [-75.407896, 6.348944], [-75.408081, 6.349007]]], [[[-75.407892, 6.360861], [-75.407784, 6.360794], [-75.407741, 6.360693], [-75.407877, 6.360715], [-75.407892, 6.360861]]], [[[-75.407793, 6.359443], [-75.407744, 6.359393], [-75.407755, 6.359297], [-75.407822, 6.359348], [-75.407793, 6.359443]]], [[[-75.407913, 6.356639], [-75.407932, 6.356738], [-75.407888, 6.356754], [-75.407913, 6.356639]]], [[[-75.408455, 6.378436], [-75.408137, 6.378509], [-75.408061, 6.378428], [-75.408455, 6.378436]]], [[[-75.408103, 6.352867], [-75.407944, 6.352718], [-75.407944, 6.352659], [-75.408102, 6.352785], [-75.408103, 6.352867]]], [[[-75.408206, 6.386308], [-75.408141, 6.386333], [-75.408151, 6.386223], [-75.408206, 6.386308]]], [[[-75.408514, 6.377363], [-75.408284, 6.37729], [-75.4082, 6.377215], [-75.408487, 6.377256], [-75.408514, 6.377363]]], [[[-75.408544, 6.384447], [-75.408451, 6.384472], [-75.408324, 6.384397], [-75.408459, 6.384397], [-75.408544, 6.384447]]], [[[-75.408356, 6.357587], [-75.408272, 6.35752], [-75.408254, 6.357356], [-75.408361, 6.357418], [-75.408356, 6.357587]]], [[[-75.408326, 6.357045], [-75.408275, 6.357087], [-75.408275, 6.357037], [-75.408326, 6.357045]]], [[[-75.408479, 6.370587], [-75.408412, 6.370653], [-75.408347, 6.370611], [-75.408428, 6.370535], [-75.408479, 6.370587]]], [[[-75.408586, 6.361456], [-75.40855, 6.361558], [-75.408535, 6.361456], [-75.408586, 6.361456]]], [[[-75.408488, 6.361701], [-75.408607, 6.361791], [-75.408467, 6.361765], [-75.408488, 6.361701]]], [[[-75.408593, 6.375625], [-75.408537, 6.375563], [-75.40857, 6.375507], [-75.408626, 6.375557], [-75.408593, 6.375625]]], [[[-75.408681, 6.373867], [-75.408583, 6.373907], [-75.408591, 6.373839], [-75.408681, 6.373867]]], [[[-75.408767, 6.378173], [-75.408693, 6.378165], [-75.408684, 6.378145], [-75.40876, 6.378097], [-75.408767, 6.378173]]], [[[-75.408828, 6.377522], [-75.408771, 6.377444], [-75.408805, 6.377359], [-75.408861, 6.377427], [-75.408828, 6.377522]]], [[[-75.408858, 6.358512], [-75.408883, 6.358554], [-75.408808, 6.35858], [-75.408858, 6.358512]]], [[[-75.408845, 6.36301], [-75.408896, 6.362993], [-75.408907, 6.363021], [-75.408845, 6.36301]]], [[[-75.40929, 6.36203], [-75.409123, 6.362006], [-75.408964, 6.361897], [-75.40911, 6.361887], [-75.40929, 6.36203]]], [[[-75.409027, 6.380122], [-75.409027, 6.380183], [-75.409016, 6.380183], [-75.409027, 6.380122]]], [[[-75.409168, 6.367473], [-75.40905, 6.36753], [-75.40905, 6.367474], [-75.409168, 6.367473]]], [[[-75.409773, 6.385842], [-75.409473, 6.385522], [-75.409495, 6.385369], [-75.40975, 6.3856], [-75.409773, 6.385842]]], [[[-75.409664, 6.386114], [-75.409582, 6.386606], [-75.409405, 6.386686], [-75.409664, 6.386114]]], [[[-75.41007, 6.388049], [-75.409822, 6.388011], [-75.409696, 6.388156], [-75.409538, 6.387716], [-75.409775, 6.387706], [-75.41007, 6.388049]]], [[[-75.409563, 6.378926], [-75.409465, 6.378966], [-75.409473, 6.378899], [-75.409563, 6.378926]]], [[[-75.409641, 6.37391], [-75.409557, 6.373964], [-75.409523, 6.37388], [-75.409574, 6.373847], [-75.409641, 6.37391]]], [[[-75.409607, 6.364199], [-75.40954, 6.364098], [-75.409623, 6.363928], [-75.409658, 6.364097], [-75.409607, 6.364199]]], [[[-75.409833, 6.385061], [-75.409698, 6.385162], [-75.409666, 6.38512], [-75.409833, 6.385061]]], [[[-75.409769, 6.384277], [-75.40977, 6.384339], [-75.409758, 6.384339], [-75.409769, 6.384277]]], [[[-75.410023, 6.391502], [-75.409977, 6.391427], [-75.409994, 6.391401], [-75.410053, 6.391438], [-75.410023, 6.391502]]], [[[-75.410013, 6.391267], [-75.40997, 6.391025], [-75.409989, 6.391007], [-75.410013, 6.391267]]], [[[-75.410254, 6.362557], [-75.409987, 6.362589], [-75.409857, 6.362508], [-75.410254, 6.362557]]], [[[-75.410195, 6.389559], [-75.410155, 6.389491], [-75.410211, 6.389378], [-75.410228, 6.389491], [-75.410195, 6.389559]]], [[[-75.410226, 6.386603], [-75.41017, 6.386541], [-75.410203, 6.386485], [-75.410259, 6.386535], [-75.410226, 6.386603]]], [[[-75.410294, 6.38181], [-75.410238, 6.381732], [-75.410271, 6.381647], [-75.410327, 6.381715], [-75.410294, 6.38181]]], [[[-75.410486, 6.38832], [-75.410412, 6.388269], [-75.410437, 6.388157], [-75.410509, 6.388224], [-75.410486, 6.38832]]], [[[-75.410447, 6.374509], [-75.410447, 6.374571], [-75.410436, 6.374571], [-75.410447, 6.374509]]], [[[-75.410633, 6.36254], [-75.410623, 6.362626], [-75.410535, 6.362531], [-75.410633, 6.36254]]], [[[-75.410905, 6.392161], [-75.410913, 6.392209], [-75.410888, 6.392195], [-75.410905, 6.392161]]], [[[-75.41071, 6.392139], [-75.41071, 6.392201], [-75.410699, 6.392201], [-75.41071, 6.392139]]], [[[-75.410751, 6.37674], [-75.410788, 6.376892], [-75.410746, 6.376943], [-75.410751, 6.37674]]], [[[-75.410939, 6.372737], [-75.410822, 6.372721], [-75.410769, 6.372662], [-75.410957, 6.37263], [-75.410939, 6.372737]]], [[[-75.411576, 6.362395], [-75.411495, 6.362549], [-75.411283, 6.362308], [-75.41104, 6.362309], [-75.410853, 6.362413], [-75.410881, 6.362306], [-75.411036, 6.362238], [-75.411463, 6.362294], [-75.411576, 6.362395]]], [[[-75.411251, 6.362585], [-75.411459, 6.362829], [-75.41148, 6.362964], [-75.411251, 6.362829], [-75.411251, 6.362585]]], [[[-75.410974, 6.362564], [-75.411018, 6.36265], [-75.410928, 6.362774], [-75.410893, 6.362678], [-75.410974, 6.362564]]], [[[-75.4109, 6.374914], [-75.410901, 6.374975], [-75.410889, 6.374975], [-75.4109, 6.374914]]], [[[-75.411129, 6.394207], [-75.411078, 6.394016], [-75.411235, 6.393959], [-75.41115, 6.394085], [-75.411129, 6.394207]]], [[[-75.41109, 6.376905], [-75.41106, 6.376998], [-75.411014, 6.376905], [-75.41109, 6.376905]]], [[[-75.411257, 6.38971], [-75.4111, 6.389772], [-75.411089, 6.389753], [-75.411257, 6.38971]]], [[[-75.411239, 6.389424], [-75.41124, 6.389486], [-75.411229, 6.389486], [-75.411239, 6.389424]]], [[[-75.4115, 6.387598], [-75.411353, 6.387748], [-75.411341, 6.387613], [-75.4115, 6.387598]]], [[[-75.412304, 6.393552], [-75.412135, 6.393653], [-75.41183, 6.393631], [-75.412033, 6.393542], [-75.412304, 6.393552]]], [[[-75.411644, 6.393764], [-75.411542, 6.393839], [-75.411441, 6.393822], [-75.411508, 6.393722], [-75.411644, 6.393764]]], [[[-75.411448, 6.374978], [-75.411347, 6.374937], [-75.411347, 6.374878], [-75.411504, 6.374885], [-75.411448, 6.374978]]], [[[-75.411904, 6.372117], [-75.411879, 6.372284], [-75.411837, 6.372326], [-75.411828, 6.372177], [-75.411904, 6.372117]]], [[[-75.411661, 6.372091], [-75.411491, 6.372312], [-75.411402, 6.372314], [-75.411534, 6.37211], [-75.411661, 6.372091]]], [[[-75.411648, 6.394559], [-75.411552, 6.394763], [-75.411512, 6.394471], [-75.411648, 6.394559]]], [[[-75.412729, 6.349228], [-75.412602, 6.349303], [-75.412518, 6.349303], [-75.412676, 6.349184], [-75.412729, 6.349228]]], [[[-75.411555, 6.360426], [-75.411457, 6.360466], [-75.411465, 6.360399], [-75.411555, 6.360426]]], [[[-75.411839, 6.387327], [-75.411738, 6.387376], [-75.411637, 6.387365], [-75.411704, 6.387298], [-75.411839, 6.387327]]], [[[-75.41239, 6.39505], [-75.412357, 6.395158], [-75.412268, 6.395031], [-75.41239, 6.39505]]], [[[-75.412032, 6.39519], [-75.411881, 6.395183], [-75.411772, 6.394952], [-75.412013, 6.394973], [-75.412032, 6.39519]]], [[[-75.411824, 6.37551], [-75.411745, 6.375562], [-75.411714, 6.375509], [-75.411824, 6.37551]]], [[[-75.412026, 6.363673], [-75.411899, 6.363621], [-75.411813, 6.36353], [-75.41204, 6.363577], [-75.412026, 6.363673]]], [[[-75.411887, 6.373378], [-75.411944, 6.373535], [-75.411905, 6.373546], [-75.411887, 6.373378]]], [[[-75.412509, 6.362513], [-75.412299, 6.362895], [-75.411957, 6.362888], [-75.412306, 6.362723], [-75.412509, 6.362513]]], [[[-75.413048, 6.362035], [-75.412858, 6.362234], [-75.412655, 6.362311], [-75.412654, 6.362145], [-75.412767, 6.362037], [-75.413026, 6.36194], [-75.413048, 6.362035]]], [[[-75.412472, 6.362102], [-75.41218, 6.362198], [-75.412044, 6.362365], [-75.41186, 6.362361], [-75.411907, 6.362132], [-75.412505, 6.36179], [-75.412472, 6.362102]]], [[[-75.412118, 6.387171], [-75.412034, 6.387194], [-75.412031, 6.387163], [-75.412118, 6.387171]]], [[[-75.412061, 6.353852], [-75.411986, 6.353939], [-75.411961, 6.353937], [-75.412061, 6.353852]]], [[[-75.412258, 6.392285], [-75.412216, 6.392386], [-75.412174, 6.392398], [-75.412191, 6.39233], [-75.412258, 6.392285]]], [[[-75.417517, 6.394328], [-75.416964, 6.394671], [-75.416912, 6.394889], [-75.416389, 6.395254], [-75.416044, 6.395293], [-75.415401, 6.39556], [-75.415004, 6.395469], [-75.414685, 6.394815], [-75.414417, 6.394914], [-75.414444, 6.395214], [-75.414179, 6.395063], [-75.414244, 6.394896], [-75.41414, 6.394745], [-75.414442, 6.394151], [-75.414482, 6.39429], [-75.414389, 6.394508], [-75.414485, 6.39463], [-75.414622, 6.394608], [-75.414764, 6.394257], [-75.414851, 6.394669], [-75.414971, 6.394706], [-75.415007, 6.394372], [-75.415137, 6.39435], [-75.415191, 6.394745], [-75.415012, 6.394844], [-75.415169, 6.394998], [-75.415644, 6.395045], [-75.416041, 6.39494], [-75.416183, 6.394732], [-75.416192, 6.394225], [-75.416018, 6.39406], [-75.415625, 6.394018], [-75.415543, 6.393942], [-75.41561, 6.393902], [-75.415984, 6.39396], [-75.416328, 6.39413], [-75.416945, 6.394018], [-75.417127, 6.394059], [-75.417113, 6.394196], [-75.41661, 6.394175], [-75.416422, 6.394269], [-75.416254, 6.394626], [-75.416408, 6.394869], [-75.416602, 6.394848], [-75.416574, 6.394562], [-75.416652, 6.394448], [-75.417517, 6.394328]], [[-75.415615, 6.395123], [-75.41529, 6.39514], [-75.415191, 6.395323], [-75.415372, 6.395425], [-75.415669, 6.395384], [-75.415775, 6.39524], [-75.415615, 6.395123]]], [[[-75.415549, 6.394277], [-75.415464, 6.394384], [-75.415326, 6.394254], [-75.415442, 6.394164], [-75.415549, 6.394277]]], [[[-75.413921, 6.394878], [-75.413791, 6.394889], [-75.41367, 6.394703], [-75.413314, 6.394566], [-75.413313, 6.394367], [-75.413028, 6.394308], [-75.412727, 6.393949], [-75.412425, 6.394072], [-75.412408, 6.393943], [-75.412546, 6.393809], [-75.412959, 6.393931], [-75.413437, 6.393871], [-75.41338, 6.394038], [-75.41356, 6.394235], [-75.413521, 6.394378], [-75.413921, 6.394878]]], [[[-75.413451, 6.395015], [-75.413475, 6.395104], [-75.413417, 6.395071], [-75.413451, 6.395015]]], [[[-75.413295, 6.394969], [-75.413237, 6.394919], [-75.41327, 6.394834], [-75.413327, 6.394885], [-75.413295, 6.394969]]], [[[-75.41393, 6.394524], [-75.413991, 6.394469], [-75.414048, 6.394503], [-75.413997, 6.394558], [-75.41393, 6.394524]]], [[[-75.414495, 6.395352], [-75.414647, 6.395253], [-75.414539, 6.395506], [-75.414495, 6.395352]]], [[[-75.415843, 6.39476], [-75.41571, 6.394684], [-75.415799, 6.394461], [-75.415911, 6.394658], [-75.415843, 6.39476]]], [[[-75.417163, 6.393871], [-75.417248, 6.393821], [-75.417389, 6.393854], [-75.417304, 6.393907], [-75.417163, 6.393871]]], [[[-75.412291, 6.393256], [-75.412235, 6.393206], [-75.412268, 6.393121], [-75.412324, 6.393172], [-75.412291, 6.393256]]], [[[-75.412534, 6.394572], [-75.412286, 6.394624], [-75.412567, 6.394295], [-75.412601, 6.394436], [-75.412534, 6.394572]]], [[[-75.412442, 6.360422], [-75.412256, 6.360474], [-75.412189, 6.360423], [-75.412442, 6.360422]]], [[[-75.412578, 6.387007], [-75.412454, 6.387062], [-75.412358, 6.387028], [-75.412471, 6.386973], [-75.412578, 6.387007]]], [[[-75.412548, 6.390271], [-75.41248, 6.390246], [-75.412423, 6.390145], [-75.412502, 6.390162], [-75.412548, 6.390271]]], [[[-75.412556, 6.395613], [-75.412494, 6.395599], [-75.412556, 6.395576], [-75.412556, 6.395613]]], [[[-75.412637, 6.351381], [-75.412496, 6.351419], [-75.412355, 6.351364], [-75.412553, 6.351348], [-75.412637, 6.351381]]], [[[-75.412762, 6.373489], [-75.412617, 6.373543], [-75.412532, 6.373518], [-75.412628, 6.373426], [-75.412762, 6.373489]]], [[[-75.412726, 6.393294], [-75.412658, 6.393192], [-75.412703, 6.393074], [-75.412759, 6.393243], [-75.412726, 6.393294]]], [[[-75.412733, 6.380839], [-75.41275, 6.380951], [-75.412694, 6.380949], [-75.412733, 6.380839]]], [[[-75.41277, 6.374068], [-75.41267, 6.373973], [-75.412692, 6.37386], [-75.412792, 6.373944], [-75.41277, 6.374068]]], [[[-75.412933, 6.368176], [-75.412832, 6.368374], [-75.412771, 6.368374], [-75.412826, 6.368177], [-75.412933, 6.368176]]], [[[-75.413713, 6.393145], [-75.413477, 6.393491], [-75.413248, 6.393499], [-75.413101, 6.393648], [-75.412965, 6.393643], [-75.413119, 6.393387], [-75.413713, 6.393145]]], [[[-75.413003, 6.394564], [-75.412961, 6.394632], [-75.412936, 6.394582], [-75.413003, 6.394564]]], [[[-75.413011, 6.369173], [-75.412848, 6.36923], [-75.412822, 6.369174], [-75.413011, 6.369173]]], [[[-75.413247, 6.392455], [-75.413223, 6.392777], [-75.413184, 6.392794], [-75.413117, 6.392569], [-75.413247, 6.392455]]], [[[-75.413013, 6.392761], [-75.412953, 6.392838], [-75.412927, 6.392846], [-75.412936, 6.392686], [-75.413013, 6.392761]]], [[[-75.413242, 6.38768], [-75.413022, 6.387768], [-75.41296, 6.387737], [-75.413135, 6.387627], [-75.413242, 6.38768]]], [[[-75.412961, 6.371106], [-75.412962, 6.371168], [-75.41295, 6.371168], [-75.412961, 6.371106]]], [[[-75.413439, 6.348804], [-75.413304, 6.348957], [-75.41305, 6.349035], [-75.41327, 6.348856], [-75.413439, 6.348804]]], [[[-75.413171, 6.351945], [-75.41303, 6.352101], [-75.412969, 6.352101], [-75.413064, 6.351943], [-75.413171, 6.351945]]], [[[-75.413172, 6.388375], [-75.413223, 6.388417], [-75.413147, 6.388443], [-75.413172, 6.388375]]], [[[-75.413156, 6.378972], [-75.413182, 6.379048], [-75.413106, 6.379048], [-75.413156, 6.378972]]], [[[-75.413342, 6.371887], [-75.413238, 6.371893], [-75.413137, 6.371834], [-75.413377, 6.371764], [-75.413342, 6.371887]]], [[[-75.413377, 6.375874], [-75.413235, 6.375823], [-75.413178, 6.37572], [-75.413307, 6.375744], [-75.413377, 6.375874]]], [[[-75.413376, 6.363193], [-75.413377, 6.363255], [-75.413365, 6.363255], [-75.413376, 6.363193]]], [[[-75.413277, 6.391387], [-75.413294, 6.391437], [-75.413243, 6.391438], [-75.413277, 6.391387]]], [[[-75.413584, 6.361587], [-75.413567, 6.361749], [-75.41367, 6.362107], [-75.413586, 6.362247], [-75.413396, 6.361802], [-75.413188, 6.361656], [-75.413429, 6.3617], [-75.413584, 6.361587]]], [[[-75.413504, 6.395393], [-75.413426, 6.395415], [-75.413425, 6.395385], [-75.413504, 6.395393]]], [[[-75.413555, 6.364045], [-75.413465, 6.363944], [-75.413458, 6.363791], [-75.413543, 6.363859], [-75.413555, 6.364045]]], [[[-75.413859, 6.371064], [-75.413798, 6.37117], [-75.41344, 6.370771], [-75.413728, 6.370812], [-75.413859, 6.371064]]], [[[-75.41378, 6.374561], [-75.41383, 6.374544], [-75.413841, 6.374572], [-75.41378, 6.374561]]], [[[-75.413632, 6.374397], [-75.413547, 6.374364], [-75.41353, 6.374229], [-75.413637, 6.374251], [-75.413632, 6.374397]]], [[[-75.41362, 6.353163], [-75.413502, 6.353215], [-75.413519, 6.353122], [-75.41362, 6.353163]]], [[[-75.414162, 6.387432], [-75.413801, 6.387161], [-75.41381, 6.387112], [-75.413962, 6.387129], [-75.414162, 6.387432]]], [[[-75.413962, 6.390725], [-75.413844, 6.390791], [-75.413785, 6.390765], [-75.413912, 6.390678], [-75.413962, 6.390725]]], [[[-75.413677, 6.36943], [-75.413677, 6.369492], [-75.413666, 6.369492], [-75.413677, 6.36943]]], [[[-75.413867, 6.386089], [-75.413808, 6.386137], [-75.413783, 6.386095], [-75.413867, 6.386089]]], [[[-75.413933, 6.36304], [-75.413838, 6.36308], [-75.413746, 6.363035], [-75.413836, 6.362974], [-75.413933, 6.36304]]], [[[-75.414242, 6.372854], [-75.413951, 6.37337], [-75.413876, 6.373387], [-75.4139, 6.373131], [-75.414194, 6.372793], [-75.414242, 6.372854]]], [[[-75.413865, 6.362597], [-75.413814, 6.362555], [-75.413824, 6.362402], [-75.413892, 6.362481], [-75.413865, 6.362597]]], [[[-75.41401, 6.392395], [-75.41401, 6.392457], [-75.413999, 6.392457], [-75.41401, 6.392395]]], [[[-75.414577, 6.348265], [-75.414228, 6.348456], [-75.413834, 6.348593], [-75.414357, 6.348243], [-75.414532, 6.348188], [-75.414577, 6.348265]]], [[[-75.414083, 6.380188], [-75.4141, 6.380264], [-75.414049, 6.380264], [-75.414083, 6.380188]]], [[[-75.414233, 6.383233], [-75.414156, 6.383318], [-75.41408, 6.383268], [-75.414182, 6.3832], [-75.414233, 6.383233]]], [[[-75.414315, 6.393738], [-75.414242, 6.393739], [-75.414298, 6.393654], [-75.414315, 6.393738]]], [[[-75.41421, 6.376156], [-75.414149, 6.376218], [-75.41416, 6.37613], [-75.41421, 6.376156]]], [[[-75.414337, 6.376593], [-75.414287, 6.376635], [-75.414286, 6.376585], [-75.414337, 6.376593]]], [[[-75.414554, 6.378479], [-75.414453, 6.378505], [-75.414374, 6.378497], [-75.414554, 6.378363], [-75.414554, 6.378479]]], [[[-75.41487, 6.376245], [-75.414574, 6.375975], [-75.41465, 6.375753], [-75.414739, 6.376057], [-75.415039, 6.376279], [-75.41487, 6.376245]]], [[[-75.414378, 6.375751], [-75.414362, 6.375818], [-75.414336, 6.375768], [-75.414378, 6.375751]]], [[[-75.41477, 6.384966], [-75.414582, 6.385125], [-75.41449, 6.385125], [-75.414737, 6.384881], [-75.41477, 6.384966]]], [[[-75.414584, 6.361915], [-75.414443, 6.36169], [-75.414459, 6.361571], [-75.414569, 6.361656], [-75.414584, 6.361915]]], [[[-75.414703, 6.37689], [-75.414544, 6.376798], [-75.414631, 6.376609], [-75.41477, 6.376806], [-75.414703, 6.37689]]], [[[-75.414593, 6.391443], [-75.414593, 6.391505], [-75.414582, 6.391505], [-75.414593, 6.391443]]], [[[-75.414735, 6.393979], [-75.414678, 6.393889], [-75.414712, 6.393833], [-75.414768, 6.3939], [-75.414735, 6.393979]]], [[[-75.414769, 6.374878], [-75.4146, 6.374842], [-75.414589, 6.374817], [-75.414769, 6.374878]]], [[[-75.414745, 6.386661], [-75.41467, 6.386749], [-75.414645, 6.386746], [-75.414745, 6.386661]]], [[[-75.414813, 6.382144], [-75.414758, 6.382296], [-75.414731, 6.382304], [-75.414813, 6.382144]]], [[[-75.41494, 6.381099], [-75.414861, 6.381286], [-75.414737, 6.381233], [-75.414827, 6.381095], [-75.41494, 6.381099]]], [[[-75.414744, 6.351725], [-75.41467, 6.351675], [-75.414695, 6.351562], [-75.414767, 6.351629], [-75.414744, 6.351725]]], [[[-75.414943, 6.366409], [-75.414882, 6.366367], [-75.414966, 6.366254], [-75.414994, 6.366341], [-75.414943, 6.366409]]], [[[-75.414978, 6.359562], [-75.414929, 6.359512], [-75.41494, 6.359292], [-75.414994, 6.359461], [-75.414978, 6.359562]]], [[[-75.415094, 6.362184], [-75.414993, 6.362159], [-75.414992, 6.362078], [-75.41515, 6.362108], [-75.415094, 6.362184]]], [[[-75.415185, 6.393649], [-75.415129, 6.393599], [-75.415162, 6.393514], [-75.415218, 6.393565], [-75.415185, 6.393649]]], [[[-75.415321, 6.388224], [-75.415239, 6.38819], [-75.415221, 6.388055], [-75.415328, 6.388077], [-75.415321, 6.388224]]], [[[-75.415231, 6.39257], [-75.415231, 6.392632], [-75.41522, 6.392632], [-75.415231, 6.39257]]], [[[-75.415456, 6.382142], [-75.415261, 6.3822], [-75.415297, 6.381889], [-75.415439, 6.381973], [-75.415456, 6.382142]]], [[[-75.415441, 6.374781], [-75.415436, 6.374931], [-75.415374, 6.374788], [-75.415441, 6.374781]]], [[[-75.415584, 6.386321], [-75.415481, 6.386378], [-75.415574, 6.386234], [-75.415584, 6.386321]]], [[[-75.415651, 6.354547], [-75.415338, 6.354743], [-75.415326, 6.354737], [-75.415392, 6.354625], [-75.415651, 6.354547]]], [[[-75.415604, 6.362161], [-75.415498, 6.362261], [-75.415391, 6.362256], [-75.41557, 6.362036], [-75.415604, 6.362161]]], [[[-75.415767, 6.367309], [-75.415556, 6.367319], [-75.415519, 6.36726], [-75.415663, 6.367228], [-75.415767, 6.367309]]], [[[-75.415782, 6.385992], [-75.415715, 6.386066], [-75.415658, 6.385971], [-75.415782, 6.385992]]], [[[-75.41575, 6.368245], [-75.41575, 6.368307], [-75.415739, 6.368307], [-75.41575, 6.368245]]], [[[-75.415877, 6.393004], [-75.415793, 6.393059], [-75.415758, 6.392975], [-75.415809, 6.392942], [-75.415877, 6.393004]]], [[[-75.415938, 6.38804], [-75.415828, 6.388023], [-75.415797, 6.387965], [-75.415923, 6.387933], [-75.415938, 6.38804]]], [[[-75.415921, 6.36133], [-75.415939, 6.361669], [-75.41586, 6.361711], [-75.415758, 6.361542], [-75.415757, 6.361281], [-75.415921, 6.36133]]], [[[-75.415973, 6.370923], [-75.415923, 6.370979], [-75.415901, 6.370912], [-75.415973, 6.370923]]], [[[-75.416437, 6.391634], [-75.416348, 6.391751], [-75.416216, 6.391797], [-75.416386, 6.391514], [-75.416437, 6.391634]]], [[[-75.416331, 6.389151], [-75.416198, 6.389093], [-75.416169, 6.388986], [-75.416366, 6.389087], [-75.416331, 6.389151]]], [[[-75.416035, 6.351968], [-75.416036, 6.35203], [-75.416024, 6.35203], [-75.416035, 6.351968]]], [[[-75.41644, 6.390197], [-75.416319, 6.390364], [-75.41626, 6.390389], [-75.41644, 6.390197]]], [[[-75.416251, 6.360732], [-75.416211, 6.36063], [-75.416267, 6.360461], [-75.416284, 6.36063], [-75.416251, 6.360732]]], [[[-75.416589, 6.37687], [-75.416364, 6.376981], [-75.416285, 6.376905], [-75.416451, 6.376843], [-75.416589, 6.37687]]], [[[-75.416475, 6.346209], [-75.416379, 6.346525], [-75.416281, 6.34661], [-75.416475, 6.346209]]], [[[-75.416384, 6.361257], [-75.416434, 6.36124], [-75.416445, 6.361268], [-75.416384, 6.361257]]], [[[-75.416646, 6.352683], [-75.416555, 6.352624], [-75.416506, 6.352367], [-75.416612, 6.352486], [-75.416646, 6.352683]]], [[[-75.416719, 6.358303], [-75.416641, 6.35832], [-75.416652, 6.358258], [-75.416719, 6.358303]]], [[[-75.417365, 6.388746], [-75.416949, 6.388773], [-75.416962, 6.388592], [-75.416822, 6.388449], [-75.417365, 6.388746]]], [[[-75.416883, 6.364199], [-75.416798, 6.364182], [-75.416786, 6.363912], [-75.416899, 6.36408], [-75.416883, 6.364199]]], [[[-75.416979, 6.359485], [-75.416877, 6.359342], [-75.416882, 6.359147], [-75.416996, 6.359401], [-75.416979, 6.359485]]], [[[-75.416998, 6.35987], [-75.416956, 6.359937], [-75.416931, 6.359887], [-75.416998, 6.35987]]], [[[-75.417159, 6.365053], [-75.417098, 6.365197], [-75.417035, 6.365232], [-75.417088, 6.36489], [-75.417159, 6.365053]]], [[[-75.417879, 6.362714], [-75.417124, 6.362073], [-75.417005, 6.361896], [-75.417256, 6.361917], [-75.417596, 6.362128], [-75.418214, 6.362734], [-75.418321, 6.362966], [-75.417879, 6.362714]]], [[[-75.417055, 6.34537], [-75.417021, 6.345521], [-75.416999, 6.345538], [-75.416965, 6.345421], [-75.417055, 6.34537]]], [[[-75.417062, 6.354156], [-75.416977, 6.35406], [-75.417027, 6.353947], [-75.417112, 6.354031], [-75.417062, 6.354156]]], [[[-75.417282, 6.385468], [-75.41718, 6.385384], [-75.417202, 6.385232], [-75.417315, 6.3854], [-75.417282, 6.385468]]], [[[-75.417148, 6.367696], [-75.417148, 6.367758], [-75.417137, 6.367758], [-75.417148, 6.367696]]], [[[-75.417212, 6.361497], [-75.417275, 6.36162], [-75.417255, 6.361631], [-75.417212, 6.361497]]], [[[-75.41741, 6.359907], [-75.417333, 6.360068], [-75.41726, 6.359767], [-75.417361, 6.359789], [-75.41741, 6.359907]]], [[[-75.41756, 6.389343], [-75.417484, 6.389301], [-75.417401, 6.389141], [-75.417511, 6.389194], [-75.41756, 6.389343]]], [[[-75.417289, 6.344975], [-75.417186, 6.34504], [-75.417278, 6.344859], [-75.417289, 6.344975]]], [[[-75.417434, 6.368587], [-75.417367, 6.368613], [-75.417378, 6.368503], [-75.417434, 6.368587]]], [[[-75.41746, 6.343773], [-75.417417, 6.344366], [-75.417372, 6.344406], [-75.41746, 6.343773]]], [[[-75.418467, 6.342487], [-75.417602, 6.343481], [-75.417487, 6.343535], [-75.41747, 6.343434], [-75.417647, 6.343207], [-75.418467, 6.342487]]], [[[-75.417999, 6.394275], [-75.417883, 6.394352], [-75.417824, 6.394346], [-75.417949, 6.394165], [-75.417999, 6.394275]]], [[[-75.418023, 6.37661], [-75.417905, 6.376666], [-75.417904, 6.37661], [-75.418023, 6.37661]]], [[[-75.418121, 6.387651], [-75.418046, 6.387575], [-75.418062, 6.387395], [-75.418163, 6.387513], [-75.418121, 6.387651]]], [[[-75.418, 6.357921], [-75.417944, 6.357853], [-75.417977, 6.357741], [-75.418033, 6.357808], [-75.418, 6.357921]]], [[[-75.418635, 6.389691], [-75.418511, 6.389729], [-75.418338, 6.389538], [-75.418499, 6.38959], [-75.418635, 6.389691]]], [[[-75.418663, 6.383642], [-75.418453, 6.38399], [-75.418311, 6.383855], [-75.418384, 6.383726], [-75.418663, 6.383642]]], [[[-75.418235, 6.358649], [-75.418236, 6.358711], [-75.418225, 6.358711], [-75.418235, 6.358649]]], [[[-75.418438, 6.358433], [-75.41836, 6.358128], [-75.418375, 6.357693], [-75.418478, 6.358117], [-75.418438, 6.358433]]], [[[-75.41896, 6.366291], [-75.418427, 6.366294], [-75.41839, 6.366215], [-75.418593, 6.366181], [-75.41896, 6.366291]]], [[[-75.418638, 6.359022], [-75.418554, 6.359029], [-75.418446, 6.358965], [-75.418587, 6.358967], [-75.418638, 6.359022]]], [[[-75.418795, 6.390632], [-75.418679, 6.390581], [-75.418625, 6.3905], [-75.418813, 6.39057], [-75.418795, 6.390632]]], [[[-75.418607, 6.371707], [-75.418551, 6.371656], [-75.418584, 6.371572], [-75.41864, 6.371622], [-75.418607, 6.371707]]], [[[-75.418777, 6.37794], [-75.418769, 6.378075], [-75.418668, 6.378101], [-75.41871, 6.377957], [-75.418777, 6.37794]]], [[[-75.418645, 6.355557], [-75.418652, 6.355994], [-75.41863, 6.356019], [-75.418645, 6.355557]]], [[[-75.418751, 6.354719], [-75.418702, 6.354643], [-75.418713, 6.354544], [-75.41878, 6.354603], [-75.418751, 6.354719]]], [[[-75.418793, 6.358375], [-75.418827, 6.358437], [-75.418794, 6.358488], [-75.41876, 6.358437], [-75.418793, 6.358375]]], [[[-75.418955, 6.357261], [-75.418817, 6.357419], [-75.418933, 6.357158], [-75.418955, 6.357261]]], [[[-75.419293, 6.385438], [-75.419208, 6.385493], [-75.419067, 6.38546], [-75.419152, 6.385404], [-75.419293, 6.385438]]], [[[-75.420138, 6.341112], [-75.419928, 6.341341], [-75.418898, 6.342009], [-75.419864, 6.340956], [-75.420198, 6.340853], [-75.420138, 6.341112]]], [[[-75.419151, 6.39002], [-75.419151, 6.390082], [-75.41914, 6.390082], [-75.419151, 6.39002]]], [[[-75.41921, 6.384752], [-75.419154, 6.384691], [-75.419187, 6.384634], [-75.419244, 6.384685], [-75.41921, 6.384752]]], [[[-75.419396, 6.366956], [-75.419339, 6.366914], [-75.419324, 6.366753], [-75.419422, 6.366807], [-75.419396, 6.366956]]], [[[-75.419373, 6.354337], [-75.4193, 6.354338], [-75.419356, 6.354253], [-75.419373, 6.354337]]], [[[-75.41969, 6.383357], [-75.419639, 6.383406], [-75.419453, 6.383395], [-75.419537, 6.383328], [-75.41969, 6.383357]]], [[[-75.419686, 6.380229], [-75.419627, 6.38017], [-75.419604, 6.380041], [-75.419677, 6.380097], [-75.419686, 6.380229]]], [[[-75.419975, 6.388917], [-75.419676, 6.388777], [-75.419836, 6.388676], [-75.419945, 6.388445], [-75.420027, 6.388627], [-75.419975, 6.388917]]], [[[-75.420079, 6.37203], [-75.419926, 6.372046], [-75.419947, 6.371981], [-75.420079, 6.37203]]], [[[-75.419791, 6.371855], [-75.419611, 6.371782], [-75.419602, 6.371717], [-75.419793, 6.371685], [-75.419933, 6.371802], [-75.419791, 6.371855]]], [[[-75.42008, 6.366914], [-75.419741, 6.367073], [-75.419658, 6.367009], [-75.419953, 6.366863], [-75.42008, 6.366914]]], [[[-75.420093, 6.356258], [-75.420031, 6.356097], [-75.420114, 6.355787], [-75.420142, 6.356072], [-75.420093, 6.356258]]], [[[-75.420319, 6.368325], [-75.420122, 6.368286], [-75.420093, 6.368202], [-75.420291, 6.368241], [-75.420319, 6.368325]]], [[[-75.420196, 6.370878], [-75.420135, 6.370971], [-75.420145, 6.370827], [-75.420196, 6.370878]]], [[[-75.420028, 6.355386], [-75.420028, 6.355447], [-75.420017, 6.355447], [-75.420028, 6.355386]]], [[[-75.420196, 6.343031], [-75.420182, 6.343167], [-75.420119, 6.342981], [-75.420196, 6.343031]]], [[[-75.420311, 6.368941], [-75.420272, 6.368874], [-75.420327, 6.368761], [-75.420345, 6.368873], [-75.420311, 6.368941]]], [[[-75.420311, 6.367681], [-75.420312, 6.367743], [-75.4203, 6.367743], [-75.420311, 6.367681]]], [[[-75.42062, 6.349601], [-75.420452, 6.349492], [-75.420335, 6.349284], [-75.420609, 6.349441], [-75.42062, 6.349601]]], [[[-75.420417, 6.357639], [-75.420401, 6.357876], [-75.42039, 6.357876], [-75.420417, 6.357639]]], [[[-75.420889, 6.389138], [-75.420683, 6.38914], [-75.420699, 6.388922], [-75.420889, 6.389138]]], [[[-75.42063, 6.340537], [-75.420563, 6.340588], [-75.420506, 6.340585], [-75.420585, 6.340475], [-75.42063, 6.340537]]], [[[-75.421218, 6.383392], [-75.421216, 6.38346], [-75.421192, 6.383467], [-75.421218, 6.383392]]], [[[-75.421021, 6.383298], [-75.420799, 6.383295], [-75.420908, 6.383164], [-75.420868, 6.382936], [-75.421002, 6.382954], [-75.421209, 6.383194], [-75.421021, 6.383298]]], [[[-75.420716, 6.367272], [-75.420716, 6.367334], [-75.420705, 6.367334], [-75.420716, 6.367272]]], [[[-75.420895, 6.371679], [-75.420818, 6.371637], [-75.420835, 6.371567], [-75.420936, 6.371586], [-75.420895, 6.371679]]], [[[-75.420859, 6.345447], [-75.420741, 6.345504], [-75.420741, 6.345447], [-75.420859, 6.345447]]], [[[-75.421441, 6.378526], [-75.421198, 6.378524], [-75.421101, 6.378355], [-75.421322, 6.378426], [-75.421441, 6.378526]]], [[[-75.42122, 6.389626], [-75.421171, 6.389567], [-75.421182, 6.389446], [-75.421249, 6.389527], [-75.42122, 6.389626]]], [[[-75.421083, 6.344994], [-75.420965, 6.34505], [-75.420965, 6.344994], [-75.421083, 6.344994]]], [[[-75.4213, 6.371785], [-75.421209, 6.37176], [-75.421166, 6.371659], [-75.421303, 6.371675], [-75.4213, 6.371785]]], [[[-75.421058, 6.353392], [-75.421058, 6.353453], [-75.421047, 6.353453], [-75.421058, 6.353392]]], [[[-75.421437, 6.374186], [-75.42137, 6.374262], [-75.421237, 6.374263], [-75.42137, 6.374144], [-75.421437, 6.374186]]], [[[-75.421282, 6.382053], [-75.421283, 6.382115], [-75.421272, 6.382115], [-75.421282, 6.382053]]], [[[-75.421103, 6.343717], [-75.421103, 6.343778], [-75.421092, 6.343778], [-75.421103, 6.343717]]], [[[-75.421469, 6.353245], [-75.421408, 6.353307], [-75.421419, 6.353217], [-75.421469, 6.353245]]], [[[-75.42142, 6.353616], [-75.421421, 6.353678], [-75.421409, 6.353678], [-75.42142, 6.353616]]], [[[-75.42154, 6.351394], [-75.421466, 6.351327], [-75.421488, 6.351214], [-75.421564, 6.351247], [-75.42154, 6.351394]]], [[[-75.421569, 6.346792], [-75.421626, 6.34691], [-75.42157, 6.34691], [-75.421569, 6.346792]]], [[[-75.421637, 6.354592], [-75.421529, 6.354516], [-75.42162, 6.353988], [-75.421704, 6.354355], [-75.421637, 6.354592]]], [[[-75.42182, 6.338949], [-75.42159, 6.339376], [-75.421508, 6.339775], [-75.421531, 6.339174], [-75.42182, 6.338949]]], [[[-75.421983, 6.355599], [-75.421905, 6.355874], [-75.42168, 6.355959], [-75.421848, 6.35565], [-75.421983, 6.355599]]], [[[-75.421768, 6.361537], [-75.421692, 6.361625], [-75.421667, 6.361622], [-75.421768, 6.361537]]], [[[-75.421656, 6.342465], [-75.42169, 6.342546], [-75.421657, 6.342606], [-75.421623, 6.342538], [-75.421656, 6.342465]]], [[[-75.422279, 6.325991], [-75.42217, 6.326058], [-75.422123, 6.326296], [-75.422012, 6.325972], [-75.421658, 6.325608], [-75.421652, 6.325217], [-75.421797, 6.325615], [-75.422039, 6.32582], [-75.422273, 6.325774], [-75.422279, 6.325991]]], [[[-75.421736, 6.344932], [-75.421696, 6.344861], [-75.421751, 6.344748], [-75.421769, 6.344864], [-75.421736, 6.344932]]], [[[-75.421863, 6.366284], [-75.421785, 6.366306], [-75.421785, 6.366276], [-75.421863, 6.366284]]], [[[-75.422274, 6.345406], [-75.422325, 6.345389], [-75.422336, 6.345417], [-75.422274, 6.345406]]], [[[-75.422134, 6.345504], [-75.421988, 6.345701], [-75.421901, 6.346464], [-75.421726, 6.345619], [-75.421834, 6.345212], [-75.422134, 6.345504]]], [[[-75.421823, 6.344467], [-75.421733, 6.344521], [-75.421677, 6.344488], [-75.421745, 6.344433], [-75.421823, 6.344467]]], [[[-75.422567, 6.322327], [-75.422511, 6.32241], [-75.422308, 6.322298], [-75.422209, 6.32205], [-75.422567, 6.322327]]], [[[-75.421993, 6.321949], [-75.42204, 6.322084], [-75.422047, 6.322515], [-75.421912, 6.322193], [-75.421993, 6.321949]]], [[[-75.422104, 6.322699], [-75.421742, 6.323267], [-75.421659, 6.323799], [-75.421624, 6.323364], [-75.421711, 6.323051], [-75.422104, 6.322699]]], [[[-75.421777, 6.342858], [-75.421833, 6.342975], [-75.421777, 6.342975], [-75.421777, 6.342858]]], [[[-75.422075, 6.378771], [-75.422015, 6.378721], [-75.42199, 6.378639], [-75.422099, 6.378709], [-75.422075, 6.378771]]], [[[-75.421929, 6.348239], [-75.42188, 6.348163], [-75.421891, 6.348064], [-75.421958, 6.348123], [-75.421929, 6.348239]]], [[[-75.421968, 6.364328], [-75.421968, 6.36439], [-75.421957, 6.36439], [-75.421968, 6.364328]]], [[[-75.422122, 6.347303], [-75.422093, 6.347583], [-75.422085, 6.347278], [-75.422122, 6.347303]]], [[[-75.422294, 6.338423], [-75.422098, 6.338719], [-75.422045, 6.338733], [-75.422294, 6.338423]]], [[[-75.422472, 6.36111], [-75.422331, 6.361025], [-75.422239, 6.360749], [-75.422251, 6.359817], [-75.422472, 6.36111]]], [[[-75.422772, 6.325071], [-75.422181, 6.324734], [-75.422068, 6.324176], [-75.422397, 6.324701], [-75.422741, 6.324926], [-75.422772, 6.325071]]], [[[-75.4224, 6.3446], [-75.422299, 6.344688], [-75.422147, 6.344695], [-75.422214, 6.344611], [-75.4224, 6.3446]]], [[[-75.422387, 6.351424], [-75.422176, 6.351473], [-75.422162, 6.351453], [-75.422387, 6.351424]]], [[[-75.422322, 6.342427], [-75.422204, 6.342479], [-75.422153, 6.342485], [-75.422339, 6.342298], [-75.422322, 6.342427]]], [[[-75.422273, 6.346412], [-75.4222, 6.346412], [-75.422256, 6.346328], [-75.422273, 6.346412]]], [[[-75.42278, 6.348953], [-75.422316, 6.34877], [-75.42223, 6.348274], [-75.422379, 6.348091], [-75.422541, 6.348216], [-75.422465, 6.34856], [-75.422699, 6.348739], [-75.42278, 6.348953]]], [[[-75.422807, 6.35058], [-75.422824, 6.350631], [-75.422796, 6.350642], [-75.422807, 6.35058]]], [[[-75.422384, 6.350685], [-75.422358, 6.350759], [-75.422257, 6.350775], [-75.422274, 6.350671], [-75.422384, 6.350685]]], [[[-75.422629, 6.354963], [-75.422563, 6.355198], [-75.422292, 6.355307], [-75.422282, 6.355148], [-75.422468, 6.35503], [-75.422572, 6.354799], [-75.422629, 6.354963]]], [[[-75.422783, 6.356397], [-75.422653, 6.356322], [-75.422668, 6.356001], [-75.422719, 6.356057], [-75.422783, 6.356397]]], [[[-75.422562, 6.355693], [-75.42247, 6.35588], [-75.422531, 6.355656], [-75.422562, 6.355693]]], [[[-75.422507, 6.346886], [-75.422587, 6.347244], [-75.422537, 6.34732], [-75.422507, 6.346886]]], [[[-75.422727, 6.368676], [-75.42257, 6.368733], [-75.422559, 6.368693], [-75.422727, 6.368676]]], [[[-75.42347, 6.334146], [-75.423245, 6.335119], [-75.422902, 6.335915], [-75.423366, 6.33437], [-75.423389, 6.333138], [-75.42351, 6.333581], [-75.42347, 6.334146]]], [[[-75.422807, 6.336189], [-75.422625, 6.337137], [-75.42253, 6.337326], [-75.422576, 6.336691], [-75.422807, 6.336189]]], [[[-75.422747, 6.320399], [-75.42265, 6.320754], [-75.422493, 6.320896], [-75.422724, 6.320082], [-75.422747, 6.320399]]], [[[-75.422679, 6.363233], [-75.422623, 6.363132], [-75.422656, 6.362963], [-75.422712, 6.363064], [-75.422679, 6.363233]]], [[[-75.423065, 6.349331], [-75.422825, 6.349641], [-75.422604, 6.349513], [-75.422654, 6.349349], [-75.422798, 6.349281], [-75.423065, 6.349331]]], [[[-75.423424, 6.323536], [-75.423114, 6.323284], [-75.423046, 6.323115], [-75.423328, 6.323255], [-75.423447, 6.323423], [-75.423424, 6.323536]]], [[[-75.422776, 6.323185], [-75.422849, 6.323642], [-75.423026, 6.32373], [-75.422806, 6.323774], [-75.422637, 6.324009], [-75.422827, 6.324131], [-75.42284, 6.324532], [-75.42253, 6.323909], [-75.422688, 6.32316], [-75.422776, 6.323185]]], [[[-75.423005, 6.322849], [-75.422573, 6.322938], [-75.42248, 6.322897], [-75.423005, 6.322849]]], [[[-75.422798, 6.364061], [-75.422681, 6.364112], [-75.422698, 6.364019], [-75.422798, 6.364061]]], [[[-75.423068, 6.341882], [-75.423166, 6.341876], [-75.423165, 6.341888], [-75.423068, 6.341882]]], [[[-75.423023, 6.341969], [-75.422953, 6.342048], [-75.4227, 6.342123], [-75.422796, 6.341987], [-75.423023, 6.341969]]], [[[-75.423003, 6.361237], [-75.422954, 6.361585], [-75.422873, 6.361661], [-75.422935, 6.360989], [-75.423003, 6.361237]]], [[[-75.422961, 6.352252], [-75.422911, 6.352328], [-75.422829, 6.352329], [-75.422899, 6.35221], [-75.422961, 6.352252]]], [[[-75.42276, 6.340544], [-75.42276, 6.340606], [-75.422749, 6.340606], [-75.42276, 6.340544]]], [[[-75.42349, 6.381937], [-75.423421, 6.38197], [-75.423073, 6.381892], [-75.423292, 6.381799], [-75.42349, 6.381937]]], [[[-75.423083, 6.366634], [-75.423009, 6.366566], [-75.423009, 6.366507], [-75.423126, 6.366555], [-75.423083, 6.366634]]], [[[-75.430897, 6.3533], [-75.430572, 6.353298], [-75.430683, 6.353487], [-75.430191, 6.353724], [-75.430179, 6.353922], [-75.430039, 6.354095], [-75.430175, 6.354625], [-75.429857, 6.354773], [-75.42995, 6.354574], [-75.429805, 6.354409], [-75.429868, 6.354055], [-75.429773, 6.353931], [-75.429795, 6.353709], [-75.429958, 6.35351], [-75.430383, 6.353402], [-75.430552, 6.353171], [-75.430839, 6.353193], [-75.430897, 6.3533]]], [[[-75.429598, 6.354578], [-75.429471, 6.354705], [-75.429169, 6.354563], [-75.429479, 6.354477], [-75.429598, 6.354578]]], [[[-75.428996, 6.354456], [-75.42871, 6.354587], [-75.428956, 6.354886], [-75.428548, 6.354936], [-75.427892, 6.353755], [-75.427606, 6.354155], [-75.427355, 6.353767], [-75.42688, 6.353742], [-75.426582, 6.353621], [-75.426182, 6.353821], [-75.426028, 6.353621], [-75.425932, 6.353936], [-75.426219, 6.354105], [-75.426087, 6.354294], [-75.426057, 6.354656], [-75.425887, 6.354414], [-75.425528, 6.354269], [-75.425383, 6.354039], [-75.425182, 6.354127], [-75.424996, 6.353653], [-75.424882, 6.354011], [-75.424656, 6.354224], [-75.424624, 6.35447], [-75.424283, 6.354602], [-75.424436, 6.354392], [-75.424344, 6.354235], [-75.424376, 6.354026], [-75.424618, 6.353825], [-75.424732, 6.353569], [-75.424701, 6.353458], [-75.424531, 6.353423], [-75.424278, 6.35278], [-75.424325, 6.352493], [-75.424503, 6.352335], [-75.424523, 6.352188], [-75.424244, 6.352019], [-75.423513, 6.351998], [-75.423266, 6.351853], [-75.422931, 6.351806], [-75.423633, 6.351611], [-75.423877, 6.351735], [-75.424153, 6.351726], [-75.424294, 6.35152], [-75.424579, 6.351344], [-75.424588, 6.351038], [-75.424123, 6.350793], [-75.424223, 6.350685], [-75.424187, 6.350517], [-75.424077, 6.350383], [-75.42388, 6.350353], [-75.423873, 6.350194], [-75.424088, 6.350095], [-75.424711, 6.350128], [-75.42495, 6.350217], [-75.425089, 6.350554], [-75.424901, 6.35073], [-75.424894, 6.350915], [-75.425129, 6.350969], [-75.425415, 6.351361], [-75.42523, 6.352056], [-75.42542, 6.352075], [-75.425463, 6.352235], [-75.425652, 6.352279], [-75.426448, 6.352135], [-75.426464, 6.352269], [-75.426741, 6.352431], [-75.426825, 6.352679], [-75.427254, 6.352472], [-75.427149, 6.351723], [-75.426905, 6.351293], [-75.426964, 6.351134], [-75.427102, 6.351154], [-75.427202, 6.351332], [-75.427268, 6.351958], [-75.427421, 6.352114], [-75.427405, 6.352334], [-75.427933, 6.352546], [-75.428189, 6.352806], [-75.428641, 6.352859], [-75.428053, 6.353007], [-75.427961, 6.353271], [-75.428361, 6.353476], [-75.428087, 6.353581], [-75.428141, 6.35372], [-75.428757, 6.353845], [-75.428637, 6.354136], [-75.428975, 6.354369], [-75.428996, 6.354456]], [[-75.424491, 6.3508], [-75.424491, 6.350621], [-75.424401, 6.350793], [-75.424491, 6.3508]], [[-75.424641, 6.350375], [-75.42459, 6.350317], [-75.424484, 6.350364], [-75.424512, 6.350513], [-75.424641, 6.350375]], [[-75.425041, 6.35181], [-75.424756, 6.351628], [-75.424702, 6.351499], [-75.424618, 6.351512], [-75.424542, 6.351924], [-75.424633, 6.352156], [-75.424848, 6.352141], [-75.424782, 6.351946], [-75.425041, 6.35181]], [[-75.424788, 6.352526], [-75.42465, 6.352592], [-75.424785, 6.352692], [-75.424826, 6.352612], [-75.424788, 6.352526]], [[-75.425456, 6.353399], [-75.425232, 6.353343], [-75.425158, 6.353431], [-75.425457, 6.353716], [-75.425557, 6.353538], [-75.425456, 6.353399]], [[-75.425653, 6.35367], [-75.425591, 6.353808], [-75.425668, 6.353872], [-75.425792, 6.353651], [-75.425653, 6.35367]], [[-75.427679, 6.353293], [-75.427423, 6.353209], [-75.427223, 6.35333], [-75.427758, 6.353424], [-75.427679, 6.353293]]], [[[-75.426303, 6.351749], [-75.426157, 6.351766], [-75.426184, 6.351709], [-75.426303, 6.351749]]], [[[-75.424945, 6.349896], [-75.424865, 6.349774], [-75.424565, 6.349696], [-75.424794, 6.349597], [-75.424908, 6.349176], [-75.425259, 6.349009], [-75.42541, 6.348501], [-75.42547, 6.348512], [-75.425515, 6.348892], [-75.425961, 6.348885], [-75.426338, 6.348701], [-75.426751, 6.348143], [-75.426949, 6.3481], [-75.426808, 6.348474], [-75.426871, 6.348774], [-75.426503, 6.34927], [-75.426234, 6.349394], [-75.426584, 6.34956], [-75.426722, 6.349852], [-75.427061, 6.34996], [-75.42721, 6.350096], [-75.42672, 6.350026], [-75.426424, 6.349769], [-75.425954, 6.350122], [-75.425688, 6.350177], [-75.425624, 6.35038], [-75.425576, 6.350086], [-75.425944, 6.349917], [-75.425846, 6.349693], [-75.425511, 6.349656], [-75.424945, 6.349896]]], [[[-75.424232, 6.352303], [-75.424109, 6.35236], [-75.424083, 6.352304], [-75.424232, 6.352303]]], [[[-75.427964, 6.354337], [-75.428016, 6.354607], [-75.427966, 6.354675], [-75.427861, 6.354507], [-75.427823, 6.354169], [-75.427964, 6.354337]]], [[[-75.425435, 6.354523], [-75.425485, 6.354506], [-75.425497, 6.354534], [-75.425435, 6.354523]]], [[[-75.423486, 6.36408], [-75.423429, 6.364129], [-75.423061, 6.364204], [-75.423186, 6.363992], [-75.423486, 6.36408]]], [[[-75.423168, 6.379425], [-75.423169, 6.379518], [-75.423157, 6.379518], [-75.423168, 6.379425]]], [[[-75.423165, 6.379733], [-75.423225, 6.379823], [-75.42317, 6.379851], [-75.423165, 6.379733]]], [[[-75.423156, 6.358801], [-75.423105, 6.358759], [-75.423115, 6.358575], [-75.423172, 6.358716], [-75.423156, 6.358801]]], [[[-75.42305, 6.344612], [-75.42305, 6.344673], [-75.423039, 6.344673], [-75.42305, 6.344612]]], [[[-75.423088, 6.324895], [-75.423016, 6.325132], [-75.423004, 6.325132], [-75.423088, 6.324895]]], [[[-75.423274, 6.364768], [-75.423201, 6.364684], [-75.423206, 6.36456], [-75.423279, 6.364655], [-75.423274, 6.364768]]], [[[-75.423335, 6.319207], [-75.423133, 6.319534], [-75.42304, 6.319543], [-75.423132, 6.319338], [-75.423335, 6.319207]]], [[[-75.42344, 6.368201], [-75.423619, 6.368428], [-75.423328, 6.368277], [-75.42344, 6.368201]]], [[[-75.423191, 6.327637], [-75.423152, 6.327742], [-75.42314, 6.327635], [-75.423191, 6.327637]]], [[[-75.423882, 6.359302], [-75.423746, 6.359169], [-75.423433, 6.359085], [-75.423594, 6.35873], [-75.423841, 6.358992], [-75.423882, 6.359302]]], [[[-75.423448, 6.331274], [-75.423427, 6.3315], [-75.423356, 6.3321], [-75.423448, 6.331274]]], [[[-75.423755, 6.394242], [-75.423673, 6.394217], [-75.423647, 6.394116], [-75.42375, 6.394158], [-75.423755, 6.394242]]], [[[-75.423383, 6.338507], [-75.423383, 6.338569], [-75.423372, 6.338569], [-75.423383, 6.338507]]], [[[-75.42366, 6.324148], [-75.423605, 6.324259], [-75.423417, 6.323955], [-75.423601, 6.324058], [-75.42366, 6.324148]]], [[[-75.423568, 6.350237], [-75.423511, 6.350176], [-75.423545, 6.350119], [-75.423601, 6.35017], [-75.423568, 6.350237]]], [[[-75.423516, 6.329452], [-75.423456, 6.329309], [-75.423432, 6.329055], [-75.423506, 6.329201], [-75.423516, 6.329452]]], [[[-75.423884, 6.379212], [-75.423826, 6.379312], [-75.423799, 6.379097], [-75.423884, 6.379212]]], [[[-75.423637, 6.345688], [-75.42358, 6.345637], [-75.423614, 6.345553], [-75.42367, 6.345603], [-75.423637, 6.345688]]], [[[-75.423927, 6.330948], [-75.42387, 6.330906], [-75.423855, 6.330746], [-75.423953, 6.330799], [-75.423927, 6.330948]]], [[[-75.423704, 6.330855], [-75.423668, 6.330957], [-75.423585, 6.331006], [-75.423619, 6.330792], [-75.423704, 6.330855]]], [[[-75.423978, 6.360732], [-75.423885, 6.360739], [-75.423729, 6.360562], [-75.423927, 6.360648], [-75.423978, 6.360732]]], [[[-75.42383, 6.348945], [-75.423759, 6.348906], [-75.423716, 6.34874], [-75.42382, 6.348793], [-75.42383, 6.348945]]], [[[-75.4242, 6.394641], [-75.424133, 6.394794], [-75.423998, 6.394876], [-75.424056, 6.39447], [-75.4242, 6.394641]]], [[[-75.423789, 6.332302], [-75.423772, 6.332427], [-75.423733, 6.332441], [-75.423682, 6.332264], [-75.423789, 6.332302]]], [[[-75.42412, 6.380096], [-75.42412, 6.380158], [-75.424109, 6.380158], [-75.42412, 6.380096]]], [[[-75.424018, 6.317552], [-75.423985, 6.317899], [-75.424051, 6.318078], [-75.42392, 6.318371], [-75.423659, 6.318552], [-75.423714, 6.3182], [-75.424018, 6.317552]]], [[[-75.423837, 6.343732], [-75.423778, 6.343766], [-75.423752, 6.343755], [-75.423777, 6.343704], [-75.423837, 6.343732]]], [[[-75.42404, 6.322891], [-75.42406, 6.323247], [-75.423888, 6.323195], [-75.42392, 6.322884], [-75.42404, 6.322891]]], [[[-75.423788, 6.32275], [-75.423744, 6.322665], [-75.4238, 6.322631], [-75.423826, 6.322682], [-75.423788, 6.32275]]], [[[-75.423855, 6.323486], [-75.42385, 6.323726], [-75.423738, 6.323896], [-75.423781, 6.323401], [-75.423855, 6.323486]]], [[[-75.423863, 6.326501], [-75.423813, 6.326544], [-75.423813, 6.326493], [-75.423863, 6.326501]]], [[[-75.423972, 6.324743], [-75.423968, 6.325345], [-75.423926, 6.325387], [-75.423898, 6.324905], [-75.423972, 6.324743]]], [[[-75.424103, 6.357175], [-75.424103, 6.357237], [-75.424092, 6.357237], [-75.424103, 6.357175]]], [[[-75.424405, 6.355355], [-75.424137, 6.355253], [-75.424122, 6.355214], [-75.424345, 6.355159], [-75.424405, 6.355355]]], [[[-75.424444, 6.373253], [-75.424337, 6.37329], [-75.424252, 6.373235], [-75.424393, 6.373219], [-75.424444, 6.373253]]], [[[-75.424336, 6.316454], [-75.424111, 6.31633], [-75.424142, 6.315981], [-75.424225, 6.316023], [-75.424222, 6.316225], [-75.424378, 6.316336], [-75.424336, 6.316454]]], [[[-75.424435, 6.369385], [-75.424335, 6.369318], [-75.42434, 6.369245], [-75.424424, 6.369273], [-75.424435, 6.369385]]], [[[-75.424573, 6.361368], [-75.424411, 6.361479], [-75.424391, 6.361276], [-75.424594, 6.361211], [-75.424573, 6.361368]]], [[[-75.424515, 6.361676], [-75.424559, 6.361846], [-75.424504, 6.361914], [-75.42433, 6.36173], [-75.424515, 6.361676]]], [[[-75.424445, 6.344364], [-75.424281, 6.344326], [-75.424329, 6.344012], [-75.424379, 6.344285], [-75.424445, 6.344364]]], [[[-75.424797, 6.380293], [-75.42459, 6.380438], [-75.424421, 6.380428], [-75.424503, 6.38031], [-75.424797, 6.380293]]], [[[-75.424798, 6.372454], [-75.424624, 6.372526], [-75.424497, 6.372425], [-75.424499, 6.372318], [-75.424717, 6.372143], [-75.424798, 6.372454]]], [[[-75.424642, 6.343745], [-75.424503, 6.343769], [-75.424365, 6.343142], [-75.424495, 6.343192], [-75.42463, 6.343412], [-75.424692, 6.343618], [-75.424642, 6.343745]]], [[[-75.424619, 6.375852], [-75.424541, 6.375869], [-75.424552, 6.375808], [-75.424619, 6.375852]]], [[[-75.424397, 6.342752], [-75.424397, 6.342813], [-75.424386, 6.342814], [-75.424397, 6.342752]]], [[[-75.424435, 6.342519], [-75.424379, 6.342469], [-75.424412, 6.342384], [-75.424468, 6.342435], [-75.424435, 6.342519]]], [[[-75.424391, 6.318033], [-75.424274, 6.31809], [-75.424273, 6.318034], [-75.424391, 6.318033]]], [[[-75.424537, 6.362367], [-75.424599, 6.36249], [-75.42458, 6.362501], [-75.424537, 6.362367]]], [[[-75.424483, 6.325334], [-75.424357, 6.325216], [-75.424376, 6.325024], [-75.424516, 6.325249], [-75.424483, 6.325334]]], [[[-75.424563, 6.36006], [-75.424506, 6.359976], [-75.424539, 6.359852], [-75.424596, 6.359947], [-75.424563, 6.36006]]], [[[-75.42458, 6.36856], [-75.424564, 6.368695], [-75.424553, 6.368695], [-75.42458, 6.36856]]], [[[-75.424662, 6.325861], [-75.42462, 6.325961], [-75.424477, 6.325956], [-75.424417, 6.325759], [-75.424662, 6.325861]]], [[[-75.42558, 6.359791], [-75.425482, 6.35985], [-75.425389, 6.359765], [-75.425481, 6.359675], [-75.42558, 6.359791]]], [[[-75.425323, 6.359514], [-75.425082, 6.359711], [-75.424937, 6.359504], [-75.424678, 6.359387], [-75.42463, 6.359277], [-75.424705, 6.359133], [-75.424957, 6.359108], [-75.425291, 6.359401], [-75.425323, 6.359514]]], [[[-75.425185, 6.360317], [-75.424945, 6.36054], [-75.424736, 6.360311], [-75.424846, 6.360257], [-75.425185, 6.360317]]], [[[-75.425072, 6.355571], [-75.424812, 6.355585], [-75.424755, 6.355527], [-75.425072, 6.355571]]], [[[-75.424801, 6.378312], [-75.424843, 6.378363], [-75.424793, 6.378363], [-75.424801, 6.378312]]], [[[-75.425032, 6.315563], [-75.424897, 6.315629], [-75.424579, 6.315678], [-75.424728, 6.315574], [-75.425032, 6.315563]]], [[[-75.424959, 6.356225], [-75.424893, 6.356339], [-75.424867, 6.356351], [-75.424843, 6.356144], [-75.424959, 6.356225]]], [[[-75.424756, 6.317085], [-75.424655, 6.317153], [-75.424622, 6.317128], [-75.424756, 6.317085]]], [[[-75.425594, 6.36555], [-75.425433, 6.365651], [-75.425134, 6.365638], [-75.424942, 6.365537], [-75.424873, 6.365306], [-75.425106, 6.365238], [-75.425366, 6.365523], [-75.425594, 6.36555]]], [[[-75.424828, 6.323891], [-75.424752, 6.323858], [-75.424777, 6.323711], [-75.42485, 6.323778], [-75.424828, 6.323891]]], [[[-75.426566, 6.32411], [-75.426515, 6.324353], [-75.426149, 6.324368], [-75.426022, 6.324463], [-75.426175, 6.324581], [-75.426473, 6.32459], [-75.426526, 6.324672], [-75.425984, 6.324685], [-75.425877, 6.324614], [-75.425901, 6.324477], [-75.425754, 6.324443], [-75.42565, 6.324484], [-75.425514, 6.324843], [-75.42533, 6.324782], [-75.425432, 6.32441], [-75.425638, 6.324255], [-75.426052, 6.324135], [-75.42639, 6.324178], [-75.426566, 6.32411]]], [[[-75.426408, 6.323912], [-75.426334, 6.32387], [-75.42635, 6.3238], [-75.426451, 6.323819], [-75.426408, 6.323912]]], [[[-75.425226, 6.324509], [-75.425025, 6.324694], [-75.424897, 6.324687], [-75.425073, 6.324372], [-75.425067, 6.324072], [-75.425262, 6.324232], [-75.425226, 6.324509]]], [[[-75.425142, 6.354655], [-75.425143, 6.354903], [-75.425102, 6.354633], [-75.425142, 6.354655]]], [[[-75.42512, 6.327165], [-75.425019, 6.327267], [-75.424986, 6.327225], [-75.42512, 6.327165]]], [[[-75.425165, 6.326051], [-75.425082, 6.326105], [-75.425039, 6.32608], [-75.425091, 6.325988], [-75.425165, 6.326051]]], [[[-75.42555, 6.374263], [-75.425271, 6.374289], [-75.425251, 6.37427], [-75.42555, 6.374263]]], [[[-75.425533, 6.32043], [-75.425434, 6.320506], [-75.425366, 6.320456], [-75.425398, 6.320237], [-75.425177, 6.319923], [-75.425451, 6.320094], [-75.425533, 6.32043]]], [[[-75.425979, 6.36339], [-75.42564, 6.363305], [-75.425554, 6.363119], [-75.425745, 6.362982], [-75.425816, 6.363221], [-75.425979, 6.36339]]], [[[-75.42556, 6.355992], [-75.425577, 6.356077], [-75.425476, 6.356103], [-75.425493, 6.35601], [-75.42556, 6.355992]]], [[[-75.426027, 6.373542], [-75.425924, 6.373526], [-75.425754, 6.373361], [-75.425935, 6.373379], [-75.426027, 6.373542]]], [[[-75.42575, 6.360192], [-75.425639, 6.360165], [-75.425611, 6.360064], [-75.425732, 6.360107], [-75.42575, 6.360192]]], [[[-75.425586, 6.343305], [-75.425634, 6.343384], [-75.425592, 6.343418], [-75.425586, 6.343305]]], [[[-75.425588, 6.322772], [-75.42547, 6.322789], [-75.42547, 6.322733], [-75.425588, 6.322772]]], [[[-75.425575, 6.325408], [-75.425519, 6.325346], [-75.425552, 6.32529], [-75.425609, 6.32534], [-75.425575, 6.325408]]], [[[-75.425889, 6.37425], [-75.42583, 6.374318], [-75.425779, 6.374267], [-75.425889, 6.37425]]], [[[-75.425779, 6.365242], [-75.425821, 6.365293], [-75.425771, 6.365293], [-75.425779, 6.365242]]], [[[-75.425644, 6.338903], [-75.425645, 6.338965], [-75.425633, 6.338965], [-75.425644, 6.338903]]], [[[-75.425918, 6.369638], [-75.425845, 6.369571], [-75.425866, 6.369458], [-75.425942, 6.369491], [-75.425918, 6.369638]]], [[[-75.425927, 6.365589], [-75.425953, 6.365688], [-75.425843, 6.365643], [-75.425927, 6.365589]]], [[[-75.426001, 6.356437], [-75.425893, 6.35642], [-75.425864, 6.356364], [-75.426022, 6.356363], [-75.426001, 6.356437]]], [[[-75.42626, 6.342624], [-75.42616, 6.342955], [-75.425923, 6.343055], [-75.426089, 6.342789], [-75.426023, 6.342541], [-75.426223, 6.342472], [-75.42626, 6.342624]]], [[[-75.426056, 6.379792], [-75.426, 6.379714], [-75.426033, 6.379629], [-75.426089, 6.379697], [-75.426056, 6.379792]]], [[[-75.426112, 6.362785], [-75.426036, 6.362774], [-75.425953, 6.362651], [-75.426089, 6.362711], [-75.426112, 6.362785]]], [[[-75.42599, 6.339146], [-75.425965, 6.339246], [-75.425883, 6.339249], [-75.425914, 6.339123], [-75.42599, 6.339146]]], [[[-75.426022, 6.315875], [-75.42587, 6.31589], [-75.425779, 6.315761], [-75.426022, 6.315807], [-75.426022, 6.315875]]], [[[-75.426595, 6.371932], [-75.426511, 6.371986], [-75.426205, 6.371846], [-75.426023, 6.37159], [-75.426595, 6.371932]]], [[[-75.426148, 6.356092], [-75.425991, 6.356148], [-75.425979, 6.356109], [-75.426148, 6.356092]]], [[[-75.426109, 6.359138], [-75.426078, 6.3592], [-75.426058, 6.359087], [-75.426109, 6.359138]]], [[[-75.426301, 6.374728], [-75.426253, 6.374686], [-75.426263, 6.37461], [-75.426307, 6.37466], [-75.426301, 6.374728]]], [[[-75.426342, 6.379998], [-75.426312, 6.380091], [-75.426292, 6.379998], [-75.426342, 6.379998]]], [[[-75.426308, 6.384109], [-75.426309, 6.384171], [-75.426297, 6.384171], [-75.426308, 6.384109]]], [[[-75.426017, 6.321948], [-75.426017, 6.32201], [-75.426006, 6.32201], [-75.426017, 6.321948]]], [[[-75.426786, 6.323361], [-75.426587, 6.323435], [-75.426469, 6.323612], [-75.42636, 6.323467], [-75.426135, 6.323397], [-75.426354, 6.323399], [-75.426576, 6.323244], [-75.426786, 6.323361]]], [[[-75.426928, 6.38269], [-75.426686, 6.382762], [-75.426375, 6.382758], [-75.426595, 6.382685], [-75.426928, 6.38269]]], [[[-75.426415, 6.343268], [-75.426204, 6.343308], [-75.42619, 6.343269], [-75.426415, 6.343268]]], [[[-75.426502, 6.362882], [-75.426417, 6.362823], [-75.4264, 6.362694], [-75.426507, 6.36275], [-75.426502, 6.362882]]], [[[-75.426517, 6.362447], [-75.426461, 6.362396], [-75.426494, 6.362312], [-75.42655, 6.362362], [-75.426517, 6.362447]]], [[[-75.426381, 6.341793], [-75.426381, 6.341855], [-75.42637, 6.341855], [-75.426381, 6.341793]]], [[[-75.426527, 6.36327], [-75.426527, 6.363362], [-75.426516, 6.363362], [-75.426527, 6.36327]]], [[[-75.426553, 6.344923], [-75.426475, 6.344946], [-75.426475, 6.344915], [-75.426553, 6.344923]]], [[[-75.426884, 6.37761], [-75.426767, 6.377673], [-75.426758, 6.377653], [-75.426884, 6.37761]]], [[[-75.427056, 6.354496], [-75.426937, 6.354578], [-75.426734, 6.354529], [-75.426631, 6.354168], [-75.4268, 6.354219], [-75.427056, 6.354496]]], [[[-75.42795, 6.355428], [-75.427786, 6.355448], [-75.427774, 6.355302], [-75.427969, 6.355304], [-75.42795, 6.355428]]], [[[-75.427761, 6.355621], [-75.427748, 6.355713], [-75.427594, 6.355775], [-75.426996, 6.355697], [-75.427128, 6.355575], [-75.427761, 6.355621]]], [[[-75.426745, 6.355733], [-75.42674, 6.355811], [-75.426689, 6.355845], [-75.426689, 6.355778], [-75.426745, 6.355733]]], [[[-75.426743, 6.346849], [-75.426675, 6.346781], [-75.426759, 6.346668], [-75.426793, 6.346781], [-75.426743, 6.346849]]], [[[-75.426855, 6.347814], [-75.426714, 6.347843], [-75.426663, 6.347787], [-75.426748, 6.34777], [-75.426855, 6.347814]]], [[[-75.426767, 6.333346], [-75.426649, 6.333397], [-75.426666, 6.333304], [-75.426767, 6.333346]]], [[[-75.426908, 6.338928], [-75.426768, 6.338982], [-75.426726, 6.338957], [-75.426794, 6.338865], [-75.426908, 6.338928]]], [[[-75.427064, 6.340379], [-75.427111, 6.340442], [-75.42707, 6.340504], [-75.427064, 6.340379]]], [[[-75.426935, 6.340668], [-75.426891, 6.341075], [-75.426846, 6.341107], [-75.426777, 6.340744], [-75.426935, 6.340668]]], [[[-75.426921, 6.361976], [-75.426865, 6.361897], [-75.426898, 6.361813], [-75.426955, 6.36188], [-75.426921, 6.361976]]], [[[-75.426939, 6.365711], [-75.426882, 6.365621], [-75.426916, 6.365565], [-75.426972, 6.365632], [-75.426939, 6.365711]]], [[[-75.426949, 6.355164], [-75.426918, 6.355226], [-75.426898, 6.355139], [-75.426949, 6.355164]]], [[[-75.427994, 6.324438], [-75.427876, 6.324666], [-75.427769, 6.324691], [-75.427316, 6.324477], [-75.426853, 6.324424], [-75.426991, 6.324291], [-75.427174, 6.324276], [-75.427671, 6.32446], [-75.427959, 6.324257], [-75.427994, 6.324438]]], [[[-75.427971, 6.366336], [-75.427306, 6.366356], [-75.427059, 6.366252], [-75.427711, 6.366265], [-75.427971, 6.366336]]], [[[-75.427066, 6.358285], [-75.426992, 6.358277], [-75.426983, 6.358257], [-75.427059, 6.358209], [-75.427066, 6.358285]]], [[[-75.427099, 6.325514], [-75.42688, 6.325447], [-75.426829, 6.325363], [-75.427099, 6.325514]]], [[[-75.427864, 6.3641], [-75.427787, 6.364046], [-75.427787, 6.363964], [-75.427905, 6.364035], [-75.427864, 6.3641]]], [[[-75.427652, 6.363915], [-75.427126, 6.363785], [-75.427071, 6.363716], [-75.427421, 6.363777], [-75.427652, 6.363915]]], [[[-75.427508, 6.354915], [-75.427389, 6.355113], [-75.427389, 6.354975], [-75.427275, 6.354886], [-75.427284, 6.35453], [-75.427128, 6.354177], [-75.427361, 6.35443], [-75.427373, 6.354683], [-75.427508, 6.354915]]], [[[-75.427512, 6.383595], [-75.427386, 6.383476], [-75.427286, 6.383116], [-75.427472, 6.383205], [-75.427512, 6.383595]]], [[[-75.427126, 6.347706], [-75.427069, 6.347655], [-75.427102, 6.347571], [-75.427159, 6.347621], [-75.427126, 6.347706]]], [[[-75.427422, 6.343536], [-75.427298, 6.343591], [-75.427202, 6.343558], [-75.427315, 6.343502], [-75.427422, 6.343536]]], [[[-75.42732, 6.368733], [-75.427321, 6.368795], [-75.42731, 6.368795], [-75.42732, 6.368733]]], [[[-75.427254, 6.346258], [-75.427198, 6.346191], [-75.427231, 6.346078], [-75.427287, 6.346146], [-75.427254, 6.346258]]], [[[-75.427489, 6.339736], [-75.427346, 6.339754], [-75.427294, 6.339647], [-75.427554, 6.339629], [-75.427489, 6.339736]]], [[[-75.427792, 6.345499], [-75.427698, 6.345636], [-75.427359, 6.345699], [-75.427453, 6.345522], [-75.427684, 6.34553], [-75.42765, 6.345303], [-75.427792, 6.345499]]], [[[-75.42751, 6.344262], [-75.427409, 6.344328], [-75.427352, 6.344201], [-75.427407, 6.343862], [-75.427565, 6.34398], [-75.42751, 6.344262]]], [[[-75.427602, 6.345036], [-75.427446, 6.344901], [-75.427445, 6.344673], [-75.427535, 6.344579], [-75.427679, 6.344802], [-75.427602, 6.345036]]], [[[-75.427487, 6.346225], [-75.427554, 6.34636], [-75.427508, 6.346396], [-75.427487, 6.346225]]], [[[-75.427775, 6.363425], [-75.427522, 6.363431], [-75.427505, 6.363409], [-75.427775, 6.363425]]], [[[-75.429235, 6.361944], [-75.42871, 6.362412], [-75.428205, 6.362459], [-75.428257, 6.362289], [-75.428586, 6.36217], [-75.428741, 6.361974], [-75.428892, 6.361939], [-75.429028, 6.362031], [-75.429235, 6.361944]]], [[[-75.427965, 6.362461], [-75.427715, 6.362481], [-75.427545, 6.362341], [-75.427698, 6.362212], [-75.427965, 6.362461]]], [[[-75.42807, 6.349114], [-75.427871, 6.349528], [-75.427564, 6.349673], [-75.427585, 6.349505], [-75.427965, 6.349047], [-75.42807, 6.349114]]], [[[-75.427852, 6.348878], [-75.427689, 6.348607], [-75.427753, 6.348376], [-75.427934, 6.34849], [-75.427852, 6.348878]]], [[[-75.427684, 6.347157], [-75.427535, 6.347198], [-75.427531, 6.346904], [-75.427758, 6.347015], [-75.427684, 6.347157]]], [[[-75.427901, 6.323687], [-75.427571, 6.323735], [-75.427471, 6.323659], [-75.427901, 6.323687]]], [[[-75.427874, 6.325587], [-75.427598, 6.325593], [-75.427502, 6.325445], [-75.427815, 6.325373], [-75.427874, 6.325587]]], [[[-75.427887, 6.379965], [-75.427949, 6.379995], [-75.427837, 6.380041], [-75.427887, 6.379965]]], [[[-75.42765, 6.334757], [-75.427601, 6.334681], [-75.427612, 6.334492], [-75.427679, 6.334585], [-75.42765, 6.334757]]], [[[-75.42796, 6.408424], [-75.42796, 6.408486], [-75.427949, 6.408486], [-75.42796, 6.408424]]], [[[-75.428101, 6.34104], [-75.427922, 6.341043], [-75.427802, 6.341147], [-75.427689, 6.341066], [-75.427905, 6.340947], [-75.428101, 6.34104]]], [[[-75.427605, 6.323252], [-75.427605, 6.323313], [-75.427594, 6.323313], [-75.427605, 6.323252]]], [[[-75.427953, 6.343522], [-75.427928, 6.343631], [-75.427838, 6.343642], [-75.427775, 6.343299], [-75.427953, 6.343522]]], [[[-75.428054, 6.361719], [-75.42795, 6.361675], [-75.427925, 6.361542], [-75.428112, 6.361635], [-75.428054, 6.361719]]], [[[-75.428316, 6.343899], [-75.428264, 6.344044], [-75.428045, 6.344185], [-75.427979, 6.344385], [-75.42789, 6.344385], [-75.427886, 6.344137], [-75.428137, 6.344028], [-75.428232, 6.343814], [-75.428316, 6.343899]]], [[[-75.428015, 6.371118], [-75.427953, 6.37118], [-75.427964, 6.371093], [-75.428015, 6.371118]]], [[[-75.428023, 6.35754], [-75.427897, 6.357499], [-75.427892, 6.35744], [-75.428026, 6.357448], [-75.428023, 6.35754]]], [[[-75.427998, 6.359646], [-75.428015, 6.359764], [-75.427959, 6.359764], [-75.427998, 6.359646]]], [[[-75.428326, 6.363292], [-75.428068, 6.363265], [-75.428001, 6.363198], [-75.428326, 6.363292]]], [[[-75.428285, 6.346499], [-75.428111, 6.346931], [-75.428004, 6.347023], [-75.428285, 6.346499]]], [[[-75.428252, 6.379443], [-75.42819, 6.379497], [-75.428139, 6.379472], [-75.42819, 6.379421], [-75.428252, 6.379443]]], [[[-75.427954, 6.333303], [-75.428078, 6.333364], [-75.427923, 6.333337], [-75.427954, 6.333303]]], [[[-75.428135, 6.352285], [-75.428043, 6.352412], [-75.428012, 6.352364], [-75.428135, 6.352285]]], [[[-75.428576, 6.408722], [-75.428476, 6.408879], [-75.428332, 6.408981], [-75.428391, 6.408779], [-75.428576, 6.408722]]], [[[-75.428259, 6.356957], [-75.428161, 6.356997], [-75.428169, 6.35693], [-75.428259, 6.356957]]], [[[-75.428365, 6.360268], [-75.428213, 6.360242], [-75.428284, 6.359824], [-75.428415, 6.360082], [-75.428365, 6.360268]]], [[[-75.428343, 6.335438], [-75.428338, 6.335481], [-75.428309, 6.335455], [-75.428343, 6.335438]]], [[[-75.428219, 6.335434], [-75.428117, 6.335414], [-75.428191, 6.335269], [-75.428282, 6.335327], [-75.428219, 6.335434]]], [[[-75.428566, 6.370883], [-75.428454, 6.370932], [-75.428319, 6.370929], [-75.428498, 6.37082], [-75.428566, 6.370883]]], [[[-75.428913, 6.366222], [-75.428854, 6.366256], [-75.428828, 6.366245], [-75.428853, 6.366194], [-75.428913, 6.366222]]], [[[-75.428872, 6.366492], [-75.428796, 6.366641], [-75.42857, 6.366523], [-75.428306, 6.366296], [-75.428274, 6.366098], [-75.428568, 6.36597], [-75.42865, 6.366328], [-75.428872, 6.366492]]], [[[-75.428456, 6.365756], [-75.428379, 6.365778], [-75.42838, 6.365747], [-75.428456, 6.365756]]], [[[-75.428239, 6.335777], [-75.428112, 6.335718], [-75.428103, 6.335682], [-75.428207, 6.335667], [-75.428239, 6.335777]]], [[[-75.428415, 6.325621], [-75.428256, 6.325537], [-75.428156, 6.325323], [-75.428373, 6.325446], [-75.428415, 6.325621]]], [[[-75.42839, 6.3592], [-75.428341, 6.359257], [-75.428318, 6.35919], [-75.42839, 6.3592]]], [[[-75.428243, 6.326272], [-75.428172, 6.32617], [-75.428193, 6.326018], [-75.428269, 6.326085], [-75.428243, 6.326272]]], [[[-75.428435, 6.372752], [-75.428483, 6.37281], [-75.428441, 6.372836], [-75.428435, 6.372752]]], [[[-75.428848, 6.380198], [-75.428773, 6.38035], [-75.428486, 6.380434], [-75.428532, 6.380328], [-75.428848, 6.380198]]], [[[-75.428426, 6.345575], [-75.428348, 6.345759], [-75.428297, 6.345801], [-75.428426, 6.345575]]], [[[-75.428657, 6.377935], [-75.428615, 6.377992], [-75.428432, 6.378018], [-75.428573, 6.377935], [-75.428657, 6.377935]]], [[[-75.428427, 6.365015], [-75.42837, 6.364947], [-75.428404, 6.364835], [-75.42846, 6.364902], [-75.428427, 6.365015]]], [[[-75.428357, 6.340337], [-75.428374, 6.340413], [-75.428323, 6.340413], [-75.428357, 6.340337]]], [[[-75.428512, 6.355413], [-75.428562, 6.355396], [-75.428574, 6.355424], [-75.428512, 6.355413]]], [[[-75.428892, 6.362907], [-75.428722, 6.36288], [-75.428687, 6.36268], [-75.428918, 6.362696], [-75.428892, 6.362907]]], [[[-75.428696, 6.32858], [-75.428522, 6.328601], [-75.428486, 6.328551], [-75.428696, 6.32858]]], [[[-75.42873, 6.371756], [-75.428781, 6.371831], [-75.428705, 6.371832], [-75.42873, 6.371756]]], [[[-75.42869, 6.334999], [-75.428566, 6.334905], [-75.428623, 6.334498], [-75.42869, 6.334999]]], [[[-75.42899, 6.407752], [-75.428914, 6.40784], [-75.428889, 6.407837], [-75.42899, 6.407752]]], [[[-75.428741, 6.33559], [-75.428665, 6.335656], [-75.428549, 6.335612], [-75.42869, 6.335557], [-75.428741, 6.33559]]], [[[-75.428838, 6.376089], [-75.428781, 6.376047], [-75.428766, 6.375895], [-75.428864, 6.375974], [-75.428838, 6.376089]]], [[[-75.429242, 6.36331], [-75.429055, 6.363336], [-75.428789, 6.363329], [-75.429176, 6.363226], [-75.429242, 6.36331]]], [[[-75.429171, 6.410718], [-75.42912, 6.410784], [-75.429128, 6.411019], [-75.428948, 6.41077], [-75.429171, 6.410718]]], [[[-75.428941, 6.345742], [-75.428828, 6.345799], [-75.428704, 6.345749], [-75.428771, 6.345681], [-75.428941, 6.345742]]], [[[-75.428942, 6.341103], [-75.428684, 6.341016], [-75.428678, 6.340878], [-75.428892, 6.340987], [-75.428942, 6.341103]]], [[[-75.428884, 6.3577], [-75.428757, 6.357625], [-75.428768, 6.357518], [-75.428886, 6.357551], [-75.428884, 6.3577]]], [[[-75.428711, 6.347252], [-75.428711, 6.347314], [-75.4287, 6.347314], [-75.428711, 6.347252]]], [[[-75.428766, 6.326512], [-75.428608, 6.326535], [-75.428597, 6.326513], [-75.428766, 6.326512]]], [[[-75.42886, 6.341777], [-75.428804, 6.341711], [-75.428837, 6.341595], [-75.428893, 6.341662], [-75.42886, 6.341777]]], [[[-75.429241, 6.339875], [-75.429199, 6.339943], [-75.429174, 6.339892], [-75.429241, 6.339875]]], [[[-75.42907, 6.340005], [-75.429025, 6.340153], [-75.428991, 6.340164], [-75.428962, 6.340017], [-75.42907, 6.340005]]], [[[-75.428736, 6.340173], [-75.428917, 6.34032], [-75.429046, 6.340365], [-75.428766, 6.340366], [-75.428736, 6.340173]]], [[[-75.428938, 6.377671], [-75.428888, 6.377629], [-75.428898, 6.377477], [-75.428966, 6.377555], [-75.428938, 6.377671]]], [[[-75.429954, 6.36472], [-75.429408, 6.364656], [-75.429213, 6.364474], [-75.428944, 6.364379], [-75.428864, 6.364261], [-75.428914, 6.364058], [-75.429111, 6.363979], [-75.429159, 6.364213], [-75.429412, 6.364492], [-75.430077, 6.364499], [-75.430242, 6.364634], [-75.429954, 6.36472]]], [[[-75.429835, 6.364268], [-75.429802, 6.364344], [-75.429751, 6.364269], [-75.429835, 6.364268]]], [[[-75.429506, 6.364915], [-75.429523, 6.365041], [-75.429274, 6.365005], [-75.429387, 6.364865], [-75.429506, 6.364915]]], [[[-75.429015, 6.359194], [-75.428889, 6.359243], [-75.42886, 6.359145], [-75.429015, 6.359194]]], [[[-75.429243, 6.355864], [-75.429204, 6.355969], [-75.429192, 6.355863], [-75.429243, 6.355864]]], [[[-75.429038, 6.355764], [-75.428904, 6.355832], [-75.42887, 6.355807], [-75.429038, 6.355764]]], [[[-75.428987, 6.351096], [-75.428926, 6.351162], [-75.428862, 6.351111], [-75.428913, 6.351016], [-75.428987, 6.351096]]], [[[-75.428895, 6.349099], [-75.429064, 6.349166], [-75.429143, 6.349222], [-75.428895, 6.349099]]], [[[-75.429213, 6.352072], [-75.429154, 6.35213], [-75.428939, 6.35214], [-75.429044, 6.352028], [-75.429213, 6.352072]]], [[[-75.428946, 6.351897], [-75.428861, 6.351844], [-75.428865, 6.351787], [-75.429048, 6.351829], [-75.428946, 6.351897]]], [[[-75.42895, 6.350173], [-75.428852, 6.350213], [-75.42886, 6.350145], [-75.42895, 6.350173]]], [[[-75.429208, 6.36089], [-75.429075, 6.361093], [-75.429173, 6.361488], [-75.429011, 6.361679], [-75.429, 6.361027], [-75.429173, 6.360518], [-75.429208, 6.36089]]], [[[-75.42917, 6.406429], [-75.429171, 6.406491], [-75.429159, 6.406491], [-75.42917, 6.406429]]], [[[-75.429084, 6.370686], [-75.429275, 6.370736], [-75.429047, 6.37072], [-75.429084, 6.370686]]], [[[-75.42909, 6.379756], [-75.42909, 6.379818], [-75.429079, 6.379818], [-75.42909, 6.379756]]], [[[-75.428978, 6.347652], [-75.428922, 6.347585], [-75.428955, 6.347472], [-75.429011, 6.347539], [-75.428978, 6.347652]]], [[[-75.429559, 6.344089], [-75.42942, 6.34412], [-75.42907, 6.344402], [-75.429154, 6.344148], [-75.429559, 6.344089]]], [[[-75.429248, 6.343901], [-75.429158, 6.343851], [-75.429256, 6.343828], [-75.429248, 6.343901]]], [[[-75.429251, 6.342135], [-75.429167, 6.342093], [-75.429155, 6.34191], [-75.429245, 6.341994], [-75.429251, 6.342135]]], [[[-75.429249, 6.333249], [-75.429092, 6.333312], [-75.429081, 6.333292], [-75.429249, 6.333249]]], [[[-75.429676, 6.401058], [-75.429538, 6.40127], [-75.429462, 6.401313], [-75.429676, 6.401058]]], [[[-75.429501, 6.351221], [-75.429322, 6.351052], [-75.429292, 6.350753], [-75.429404, 6.350768], [-75.429501, 6.351221]]], [[[-75.42926, 6.335508], [-75.429215, 6.33556], [-75.429159, 6.335496], [-75.42926, 6.335508]]], [[[-75.429923, 6.339589], [-75.429654, 6.33945], [-75.429293, 6.339432], [-75.429546, 6.339306], [-75.429744, 6.339328], [-75.429897, 6.33942], [-75.429923, 6.339589]]], [[[-75.429731, 6.365228], [-75.429823, 6.365524], [-75.4296, 6.365913], [-75.429375, 6.36564], [-75.429731, 6.365228]]], [[[-75.430134, 6.412033], [-75.429695, 6.411654], [-75.429625, 6.411357], [-75.430134, 6.412033]]], [[[-75.429994, 6.403995], [-75.429646, 6.403688], [-75.429586, 6.403545], [-75.429994, 6.403995]]], [[[-75.429928, 6.41019], [-75.429801, 6.410904], [-75.429751, 6.410969], [-75.429928, 6.41019]]], [[[-75.430047, 6.36007], [-75.429653, 6.360155], [-75.429449, 6.360088], [-75.429584, 6.359978], [-75.430047, 6.36007]]], [[[-75.429441, 6.348713], [-75.429455, 6.348791], [-75.429413, 6.348825], [-75.429396, 6.348758], [-75.429441, 6.348713]]], [[[-75.429384, 6.3463], [-75.429385, 6.346362], [-75.429373, 6.346362], [-75.429384, 6.3463]]], [[[-75.43022, 6.401793], [-75.429737, 6.402318], [-75.429665, 6.402352], [-75.43022, 6.401793]]], [[[-75.43045, 6.317029], [-75.430301, 6.317073], [-75.429679, 6.316856], [-75.43016, 6.316933], [-75.43045, 6.317029]]], [[[-75.429318, 6.316654], [-75.429237, 6.316677], [-75.429234, 6.316646], [-75.429318, 6.316654]]], [[[-75.429631, 6.344835], [-75.42942, 6.344875], [-75.429406, 6.344836], [-75.429631, 6.344835]]], [[[-75.429974, 6.353047], [-75.42987, 6.353036], [-75.429751, 6.352904], [-75.429873, 6.352919], [-75.429974, 6.353047]]], [[[-75.429616, 6.352742], [-75.429534, 6.352688], [-75.429647, 6.352491], [-75.42964, 6.352205], [-75.429775, 6.352102], [-75.429899, 6.352259], [-75.429702, 6.352343], [-75.429938, 6.35257], [-75.429616, 6.352742]]], [[[-75.429652, 6.349233], [-75.429628, 6.349486], [-75.429547, 6.349656], [-75.4295, 6.349286], [-75.429584, 6.349166], [-75.429652, 6.349233]]], [[[-75.429819, 6.409862], [-75.42982, 6.409924], [-75.429808, 6.409924], [-75.429819, 6.409862]]], [[[-75.429687, 6.363998], [-75.429637, 6.36404], [-75.429637, 6.36399], [-75.429687, 6.363998]]], [[[-75.429582, 6.349916], [-75.429582, 6.349977], [-75.429571, 6.349978], [-75.429582, 6.349916]]], [[[-75.429884, 6.360778], [-75.429831, 6.361013], [-75.429786, 6.36103], [-75.429752, 6.360777], [-75.429884, 6.360778]]], [[[-75.429971, 6.349151], [-75.429763, 6.34879], [-75.429749, 6.348333], [-75.429877, 6.348439], [-75.42997, 6.348704], [-75.429971, 6.349151]]], [[[-75.430068, 6.361765], [-75.429915, 6.362075], [-75.429786, 6.362126], [-75.429949, 6.361814], [-75.430068, 6.361765]]], [[[-75.430218, 6.345234], [-75.430141, 6.345654], [-75.43, 6.345731], [-75.430077, 6.345243], [-75.430218, 6.345234]]], [[[-75.429826, 6.345456], [-75.429751, 6.345605], [-75.429734, 6.345611], [-75.42975, 6.345482], [-75.429826, 6.345456]]], [[[-75.430334, 6.400707], [-75.430155, 6.400874], [-75.429986, 6.40087], [-75.430213, 6.400706], [-75.430334, 6.400707]]], [[[-75.430099, 6.367483], [-75.429888, 6.367531], [-75.429874, 6.367512], [-75.430099, 6.367483]]], [[[-75.429991, 6.347484], [-75.429828, 6.347541], [-75.429802, 6.347485], [-75.429991, 6.347484]]], [[[-75.430234, 6.402329], [-75.430131, 6.402429], [-75.430092, 6.402434], [-75.430123, 6.40234], [-75.430234, 6.402329]]], [[[-75.430686, 6.366217], [-75.430625, 6.36631], [-75.430585, 6.366167], [-75.430686, 6.366217]]], [[[-75.430417, 6.366511], [-75.430271, 6.366638], [-75.430003, 6.366566], [-75.429976, 6.366488], [-75.430026, 6.366376], [-75.43019, 6.366353], [-75.430394, 6.36641], [-75.430417, 6.366511]]], [[[-75.43018, 6.40977], [-75.430181, 6.409832], [-75.430169, 6.409832], [-75.43018, 6.40977]]], [[[-75.430512, 6.339877], [-75.43027, 6.340099], [-75.429897, 6.339957], [-75.4303, 6.339958], [-75.430512, 6.339877]]], [[[-75.43103, 6.405524], [-75.430963, 6.405691], [-75.430777, 6.405749], [-75.430951, 6.405503], [-75.430333, 6.404423], [-75.430753, 6.404874], [-75.43103, 6.405524]]], [[[-75.430081, 6.346192], [-75.429958, 6.346379], [-75.429954, 6.346116], [-75.430081, 6.346192]]], [[[-75.430388, 6.359196], [-75.43027, 6.359315], [-75.430049, 6.359367], [-75.430344, 6.359102], [-75.430388, 6.359196]]], [[[-75.430727, 6.411917], [-75.430583, 6.411957], [-75.430552, 6.411904], [-75.430727, 6.411917]]], [[[-75.430325, 6.411758], [-75.430326, 6.41182], [-75.430314, 6.41182], [-75.430325, 6.411758]]], [[[-75.430668, 6.361116], [-75.430629, 6.361297], [-75.430577, 6.361145], [-75.430668, 6.361116]]], [[[-75.430399, 6.361073], [-75.430181, 6.361125], [-75.430226, 6.360831], [-75.43032, 6.360839], [-75.430399, 6.361073]]], [[[-75.430379, 6.351285], [-75.430133, 6.351252], [-75.430113, 6.351207], [-75.430268, 6.351184], [-75.430379, 6.351285]]], [[[-75.430347, 6.364972], [-75.430263, 6.364989], [-75.430212, 6.364939], [-75.430347, 6.364972]]], [[[-75.432818, 6.351342], [-75.432777, 6.351409], [-75.432749, 6.351359], [-75.432818, 6.351342]]], [[[-75.432516, 6.351281], [-75.432169, 6.351331], [-75.43208, 6.351442], [-75.432434, 6.351555], [-75.432573, 6.351806], [-75.431999, 6.351834], [-75.431338, 6.351677], [-75.431509, 6.351548], [-75.431457, 6.35136], [-75.431589, 6.351215], [-75.431522, 6.350898], [-75.431933, 6.350972], [-75.432152, 6.351168], [-75.432516, 6.351281]], [[-75.431872, 6.351215], [-75.43178, 6.351193], [-75.431739, 6.351294], [-75.431864, 6.351322], [-75.431872, 6.351215]]], [[[-75.431231, 6.351017], [-75.430747, 6.350871], [-75.430774, 6.350354], [-75.430532, 6.350194], [-75.430703, 6.349947], [-75.430697, 6.349716], [-75.43023, 6.349522], [-75.430669, 6.349276], [-75.430673, 6.349081], [-75.430514, 6.349073], [-75.430464, 6.348979], [-75.430858, 6.348342], [-75.430989, 6.34928], [-75.431324, 6.349835], [-75.431129, 6.350044], [-75.431134, 6.35026], [-75.431241, 6.350419], [-75.431552, 6.350226], [-75.431623, 6.350336], [-75.431554, 6.350587], [-75.431231, 6.351017]], [[-75.431069, 6.350734], [-75.430976, 6.350493], [-75.430861, 6.350554], [-75.430954, 6.350748], [-75.431069, 6.350734]]], [[[-75.431001, 6.348055], [-75.430731, 6.348106], [-75.430776, 6.347625], [-75.430544, 6.347652], [-75.430427, 6.347798], [-75.43032, 6.34774], [-75.430373, 6.347533], [-75.430191, 6.347239], [-75.430138, 6.346824], [-75.430375, 6.346301], [-75.430571, 6.346407], [-75.430622, 6.346669], [-75.430801, 6.346937], [-75.431224, 6.347269], [-75.430959, 6.347425], [-75.431251, 6.348184], [-75.431001, 6.348055]]], [[[-75.430579, 6.351042], [-75.430596, 6.35112], [-75.430534, 6.351109], [-75.430579, 6.351042]]], [[[-75.430714, 6.409287], [-75.430647, 6.409388], [-75.430587, 6.409387], [-75.430617, 6.409216], [-75.430714, 6.409287]]], [[[-75.430576, 6.409136], [-75.430492, 6.40915], [-75.430549, 6.409039], [-75.430576, 6.409136]]], [[[-75.430932, 6.355003], [-75.430836, 6.355052], [-75.430753, 6.355049], [-75.430869, 6.35494], [-75.430932, 6.355003]]], [[[-75.430734, 6.355217], [-75.430425, 6.355405], [-75.430345, 6.355373], [-75.430467, 6.3552], [-75.430734, 6.355217]]], [[[-75.430232, 6.326064], [-75.430176, 6.325986], [-75.430209, 6.325901], [-75.430266, 6.325968], [-75.430232, 6.326064]]], [[[-75.431076, 6.360651], [-75.430543, 6.360617], [-75.430403, 6.360106], [-75.430674, 6.360105], [-75.430903, 6.360212], [-75.431114, 6.36053], [-75.431076, 6.360651]]], [[[-75.430656, 6.357393], [-75.430546, 6.357435], [-75.430493, 6.357399], [-75.430656, 6.357393]]], [[[-75.431016, 6.354209], [-75.430855, 6.354395], [-75.430543, 6.354299], [-75.4307, 6.35414], [-75.431016, 6.354209]]], [[[-75.430848, 6.412338], [-75.430806, 6.412405], [-75.43078, 6.412355], [-75.430848, 6.412338]]], [[[-75.430954, 6.325843], [-75.430644, 6.325955], [-75.430509, 6.325939], [-75.430619, 6.325855], [-75.430954, 6.325843]]], [[[-75.430949, 6.401656], [-75.43089, 6.401707], [-75.430851, 6.401696], [-75.430873, 6.401629], [-75.430949, 6.401656]]], [[[-75.43102, 6.372434], [-75.430942, 6.372457], [-75.430942, 6.372426], [-75.43102, 6.372434]]], [[[-75.431056, 6.337835], [-75.430742, 6.337726], [-75.430713, 6.337639], [-75.431029, 6.337725], [-75.431056, 6.337835]]], [[[-75.43113, 6.359585], [-75.431071, 6.359651], [-75.430958, 6.3596], [-75.431065, 6.359505], [-75.43113, 6.359585]]], [[[-75.430821, 6.326333], [-75.430771, 6.326376], [-75.430771, 6.326325], [-75.430821, 6.326333]]], [[[-75.431142, 6.346531], [-75.431074, 6.346529], [-75.431017, 6.346431], [-75.431119, 6.346457], [-75.431142, 6.346531]]], [[[-75.431108, 6.324071], [-75.431008, 6.323961], [-75.430939, 6.323646], [-75.431108, 6.323786], [-75.431108, 6.324071]]], [[[-75.431296, 6.362639], [-75.431085, 6.362637], [-75.431071, 6.362595], [-75.431296, 6.362639]]], [[[-75.432059, 6.407146], [-75.431603, 6.407385], [-75.431804, 6.407818], [-75.43177, 6.4079], [-75.431523, 6.407636], [-75.431377, 6.407192], [-75.431747, 6.407106], [-75.432059, 6.407146]]], [[[-75.432208, 6.406327], [-75.431765, 6.40636], [-75.431321, 6.40613], [-75.432447, 6.406189], [-75.432208, 6.406327]]], [[[-75.431785, 6.355787], [-75.43152, 6.355744], [-75.431502, 6.355611], [-75.431172, 6.355282], [-75.431613, 6.35545], [-75.431785, 6.355787]]], [[[-75.431841, 6.317891], [-75.431178, 6.31747], [-75.430966, 6.317268], [-75.431455, 6.317503], [-75.431841, 6.317891]]], [[[-75.432026, 6.358483], [-75.431731, 6.358382], [-75.431677, 6.358298], [-75.432026, 6.358483]]], [[[-75.43145, 6.358237], [-75.431341, 6.35822], [-75.431219, 6.35804], [-75.431415, 6.358152], [-75.43145, 6.358237]]], [[[-75.431784, 6.342095], [-75.431659, 6.342536], [-75.431182, 6.342951], [-75.431148, 6.342651], [-75.43159, 6.342427], [-75.431652, 6.341991], [-75.431784, 6.342095]]], [[[-75.431725, 6.401285], [-75.431617, 6.40121], [-75.431602, 6.400987], [-75.431647, 6.401013], [-75.431725, 6.401285]]], [[[-75.431519, 6.363845], [-75.431401, 6.363907], [-75.431393, 6.363888], [-75.431519, 6.363845]]], [[[-75.432111, 6.353313], [-75.432057, 6.353424], [-75.431389, 6.353218], [-75.431657, 6.353107], [-75.431757, 6.352929], [-75.432111, 6.353313]]], [[[-75.43164, 6.363494], [-75.431492, 6.363283], [-75.431489, 6.363218], [-75.43164, 6.363494]]], [[[-75.431582, 6.347668], [-75.431497, 6.347618], [-75.43148, 6.347522], [-75.431587, 6.347572], [-75.431582, 6.347668]]], [[[-75.431793, 6.392379], [-75.431751, 6.392455], [-75.431725, 6.39238], [-75.431793, 6.392379]]], [[[-75.431671, 6.3594], [-75.431719, 6.359458], [-75.431677, 6.359484], [-75.431671, 6.3594]]], [[[-75.43176, 6.32422], [-75.431693, 6.324195], [-75.431636, 6.324095], [-75.431714, 6.324111], [-75.43176, 6.32422]]], [[[-75.431872, 6.35249], [-75.431755, 6.352507], [-75.431754, 6.352451], [-75.431872, 6.35249]]], [[[-75.432346, 6.346154], [-75.431945, 6.346112], [-75.43181, 6.34574], [-75.432098, 6.345908], [-75.432346, 6.346154]]], [[[-75.432141, 6.365843], [-75.432062, 6.366151], [-75.43198, 6.366219], [-75.43195, 6.365869], [-75.432141, 6.365843]]], [[[-75.43202, 6.348779], [-75.431942, 6.348737], [-75.431909, 6.348695], [-75.432021, 6.348686], [-75.43202, 6.348779]]], [[[-75.432354, 6.41221], [-75.432332, 6.412316], [-75.432277, 6.412288], [-75.432354, 6.41221]]], [[[-75.432201, 6.325751], [-75.432016, 6.326369], [-75.431974, 6.32639], [-75.431989, 6.326008], [-75.432201, 6.325751]]], [[[-75.432576, 6.353716], [-75.432206, 6.353715], [-75.432116, 6.353631], [-75.432375, 6.353613], [-75.432576, 6.353716]]], [[[-75.432097, 6.347863], [-75.432041, 6.347813], [-75.432074, 6.347728], [-75.43213, 6.347779], [-75.432097, 6.347863]]], [[[-75.432028, 6.341541], [-75.432028, 6.341602], [-75.432017, 6.341602], [-75.432028, 6.341541]]], [[[-75.432867, 6.390493], [-75.43268, 6.390692], [-75.432505, 6.390883], [-75.432629, 6.390582], [-75.432867, 6.390493]]], [[[-75.432614, 6.391192], [-75.432766, 6.391467], [-75.432732, 6.391651], [-75.432373, 6.391932], [-75.432648, 6.391583], [-75.432614, 6.391192]]], [[[-75.43232, 6.366895], [-75.432231, 6.36676], [-75.432224, 6.366535], [-75.432308, 6.366602], [-75.43232, 6.366895]]], [[[-75.432313, 6.364942], [-75.432223, 6.364997], [-75.432166, 6.364964], [-75.432234, 6.364908], [-75.432313, 6.364942]]], [[[-75.43356, 6.405325], [-75.433427, 6.405825], [-75.433413, 6.406371], [-75.433249, 6.406558], [-75.43298, 6.406654], [-75.432523, 6.406995], [-75.433324, 6.406159], [-75.433159, 6.406023], [-75.433128, 6.405873], [-75.433491, 6.405054], [-75.43356, 6.405325]]], [[[-75.432915, 6.405682], [-75.432739, 6.405632], [-75.432724, 6.405476], [-75.432815, 6.405568], [-75.432901, 6.40554], [-75.433026, 6.405066], [-75.433005, 6.405609], [-75.432915, 6.405682]]], [[[-75.432674, 6.410385], [-75.432607, 6.410521], [-75.432582, 6.410419], [-75.432674, 6.410385]]], [[[-75.432836, 6.354178], [-75.432331, 6.354254], [-75.432296, 6.354198], [-75.432465, 6.354118], [-75.432836, 6.354178]]], [[[-75.432241, 6.324433], [-75.432182, 6.324467], [-75.432157, 6.324456], [-75.432182, 6.324406], [-75.432241, 6.324433]]], [[[-75.432581, 6.373856], [-75.432513, 6.373831], [-75.432465, 6.373739], [-75.432569, 6.37378], [-75.432581, 6.373856]]], [[[-75.432505, 6.348087], [-75.432448, 6.348037], [-75.432482, 6.347953], [-75.432538, 6.348003], [-75.432505, 6.348087]]], [[[-75.432654, 6.341396], [-75.432419, 6.341905], [-75.432363, 6.34194], [-75.43248, 6.341533], [-75.432654, 6.341396]]], [[[-75.432546, 6.352038], [-75.432411, 6.352106], [-75.432377, 6.352055], [-75.432546, 6.352038]]], [[[-75.432629, 6.373365], [-75.43263, 6.373427], [-75.432619, 6.373427], [-75.432629, 6.373365]]], [[[-75.433645, 6.352759], [-75.433516, 6.352772], [-75.433478, 6.352736], [-75.433611, 6.352672], [-75.433645, 6.352759]]], [[[-75.433158, 6.352515], [-75.433435, 6.35318], [-75.433368, 6.353442], [-75.43283, 6.352827], [-75.432648, 6.352748], [-75.432582, 6.35256], [-75.432638, 6.352501], [-75.432782, 6.352647], [-75.432983, 6.352678], [-75.433158, 6.352515]]], [[[-75.432827, 6.360292], [-75.432652, 6.360226], [-75.432646, 6.360079], [-75.432798, 6.360123], [-75.432827, 6.360292]]], [[[-75.432708, 6.348698], [-75.432663, 6.348799], [-75.432607, 6.348799], [-75.432647, 6.348641], [-75.432708, 6.348698]]], [[[-75.432937, 6.365661], [-75.432751, 6.365712], [-75.432684, 6.365662], [-75.432937, 6.365661]]], [[[-75.432985, 6.411242], [-75.432944, 6.411175], [-75.433028, 6.411062], [-75.433035, 6.411174], [-75.432985, 6.411242]]], [[[-75.432863, 6.37433], [-75.432763, 6.374195], [-75.432777, 6.374056], [-75.432886, 6.374138], [-75.432863, 6.37433]]], [[[-75.432705, 6.318713], [-75.432618, 6.318619], [-75.432552, 6.318431], [-75.432687, 6.318628], [-75.432705, 6.318713]]], [[[-75.434437, 6.346011], [-75.434266, 6.346115], [-75.434311, 6.346435], [-75.434248, 6.346504], [-75.434065, 6.346054], [-75.433614, 6.345652], [-75.433374, 6.345557], [-75.433373, 6.345117], [-75.433496, 6.345101], [-75.433517, 6.345391], [-75.433907, 6.345564], [-75.434043, 6.345888], [-75.434172, 6.345879], [-75.434192, 6.345688], [-75.434324, 6.345675], [-75.434437, 6.346011]]], [[[-75.4342, 6.346622], [-75.434209, 6.346748], [-75.43394, 6.346871], [-75.433278, 6.346852], [-75.432802, 6.346363], [-75.432727, 6.346064], [-75.433036, 6.346078], [-75.433611, 6.346681], [-75.43381, 6.346697], [-75.433872, 6.346518], [-75.4342, 6.346622]]], [[[-75.433821, 6.345082], [-75.433336, 6.344563], [-75.433402, 6.34432], [-75.433582, 6.34415], [-75.433718, 6.344242], [-75.433835, 6.344562], [-75.433821, 6.345082]]], [[[-75.432726, 6.322906], [-75.432706, 6.323052], [-75.432664, 6.323086], [-75.432726, 6.322906]]], [[[-75.432807, 6.345057], [-75.43275, 6.345007], [-75.432784, 6.344922], [-75.43284, 6.344972], [-75.432807, 6.345057]]], [[[-75.433529, 6.355], [-75.433211, 6.355194], [-75.43293, 6.355155], [-75.432865, 6.355056], [-75.43296, 6.354794], [-75.433204, 6.354861], [-75.433513, 6.354656], [-75.43368, 6.354796], [-75.433529, 6.355]]], [[[-75.433299, 6.412139], [-75.433159, 6.41228], [-75.433121, 6.412277], [-75.433154, 6.412115], [-75.433299, 6.412139]]], [[[-75.432805, 6.325465], [-75.432749, 6.325386], [-75.432782, 6.325301], [-75.432838, 6.325369], [-75.432805, 6.325465]]], [[[-75.432905, 6.340751], [-75.432931, 6.340801], [-75.432855, 6.340801], [-75.432905, 6.340751]]], [[[-75.433169, 6.387476], [-75.433091, 6.387493], [-75.433103, 6.387431], [-75.433169, 6.387476]]], [[[-75.433222, 6.404369], [-75.433171, 6.404327], [-75.433181, 6.404144], [-75.433238, 6.404285], [-75.433222, 6.404369]]], [[[-75.433534, 6.410912], [-75.433508, 6.411039], [-75.433288, 6.410981], [-75.433534, 6.410912]]], [[[-75.433366, 6.366636], [-75.433173, 6.366623], [-75.433123, 6.366564], [-75.433342, 6.366555], [-75.433366, 6.366636]]], [[[-75.43321, 6.325005], [-75.433134, 6.325107], [-75.433035, 6.325093], [-75.433094, 6.324983], [-75.43321, 6.325005]]], [[[-75.433435, 6.358445], [-75.433194, 6.358415], [-75.433183, 6.358327], [-75.433334, 6.358335], [-75.433435, 6.358445]]], [[[-75.43339, 6.348943], [-75.433354, 6.349135], [-75.43322, 6.349215], [-75.43339, 6.348943]]], [[[-75.433993, 6.359826], [-75.433577, 6.359769], [-75.433283, 6.359491], [-75.433603, 6.359526], [-75.433733, 6.359385], [-75.433993, 6.359826]]], [[[-75.433489, 6.36888], [-75.433447, 6.368947], [-75.433422, 6.368897], [-75.433489, 6.36888]]], [[[-75.433566, 6.351553], [-75.433348, 6.351483], [-75.433398, 6.351316], [-75.433564, 6.35144], [-75.433566, 6.351553]]], [[[-75.433948, 6.342701], [-75.433538, 6.342663], [-75.433402, 6.342523], [-75.433859, 6.34256], [-75.433948, 6.342701]]], [[[-75.433519, 6.347651], [-75.433362, 6.347713], [-75.43335, 6.347694], [-75.433519, 6.347651]]], [[[-75.433778, 6.410863], [-75.433815, 6.41101], [-75.433774, 6.411086], [-75.433778, 6.410863]]], [[[-75.433622, 6.359125], [-75.433556, 6.359023], [-75.4336, 6.358797], [-75.433655, 6.359023], [-75.433622, 6.359125]]], [[[-75.433695, 6.377737], [-75.433633, 6.377799], [-75.433644, 6.377711], [-75.433695, 6.377737]]], [[[-75.433759, 6.348218], [-75.433777, 6.348433], [-75.433555, 6.348113], [-75.433759, 6.348218]]], [[[-75.433798, 6.358135], [-75.433707, 6.358118], [-75.433658, 6.357938], [-75.433798, 6.35805], [-75.433798, 6.358135]]], [[[-75.43377, 6.367369], [-75.43372, 6.367412], [-75.43372, 6.367361], [-75.43377, 6.367369]]], [[[-75.433678, 6.356135], [-75.433678, 6.356197], [-75.433667, 6.356197], [-75.433678, 6.356135]]], [[[-75.433951, 6.353523], [-75.433787, 6.35358], [-75.433762, 6.353524], [-75.433951, 6.353523]]], [[[-75.435232, 6.321119], [-75.433902, 6.320227], [-75.433712, 6.320007], [-75.434561, 6.320546], [-75.435232, 6.321119]]], [[[-75.434153, 6.397845], [-75.434114, 6.397903], [-75.434045, 6.397926], [-75.434063, 6.397853], [-75.434153, 6.397845]]], [[[-75.434124, 6.377745], [-75.43409, 6.377819], [-75.433972, 6.377803], [-75.434045, 6.377702], [-75.434124, 6.377745]]], [[[-75.433917, 6.368431], [-75.433917, 6.368493], [-75.433906, 6.368493], [-75.433917, 6.368431]]], [[[-75.433799, 6.343386], [-75.433799, 6.343448], [-75.433788, 6.343448], [-75.433799, 6.343386]]], [[[-75.434221, 6.408863], [-75.434356, 6.408913], [-75.43417, 6.408914], [-75.434221, 6.408863]]], [[[-75.434349, 6.347472], [-75.434056, 6.34767], [-75.43391, 6.347486], [-75.434253, 6.347478], [-75.434314, 6.347358], [-75.434349, 6.347472]]], [[[-75.434271, 6.354166], [-75.434278, 6.354213], [-75.434254, 6.3542], [-75.434271, 6.354166]]], [[[-75.434161, 6.354234], [-75.434076, 6.354319], [-75.433966, 6.354342], [-75.434076, 6.354161], [-75.434161, 6.354234]]], [[[-75.434729, 6.411285], [-75.434391, 6.411371], [-75.434272, 6.411253], [-75.434347, 6.4111], [-75.434729, 6.411285]]], [[[-75.434351, 6.369497], [-75.434232, 6.369489], [-75.434085, 6.369266], [-75.43433, 6.369192], [-75.434351, 6.369497]]], [[[-75.434062, 6.343], [-75.434012, 6.343042], [-75.434012, 6.342992], [-75.434062, 6.343]]], [[[-75.43456, 6.409265], [-75.434457, 6.409272], [-75.434429, 6.409215], [-75.434584, 6.409176], [-75.43456, 6.409265]]], [[[-75.434439, 6.344281], [-75.43426, 6.34418], [-75.434197, 6.343994], [-75.434365, 6.344084], [-75.434439, 6.344281]]], [[[-75.434745, 6.403232], [-75.434586, 6.403173], [-75.434476, 6.402977], [-75.434785, 6.403158], [-75.434745, 6.403232]]], [[[-75.434069, 6.323945], [-75.43407, 6.324006], [-75.434058, 6.324006], [-75.434069, 6.323945]]], [[[-75.434322, 6.353849], [-75.434281, 6.353925], [-75.434255, 6.353849], [-75.434322, 6.353849]]], [[[-75.43557, 6.398015], [-75.43474, 6.39864], [-75.434634, 6.398802], [-75.434523, 6.398766], [-75.434561, 6.398626], [-75.434985, 6.398264], [-75.435025, 6.398082], [-75.43514, 6.398048], [-75.435248, 6.398126], [-75.43557, 6.398015]]], [[[-75.434377, 6.347008], [-75.434259, 6.347025], [-75.434259, 6.346969], [-75.434377, 6.347008]]], [[[-75.43445, 6.354613], [-75.4344, 6.35473], [-75.434318, 6.354778], [-75.434388, 6.354528], [-75.43445, 6.354613]]], [[[-75.434628, 6.351513], [-75.434458, 6.351345], [-75.434383, 6.351063], [-75.434494, 6.351122], [-75.434628, 6.351513]]], [[[-75.434796, 6.377634], [-75.43461, 6.377689], [-75.434457, 6.377656], [-75.434621, 6.377601], [-75.434796, 6.377634]]], [[[-75.435076, 6.35562], [-75.435061, 6.35574], [-75.434833, 6.355795], [-75.43474, 6.356271], [-75.434645, 6.356277], [-75.434431, 6.355756], [-75.434486, 6.355627], [-75.434724, 6.355432], [-75.434879, 6.355653], [-75.435076, 6.35562]]], [[[-75.434624, 6.355203], [-75.434607, 6.355116], [-75.43452, 6.354934], [-75.434668, 6.35504], [-75.434624, 6.355203]]], [[[-75.43476, 6.408855], [-75.434642, 6.408912], [-75.434642, 6.408856], [-75.43476, 6.408855]]], [[[-75.435453, 6.349501], [-75.435273, 6.349609], [-75.434974, 6.349626], [-75.434671, 6.349222], [-75.434885, 6.349221], [-75.435101, 6.3494], [-75.435436, 6.349375], [-75.435453, 6.349501]]], [[[-75.434501, 6.349181], [-75.434484, 6.349293], [-75.434454, 6.34929], [-75.434501, 6.349181]]], [[[-75.434925, 6.345629], [-75.434782, 6.34568], [-75.43465, 6.345379], [-75.434529, 6.345325], [-75.434807, 6.345328], [-75.434953, 6.345508], [-75.434925, 6.345629]]], [[[-75.434466, 6.345056], [-75.434421, 6.344801], [-75.434477, 6.344733], [-75.434504, 6.344886], [-75.434466, 6.345056]]], [[[-75.435055, 6.411508], [-75.43501, 6.411586], [-75.434849, 6.411561], [-75.434903, 6.411434], [-75.435055, 6.411508]]], [[[-75.434986, 6.345912], [-75.435004, 6.345968], [-75.434976, 6.34598], [-75.434986, 6.345912]]], [[[-75.434907, 6.34611], [-75.435027, 6.346836], [-75.435004, 6.346919], [-75.434893, 6.346816], [-75.434798, 6.346476], [-75.434816, 6.346117], [-75.434907, 6.34611]]], [[[-75.434741, 6.346857], [-75.434699, 6.346924], [-75.434674, 6.346874], [-75.434741, 6.346857]]], [[[-75.434643, 6.346646], [-75.434528, 6.346663], [-75.434529, 6.346606], [-75.434643, 6.346646]]], [[[-75.436258, 6.391652], [-75.435732, 6.390947], [-75.435518, 6.39042], [-75.434816, 6.389719], [-75.434782, 6.389569], [-75.435212, 6.389807], [-75.435521, 6.390112], [-75.436258, 6.391652]]], [[[-75.434805, 6.357961], [-75.434669, 6.357902], [-75.434643, 6.357801], [-75.434787, 6.357893], [-75.434805, 6.357961]]], [[[-75.434979, 6.397826], [-75.434861, 6.397888], [-75.434852, 6.397869], [-75.434979, 6.397826]]], [[[-75.435453, 6.359955], [-75.435043, 6.359719], [-75.434801, 6.35948], [-75.435339, 6.359374], [-75.435377, 6.359483], [-75.435304, 6.359599], [-75.435453, 6.359955]]], [[[-75.435152, 6.408842], [-75.435001, 6.408904], [-75.43495, 6.408893], [-75.435152, 6.408842]]], [[[-75.435308, 6.415481], [-75.435222, 6.415775], [-75.435096, 6.415843], [-75.435112, 6.415708], [-75.435308, 6.415481]]], [[[-75.435202, 6.347583], [-75.435063, 6.347762], [-75.43505, 6.348021], [-75.43493, 6.34816], [-75.434834, 6.348529], [-75.434823, 6.348037], [-75.435035, 6.347648], [-75.435024, 6.347406], [-75.435202, 6.347583]]], [[[-75.435361, 6.400901], [-75.435172, 6.401009], [-75.435098, 6.400832], [-75.435282, 6.400784], [-75.435361, 6.400901]]], [[[-75.435334, 6.377867], [-75.435314, 6.378014], [-75.435272, 6.378048], [-75.435334, 6.377867]]], [[[-75.43511, 6.377755], [-75.43512, 6.377902], [-75.435093, 6.377955], [-75.43511, 6.377755]]], [[[-75.435616, 6.340559], [-75.435506, 6.340575], [-75.435386, 6.340437], [-75.43551, 6.340417], [-75.435616, 6.340559]]], [[[-75.435164, 6.340493], [-75.435164, 6.340598], [-75.435079, 6.340515], [-75.435164, 6.340493]]], [[[-75.435676, 6.354103], [-75.435558, 6.354159], [-75.435558, 6.354103], [-75.435676, 6.354103]]], [[[-75.435362, 6.353952], [-75.435349, 6.354248], [-75.435228, 6.354282], [-75.435269, 6.35402], [-75.435362, 6.353952]]], [[[-75.435751, 6.399405], [-75.435593, 6.399467], [-75.43558, 6.399448], [-75.435751, 6.399405]]], [[[-75.435469, 6.399293], [-75.435407, 6.399355], [-75.435418, 6.399268], [-75.435469, 6.399293]]], [[[-75.435542, 6.373721], [-75.435424, 6.373738], [-75.435424, 6.373682], [-75.435542, 6.373721]]], [[[-75.435376, 6.347238], [-75.435317, 6.347306], [-75.4353, 6.347306], [-75.435316, 6.347182], [-75.435376, 6.347238]]], [[[-75.435714, 6.358026], [-75.435608, 6.358109], [-75.435438, 6.358053], [-75.435403, 6.357806], [-75.435657, 6.357859], [-75.435714, 6.358026]]], [[[-75.4359, 6.400862], [-75.435688, 6.40086], [-75.435651, 6.400804], [-75.4359, 6.400862]]], [[[-75.435995, 6.377431], [-75.435657, 6.377172], [-75.435711, 6.377051], [-75.436, 6.377268], [-75.435995, 6.377431]]], [[[-75.435722, 6.376854], [-75.435716, 6.37649], [-75.435756, 6.376464], [-75.435722, 6.376854]]], [[[-75.435911, 6.376318], [-75.435894, 6.3762], [-75.43595, 6.3762], [-75.435911, 6.376318]]], [[[-75.435556, 6.350874], [-75.435495, 6.350936], [-75.435506, 6.350849], [-75.435556, 6.350874]]], [[[-75.435846, 6.408635], [-75.43577, 6.408593], [-75.435787, 6.408523], [-75.435888, 6.408542], [-75.435846, 6.408635]]], [[[-75.436048, 6.402599], [-75.435831, 6.402532], [-75.435806, 6.402447], [-75.436048, 6.402599]]], [[[-75.43598, 6.408892], [-75.435878, 6.408892], [-75.435853, 6.40885], [-75.43598, 6.408892]]], [[[-75.436075, 6.372863], [-75.435957, 6.372951], [-75.435768, 6.373056], [-75.435898, 6.372863], [-75.436075, 6.372863]]], [[[-75.435974, 6.373784], [-75.435783, 6.373836], [-75.435733, 6.373785], [-75.435974, 6.373784]]], [[[-75.436206, 6.346944], [-75.436095, 6.347291], [-75.436069, 6.347051], [-75.43592, 6.346992], [-75.435845, 6.347123], [-75.435842, 6.347606], [-75.435767, 6.347609], [-75.43567, 6.347267], [-75.435708, 6.346938], [-75.435928, 6.346868], [-75.436206, 6.346944]]], [[[-75.435799, 6.374616], [-75.435799, 6.374678], [-75.435788, 6.374678], [-75.435799, 6.374616]]], [[[-75.435778, 6.350316], [-75.435678, 6.350274], [-75.435675, 6.350215], [-75.435801, 6.350223], [-75.435778, 6.350316]]], [[[-75.435801, 6.351932], [-75.435684, 6.351989], [-75.435683, 6.351933], [-75.435801, 6.351932]]], [[[-75.436364, 6.349663], [-75.436122, 6.349282], [-75.435754, 6.3492], [-75.435734, 6.348937], [-75.435835, 6.348751], [-75.43596, 6.348799], [-75.436105, 6.349119], [-75.43643, 6.349188], [-75.436256, 6.349311], [-75.436364, 6.349663]]], [[[-75.43603, 6.375683], [-75.436016, 6.37586], [-75.435957, 6.37592], [-75.43603, 6.375683]]], [[[-75.435848, 6.37552], [-75.435848, 6.375581], [-75.435837, 6.375582], [-75.435848, 6.37552]]], [[[-75.435863, 6.351281], [-75.435807, 6.351231], [-75.43584, 6.351147], [-75.435897, 6.351197], [-75.435863, 6.351281]]], [[[-75.436279, 6.353215], [-75.435932, 6.353098], [-75.435877, 6.352937], [-75.435938, 6.352683], [-75.436279, 6.353215]]], [[[-75.436713, 6.397255], [-75.436638, 6.397238], [-75.436628, 6.397205], [-75.436704, 6.397185], [-75.436713, 6.397255]]], [[[-75.43647, 6.3972], [-75.436411, 6.397234], [-75.436384, 6.397223], [-75.436407, 6.397172], [-75.43647, 6.3972]]], [[[-75.436313, 6.39707], [-75.436083, 6.396987], [-75.436068, 6.396959], [-75.436282, 6.39693], [-75.436313, 6.39707]]], [[[-75.436574, 6.400568], [-75.436374, 6.400561], [-75.436183, 6.400677], [-75.436131, 6.40062], [-75.436231, 6.400422], [-75.436574, 6.400568]]], [[[-75.43604, 6.35158], [-75.436091, 6.351563], [-75.436102, 6.351591], [-75.43604, 6.35158]]], [[[-75.436329, 6.371047], [-75.436245, 6.370963], [-75.436334, 6.37081], [-75.43638, 6.370979], [-75.436329, 6.371047]]], [[[-75.436967, 6.404861], [-75.436906, 6.405017], [-75.43686, 6.404855], [-75.436967, 6.404861]]], [[[-75.436771, 6.404735], [-75.436636, 6.404803], [-75.4366, 6.404778], [-75.436771, 6.404735]]], [[[-75.436479, 6.404698], [-75.436404, 6.404603], [-75.436409, 6.40449], [-75.436483, 6.404574], [-75.436479, 6.404698]]], [[[-75.43626, 6.34438], [-75.436103, 6.344437], [-75.436091, 6.344398], [-75.43626, 6.34438]]], [[[-75.436342, 6.357842], [-75.436278, 6.357917], [-75.43622, 6.357914], [-75.436266, 6.357765], [-75.436342, 6.357842]]], [[[-75.436709, 6.408354], [-75.436659, 6.408473], [-75.436507, 6.408524], [-75.436608, 6.408388], [-75.436709, 6.408354]]], [[[-75.43666, 6.356203], [-75.436387, 6.356271], [-75.436229, 6.356142], [-75.436334, 6.355865], [-75.43645, 6.356], [-75.436637, 6.356033], [-75.43666, 6.356203]]], [[[-75.436687, 6.350184], [-75.436296, 6.350186], [-75.436256, 6.349975], [-75.436416, 6.349938], [-75.436687, 6.350184]]], [[[-75.436387, 6.364161], [-75.436326, 6.364223], [-75.436337, 6.364136], [-75.436387, 6.364161]]], [[[-75.436716, 6.346508], [-75.436659, 6.346822], [-75.436577, 6.346876], [-75.436504, 6.346475], [-75.436327, 6.346386], [-75.43658, 6.346323], [-75.436716, 6.346508]]], [[[-75.436523, 6.346086], [-75.436523, 6.346147], [-75.436512, 6.346147], [-75.436523, 6.346086]]], [[[-75.436883, 6.351955], [-75.436729, 6.351927], [-75.436451, 6.351607], [-75.436831, 6.35168], [-75.436724, 6.351772], [-75.436883, 6.351955]]], [[[-75.437177, 6.40886], [-75.43699, 6.408916], [-75.43693, 6.408902], [-75.437177, 6.40886]]], [[[-75.436751, 6.408829], [-75.436709, 6.408896], [-75.436684, 6.408846], [-75.436751, 6.408829]]], [[[-75.436784, 6.404107], [-75.436723, 6.404206], [-75.436662, 6.404206], [-75.436676, 6.404049], [-75.436784, 6.404107]]], [[[-75.436499, 6.34732], [-75.436438, 6.347244], [-75.436521, 6.347075], [-75.436549, 6.347218], [-75.436499, 6.34732]]], [[[-75.436493, 6.350708], [-75.436563, 6.351058], [-75.436558, 6.351143], [-75.436493, 6.350708]]], [[[-75.43673, 6.355671], [-75.436593, 6.355712], [-75.436536, 6.355568], [-75.436704, 6.355535], [-75.43673, 6.355671]]], [[[-75.436663, 6.365155], [-75.436602, 6.365217], [-75.436612, 6.365129], [-75.436663, 6.365155]]], [[[-75.436611, 6.345543], [-75.436611, 6.345604], [-75.4366, 6.345604], [-75.436611, 6.345543]]], [[[-75.437113, 6.358001], [-75.436799, 6.35801], [-75.436725, 6.357828], [-75.437055, 6.357789], [-75.437113, 6.358001]]], [[[-75.437448, 6.354266], [-75.437412, 6.354342], [-75.437279, 6.354332], [-75.437334, 6.354223], [-75.437448, 6.354266]]], [[[-75.43715, 6.354412], [-75.4373, 6.354677], [-75.437267, 6.354768], [-75.437142, 6.354621], [-75.43715, 6.354412]]], [[[-75.436931, 6.354732], [-75.437049, 6.355199], [-75.436846, 6.355319], [-75.436913, 6.355167], [-75.436829, 6.354807], [-75.436931, 6.354732]]], [[[-75.436734, 6.343056], [-75.436735, 6.343117], [-75.436724, 6.343117], [-75.436734, 6.343056]]], [[[-75.436788, 6.344918], [-75.436845, 6.345115], [-75.436806, 6.345129], [-75.436788, 6.344918]]], [[[-75.436861, 6.336963], [-75.436743, 6.33702], [-75.436743, 6.336964], [-75.436861, 6.336963]]], [[[-75.437067, 6.358481], [-75.436931, 6.358473], [-75.436905, 6.358372], [-75.437049, 6.358414], [-75.437067, 6.358481]]], [[[-75.438897, 6.322402], [-75.438384, 6.322243], [-75.43819, 6.322117], [-75.438582, 6.322191], [-75.438897, 6.322402]]], [[[-75.437895, 6.321971], [-75.43692, 6.321756], [-75.436853, 6.321713], [-75.437305, 6.32172], [-75.437895, 6.321971]]], [[[-75.437019, 6.341039], [-75.437054, 6.341435], [-75.437015, 6.341466], [-75.436952, 6.341198], [-75.437019, 6.341039]]], [[[-75.437468, 6.423028], [-75.437409, 6.423103], [-75.437376, 6.423103], [-75.437392, 6.422985], [-75.437468, 6.423028]]], [[[-75.437109, 6.346992], [-75.437052, 6.346902], [-75.437085, 6.346846], [-75.437142, 6.346913], [-75.437109, 6.346992]]], [[[-75.437223, 6.352162], [-75.437167, 6.352101], [-75.4372, 6.352044], [-75.437257, 6.352095], [-75.437223, 6.352162]]], [[[-75.438457, 6.423558], [-75.438165, 6.423375], [-75.437681, 6.423243], [-75.43824, 6.423269], [-75.438457, 6.423558]]], [[[-75.437522, 6.350302], [-75.437554, 6.350454], [-75.437547, 6.350505], [-75.437522, 6.350302]]], [[[-75.43745, 6.350636], [-75.437423, 6.350814], [-75.437215, 6.350981], [-75.437202, 6.350783], [-75.43745, 6.350636]]], [[[-75.437366, 6.348155], [-75.437275, 6.34813], [-75.437232, 6.348029], [-75.43737, 6.348045], [-75.437366, 6.348155]]], [[[-75.437566, 6.37142], [-75.437492, 6.371378], [-75.4375, 6.371308], [-75.437575, 6.371327], [-75.437566, 6.37142]]], [[[-75.437394, 6.348704], [-75.437394, 6.348765], [-75.437383, 6.348765], [-75.437394, 6.348704]]], [[[-75.437499, 6.340642], [-75.43748, 6.340746], [-75.437449, 6.340591], [-75.437499, 6.340642]]], [[[-75.437786, 6.342546], [-75.43765, 6.342423], [-75.43767, 6.341921], [-75.43757, 6.341757], [-75.437775, 6.341417], [-75.437844, 6.342476], [-75.437786, 6.342546]]], [[[-75.437714, 6.346029], [-75.437698, 6.346198], [-75.437687, 6.346198], [-75.437714, 6.346029]]], [[[-75.437739, 6.346616], [-75.437683, 6.346549], [-75.437716, 6.346436], [-75.437773, 6.346503], [-75.437739, 6.346616]]], [[[-75.437916, 6.368601], [-75.437838, 6.368618], [-75.437849, 6.368557], [-75.437916, 6.368601]]], [[[-75.437951, 6.3477], [-75.437869, 6.347675], [-75.437851, 6.347574], [-75.437958, 6.34759], [-75.437951, 6.3477]]], [[[-75.437902, 6.34327], [-75.437845, 6.343236], [-75.437822, 6.34311], [-75.437895, 6.343157], [-75.437902, 6.34327]]], [[[-75.438159, 6.400116], [-75.438221, 6.400147], [-75.438134, 6.400167], [-75.438159, 6.400116]]], [[[-75.438037, 6.337361], [-75.437919, 6.337379], [-75.437919, 6.337323], [-75.438037, 6.337361]]], [[[-75.438327, 6.344607], [-75.43813, 6.344326], [-75.438061, 6.343548], [-75.438257, 6.343805], [-75.438128, 6.344064], [-75.43831, 6.344322], [-75.438327, 6.344607]]], [[[-75.438315, 6.357283], [-75.438222, 6.357249], [-75.438171, 6.357143], [-75.438351, 6.357204], [-75.438315, 6.357283]]], [[[-75.438488, 6.400349], [-75.438439, 6.40029], [-75.43845, 6.400169], [-75.438517, 6.40025], [-75.438488, 6.400349]]], [[[-75.438254, 6.349061], [-75.438254, 6.349123], [-75.438243, 6.349123], [-75.438254, 6.349061]]], [[[-75.439106, 6.35831], [-75.438896, 6.358257], [-75.438642, 6.357799], [-75.43907, 6.358105], [-75.439106, 6.35831]]], [[[-75.438519, 6.358456], [-75.438298, 6.358443], [-75.438281, 6.358402], [-75.438467, 6.358388], [-75.438519, 6.358456]]], [[[-75.438964, 6.423931], [-75.438863, 6.424065], [-75.438693, 6.424006], [-75.438754, 6.423713], [-75.43894, 6.423744], [-75.438964, 6.423931]]], [[[-75.438695, 6.355149], [-75.43862, 6.355256], [-75.438702, 6.355508], [-75.438644, 6.355685], [-75.438527, 6.35553], [-75.438453, 6.355043], [-75.438325, 6.354869], [-75.438687, 6.354727], [-75.438695, 6.355149]]], [[[-75.438525, 6.354541], [-75.438467, 6.354319], [-75.438524, 6.354292], [-75.438525, 6.354541]]], [[[-75.438736, 6.359169], [-75.438465, 6.359116], [-75.438414, 6.358992], [-75.438545, 6.358952], [-75.438598, 6.359097], [-75.438736, 6.359169]]], [[[-75.43916, 6.422592], [-75.438989, 6.422734], [-75.438803, 6.422731], [-75.439083, 6.422582], [-75.43916, 6.422592]]], [[[-75.438583, 6.328498], [-75.438465, 6.328514], [-75.438465, 6.328456], [-75.438583, 6.328498]]], [[[-75.43837, 6.32835], [-75.43832, 6.328281], [-75.438353, 6.328169], [-75.438406, 6.328237], [-75.43837, 6.32835]]], [[[-75.439182, 6.424499], [-75.438897, 6.424444], [-75.438865, 6.424376], [-75.439059, 6.424305], [-75.439182, 6.424499]]], [[[-75.438662, 6.342444], [-75.438562, 6.342498], [-75.438502, 6.342465], [-75.438585, 6.342347], [-75.438662, 6.342444]]], [[[-75.438817, 6.344323], [-75.438624, 6.344281], [-75.438586, 6.344022], [-75.43885, 6.344136], [-75.438889, 6.344257], [-75.438817, 6.344323]]], [[[-75.440389, 6.426668], [-75.440279, 6.426644], [-75.440259, 6.426542], [-75.440375, 6.426559], [-75.440389, 6.426668]]], [[[-75.440138, 6.426359], [-75.439582, 6.426415], [-75.439446, 6.426306], [-75.439868, 6.426276], [-75.440138, 6.426359]]], [[[-75.43959, 6.426051], [-75.439513, 6.425958], [-75.439527, 6.425809], [-75.439631, 6.425929], [-75.43959, 6.426051]]], [[[-75.439347, 6.425668], [-75.43904, 6.425216], [-75.439004, 6.425045], [-75.439384, 6.425439], [-75.439414, 6.425605], [-75.439347, 6.425668]]], [[[-75.438688, 6.346476], [-75.438631, 6.346426], [-75.438665, 6.346341], [-75.438721, 6.346391], [-75.438688, 6.346476]]], [[[-75.439562, 6.358483], [-75.43923, 6.359033], [-75.438735, 6.35892], [-75.439247, 6.358671], [-75.439432, 6.358205], [-75.439679, 6.358093], [-75.439562, 6.358483]]], [[[-75.438988, 6.347108], [-75.438897, 6.347032], [-75.438847, 6.346702], [-75.438953, 6.346854], [-75.438988, 6.347108]]], [[[-75.438974, 6.35212], [-75.438901, 6.352121], [-75.438957, 6.352036], [-75.438974, 6.35212]]], [[[-75.439388, 6.401984], [-75.439186, 6.401739], [-75.439211, 6.401603], [-75.439388, 6.401984]]], [[[-75.439397, 6.411355], [-75.439333, 6.41143], [-75.439278, 6.411424], [-75.439355, 6.411244], [-75.439397, 6.411355]]], [[[-75.439305, 6.398746], [-75.439205, 6.398645], [-75.439227, 6.398419], [-75.439269, 6.398451], [-75.439305, 6.398746]]], [[[-75.439704, 6.372717], [-75.439566, 6.372902], [-75.439171, 6.372887], [-75.439555, 6.372586], [-75.439704, 6.372717]]], [[[-75.439256, 6.342956], [-75.439038, 6.342934], [-75.439033, 6.342872], [-75.439206, 6.342849], [-75.439256, 6.342956]]], [[[-75.439296, 6.351017], [-75.439221, 6.351119], [-75.439139, 6.351119], [-75.439248, 6.350961], [-75.439296, 6.351017]]], [[[-75.439215, 6.340924], [-75.439085, 6.340784], [-75.43914, 6.340643], [-75.439267, 6.340701], [-75.439215, 6.340924]]], [[[-75.439218, 6.348254], [-75.4391, 6.348311], [-75.4391, 6.348255], [-75.439218, 6.348254]]], [[[-75.439757, 6.407469], [-75.439771, 6.407621], [-75.439497, 6.407586], [-75.439651, 6.407435], [-75.439757, 6.407469]]], [[[-75.439485, 6.406925], [-75.439454, 6.407018], [-75.439434, 6.406926], [-75.439485, 6.406925]]], [[[-75.441389, 6.344921], [-75.441298, 6.344947], [-75.441304, 6.344837], [-75.441389, 6.344921]]], [[[-75.441167, 6.344791], [-75.44098, 6.344515], [-75.440709, 6.344471], [-75.440759, 6.344137], [-75.44051, 6.34388], [-75.440616, 6.343431], [-75.440716, 6.343369], [-75.440958, 6.343426], [-75.440957, 6.343507], [-75.440771, 6.343531], [-75.440785, 6.343694], [-75.440907, 6.344162], [-75.441113, 6.344422], [-75.441167, 6.344791]]], [[[-75.440553, 6.343276], [-75.440475, 6.343332], [-75.440486, 6.343264], [-75.440553, 6.343276]]], [[[-75.440346, 6.343373], [-75.4403, 6.343456], [-75.440245, 6.343453], [-75.440246, 6.343341], [-75.440346, 6.343373]]], [[[-75.440084, 6.343337], [-75.440017, 6.343232], [-75.44005, 6.343034], [-75.440113, 6.343145], [-75.440084, 6.343337]]], [[[-75.44037, 6.343106], [-75.440149, 6.342552], [-75.439926, 6.34237], [-75.440135, 6.341904], [-75.440438, 6.342683], [-75.44037, 6.343106]]], [[[-75.440273, 6.341719], [-75.440217, 6.341663], [-75.440221, 6.341637], [-75.440283, 6.341658], [-75.440273, 6.341719]]], [[[-75.439902, 6.341735], [-75.439636, 6.341875], [-75.4395, 6.341834], [-75.439718, 6.341557], [-75.43981, 6.341273], [-75.440054, 6.34152], [-75.439902, 6.341735]]], [[[-75.439637, 6.341251], [-75.439521, 6.341138], [-75.439506, 6.340906], [-75.439681, 6.341075], [-75.439637, 6.341251]]], [[[-75.439894, 6.340959], [-75.439613, 6.340859], [-75.439649, 6.340732], [-75.439898, 6.340845], [-75.439894, 6.340959]]], [[[-75.439345, 6.341988], [-75.439318, 6.3422], [-75.439278, 6.342224], [-75.439255, 6.341828], [-75.439345, 6.341988]]], [[[-75.439275, 6.354888], [-75.439276, 6.35495], [-75.439265, 6.35495], [-75.439275, 6.354888]]], [[[-75.439904, 6.424311], [-75.439802, 6.424416], [-75.439667, 6.424451], [-75.439751, 6.424291], [-75.439904, 6.424311]]], [[[-75.439421, 6.343958], [-75.439298, 6.344015], [-75.439272, 6.343959], [-75.439421, 6.343958]]], [[[-75.439981, 6.406621], [-75.439626, 6.406351], [-75.439635, 6.406206], [-75.439981, 6.406621]]], [[[-75.439327, 6.338162], [-75.439359, 6.338513], [-75.439334, 6.338607], [-75.439327, 6.338162]]], [[[-75.440232, 6.42381], [-75.439927, 6.423928], [-75.439795, 6.423849], [-75.440232, 6.42381]]], [[[-75.439467, 6.355478], [-75.439437, 6.355571], [-75.439417, 6.355478], [-75.439467, 6.355478]]], [[[-75.439543, 6.357859], [-75.43947, 6.35786], [-75.439526, 6.357775], [-75.439543, 6.357859]]], [[[-75.439596, 6.356991], [-75.439557, 6.357096], [-75.439545, 6.356989], [-75.439596, 6.356991]]], [[[-75.44007, 6.346543], [-75.439845, 6.346261], [-75.439745, 6.345917], [-75.440062, 6.346345], [-75.44007, 6.346543]]], [[[-75.439593, 6.345622], [-75.439594, 6.345715], [-75.439583, 6.345715], [-75.439593, 6.345622]]], [[[-75.439704, 6.356011], [-75.439688, 6.356146], [-75.439677, 6.356146], [-75.439704, 6.356011]]], [[[-75.439551, 6.326903], [-75.439551, 6.326964], [-75.43954, 6.326965], [-75.439551, 6.326903]]], [[[-75.439723, 6.340153], [-75.439649, 6.340086], [-75.439649, 6.340027], [-75.439767, 6.340074], [-75.439723, 6.340153]]], [[[-75.440292, 6.360122], [-75.439995, 6.360072], [-75.439825, 6.359932], [-75.439993, 6.359869], [-75.440231, 6.359936], [-75.440383, 6.360037], [-75.440292, 6.360122]]], [[[-75.440007, 6.35686], [-75.439972, 6.357303], [-75.439891, 6.357342], [-75.440007, 6.35686]]], [[[-75.440624, 6.422912], [-75.440299, 6.423052], [-75.440186, 6.422968], [-75.440782, 6.42274], [-75.440624, 6.422912]]], [[[-75.439947, 6.349517], [-75.439829, 6.349573], [-75.439829, 6.349517], [-75.439947, 6.349517]]], [[[-75.440009, 6.358885], [-75.439938, 6.358739], [-75.439942, 6.358541], [-75.440015, 6.358677], [-75.440009, 6.358885]]], [[[-75.440804, 6.347421], [-75.440486, 6.347546], [-75.440407, 6.347717], [-75.439947, 6.347476], [-75.440324, 6.347378], [-75.440804, 6.347421]]], [[[-75.440346, 6.358443], [-75.440205, 6.358529], [-75.440078, 6.358012], [-75.440391, 6.358217], [-75.440346, 6.358443]]], [[[-75.440051, 6.357804], [-75.440106, 6.357598], [-75.440191, 6.357568], [-75.440148, 6.357768], [-75.440051, 6.357804]]], [[[-75.440211, 6.360467], [-75.440092, 6.360425], [-75.440036, 6.360366], [-75.440193, 6.360374], [-75.440211, 6.360467]]], [[[-75.44008, 6.36266], [-75.440081, 6.362722], [-75.440069, 6.362722], [-75.44008, 6.36266]]], [[[-75.440323, 6.405601], [-75.440272, 6.405559], [-75.440282, 6.405376], [-75.440339, 6.405517], [-75.440323, 6.405601]]], [[[-75.440487, 6.355465], [-75.440537, 6.355946], [-75.440318, 6.356132], [-75.440258, 6.355963], [-75.440368, 6.355514], [-75.440487, 6.355465]]], [[[-75.440281, 6.355246], [-75.440217, 6.355041], [-75.44023, 6.354753], [-75.440307, 6.355048], [-75.440281, 6.355246]]], [[[-75.440312, 6.354334], [-75.440143, 6.354435], [-75.440161, 6.354109], [-75.440271, 6.353906], [-75.440451, 6.353837], [-75.440463, 6.354063], [-75.440312, 6.354334]]], [[[-75.440447, 6.36267], [-75.440366, 6.362873], [-75.440307, 6.362924], [-75.440338, 6.362738], [-75.440447, 6.36267]]], [[[-75.440582, 6.351635], [-75.440536, 6.351768], [-75.440238, 6.351691], [-75.440372, 6.351562], [-75.440582, 6.351635]]], [[[-75.440832, 6.40804], [-75.440775, 6.407973], [-75.440808, 6.40786], [-75.440865, 6.407927], [-75.440832, 6.40804]]], [[[-75.440622, 6.407827], [-75.440554, 6.407844], [-75.440565, 6.407771], [-75.440622, 6.407827]]], [[[-75.440345, 6.361258], [-75.440345, 6.361319], [-75.440334, 6.361319], [-75.440345, 6.361258]]], [[[-75.440764, 6.421181], [-75.440718, 6.421522], [-75.44069, 6.421005], [-75.440764, 6.421181]]], [[[-75.440351, 6.344569], [-75.440294, 6.344519], [-75.440328, 6.344434], [-75.440384, 6.344485], [-75.440351, 6.344569]]], [[[-75.441092, 6.420071], [-75.440864, 6.420134], [-75.440788, 6.420123], [-75.441092, 6.420071]]], [[[-75.440948, 6.421835], [-75.440945, 6.421896], [-75.440934, 6.421896], [-75.440948, 6.421835]]], [[[-75.440913, 6.417506], [-75.440863, 6.417562], [-75.44084, 6.417495], [-75.440913, 6.417506]]], [[[-75.44082, 6.405672], [-75.440764, 6.405509], [-75.440796, 6.405283], [-75.440853, 6.405435], [-75.44082, 6.405672]]], [[[-75.441609, 6.39329], [-75.44142, 6.393384], [-75.440768, 6.393404], [-75.441101, 6.393314], [-75.441609, 6.39329]]], [[[-75.4409, 6.323129], [-75.44079, 6.323137], [-75.440515, 6.322987], [-75.440783, 6.323019], [-75.4409, 6.323129]]], [[[-75.440733, 6.362304], [-75.440655, 6.362321], [-75.440666, 6.362259], [-75.440733, 6.362304]]], [[[-75.440773, 6.360023], [-75.440701, 6.360024], [-75.440756, 6.359939], [-75.440773, 6.360023]]], [[[-75.441156, 6.338426], [-75.440909, 6.338492], [-75.440627, 6.338409], [-75.440966, 6.338395], [-75.441166, 6.338274], [-75.441156, 6.338426]]], [[[-75.440796, 6.361346], [-75.440819, 6.361425], [-75.440789, 6.361425], [-75.440796, 6.361346]]], [[[-75.441117, 6.336962], [-75.440996, 6.337005], [-75.440854, 6.336877], [-75.440998, 6.336895], [-75.441117, 6.336962]]], [[[-75.442062, 6.3625], [-75.441798, 6.362468], [-75.441387, 6.362609], [-75.44107, 6.362515], [-75.441081, 6.3616], [-75.441368, 6.36179], [-75.441318, 6.362133], [-75.441375, 6.362303], [-75.441788, 6.362276], [-75.441906, 6.362408], [-75.442036, 6.362282], [-75.442062, 6.3625]]], [[[-75.441624, 6.361873], [-75.441624, 6.361811], [-75.441635, 6.361811], [-75.441624, 6.361873]]], [[[-75.441147, 6.342554], [-75.441044, 6.342614], [-75.440974, 6.342548], [-75.440991, 6.342029], [-75.441174, 6.342232], [-75.441147, 6.342554]]], [[[-75.441567, 6.422495], [-75.441466, 6.422532], [-75.441296, 6.422477], [-75.441465, 6.422461], [-75.441567, 6.422495]]], [[[-75.442016, 6.393616], [-75.44133, 6.394012], [-75.441203, 6.39403], [-75.441516, 6.393786], [-75.442016, 6.393616]]], [[[-75.441614, 6.425167], [-75.441614, 6.425318], [-75.441457, 6.425395], [-75.441497, 6.42511], [-75.441614, 6.425167]]], [[[-75.441438, 6.351801], [-75.441392, 6.352071], [-75.441023, 6.351964], [-75.441232, 6.351746], [-75.441438, 6.351801]]], [[[-75.44139, 6.410265], [-75.44136, 6.410389], [-75.441314, 6.410265], [-75.44139, 6.410265]]], [[[-75.441364, 6.400093], [-75.441289, 6.40011], [-75.441288, 6.400059], [-75.441364, 6.400093]]], [[[-75.441387, 6.347017], [-75.441155, 6.347414], [-75.441104, 6.346284], [-75.441214, 6.346607], [-75.441383, 6.346744], [-75.441387, 6.347017]]], [[[-75.441222, 6.345973], [-75.441222, 6.346035], [-75.441211, 6.346035], [-75.441222, 6.345973]]], [[[-75.44104, 6.345793], [-75.44104, 6.345855], [-75.441029, 6.345855], [-75.44104, 6.345793]]], [[[-75.441195, 6.35246], [-75.441069, 6.352418], [-75.44106, 6.352359], [-75.441164, 6.352367], [-75.441195, 6.35246]]], [[[-75.440976, 6.328654], [-75.44096, 6.328857], [-75.440949, 6.328857], [-75.440976, 6.328654]]], [[[-75.441012, 6.331456], [-75.440956, 6.331405], [-75.440989, 6.331321], [-75.441045, 6.331371], [-75.441012, 6.331456]]], [[[-75.441224, 6.345334], [-75.441177, 6.345552], [-75.441101, 6.345577], [-75.441114, 6.345377], [-75.441224, 6.345334]]], [[[-75.441776, 6.424369], [-75.441661, 6.424469], [-75.441581, 6.424256], [-75.441667, 6.42389], [-75.44183, 6.424004], [-75.441776, 6.424369]]], [[[-75.441488, 6.355776], [-75.441373, 6.355353], [-75.441406, 6.355099], [-75.441508, 6.355225], [-75.441488, 6.355776]]], [[[-75.443645, 6.360096], [-75.443598, 6.360146], [-75.443503, 6.360126], [-75.443552, 6.360034], [-75.443645, 6.360096]]], [[[-75.443349, 6.360238], [-75.443258, 6.360569], [-75.442841, 6.360653], [-75.442627, 6.360796], [-75.44213, 6.360622], [-75.442002, 6.360767], [-75.44159, 6.360758], [-75.441727, 6.360631], [-75.442081, 6.36059], [-75.442246, 6.360368], [-75.44255, 6.360383], [-75.442733, 6.359765], [-75.442926, 6.359759], [-75.442802, 6.36007], [-75.442894, 6.360414], [-75.443183, 6.360403], [-75.443196, 6.360238], [-75.443072, 6.360114], [-75.443272, 6.359983], [-75.443349, 6.360238]]], [[[-75.44319, 6.359826], [-75.443111, 6.35986], [-75.443076, 6.359852], [-75.443107, 6.359804], [-75.44319, 6.359826]]], [[[-75.441862, 6.360936], [-75.44182, 6.361002], [-75.441647, 6.360948], [-75.441787, 6.360893], [-75.441862, 6.360936]]], [[[-75.441526, 6.347446], [-75.441409, 6.347478], [-75.441451, 6.347385], [-75.441526, 6.347446]]], [[[-75.442072, 6.419727], [-75.441946, 6.419651], [-75.441869, 6.419488], [-75.44212, 6.419588], [-75.442072, 6.419727]]], [[[-75.441776, 6.419277], [-75.441737, 6.419225], [-75.441749, 6.41913], [-75.441813, 6.41918], [-75.441776, 6.419277]]], [[[-75.441819, 6.400594], [-75.44174, 6.400616], [-75.44174, 6.400585], [-75.441819, 6.400594]]], [[[-75.441682, 6.343216], [-75.441498, 6.343434], [-75.441654, 6.343072], [-75.441682, 6.343216]]], [[[-75.441531, 6.345739], [-75.441475, 6.345689], [-75.441508, 6.345604], [-75.441564, 6.345655], [-75.441531, 6.345739]]], [[[-75.441858, 6.360103], [-75.441605, 6.360152], [-75.441588, 6.360133], [-75.441858, 6.360103]]], [[[-75.44205, 6.403977], [-75.441882, 6.403896], [-75.44184, 6.40382], [-75.442051, 6.403895], [-75.44205, 6.403977]]], [[[-75.441635, 6.356869], [-75.441635, 6.356962], [-75.441624, 6.356962], [-75.441635, 6.356869]]], [[[-75.442372, 6.342351], [-75.4422, 6.34269], [-75.44203, 6.342723], [-75.441662, 6.342385], [-75.441649, 6.342243], [-75.441781, 6.342177], [-75.442064, 6.342373], [-75.442372, 6.342351]]], [[[-75.442184, 6.414482], [-75.442074, 6.41444], [-75.442046, 6.414384], [-75.442204, 6.414423], [-75.442184, 6.414482]]], [[[-75.441783, 6.341669], [-75.441709, 6.341585], [-75.441714, 6.341444], [-75.441788, 6.341528], [-75.441783, 6.341669]]], [[[-75.44201, 6.407544], [-75.442011, 6.407605], [-75.441999, 6.407605], [-75.44201, 6.407544]]], [[[-75.442174, 6.36176], [-75.442057, 6.361826], [-75.442048, 6.361805], [-75.442174, 6.36176]]], [[[-75.442003, 6.361958], [-75.441969, 6.362015], [-75.441843, 6.36203], [-75.44189, 6.361932], [-75.442003, 6.361958]]], [[[-75.441817, 6.338087], [-75.441719, 6.338126], [-75.441727, 6.338059], [-75.441817, 6.338087]]], [[[-75.442301, 6.343242], [-75.442072, 6.343335], [-75.442012, 6.343509], [-75.441981, 6.34298], [-75.442301, 6.343242]]], [[[-75.442423, 6.421875], [-75.442406, 6.421966], [-75.44235, 6.422019], [-75.44235, 6.421871], [-75.442423, 6.421875]]], [[[-75.4425, 6.418473], [-75.442528, 6.419066], [-75.442489, 6.419108], [-75.442384, 6.419009], [-75.442364, 6.418441], [-75.4425, 6.418473]]], [[[-75.44228, 6.323686], [-75.44258, 6.323913], [-75.442632, 6.323989], [-75.44228, 6.323686]]], [[[-75.442008, 6.323478], [-75.441915, 6.32352], [-75.441884, 6.323484], [-75.442008, 6.323478]]], [[[-75.442267, 6.359355], [-75.442319, 6.359473], [-75.442302, 6.359524], [-75.442115, 6.359305], [-75.442267, 6.359355]]], [[[-75.442245, 6.356993], [-75.442169, 6.356942], [-75.442193, 6.356722], [-75.442266, 6.356824], [-75.442245, 6.356993]]], [[[-75.442302, 6.35996], [-75.442228, 6.359892], [-75.442252, 6.359706], [-75.442324, 6.359807], [-75.442302, 6.35996]]], [[[-75.443018, 6.417569], [-75.442934, 6.417807], [-75.442695, 6.417924], [-75.442688, 6.417787], [-75.442978, 6.417406], [-75.443018, 6.417569]]], [[[-75.442768, 6.35347], [-75.442663, 6.353529], [-75.442337, 6.353466], [-75.442348, 6.353074], [-75.442449, 6.352856], [-75.442626, 6.352872], [-75.442728, 6.353007], [-75.442768, 6.35347]]], [[[-75.442664, 6.352736], [-75.442608, 6.352657], [-75.442676, 6.352668], [-75.442664, 6.352736]]], [[[-75.442618, 6.353708], [-75.442597, 6.353815], [-75.442438, 6.353791], [-75.442479, 6.353646], [-75.442618, 6.353708]]], [[[-75.44279, 6.424908], [-75.442672, 6.424926], [-75.442672, 6.424869], [-75.44279, 6.424908]]], [[[-75.442673, 6.423273], [-75.442673, 6.423335], [-75.442662, 6.423335], [-75.442673, 6.423273]]], [[[-75.442756, 6.421944], [-75.442658, 6.421984], [-75.442666, 6.421917], [-75.442756, 6.421944]]], [[[-75.442744, 6.42054], [-75.442705, 6.420645], [-75.442694, 6.420538], [-75.442744, 6.42054]]], [[[-75.44277, 6.421187], [-75.442754, 6.42139], [-75.442743, 6.42139], [-75.44277, 6.421187]]], [[[-75.4429, 6.415287], [-75.442824, 6.415388], [-75.442742, 6.415389], [-75.442852, 6.415231], [-75.4429, 6.415287]]], [[[-75.442618, 6.362349], [-75.44268, 6.36241], [-75.442542, 6.3624], [-75.442618, 6.362349]]], [[[-75.44272, 6.359534], [-75.442584, 6.359467], [-75.442561, 6.359385], [-75.442685, 6.359387], [-75.44272, 6.359534]]], [[[-75.443002, 6.414186], [-75.442906, 6.414235], [-75.442827, 6.414129], [-75.442934, 6.414079], [-75.443002, 6.414186]]], [[[-75.4437, 6.426693], [-75.443479, 6.426641], [-75.442968, 6.426623], [-75.44345, 6.42655], [-75.443642, 6.426602], [-75.4437, 6.426693]]], [[[-75.442874, 6.354234], [-75.442781, 6.354535], [-75.442581, 6.354533], [-75.44262, 6.354306], [-75.442874, 6.354234]]], [[[-75.442925, 6.409138], [-75.442825, 6.40902], [-75.44283, 6.408941], [-75.442914, 6.408986], [-75.442925, 6.409138]]], [[[-75.442714, 6.349901], [-75.44263, 6.349955], [-75.442587, 6.349832], [-75.442663, 6.349834], [-75.442714, 6.349901]]], [[[-75.443093, 6.401237], [-75.442839, 6.401244], [-75.442822, 6.401222], [-75.443093, 6.401237]]], [[[-75.442834, 6.34349], [-75.442607, 6.343477], [-75.442548, 6.343418], [-75.44281, 6.343408], [-75.442834, 6.34349]]], [[[-75.442928, 6.342644], [-75.442777, 6.342837], [-75.442613, 6.342901], [-75.442911, 6.342525], [-75.442928, 6.342644]]], [[[-75.442799, 6.392711], [-75.442821, 6.39279], [-75.44279, 6.39279], [-75.442799, 6.392711]]], [[[-75.443569, 6.357976], [-75.442986, 6.358317], [-75.442761, 6.35859], [-75.442895, 6.358177], [-75.443359, 6.357943], [-75.443569, 6.357976]]], [[[-75.443851, 6.402975], [-75.443438, 6.403693], [-75.442966, 6.403369], [-75.443116, 6.403148], [-75.443232, 6.403376], [-75.443455, 6.403471], [-75.443694, 6.402885], [-75.443795, 6.402859], [-75.443851, 6.402975]]], [[[-75.443462, 6.409881], [-75.443405, 6.409831], [-75.443438, 6.409746], [-75.443495, 6.409797], [-75.443462, 6.409881]]], [[[-75.443327, 6.410037], [-75.443242, 6.410044], [-75.443126, 6.409971], [-75.443241, 6.409949], [-75.443327, 6.410037]]], [[[-75.443119, 6.396745], [-75.443069, 6.396801], [-75.443046, 6.396734], [-75.443119, 6.396745]]], [[[-75.442964, 6.337658], [-75.442846, 6.337714], [-75.442846, 6.337658], [-75.442964, 6.337658]]], [[[-75.443497, 6.361726], [-75.44336, 6.361774], [-75.443016, 6.361765], [-75.443194, 6.361697], [-75.443497, 6.361726]]], [[[-75.443, 6.324204], [-75.442887, 6.32425], [-75.442839, 6.324152], [-75.442932, 6.324154], [-75.443, 6.324204]]], [[[-75.443165, 6.349791], [-75.443123, 6.349849], [-75.442963, 6.349864], [-75.443016, 6.349766], [-75.443165, 6.349791]]], [[[-75.443268, 6.415542], [-75.443269, 6.415635], [-75.443258, 6.415635], [-75.443268, 6.415542]]], [[[-75.443236, 6.408713], [-75.443236, 6.408775], [-75.443225, 6.408775], [-75.443236, 6.408713]]], [[[-75.443573, 6.419047], [-75.443475, 6.419287], [-75.443366, 6.41933], [-75.443573, 6.419047]]], [[[-75.443508, 6.418828], [-75.443511, 6.418743], [-75.443585, 6.418717], [-75.443605, 6.418798], [-75.443508, 6.418828]]], [[[-75.443339, 6.402714], [-75.443357, 6.402866], [-75.443301, 6.402863], [-75.443339, 6.402714]]], [[[-75.443456, 6.353814], [-75.443396, 6.353863], [-75.443185, 6.353844], [-75.4433, 6.353751], [-75.443456, 6.353814]]], [[[-75.443365, 6.338251], [-75.443306, 6.338325], [-75.443224, 6.338278], [-75.443159, 6.338075], [-75.443175, 6.337369], [-75.443344, 6.337481], [-75.443301, 6.337978], [-75.443365, 6.338251]]], [[[-75.443475, 6.397331], [-75.443397, 6.397353], [-75.443397, 6.397323], [-75.443475, 6.397331]]], [[[-75.444068, 6.425018], [-75.443944, 6.424959], [-75.443624, 6.42491], [-75.443996, 6.424832], [-75.444125, 6.424956], [-75.444068, 6.425018]]], [[[-75.443319, 6.349269], [-75.443219, 6.349193], [-75.443233, 6.349094], [-75.443342, 6.349153], [-75.443319, 6.349269]]], [[[-75.443704, 6.405057], [-75.443634, 6.405247], [-75.443547, 6.405222], [-75.443594, 6.405055], [-75.443704, 6.405057]]], [[[-75.443661, 6.401991], [-75.443636, 6.402086], [-75.443632, 6.402335], [-75.443546, 6.402027], [-75.443661, 6.401991]]], [[[-75.443787, 6.415358], [-75.443652, 6.415458], [-75.443568, 6.415453], [-75.443669, 6.415364], [-75.443787, 6.415358]]], [[[-75.44371, 6.359463], [-75.443648, 6.359406], [-75.443696, 6.359337], [-75.443753, 6.359388], [-75.44371, 6.359463]]], [[[-75.443506, 6.359532], [-75.443453, 6.359618], [-75.443382, 6.359655], [-75.443418, 6.359415], [-75.443506, 6.359532]]], [[[-75.444146, 6.34024], [-75.44397, 6.340164], [-75.443825, 6.339873], [-75.443736, 6.339547], [-75.443785, 6.339219], [-75.44393, 6.339871], [-75.444146, 6.34024]]], [[[-75.443979, 6.340416], [-75.443604, 6.340817], [-75.443382, 6.340838], [-75.443719, 6.340473], [-75.443979, 6.340416]]], [[[-75.444146, 6.342141], [-75.443789, 6.342397], [-75.443607, 6.342388], [-75.443364, 6.342702], [-75.443425, 6.342391], [-75.443576, 6.342147], [-75.443788, 6.342242], [-75.444146, 6.342141]]], [[[-75.443461, 6.343018], [-75.443477, 6.342882], [-75.443489, 6.342882], [-75.443461, 6.343018]]], [[[-75.443491, 6.339762], [-75.443401, 6.339712], [-75.443383, 6.339636], [-75.443513, 6.339653], [-75.443491, 6.339762]]], [[[-75.44377, 6.42598], [-75.443771, 6.426042], [-75.443759, 6.426042], [-75.44377, 6.42598]]], [[[-75.443958, 6.407862], [-75.443735, 6.407891], [-75.443667, 6.407835], [-75.443824, 6.407769], [-75.443958, 6.407862]]], [[[-75.445288, 6.344151], [-75.444925, 6.344375], [-75.444693, 6.344356], [-75.4449, 6.3443], [-75.44505, 6.344077], [-75.445288, 6.344151]]], [[[-75.444727, 6.344015], [-75.444306, 6.344048], [-75.444228, 6.343904], [-75.444246, 6.343625], [-75.444326, 6.343613], [-75.444314, 6.343811], [-75.444474, 6.34387], [-75.444772, 6.343693], [-75.444969, 6.343673], [-75.44498, 6.343845], [-75.444727, 6.344015]]], [[[-75.443985, 6.34383], [-75.444172, 6.34424], [-75.444467, 6.344381], [-75.44418, 6.344417], [-75.443704, 6.344216], [-75.443445, 6.343953], [-75.443706, 6.343965], [-75.443985, 6.34383]]], [[[-75.443987, 6.421809], [-75.443945, 6.421944], [-75.443884, 6.42197], [-75.44386, 6.421742], [-75.443987, 6.421809]]], [[[-75.444144, 6.401285], [-75.443958, 6.401538], [-75.443793, 6.401518], [-75.443954, 6.401376], [-75.444002, 6.401199], [-75.444144, 6.401285]]], [[[-75.444194, 6.421322], [-75.44411, 6.421381], [-75.444008, 6.421331], [-75.444126, 6.421288], [-75.444194, 6.421322]]], [[[-75.443651, 6.364022], [-75.4436, 6.364065], [-75.4436, 6.364014], [-75.443651, 6.364022]]], [[[-75.443875, 6.352058], [-75.443732, 6.352033], [-75.443602, 6.351949], [-75.443884, 6.351948], [-75.443875, 6.352058]]], [[[-75.444284, 6.423521], [-75.444058, 6.423605], [-75.44394, 6.423555], [-75.444024, 6.423462], [-75.444284, 6.423521]]], [[[-75.443689, 6.36253], [-75.44365, 6.362637], [-75.443638, 6.36253], [-75.443689, 6.36253]]], [[[-75.444027, 6.410077], [-75.44387, 6.410134], [-75.443858, 6.410094], [-75.444027, 6.410077]]], [[[-75.444221, 6.410364], [-75.443967, 6.410405], [-75.44395, 6.410365], [-75.444221, 6.410364]]], [[[-75.443825, 6.361422], [-75.443825, 6.361484], [-75.443814, 6.361484], [-75.443825, 6.361422]]], [[[-75.444307, 6.414783], [-75.444299, 6.415006], [-75.44419, 6.415111], [-75.44422, 6.41482], [-75.444307, 6.414783]]], [[[-75.443966, 6.36384], [-75.44391, 6.363778], [-75.443943, 6.363722], [-75.443999, 6.363772], [-75.443966, 6.36384]]], [[[-75.445283, 6.420169], [-75.444885, 6.420165], [-75.444896, 6.419796], [-75.444591, 6.41947], [-75.444733, 6.419221], [-75.444893, 6.419194], [-75.445018, 6.418725], [-75.445023, 6.419199], [-75.444818, 6.419528], [-75.444938, 6.41965], [-75.445205, 6.41953], [-75.445135, 6.419763], [-75.445283, 6.420169]]], [[[-75.444374, 6.419247], [-75.444266, 6.419171], [-75.44424, 6.419089], [-75.444429, 6.419199], [-75.444374, 6.419247]]], [[[-75.44434, 6.398558], [-75.444298, 6.398635], [-75.444272, 6.398559], [-75.44434, 6.398558]]], [[[-75.444203, 6.398339], [-75.444144, 6.398373], [-75.444119, 6.398361], [-75.444144, 6.398311], [-75.444203, 6.398339]]], [[[-75.444305, 6.424293], [-75.444364, 6.424318], [-75.444322, 6.424344], [-75.444305, 6.424293]]], [[[-75.444068, 6.327916], [-75.443958, 6.328085], [-75.443902, 6.328085], [-75.444068, 6.327916]]], [[[-75.444165, 6.362248], [-75.444047, 6.362311], [-75.444038, 6.362291], [-75.444165, 6.362248]]], [[[-75.444132, 6.355329], [-75.444014, 6.355385], [-75.444014, 6.355329], [-75.444132, 6.355329]]], [[[-75.443989, 6.348266], [-75.443989, 6.348327], [-75.443978, 6.348327], [-75.443989, 6.348266]]], [[[-75.444992, 6.420538], [-75.444891, 6.420657], [-75.444527, 6.420596], [-75.444721, 6.420432], [-75.444992, 6.420538]]], [[[-75.444358, 6.353672], [-75.444147, 6.353712], [-75.444133, 6.353673], [-75.444358, 6.353672]]], [[[-75.444519, 6.339749], [-75.444443, 6.339798], [-75.444164, 6.339779], [-75.44429, 6.339686], [-75.444519, 6.339749]]], [[[-75.444792, 6.414284], [-75.44453, 6.414469], [-75.444663, 6.414019], [-75.444758, 6.413961], [-75.444852, 6.414142], [-75.444792, 6.414284]]], [[[-75.444588, 6.41308], [-75.444505, 6.412945], [-75.444538, 6.412861], [-75.44461, 6.412962], [-75.444588, 6.41308]]], [[[-75.445023, 6.326111], [-75.444393, 6.325568], [-75.444197, 6.325315], [-75.444749, 6.325748], [-75.445023, 6.326111]]], [[[-75.444775, 6.424133], [-75.444657, 6.42419], [-75.444657, 6.424134], [-75.444775, 6.424133]]], [[[-75.444935, 6.39925], [-75.444733, 6.399556], [-75.444655, 6.399585], [-75.444711, 6.399308], [-75.444935, 6.39925]]], [[[-75.444969, 6.342943], [-75.444885, 6.343062], [-75.444645, 6.343117], [-75.44464, 6.343034], [-75.444874, 6.342907], [-75.444862, 6.342803], [-75.444734, 6.342685], [-75.444403, 6.342694], [-75.444362, 6.342553], [-75.44494, 6.342345], [-75.44488, 6.342582], [-75.444969, 6.342943]]], [[[-75.444962, 6.359467], [-75.444931, 6.359861], [-75.444746, 6.359992], [-75.444695, 6.360236], [-75.444571, 6.359802], [-75.444962, 6.359467]]], [[[-75.444537, 6.359071], [-75.444537, 6.359163], [-75.444526, 6.359164], [-75.444537, 6.359071]]], [[[-75.444822, 6.401856], [-75.444773, 6.401789], [-75.444784, 6.401633], [-75.444851, 6.401721], [-75.444822, 6.401856]]], [[[-75.446666, 6.35439], [-75.446348, 6.35461], [-75.446298, 6.354598], [-75.446615, 6.354306], [-75.446666, 6.35439]]], [[[-75.446435, 6.354761], [-75.446612, 6.354923], [-75.44646, 6.355151], [-75.446435, 6.35537], [-75.446672, 6.355537], [-75.446088, 6.355856], [-75.445999, 6.355782], [-75.445991, 6.355378], [-75.44575, 6.355335], [-75.445569, 6.355137], [-75.445289, 6.355062], [-75.445035, 6.354643], [-75.445122, 6.354578], [-75.445444, 6.354861], [-75.445581, 6.354607], [-75.445917, 6.354515], [-75.445728, 6.354696], [-75.445728, 6.35492], [-75.445859, 6.354969], [-75.446043, 6.354622], [-75.446148, 6.354902], [-75.446312, 6.35503], [-75.446438, 6.354941], [-75.446435, 6.354761]]], [[[-75.445423, 6.354521], [-75.44525, 6.354284], [-75.445073, 6.354155], [-75.445093, 6.353934], [-75.44475, 6.353954], [-75.444623, 6.353755], [-75.444677, 6.353471], [-75.444948, 6.353276], [-75.444762, 6.353114], [-75.444747, 6.352823], [-75.444923, 6.353075], [-75.445294, 6.35334], [-75.445171, 6.353756], [-75.445459, 6.353742], [-75.445601, 6.353928], [-75.445887, 6.354076], [-75.445423, 6.354521]]], [[[-75.444693, 6.331772], [-75.44453, 6.331829], [-75.444504, 6.331773], [-75.444693, 6.331772]]], [[[-75.444679, 6.361689], [-75.44473, 6.361765], [-75.444654, 6.361765], [-75.444679, 6.361689]]], [[[-75.445094, 6.410958], [-75.445026, 6.410908], [-75.444977, 6.410722], [-75.445081, 6.410806], [-75.445094, 6.410958]]], [[[-75.445093, 6.413649], [-75.445155, 6.41371], [-75.445067, 6.413699], [-75.445093, 6.413649]]], [[[-75.445889, 6.357103], [-75.44573, 6.358276], [-75.445841, 6.358927], [-75.445701, 6.359175], [-75.445397, 6.359312], [-75.445705, 6.359021], [-75.445682, 6.358833], [-75.445545, 6.358784], [-75.445111, 6.358909], [-75.444852, 6.358801], [-75.445255, 6.358644], [-75.445465, 6.358367], [-75.445889, 6.357103]]], [[[-75.444984, 6.340129], [-75.444806, 6.340146], [-75.444792, 6.340107], [-75.444907, 6.340078], [-75.444984, 6.340129]]], [[[-75.444913, 6.327541], [-75.444846, 6.327595], [-75.444733, 6.327562], [-75.4448, 6.327507], [-75.444913, 6.327541]]], [[[-75.445597, 6.405854], [-75.445672, 6.406183], [-75.445636, 6.406209], [-75.44544, 6.405931], [-75.445597, 6.405854]]], [[[-75.445229, 6.405822], [-75.445112, 6.405878], [-75.445112, 6.405822], [-75.445229, 6.405822]]], [[[-75.445225, 6.420661], [-75.445275, 6.420644], [-75.445287, 6.420672], [-75.445225, 6.420661]]], [[[-75.445324, 6.417796], [-75.445336, 6.417922], [-75.445285, 6.417965], [-75.445324, 6.417796]]], [[[-75.445206, 6.33215], [-75.445051, 6.332194], [-75.444935, 6.332065], [-75.445087, 6.332083], [-75.445206, 6.33215]]], [[[-75.445379, 6.420991], [-75.445317, 6.421053], [-75.445328, 6.420966], [-75.445379, 6.420991]]], [[[-75.445421, 6.411285], [-75.445321, 6.411209], [-75.445318, 6.411125], [-75.445444, 6.411203], [-75.445421, 6.411285]]], [[[-75.445609, 6.391384], [-75.445278, 6.391764], [-75.445234, 6.391789], [-75.445609, 6.391384]]], [[[-75.444991, 6.340349], [-75.444991, 6.340411], [-75.44498, 6.340411], [-75.444991, 6.340349]]], [[[-75.445518, 6.427565], [-75.445456, 6.427583], [-75.445405, 6.427566], [-75.445455, 6.427549], [-75.445518, 6.427565]]], [[[-75.445313, 6.339455], [-75.445187, 6.339681], [-75.445047, 6.33969], [-75.445004, 6.339453], [-75.445223, 6.339393], [-75.445313, 6.339455]]], [[[-75.445084, 6.340891], [-75.445084, 6.340953], [-75.445073, 6.340953], [-75.445084, 6.340891]]], [[[-75.446335, 6.418865], [-75.44587, 6.419239], [-75.445472, 6.419179], [-75.445937, 6.419107], [-75.446335, 6.418865]]], [[[-75.445702, 6.422478], [-75.445589, 6.422309], [-75.445639, 6.422168], [-75.445741, 6.422303], [-75.445702, 6.422478]]], [[[-75.445693, 6.415143], [-75.445568, 6.415101], [-75.445563, 6.415042], [-75.445697, 6.41505], [-75.445693, 6.415143]]], [[[-75.445821, 6.423003], [-75.445696, 6.422877], [-75.445707, 6.422773], [-75.445825, 6.422848], [-75.445821, 6.423003]]], [[[-75.445736, 6.390454], [-75.445694, 6.390555], [-75.445652, 6.390567], [-75.445669, 6.390499], [-75.445736, 6.390454]]], [[[-75.446013, 6.427299], [-75.445912, 6.427399], [-75.445825, 6.4274], [-75.445912, 6.427242], [-75.446013, 6.427299]]], [[[-75.445642, 6.355627], [-75.445635, 6.355886], [-75.44554, 6.355576], [-75.445642, 6.355627]]], [[[-75.446107, 6.338662], [-75.445985, 6.3388], [-75.445726, 6.338832], [-75.44549, 6.338518], [-75.445569, 6.338408], [-75.445964, 6.338378], [-75.446083, 6.338464], [-75.446107, 6.338662]]], [[[-75.445606, 6.339058], [-75.445657, 6.33904], [-75.445668, 6.339068], [-75.445606, 6.339058]]], [[[-75.445846, 6.33917], [-75.445844, 6.33928], [-75.445746, 6.339407], [-75.445795, 6.339204], [-75.445846, 6.33917]]], [[[-75.446262, 6.341356], [-75.446046, 6.341449], [-75.445758, 6.341441], [-75.445552, 6.341378], [-75.445492, 6.341257], [-75.445537, 6.341172], [-75.445733, 6.341164], [-75.445924, 6.341326], [-75.44631, 6.341155], [-75.446262, 6.341356]]], [[[-75.446608, 6.342905], [-75.446437, 6.34323], [-75.446306, 6.343199], [-75.446238, 6.343072], [-75.446113, 6.343086], [-75.445734, 6.343459], [-75.445536, 6.343307], [-75.445545, 6.343217], [-75.445747, 6.343195], [-75.44598, 6.343012], [-75.446108, 6.342463], [-75.44622, 6.342516], [-75.446273, 6.342823], [-75.446608, 6.342905]]], [[[-75.445956, 6.405801], [-75.445914, 6.405869], [-75.445889, 6.405818], [-75.445956, 6.405801]]], [[[-75.446338, 6.411332], [-75.446181, 6.411389], [-75.446169, 6.411349], [-75.446338, 6.411332]]], [[[-75.445971, 6.411215], [-75.446013, 6.411265], [-75.445962, 6.411265], [-75.445971, 6.411215]]], [[[-75.445915, 6.401829], [-75.445915, 6.40189], [-75.445904, 6.40189], [-75.445915, 6.401829]]], [[[-75.446012, 6.412769], [-75.446035, 6.412847], [-75.446004, 6.412847], [-75.446012, 6.412769]]], [[[-75.445943, 6.344984], [-75.44569, 6.344923], [-75.44569, 6.344816], [-75.445943, 6.344984]]], [[[-75.446192, 6.409623], [-75.446036, 6.409434], [-75.446035, 6.40929], [-75.446193, 6.409456], [-75.446192, 6.409623]]], [[[-75.445941, 6.341822], [-75.445865, 6.341837], [-75.445782, 6.341708], [-75.445918, 6.341731], [-75.445941, 6.341822]]], [[[-75.446069, 6.338047], [-75.44589, 6.338169], [-75.445777, 6.338136], [-75.445999, 6.338011], [-75.446069, 6.338047]]], [[[-75.445921, 6.356885], [-75.445864, 6.35658], [-75.445895, 6.356072], [-75.445953, 6.356377], [-75.445921, 6.356885]]], [[[-75.446011, 6.360248], [-75.445932, 6.36027], [-75.445932, 6.360239], [-75.446011, 6.360248]]], [[[-75.446043, 6.362878], [-75.445982, 6.36294], [-75.445967, 6.362802], [-75.446043, 6.362878]]], [[[-75.446461, 6.413507], [-75.446438, 6.413657], [-75.446442, 6.414206], [-75.446272, 6.413944], [-75.446379, 6.413829], [-75.446367, 6.413541], [-75.446461, 6.413507]]], [[[-75.446115, 6.363819], [-75.445997, 6.363875], [-75.445997, 6.363819], [-75.446115, 6.363819]]], [[[-75.446584, 6.401306], [-75.446467, 6.401535], [-75.446428, 6.401775], [-75.446382, 6.401454], [-75.446584, 6.401306]]], [[[-75.446407, 6.429177], [-75.446407, 6.429239], [-75.446396, 6.429239], [-75.446407, 6.429177]]], [[[-75.446784, 6.424148], [-75.446674, 6.42429], [-75.446412, 6.424328], [-75.446673, 6.423994], [-75.44676, 6.423978], [-75.446784, 6.424148]]], [[[-75.446519, 6.392405], [-75.446458, 6.392691], [-75.446352, 6.392736], [-75.446519, 6.392405]]], [[[-75.446672, 6.422723], [-75.446603, 6.422985], [-75.446488, 6.423062], [-75.446534, 6.422732], [-75.446672, 6.422723]]], [[[-75.446482, 6.414894], [-75.446452, 6.414987], [-75.446432, 6.414894], [-75.446482, 6.414894]]], [[[-75.44689, 6.33955], [-75.446813, 6.339976], [-75.446635, 6.34017], [-75.446509, 6.340153], [-75.4464, 6.339986], [-75.446568, 6.339577], [-75.446805, 6.339465], [-75.44689, 6.33955]]], [[[-75.44625, 6.340045], [-75.446125, 6.340112], [-75.446057, 6.340028], [-75.446132, 6.339988], [-75.44625, 6.340045]]], [[[-75.446922, 6.358952], [-75.446858, 6.358993], [-75.44683, 6.358967], [-75.446866, 6.35893], [-75.446922, 6.358952]]], [[[-75.446611, 6.358948], [-75.446418, 6.358936], [-75.446234, 6.358856], [-75.446587, 6.358814], [-75.44675, 6.358593], [-75.446611, 6.358948]]], [[[-75.446876, 6.358554], [-75.446776, 6.358334], [-75.446801, 6.358308], [-75.446912, 6.358486], [-75.446876, 6.358554]]], [[[-75.446825, 6.359159], [-75.446843, 6.359293], [-75.446891, 6.359411], [-75.446809, 6.359299], [-75.446825, 6.359159]]], [[[-75.44634, 6.363094], [-75.446262, 6.363117], [-75.446262, 6.363086], [-75.44634, 6.363094]]], [[[-75.446645, 6.430705], [-75.446584, 6.430767], [-75.446595, 6.43068], [-75.446645, 6.430705]]], [[[-75.446825, 6.422442], [-75.446696, 6.422482], [-75.446574, 6.422364], [-75.446882, 6.422287], [-75.446825, 6.422442]]], [[[-75.446773, 6.421871], [-75.446697, 6.421928], [-75.446609, 6.421765], [-75.446674, 6.421214], [-75.446741, 6.421294], [-75.446773, 6.421871]]], [[[-75.446621, 6.394134], [-75.446547, 6.394126], [-75.446539, 6.394106], [-75.446614, 6.394058], [-75.446621, 6.394134]]], [[[-75.44693, 6.431656], [-75.446774, 6.431506], [-75.446773, 6.431419], [-75.446931, 6.431546], [-75.44693, 6.431656]]], [[[-75.447193, 6.427077], [-75.447048, 6.42713], [-75.446777, 6.427194], [-75.446967, 6.427073], [-75.447193, 6.427077]]], [[[-75.446533, 6.346485], [-75.446491, 6.346552], [-75.446466, 6.346502], [-75.446533, 6.346485]]], [[[-75.446659, 6.357939], [-75.446576, 6.357933], [-75.446538, 6.357676], [-75.446614, 6.357623], [-75.446698, 6.357724], [-75.446659, 6.357939]]], [[[-75.446692, 6.343769], [-75.446581, 6.34375], [-75.44653, 6.343411], [-75.446666, 6.34353], [-75.446692, 6.343769]]], [[[-75.447077, 6.400277], [-75.447007, 6.400364], [-75.446801, 6.400167], [-75.446905, 6.39997], [-75.447024, 6.400022], [-75.447077, 6.400277]]], [[[-75.446639, 6.349611], [-75.446562, 6.349609], [-75.446586, 6.349287], [-75.446671, 6.349459], [-75.446639, 6.349611]]], [[[-75.446813, 6.341055], [-75.446745, 6.341188], [-75.446613, 6.341211], [-75.446745, 6.340952], [-75.446813, 6.341055]]], [[[-75.448198, 6.389313], [-75.448036, 6.389389], [-75.446808, 6.390149], [-75.447703, 6.389473], [-75.44809, 6.389277], [-75.448198, 6.389313]]], [[[-75.44701, 6.432523], [-75.447011, 6.432616], [-75.446999, 6.432616], [-75.44701, 6.432523]]], [[[-75.447242, 6.34163], [-75.446857, 6.342016], [-75.446608, 6.341958], [-75.447059, 6.341617], [-75.447242, 6.34163]]], [[[-75.44728, 6.416846], [-75.447263, 6.417225], [-75.446965, 6.417183], [-75.447173, 6.417072], [-75.447149, 6.416809], [-75.44728, 6.416846]]], [[[-75.44706, 6.352074], [-75.44699, 6.352359], [-75.446929, 6.351971], [-75.44706, 6.352074]]], [[[-75.446767, 6.33847], [-75.446708, 6.338504], [-75.446682, 6.338493], [-75.446707, 6.338442], [-75.446767, 6.33847]]], [[[-75.447003, 6.349186], [-75.446891, 6.34924], [-75.446795, 6.349156], [-75.446862, 6.349124], [-75.447003, 6.349186]]], [[[-75.447234, 6.364414], [-75.447252, 6.365133], [-75.447234, 6.365196], [-75.447137, 6.364651], [-75.446998, 6.364712], [-75.44693, 6.364636], [-75.44712, 6.364343], [-75.447234, 6.364414]]], [[[-75.446992, 6.354015], [-75.446933, 6.353956], [-75.446918, 6.353835], [-75.447017, 6.353916], [-75.446992, 6.354015]]], [[[-75.446988, 6.359737], [-75.446958, 6.35983], [-75.446938, 6.359737], [-75.446988, 6.359737]]], [[[-75.447773, 6.420979], [-75.447696, 6.421118], [-75.447617, 6.420978], [-75.447392, 6.420885], [-75.447292, 6.420589], [-75.4474, 6.420553], [-75.447773, 6.420979]]], [[[-75.447277, 6.398623], [-75.447218, 6.398581], [-75.44731, 6.39829], [-75.447327, 6.398487], [-75.447277, 6.398623]]], [[[-75.447339, 6.408009], [-75.447283, 6.407959], [-75.447316, 6.407874], [-75.447372, 6.407925], [-75.447339, 6.408009]]], [[[-75.447061, 6.346931], [-75.446999, 6.346994], [-75.44701, 6.346906], [-75.447061, 6.346931]]], [[[-75.447667, 6.400955], [-75.447311, 6.400616], [-75.447325, 6.400279], [-75.447403, 6.400587], [-75.447647, 6.400767], [-75.447667, 6.400955]]], [[[-75.447614, 6.42403], [-75.447445, 6.424098], [-75.447405, 6.424047], [-75.447614, 6.42403]]], [[[-75.447203, 6.363932], [-75.447127, 6.363907], [-75.447144, 6.363805], [-75.447245, 6.363822], [-75.447203, 6.363932]]], [[[-75.447766, 6.338468], [-75.447416, 6.338484], [-75.447103, 6.337957], [-75.447478, 6.338327], [-75.447766, 6.338468]]], [[[-75.447806, 6.340863], [-75.447508, 6.340947], [-75.447369, 6.341234], [-75.447215, 6.341283], [-75.447342, 6.340964], [-75.447186, 6.340758], [-75.447636, 6.340657], [-75.447806, 6.340863]]], [[[-75.447167, 6.363282], [-75.447217, 6.363265], [-75.447228, 6.363293], [-75.447167, 6.363282]]], [[[-75.447189, 6.346578], [-75.447189, 6.346639], [-75.447178, 6.34664], [-75.447189, 6.346578]]], [[[-75.447214, 6.35424], [-75.447265, 6.354223], [-75.447276, 6.354251], [-75.447214, 6.35424]]], [[[-75.447606, 6.424696], [-75.447606, 6.424758], [-75.447595, 6.424758], [-75.447606, 6.424696]]], [[[-75.448086, 6.421484], [-75.447775, 6.421627], [-75.447618, 6.421441], [-75.447988, 6.421434], [-75.448086, 6.421484]]], [[[-75.447816, 6.342708], [-75.447504, 6.34311], [-75.447382, 6.343101], [-75.44742, 6.342841], [-75.447816, 6.342708]]], [[[-75.447901, 6.414596], [-75.44769, 6.414543], [-75.447689, 6.414462], [-75.447901, 6.414596]]], [[[-75.447541, 6.363575], [-75.447541, 6.363636], [-75.44753, 6.363636], [-75.447541, 6.363575]]], [[[-75.447996, 6.424954], [-75.447923, 6.424954], [-75.447979, 6.42487], [-75.447996, 6.424954]]], [[[-75.447584, 6.335782], [-75.447509, 6.33587], [-75.447483, 6.335867], [-75.447584, 6.335782]]], [[[-75.447581, 6.352996], [-75.447581, 6.353057], [-75.44757, 6.353057], [-75.447581, 6.352996]]], [[[-75.447996, 6.417424], [-75.447879, 6.417441], [-75.447879, 6.417385], [-75.447996, 6.417424]]], [[[-75.44813, 6.338963], [-75.447833, 6.338985], [-75.447576, 6.338817], [-75.447763, 6.338817], [-75.44813, 6.338963]]], [[[-75.447968, 6.417059], [-75.447919, 6.416983], [-75.44793, 6.416885], [-75.447997, 6.416944], [-75.447968, 6.417059]]], [[[-75.447962, 6.423609], [-75.447962, 6.423671], [-75.447951, 6.423671], [-75.447962, 6.423609]]], [[[-75.448409, 6.394344], [-75.448093, 6.39431], [-75.448064, 6.39411], [-75.448409, 6.394344]]], [[[-75.447926, 6.406566], [-75.447926, 6.406628], [-75.447915, 6.406628], [-75.447926, 6.406566]]], [[[-75.448104, 6.381141], [-75.447893, 6.38119], [-75.447878, 6.38117], [-75.448104, 6.381141]]], [[[-75.448402, 6.416459], [-75.448251, 6.416722], [-75.448141, 6.416748], [-75.448402, 6.416459]]], [[[-75.448103, 6.345661], [-75.447814, 6.3456], [-75.447777, 6.34551], [-75.447999, 6.345526], [-75.448103, 6.345661]]], [[[-75.44839, 6.425839], [-75.448323, 6.425941], [-75.448159, 6.425928], [-75.448221, 6.425818], [-75.44839, 6.425839]]], [[[-75.448273, 6.341059], [-75.447988, 6.341223], [-75.447907, 6.341217], [-75.448035, 6.341019], [-75.448273, 6.341059]]], [[[-75.448198, 6.341312], [-75.448183, 6.34171], [-75.448027, 6.341759], [-75.448156, 6.341607], [-75.448198, 6.341312]]], [[[-75.448048, 6.338278], [-75.447997, 6.33832], [-75.447997, 6.33827], [-75.448048, 6.338278]]], [[[-75.448571, 6.413351], [-75.448441, 6.413411], [-75.448413, 6.413356], [-75.448571, 6.413351]]], [[[-75.448444, 6.400465], [-75.448351, 6.400398], [-75.448376, 6.400339], [-75.448503, 6.400386], [-75.448444, 6.400465]]], [[[-75.448462, 6.416006], [-75.448405, 6.415921], [-75.448438, 6.41578], [-75.448495, 6.415865], [-75.448462, 6.416006]]], [[[-75.448869, 6.408942], [-75.4487, 6.408997], [-75.44857, 6.408914], [-75.448671, 6.408881], [-75.448869, 6.408942]]], [[[-75.448682, 6.348193], [-75.448759, 6.348885], [-75.448624, 6.348961], [-75.448266, 6.34859], [-75.448477, 6.348517], [-75.448682, 6.348193]]], [[[-75.449045, 6.380821], [-75.448634, 6.380976], [-75.448481, 6.380877], [-75.449045, 6.380821]]], [[[-75.448646, 6.381183], [-75.448579, 6.38124], [-75.448466, 6.381207], [-75.448533, 6.38115], [-75.448646, 6.381183]]], [[[-75.448731, 6.415552], [-75.448658, 6.415485], [-75.448679, 6.415372], [-75.448755, 6.415406], [-75.448731, 6.415552]]], [[[-75.448431, 6.336891], [-75.448346, 6.336866], [-75.448337, 6.336765], [-75.44847, 6.336781], [-75.448431, 6.336891]]], [[[-75.448466, 6.340685], [-75.448331, 6.340777], [-75.448353, 6.340599], [-75.448466, 6.340685]]], [[[-75.450241, 6.339875], [-75.449913, 6.340126], [-75.450002, 6.339892], [-75.449898, 6.339828], [-75.449569, 6.34001], [-75.449586, 6.340184], [-75.449807, 6.340374], [-75.450009, 6.340754], [-75.450008, 6.340884], [-75.449801, 6.341089], [-75.449733, 6.340678], [-75.449642, 6.340651], [-75.449438, 6.340853], [-75.449424, 6.340534], [-75.449245, 6.34042], [-75.449153, 6.340099], [-75.448958, 6.340082], [-75.448695, 6.340242], [-75.448697, 6.340026], [-75.44892, 6.339868], [-75.44892, 6.339718], [-75.448437, 6.339683], [-75.448723, 6.339557], [-75.448867, 6.339134], [-75.449067, 6.339117], [-75.449202, 6.339306], [-75.449442, 6.339379], [-75.449327, 6.339562], [-75.449397, 6.339711], [-75.449744, 6.339553], [-75.450185, 6.33976], [-75.450241, 6.339875]]], [[[-75.44879, 6.394279], [-75.448673, 6.394342], [-75.448664, 6.394322], [-75.44879, 6.394279]]], [[[-75.44885, 6.429753], [-75.44885, 6.429815], [-75.448839, 6.429815], [-75.44885, 6.429753]]], [[[-75.448798, 6.34524], [-75.448871, 6.345734], [-75.448651, 6.345717], [-75.448523, 6.345506], [-75.448505, 6.345243], [-75.448595, 6.345181], [-75.448798, 6.34524]]], [[[-75.448869, 6.424238], [-75.448869, 6.4243], [-75.448858, 6.4243], [-75.448869, 6.424238]]], [[[-75.448812, 6.362997], [-75.448755, 6.363125], [-75.448626, 6.363196], [-75.448681, 6.363018], [-75.448812, 6.362997]]], [[[-75.448905, 6.34131], [-75.448648, 6.341398], [-75.448565, 6.341355], [-75.448905, 6.34131]]], [[[-75.448664, 6.349171], [-75.448704, 6.349269], [-75.448637, 6.34926], [-75.448664, 6.349171]]], [[[-75.449252, 6.415081], [-75.449178, 6.414997], [-75.449202, 6.414754], [-75.449274, 6.4149], [-75.449252, 6.415081]]], [[[-75.449003, 6.414566], [-75.449004, 6.414658], [-75.448993, 6.414658], [-75.449003, 6.414566]]], [[[-75.44909, 6.370399], [-75.448871, 6.370281], [-75.44882, 6.370197], [-75.44909, 6.370399]]], [[[-75.45731, 6.342076], [-75.457227, 6.342001], [-75.457215, 6.341778], [-75.457304, 6.341896], [-75.45731, 6.342076]]], [[[-75.456983, 6.341852], [-75.457112, 6.342258], [-75.456963, 6.342375], [-75.456755, 6.342024], [-75.45648, 6.341852], [-75.45644, 6.341393], [-75.45656, 6.341016], [-75.45629, 6.34084], [-75.456499, 6.34062], [-75.456679, 6.340744], [-75.456868, 6.341279], [-75.456765, 6.341536], [-75.456983, 6.341852]]], [[[-75.456371, 6.340539], [-75.45628, 6.340564], [-75.456255, 6.340314], [-75.456146, 6.340171], [-75.456458, 6.340071], [-75.456482, 6.339832], [-75.455863, 6.339456], [-75.455415, 6.339443], [-75.455164, 6.339328], [-75.455144, 6.339193], [-75.45525, 6.339047], [-75.455182, 6.338964], [-75.454771, 6.339249], [-75.453867, 6.33949], [-75.453539, 6.339964], [-75.453344, 6.340088], [-75.452859, 6.340074], [-75.45238, 6.339896], [-75.452087, 6.339985], [-75.451691, 6.33997], [-75.451525, 6.339871], [-75.451509, 6.339631], [-75.451398, 6.339617], [-75.451135, 6.339912], [-75.451149, 6.340612], [-75.451415, 6.340948], [-75.451679, 6.342013], [-75.452132, 6.342378], [-75.451931, 6.342597], [-75.452179, 6.342895], [-75.452134, 6.343547], [-75.451515, 6.342258], [-75.451341, 6.341627], [-75.451158, 6.34146], [-75.451153, 6.341045], [-75.450883, 6.340823], [-75.450835, 6.340115], [-75.450705, 6.339947], [-75.450725, 6.339665], [-75.450652, 6.339588], [-75.450701, 6.339364], [-75.450584, 6.339346], [-75.450351, 6.339487], [-75.450235, 6.339242], [-75.450054, 6.339208], [-75.450091, 6.33913], [-75.450464, 6.339148], [-75.450502, 6.339055], [-75.450345, 6.338998], [-75.450321, 6.338787], [-75.450045, 6.338559], [-75.449912, 6.338149], [-75.449679, 6.337851], [-75.449391, 6.33772], [-75.448862, 6.337719], [-75.448793, 6.337644], [-75.449081, 6.337662], [-75.449366, 6.33752], [-75.4496, 6.337648], [-75.44965, 6.337465], [-75.4498, 6.337343], [-75.45033, 6.337208], [-75.450361, 6.337312], [-75.450032, 6.337434], [-75.449845, 6.337632], [-75.450023, 6.337883], [-75.450208, 6.337946], [-75.450309, 6.337904], [-75.450457, 6.3376], [-75.450954, 6.337495], [-75.451189, 6.337285], [-75.451059, 6.337689], [-75.450545, 6.337859], [-75.450581, 6.338211], [-75.45048, 6.338348], [-75.450983, 6.338631], [-75.451272, 6.338707], [-75.45156, 6.338582], [-75.451924, 6.338607], [-75.452349, 6.338391], [-75.452505, 6.338549], [-75.452444, 6.338817], [-75.452535, 6.338939], [-75.452643, 6.338801], [-75.45307, 6.338827], [-75.453333, 6.338662], [-75.453546, 6.338683], [-75.453725, 6.338491], [-75.453851, 6.338581], [-75.453645, 6.338915], [-75.45372, 6.339028], [-75.453908, 6.338852], [-75.454182, 6.339076], [-75.454566, 6.339054], [-75.455042, 6.338844], [-75.455615, 6.339166], [-75.456066, 6.339001], [-75.456358, 6.339304], [-75.456459, 6.339646], [-75.456606, 6.339677], [-75.456752, 6.339926], [-75.456941, 6.339881], [-75.456463, 6.340231], [-75.456371, 6.340539]], [[-75.451075, 6.338862], [-75.451032, 6.338791], [-75.450894, 6.338801], [-75.45098, 6.338932], [-75.451075, 6.338862]], [[-75.451198, 6.339089], [-75.451106, 6.339028], [-75.451047, 6.339061], [-75.45113, 6.339198], [-75.451198, 6.339089]], [[-75.453176, 6.339166], [-75.453076, 6.33915], [-75.45304, 6.339203], [-75.45318, 6.33928], [-75.453176, 6.339166]], [[-75.453751, 6.339144], [-75.453623, 6.339192], [-75.453662, 6.339299], [-75.453777, 6.339262], [-75.453751, 6.339144]]], [[[-75.449546, 6.338564], [-75.449801, 6.338656], [-75.449807, 6.338673], [-75.449546, 6.338564]]], [[[-75.456332, 6.342017], [-75.456313, 6.342279], [-75.456195, 6.341992], [-75.456332, 6.342017]]], [[[-75.455744, 6.341988], [-75.45594, 6.342139], [-75.455957, 6.34219], [-75.455744, 6.341988]]], [[[-75.449227, 6.415398], [-75.449177, 6.41544], [-75.449177, 6.41539], [-75.449227, 6.415398]]], [[[-75.449409, 6.399128], [-75.449155, 6.399083], [-75.449138, 6.399038], [-75.449409, 6.399128]]], [[[-75.449463, 6.368764], [-75.449463, 6.368826], [-75.449452, 6.368826], [-75.449463, 6.368764]]], [[[-75.449311, 6.368931], [-75.449261, 6.368987], [-75.449176, 6.368955], [-75.449227, 6.368897], [-75.449311, 6.368931]]], [[[-75.449058, 6.36912], [-75.449114, 6.36917], [-75.449047, 6.369193], [-75.449058, 6.36912]]], [[[-75.449, 6.342676], [-75.448993, 6.342743], [-75.448942, 6.342693], [-75.449, 6.342676]]], [[[-75.449514, 6.420188], [-75.449389, 6.420146], [-75.449386, 6.420088], [-75.449551, 6.420095], [-75.449514, 6.420188]]], [[[-75.450242, 6.387884], [-75.449507, 6.388404], [-75.449334, 6.388441], [-75.449527, 6.388232], [-75.450242, 6.387884]]], [[[-75.449494, 6.395425], [-75.449443, 6.395324], [-75.449453, 6.395206], [-75.449498, 6.395307], [-75.449494, 6.395425]]], [[[-75.449299, 6.344798], [-75.449242, 6.344714], [-75.449275, 6.34459], [-75.449332, 6.344686], [-75.449299, 6.344798]]], [[[-75.449351, 6.346274], [-75.4493, 6.346316], [-75.4493, 6.346265], [-75.449351, 6.346274]]], [[[-75.449882, 6.398801], [-75.449894, 6.398856], [-75.449867, 6.398853], [-75.449882, 6.398801]]], [[[-75.449598, 6.398895], [-75.449674, 6.398877], [-75.449691, 6.398905], [-75.449598, 6.398895]]], [[[-75.449446, 6.337176], [-75.449464, 6.337288], [-75.449407, 6.337285], [-75.449446, 6.337176]]], [[[-75.449748, 6.401471], [-75.449698, 6.401514], [-75.449698, 6.401463], [-75.449748, 6.401471]]], [[[-75.44965, 6.344254], [-75.449516, 6.344196], [-75.44951, 6.343976], [-75.449684, 6.344065], [-75.44965, 6.344254]]], [[[-75.44991, 6.411041], [-75.449792, 6.411092], [-75.449808, 6.410999], [-75.44991, 6.411041]]], [[[-75.450042, 6.425108], [-75.45, 6.425179], [-75.449983, 6.425184], [-75.449969, 6.425086], [-75.450042, 6.425108]]], [[[-75.449971, 6.395715], [-75.449854, 6.395732], [-75.449854, 6.395676], [-75.449971, 6.395715]]], [[[-75.449672, 6.347328], [-75.449616, 6.347278], [-75.449649, 6.347193], [-75.449705, 6.347244], [-75.449672, 6.347328]]], [[[-75.450562, 6.381411], [-75.450206, 6.381413], [-75.449891, 6.38114], [-75.450562, 6.381411]]], [[[-75.450119, 6.396368], [-75.450035, 6.396423], [-75.449911, 6.396373], [-75.44997, 6.396306], [-75.450119, 6.396368]]], [[[-75.450284, 6.39914], [-75.450053, 6.399147], [-75.449969, 6.39908], [-75.450284, 6.39914]]], [[[-75.450558, 6.412504], [-75.450174, 6.412604], [-75.450069, 6.412952], [-75.450084, 6.412532], [-75.450247, 6.412443], [-75.450558, 6.412504]]], [[[-75.450399, 6.434769], [-75.450272, 6.434702], [-75.450266, 6.43464], [-75.450401, 6.434657], [-75.450399, 6.434769]]], [[[-75.45054, 6.410498], [-75.450422, 6.410555], [-75.450422, 6.410498], [-75.45054, 6.410498]]], [[[-75.450716, 6.404709], [-75.450578, 6.404694], [-75.450276, 6.404521], [-75.450482, 6.404515], [-75.450716, 6.404709]]], [[[-75.450355, 6.390791], [-75.450238, 6.390853], [-75.450229, 6.390833], [-75.450355, 6.390791]]], [[[-75.45029, 6.393014], [-75.450341, 6.392997], [-75.450352, 6.393025], [-75.45029, 6.393014]]], [[[-75.450474, 6.420924], [-75.450423, 6.420882], [-75.450434, 6.42073], [-75.450501, 6.420808], [-75.450474, 6.420924]]], [[[-75.450492, 6.414013], [-75.450492, 6.414075], [-75.450481, 6.414075], [-75.450492, 6.414013]]], [[[-75.450908, 6.341804], [-75.450689, 6.342155], [-75.45083, 6.342548], [-75.450803, 6.342802], [-75.450621, 6.342587], [-75.450527, 6.342035], [-75.450277, 6.342101], [-75.450372, 6.341908], [-75.450343, 6.341563], [-75.450432, 6.341562], [-75.450491, 6.34178], [-75.450908, 6.341804]]], [[[-75.45034, 6.342316], [-75.45031, 6.342409], [-75.45029, 6.342316], [-75.45034, 6.342316]]], [[[-75.450412, 6.344861], [-75.450344, 6.344734], [-75.450388, 6.344613], [-75.450445, 6.34481], [-75.450412, 6.344861]]], [[[-75.450364, 6.349007], [-75.450364, 6.3491], [-75.450353, 6.3491], [-75.450364, 6.349007]]], [[[-75.45075, 6.420706], [-75.45075, 6.420798], [-75.450739, 6.420798], [-75.45075, 6.420706]]], [[[-75.4509, 6.414446], [-75.450802, 6.414486], [-75.45081, 6.414418], [-75.4509, 6.414446]]], [[[-75.452815, 6.420172], [-75.452438, 6.420068], [-75.451604, 6.419256], [-75.451338, 6.418866], [-75.451268, 6.418056], [-75.451522, 6.418561], [-75.451804, 6.418722], [-75.451915, 6.419118], [-75.452277, 6.419558], [-75.452475, 6.419986], [-75.453035, 6.420132], [-75.452815, 6.420172]]], [[[-75.451129, 6.418488], [-75.451122, 6.418547], [-75.450979, 6.418717], [-75.450952, 6.418592], [-75.451129, 6.418488]]], [[[-75.451552, 6.419559], [-75.451476, 6.419693], [-75.451389, 6.419724], [-75.451437, 6.419558], [-75.451552, 6.419559]]], [[[-75.45105, 6.41084], [-75.45108, 6.411136], [-75.450923, 6.410765], [-75.45105, 6.41084]]], [[[-75.451198, 6.416906], [-75.451042, 6.416748], [-75.451041, 6.416664], [-75.451199, 6.416821], [-75.451198, 6.416906]]], [[[-75.451315, 6.414806], [-75.451253, 6.414868], [-75.451264, 6.414755], [-75.451315, 6.414806]]], [[[-75.451665, 6.344799], [-75.451555, 6.345279], [-75.451483, 6.344729], [-75.451318, 6.344709], [-75.451203, 6.344798], [-75.451159, 6.344677], [-75.451022, 6.34462], [-75.451064, 6.344501], [-75.451421, 6.344325], [-75.451493, 6.344109], [-75.451288, 6.34354], [-75.451071, 6.34323], [-75.451069, 6.342926], [-75.451153, 6.342773], [-75.45123, 6.342814], [-75.451153, 6.343015], [-75.451356, 6.343193], [-75.451556, 6.343577], [-75.451522, 6.34381], [-75.451616, 6.344046], [-75.451665, 6.344799]]], [[[-75.451181, 6.380863], [-75.451244, 6.381035], [-75.451211, 6.38112], [-75.451181, 6.380863]]], [[[-75.451204, 6.345248], [-75.451205, 6.345309], [-75.451194, 6.345309], [-75.451204, 6.345248]]], [[[-75.451709, 6.420412], [-75.451653, 6.420597], [-75.451651, 6.420241], [-75.451709, 6.420412]]], [[[-75.451575, 6.386414], [-75.451592, 6.386464], [-75.451541, 6.386464], [-75.451575, 6.386414]]], [[[-75.452538, 6.377788], [-75.452286, 6.377975], [-75.452043, 6.377948], [-75.45175, 6.378083], [-75.452093, 6.377674], [-75.452154, 6.377805], [-75.452264, 6.377827], [-75.452664, 6.377566], [-75.452538, 6.377788]]], [[[-75.451702, 6.340583], [-75.451634, 6.340515], [-75.451718, 6.340402], [-75.451752, 6.340515], [-75.451702, 6.340583]]], [[[-75.452494, 6.421165], [-75.452342, 6.421618], [-75.452223, 6.421627], [-75.452116, 6.421373], [-75.452338, 6.421247], [-75.45244, 6.421022], [-75.452494, 6.421165]]], [[[-75.451694, 6.341205], [-75.451736, 6.341255], [-75.451685, 6.341255], [-75.451694, 6.341205]]], [[[-75.452485, 6.36888], [-75.452211, 6.369288], [-75.451891, 6.369013], [-75.452233, 6.369123], [-75.452485, 6.36888]]], [[[-75.451705, 6.33778], [-75.451649, 6.337712], [-75.451682, 6.3376], [-75.451739, 6.337667], [-75.451705, 6.33778]]], [[[-75.452242, 6.42599], [-75.452167, 6.425923], [-75.452176, 6.42585], [-75.452251, 6.425878], [-75.452242, 6.42599]]], [[[-75.452604, 6.422202], [-75.452546, 6.422383], [-75.45243, 6.42235], [-75.452179, 6.42198], [-75.452604, 6.422202]]], [[[-75.45283, 6.340307], [-75.452658, 6.340898], [-75.452414, 6.340663], [-75.452083, 6.340559], [-75.452136, 6.3404], [-75.452271, 6.340329], [-75.452665, 6.340475], [-75.45283, 6.340307]]], [[[-75.452046, 6.340842], [-75.452002, 6.340974], [-75.451873, 6.340955], [-75.451978, 6.340809], [-75.452046, 6.340842]]], [[[-75.452341, 6.376981], [-75.452283, 6.376855], [-75.45232, 6.376747], [-75.452376, 6.376848], [-75.452341, 6.376981]]], [[[-75.452169, 6.377043], [-75.452161, 6.377201], [-75.452051, 6.377254], [-75.452042, 6.376989], [-75.452169, 6.377043]]], [[[-75.452565, 6.424295], [-75.452482, 6.424441], [-75.452455, 6.424125], [-75.452565, 6.424295]]], [[[-75.452703, 6.42642], [-75.452515, 6.426466], [-75.452424, 6.426368], [-75.452585, 6.42637], [-75.452703, 6.42642]]], [[[-75.452521, 6.411404], [-75.452492, 6.411714], [-75.452485, 6.411376], [-75.452521, 6.411404]]], [[[-75.452291, 6.336189], [-75.45235, 6.336214], [-75.452308, 6.33624], [-75.452291, 6.336189]]], [[[-75.452931, 6.409989], [-75.452708, 6.410047], [-75.452698, 6.410044], [-75.452839, 6.40991], [-75.452931, 6.409989]]], [[[-75.452799, 6.413341], [-75.45287, 6.413419], [-75.452862, 6.413453], [-75.452777, 6.41342], [-75.452799, 6.413341]]], [[[-75.452886, 6.406672], [-75.452774, 6.406642], [-75.452773, 6.406372], [-75.452914, 6.406604], [-75.452886, 6.406672]]], [[[-75.453156, 6.415873], [-75.452881, 6.415685], [-75.452824, 6.415542], [-75.4531, 6.415707], [-75.453156, 6.415873]]], [[[-75.453349, 6.386549], [-75.453034, 6.386791], [-75.452713, 6.386911], [-75.452994, 6.386691], [-75.453349, 6.386549]]], [[[-75.45299, 6.42619], [-75.452892, 6.42623], [-75.4529, 6.426163], [-75.45299, 6.42619]]], [[[-75.453058, 6.422675], [-75.453007, 6.422607], [-75.453017, 6.422314], [-75.453074, 6.422539], [-75.453058, 6.422675]]], [[[-75.453052, 6.42537], [-75.452978, 6.42532], [-75.453003, 6.425207], [-75.453075, 6.425274], [-75.453052, 6.42537]]], [[[-75.453292, 6.43597], [-75.453043, 6.435944], [-75.45302, 6.435906], [-75.453292, 6.43597]]], [[[-75.452942, 6.407847], [-75.452886, 6.407796], [-75.452919, 6.407712], [-75.452975, 6.407762], [-75.452942, 6.407847]]], [[[-75.453018, 6.408406], [-75.45294, 6.408429], [-75.45294, 6.408398], [-75.453018, 6.408406]]], [[[-75.45378, 6.427045], [-75.453639, 6.427186], [-75.453583, 6.427447], [-75.453095, 6.427893], [-75.453086, 6.427735], [-75.453255, 6.427561], [-75.45338, 6.427217], [-75.453667, 6.42706], [-75.45378, 6.427045]]], [[[-75.452994, 6.408034], [-75.452994, 6.408095], [-75.452983, 6.408095], [-75.452994, 6.408034]]], [[[-75.452799, 6.337232], [-75.452697, 6.337216], [-75.452697, 6.337157], [-75.452854, 6.337125], [-75.452799, 6.337232]]], [[[-75.459693, 6.337135], [-75.459518, 6.337471], [-75.459402, 6.33725], [-75.459406, 6.337018], [-75.459497, 6.336604], [-75.459601, 6.336539], [-75.459723, 6.336626], [-75.459693, 6.337135]]], [[[-75.45952, 6.337737], [-75.459569, 6.338172], [-75.45946, 6.338291], [-75.459264, 6.338329], [-75.459248, 6.337771], [-75.459431, 6.3376], [-75.45952, 6.337737]]], [[[-75.458826, 6.337556], [-75.459009, 6.337812], [-75.458509, 6.337832], [-75.458574, 6.337994], [-75.458498, 6.338019], [-75.458202, 6.337924], [-75.457987, 6.337603], [-75.457296, 6.337753], [-75.456968, 6.337617], [-75.456451, 6.337687], [-75.455853, 6.337604], [-75.455813, 6.33751], [-75.456001, 6.337328], [-75.456387, 6.337108], [-75.456355, 6.336951], [-75.45623, 6.336911], [-75.456021, 6.336957], [-75.455702, 6.337371], [-75.455648, 6.337632], [-75.455529, 6.337643], [-75.454923, 6.337115], [-75.454907, 6.336832], [-75.455004, 6.33664], [-75.454922, 6.336541], [-75.45472, 6.336661], [-75.454646, 6.337002], [-75.454051, 6.336983], [-75.454284, 6.337316], [-75.454277, 6.33751], [-75.454201, 6.337514], [-75.454066, 6.337356], [-75.453679, 6.337358], [-75.453652, 6.33716], [-75.453308, 6.336878], [-75.45287, 6.33617], [-75.452969, 6.33613], [-75.45339, 6.336296], [-75.453924, 6.33629], [-75.454255, 6.336109], [-75.454474, 6.336403], [-75.454651, 6.336222], [-75.454846, 6.336183], [-75.455214, 6.336232], [-75.455444, 6.336409], [-75.456249, 6.336299], [-75.456305, 6.336497], [-75.456549, 6.33667], [-75.457207, 6.336717], [-75.457504, 6.337072], [-75.457676, 6.336983], [-75.457756, 6.336818], [-75.457528, 6.336654], [-75.457578, 6.336461], [-75.457323, 6.336281], [-75.457301, 6.336149], [-75.4579, 6.33622], [-75.458689, 6.336495], [-75.459029, 6.336467], [-75.459073, 6.336657], [-75.458254, 6.336805], [-75.458296, 6.337018], [-75.458134, 6.337134], [-75.458218, 6.337367], [-75.458826, 6.337556]], [[-75.45391, 6.336897], [-75.453805, 6.33693], [-75.453791, 6.337042], [-75.453881, 6.337045], [-75.45391, 6.336897]], [[-75.45444, 6.336574], [-75.454353, 6.33657], [-75.454319, 6.336641], [-75.454473, 6.336693], [-75.45444, 6.336574]], [[-75.455581, 6.33659], [-75.455368, 6.336699], [-75.455216, 6.336677], [-75.455203, 6.336782], [-75.455517, 6.336781], [-75.455581, 6.33659]], [[-75.457975, 6.33729], [-75.458016, 6.337143], [-75.457928, 6.337123], [-75.457544, 6.337289], [-75.457739, 6.337363], [-75.457975, 6.33729]]], [[[-75.454279, 6.335868], [-75.454222, 6.335779], [-75.454227, 6.335745], [-75.45437, 6.335802], [-75.454279, 6.335868]]], [[[-75.455678, 6.337845], [-75.455958, 6.338061], [-75.455619, 6.338248], [-75.455292, 6.338235], [-75.454981, 6.338135], [-75.454718, 6.337877], [-75.454487, 6.337836], [-75.454485, 6.33761], [-75.454745, 6.337532], [-75.454831, 6.337672], [-75.455454, 6.338012], [-75.455623, 6.337995], [-75.455678, 6.337845]]], [[[-75.459372, 6.338464], [-75.459441, 6.338535], [-75.459419, 6.338647], [-75.459345, 6.338613], [-75.459372, 6.338464]]], [[[-75.45355, 6.412111], [-75.453415, 6.412348], [-75.45328, 6.412349], [-75.45346, 6.412111], [-75.45355, 6.412111]]], [[[-75.453667, 6.420813], [-75.453442, 6.420981], [-75.453392, 6.420598], [-75.453732, 6.420628], [-75.453667, 6.420813]]], [[[-75.45369, 6.421322], [-75.45369, 6.421406], [-75.453592, 6.421432], [-75.453617, 6.421328], [-75.45369, 6.421322]]], [[[-75.453818, 6.428277], [-75.453667, 6.428244], [-75.453494, 6.428109], [-75.453688, 6.428131], [-75.453818, 6.428277]]], [[[-75.454057, 6.424685], [-75.453926, 6.425135], [-75.453548, 6.425176], [-75.453563, 6.425092], [-75.453786, 6.424986], [-75.453805, 6.424763], [-75.453968, 6.424493], [-75.453795, 6.42427], [-75.453663, 6.424417], [-75.453581, 6.42437], [-75.453601, 6.424019], [-75.453767, 6.423801], [-75.453517, 6.422876], [-75.453755, 6.423119], [-75.454019, 6.424081], [-75.454057, 6.424685]]], [[[-75.453499, 6.360308], [-75.453229, 6.360063], [-75.453229, 6.360004], [-75.453499, 6.360308]]], [[[-75.453781, 6.419079], [-75.453722, 6.41912], [-75.453588, 6.418875], [-75.45373, 6.418961], [-75.453781, 6.419079]]], [[[-75.453999, 6.37775], [-75.453899, 6.377791], [-75.453873, 6.377754], [-75.453999, 6.37775]]], [[[-75.453754, 6.377877], [-75.453777, 6.377955], [-75.453746, 6.377955], [-75.453754, 6.377877]]], [[[-75.453514, 6.377826], [-75.453375, 6.377742], [-75.453442, 6.377601], [-75.453571, 6.377685], [-75.453514, 6.377826]]], [[[-75.453532, 6.340897], [-75.453268, 6.340943], [-75.4532, 6.340909], [-75.453532, 6.340897]]], [[[-75.453698, 6.43355], [-75.453648, 6.433593], [-75.453647, 6.433542], [-75.453698, 6.43355]]], [[[-75.454233, 6.340516], [-75.453405, 6.340648], [-75.453261, 6.340538], [-75.454233, 6.340516]]], [[[-75.453922, 6.428458], [-75.453861, 6.428712], [-75.453754, 6.428712], [-75.453922, 6.428458]]], [[[-75.453715, 6.426385], [-75.453715, 6.426446], [-75.453704, 6.426447], [-75.453715, 6.426385]]], [[[-75.453727, 6.419558], [-75.453728, 6.41962], [-75.453716, 6.41962], [-75.453727, 6.419558]]], [[[-75.45384, 6.3691], [-75.453825, 6.369167], [-75.453797, 6.369117], [-75.45384, 6.3691]]], [[[-75.453696, 6.368998], [-75.453483, 6.368954], [-75.453469, 6.368909], [-75.453696, 6.368998]]], [[[-75.454216, 6.426039], [-75.454047, 6.426151], [-75.454059, 6.425903], [-75.454197, 6.425921], [-75.454216, 6.426039]]], [[[-75.453955, 6.425717], [-75.453831, 6.425773], [-75.453805, 6.425717], [-75.453955, 6.425717]]], [[[-75.453869, 6.420987], [-75.453771, 6.421027], [-75.453779, 6.420959], [-75.453869, 6.420987]]], [[[-75.453699, 6.341378], [-75.453615, 6.341433], [-75.453437, 6.341327], [-75.453581, 6.341328], [-75.453699, 6.341378]]], [[[-75.454338, 6.428088], [-75.454, 6.428073], [-75.453991, 6.427983], [-75.454253, 6.427948], [-75.454338, 6.428088]]], [[[-75.45426, 6.416466], [-75.454142, 6.416473], [-75.45409, 6.416296], [-75.45426, 6.416382], [-75.45426, 6.416466]]], [[[-75.454054, 6.412278], [-75.454054, 6.41234], [-75.454043, 6.41234], [-75.454054, 6.412278]]], [[[-75.453837, 6.353729], [-75.453821, 6.353898], [-75.45381, 6.353898], [-75.453837, 6.353729]]], [[[-75.45457, 6.420351], [-75.454365, 6.420372], [-75.454204, 6.420223], [-75.454305, 6.419783], [-75.454445, 6.42005], [-75.454678, 6.420203], [-75.45457, 6.420351]]], [[[-75.454326, 6.42502], [-75.454235, 6.425206], [-75.454225, 6.42497], [-75.454326, 6.42502]]], [[[-75.454401, 6.421917], [-75.454352, 6.421973], [-75.454329, 6.421906], [-75.454401, 6.421917]]], [[[-75.454032, 6.352083], [-75.453982, 6.352126], [-75.453982, 6.352075], [-75.454032, 6.352083]]], [[[-75.454414, 6.417441], [-75.454296, 6.417498], [-75.454296, 6.417442], [-75.454414, 6.417441]]], [[[-75.454898, 6.385542], [-75.454613, 6.385786], [-75.454337, 6.385869], [-75.454673, 6.3856], [-75.454898, 6.385542]]], [[[-75.454408, 6.353529], [-75.454201, 6.353309], [-75.454331, 6.353094], [-75.454408, 6.353529]]], [[[-75.454495, 6.419509], [-75.454496, 6.419571], [-75.454484, 6.419571], [-75.454495, 6.419509]]], [[[-75.454122, 6.34103], [-75.454122, 6.341091], [-75.454111, 6.341091], [-75.454122, 6.34103]]], [[[-75.454641, 6.427067], [-75.454523, 6.427084], [-75.454523, 6.427028], [-75.454641, 6.427067]]], [[[-75.454827, 6.423921], [-75.45476, 6.424175], [-75.454693, 6.424195], [-75.45461, 6.42408], [-75.454641, 6.42388], [-75.454775, 6.423786], [-75.454827, 6.423921]]], [[[-75.454426, 6.367153], [-75.454414, 6.367559], [-75.454355, 6.367695], [-75.454426, 6.367153]]], [[[-75.4547, 6.416833], [-75.454687, 6.417171], [-75.454665, 6.417197], [-75.454596, 6.416884], [-75.4547, 6.416833]]], [[[-75.457151, 6.426813], [-75.456959, 6.42676], [-75.456917, 6.42734], [-75.45669, 6.426631], [-75.45607, 6.426462], [-75.455549, 6.426551], [-75.454986, 6.426497], [-75.454895, 6.426388], [-75.455076, 6.4263], [-75.455086, 6.426153], [-75.454821, 6.425678], [-75.454611, 6.425554], [-75.454605, 6.425389], [-75.454681, 6.425363], [-75.454769, 6.425517], [-75.45493, 6.425585], [-75.455216, 6.426036], [-75.455895, 6.426087], [-75.456844, 6.426556], [-75.457024, 6.426511], [-75.457151, 6.426813]]], [[[-75.454616, 6.42575], [-75.454672, 6.425868], [-75.454616, 6.425868], [-75.454616, 6.42575]]], [[[-75.454477, 6.37898], [-75.454426, 6.379022], [-75.454426, 6.378972], [-75.454477, 6.37898]]], [[[-75.454494, 6.354257], [-75.454507, 6.354482], [-75.454425, 6.354477], [-75.454494, 6.354257]]], [[[-75.454565, 6.368008], [-75.454553, 6.368175], [-75.454489, 6.367958], [-75.454565, 6.368008]]], [[[-75.455009, 6.417639], [-75.454977, 6.41774], [-75.454869, 6.417764], [-75.455009, 6.417639]]], [[[-75.454957, 6.420496], [-75.454924, 6.420564], [-75.454873, 6.420513], [-75.454957, 6.420496]]], [[[-75.45474, 6.351348], [-75.454639, 6.351416], [-75.454606, 6.351391], [-75.45474, 6.351348]]], [[[-75.454903, 6.410375], [-75.454904, 6.410437], [-75.454893, 6.410437], [-75.454903, 6.410375]]], [[[-75.454824, 6.368863], [-75.454751, 6.368863], [-75.454806, 6.368779], [-75.454824, 6.368863]]], [[[-75.455507, 6.416744], [-75.455102, 6.416534], [-75.455028, 6.416337], [-75.455462, 6.416638], [-75.455507, 6.416744]]], [[[-75.455058, 6.423804], [-75.455059, 6.423897], [-75.455047, 6.423897], [-75.455058, 6.423804]]], [[[-75.454969, 6.354215], [-75.454842, 6.354252], [-75.4548, 6.35421], [-75.454969, 6.354215]]], [[[-75.455248, 6.338526], [-75.45486, 6.33846], [-75.454781, 6.338351], [-75.455248, 6.338526]]], [[[-75.455688, 6.422453], [-75.455584, 6.422459], [-75.45557, 6.422391], [-75.45571, 6.422331], [-75.455688, 6.422453]]], [[[-75.455428, 6.422402], [-75.455255, 6.422438], [-75.455187, 6.422388], [-75.455256, 6.422326], [-75.455428, 6.422402]]], [[[-75.45496, 6.339519], [-75.45489, 6.339568], [-75.454801, 6.339548], [-75.454883, 6.339456], [-75.45496, 6.339519]]], [[[-75.455254, 6.355355], [-75.454961, 6.354989], [-75.454893, 6.354786], [-75.45512, 6.355028], [-75.455254, 6.355355]]], [[[-75.455822, 6.435808], [-75.455652, 6.435919], [-75.455365, 6.435924], [-75.455618, 6.435833], [-75.455822, 6.435808]]], [[[-75.455311, 6.414201], [-75.455261, 6.414255], [-75.455176, 6.414222], [-75.455227, 6.414167], [-75.455311, 6.414201]]], [[[-75.455454, 6.422845], [-75.455345, 6.423056], [-75.455297, 6.423071], [-75.455454, 6.422845]]], [[[-75.455385, 6.431146], [-75.45531, 6.431087], [-75.455318, 6.430957], [-75.455408, 6.43105], [-75.455385, 6.431146]]], [[[-75.455462, 6.420288], [-75.455328, 6.42039], [-75.455296, 6.420347], [-75.455462, 6.420288]]], [[[-75.45497, 6.350307], [-75.455063, 6.350337], [-75.454971, 6.350358], [-75.45497, 6.350307]]], [[[-75.455504, 6.3407], [-75.455269, 6.340661], [-75.454928, 6.340452], [-75.454929, 6.340364], [-75.455056, 6.340313], [-75.455219, 6.340374], [-75.455523, 6.340624], [-75.455504, 6.3407]]], [[[-75.455002, 6.340705], [-75.45501, 6.340918], [-75.454952, 6.340974], [-75.454926, 6.340787], [-75.455002, 6.340705]]], [[[-75.455384, 6.421545], [-75.455309, 6.42146], [-75.455317, 6.421328], [-75.455393, 6.421392], [-75.455384, 6.421545]]], [[[-75.455304, 6.395514], [-75.455186, 6.395576], [-75.455177, 6.395557], [-75.455304, 6.395514]]], [[[-75.455415, 6.394601], [-75.455408, 6.39477], [-75.455306, 6.394821], [-75.455348, 6.394635], [-75.455415, 6.394601]]], [[[-75.455202, 6.350874], [-75.455111, 6.350789], [-75.455094, 6.350671], [-75.455223, 6.350724], [-75.455202, 6.350874]]], [[[-75.455663, 6.425488], [-75.455521, 6.425488], [-75.45558, 6.425376], [-75.455663, 6.425488]]], [[[-75.45588, 6.419623], [-75.455761, 6.419712], [-75.455578, 6.419715], [-75.455651, 6.419628], [-75.45588, 6.419623]]], [[[-75.455489, 6.419459], [-75.45549, 6.419521], [-75.455478, 6.419521], [-75.455489, 6.419459]]], [[[-75.455354, 6.348477], [-75.455312, 6.348545], [-75.455287, 6.348495], [-75.455354, 6.348477]]], [[[-75.455675, 6.421651], [-75.455618, 6.421572], [-75.455651, 6.421487], [-75.455708, 6.421555], [-75.455675, 6.421651]]], [[[-75.455817, 6.423131], [-75.455742, 6.423218], [-75.455716, 6.423216], [-75.455817, 6.423131]]], [[[-75.455969, 6.431657], [-75.455812, 6.431517], [-75.455812, 6.431455], [-75.45597, 6.43155], [-75.455969, 6.431657]]], [[[-75.455565, 6.355543], [-75.455447, 6.35556], [-75.455447, 6.355504], [-75.455565, 6.355543]]], [[[-75.455812, 6.348543], [-75.455664, 6.348868], [-75.455594, 6.348911], [-75.455627, 6.348674], [-75.455744, 6.348521], [-75.455812, 6.348543]]], [[[-75.455527, 6.349146], [-75.455636, 6.349576], [-75.455614, 6.349617], [-75.455415, 6.349265], [-75.455433, 6.349079], [-75.455527, 6.349146]]], [[[-75.455941, 6.424981], [-75.455824, 6.424998], [-75.455824, 6.424942], [-75.455941, 6.424981]]], [[[-75.455527, 6.353251], [-75.455478, 6.353201], [-75.455489, 6.353105], [-75.455556, 6.353155], [-75.455527, 6.353251]]], [[[-75.456063, 6.417724], [-75.455921, 6.417643], [-75.45583, 6.417418], [-75.455982, 6.41752], [-75.456063, 6.417724]]], [[[-75.455848, 6.394291], [-75.455747, 6.394359], [-75.455714, 6.394334], [-75.455848, 6.394291]]], [[[-75.455879, 6.341348], [-75.455687, 6.341293], [-75.45556, 6.341175], [-75.45585, 6.341219], [-75.455879, 6.341348]]], [[[-75.455925, 6.421983], [-75.455909, 6.422119], [-75.455898, 6.422119], [-75.455925, 6.421983]]], [[[-75.456099, 6.357331], [-75.455628, 6.357235], [-75.455869, 6.357081], [-75.455902, 6.356765], [-75.45602, 6.356599], [-75.455957, 6.356937], [-75.456099, 6.357331]]], [[[-75.456466, 6.422742], [-75.456107, 6.422991], [-75.455995, 6.422912], [-75.455996, 6.422818], [-75.45622, 6.42261], [-75.456436, 6.422653], [-75.456466, 6.422742]]], [[[-75.45575, 6.355845], [-75.455709, 6.355912], [-75.455683, 6.355862], [-75.45575, 6.355845]]], [[[-75.455827, 6.347492], [-75.455735, 6.347709], [-75.455795, 6.347452], [-75.455827, 6.347492]]], [[[-75.455838, 6.355406], [-75.45576, 6.355423], [-75.455771, 6.355361], [-75.455838, 6.355406]]], [[[-75.455908, 6.340333], [-75.455892, 6.340458], [-75.455853, 6.340473], [-75.455801, 6.340296], [-75.455908, 6.340333]]], [[[-75.456842, 6.384627], [-75.456281, 6.384956], [-75.455985, 6.384968], [-75.456377, 6.384721], [-75.456842, 6.384627]]], [[[-75.457047, 6.389722], [-75.456997, 6.389823], [-75.45682, 6.389819], [-75.456541, 6.389523], [-75.456196, 6.389488], [-75.456067, 6.389293], [-75.456104, 6.389119], [-75.456383, 6.389058], [-75.456154, 6.389226], [-75.456468, 6.389414], [-75.456561, 6.389392], [-75.456643, 6.389216], [-75.456847, 6.38922], [-75.456705, 6.389361], [-75.456704, 6.389489], [-75.456902, 6.389601], [-75.456941, 6.389727], [-75.457047, 6.389722]]], [[[-75.456865, 6.394274], [-75.456549, 6.394341], [-75.45621, 6.39423], [-75.456662, 6.394207], [-75.456865, 6.394274]]], [[[-75.45622, 6.346197], [-75.456182, 6.346623], [-75.456097, 6.346673], [-75.456054, 6.346408], [-75.45622, 6.346197]]], [[[-75.456566, 6.428399], [-75.456509, 6.428332], [-75.456542, 6.428219], [-75.456599, 6.428286], [-75.456566, 6.428399]]], [[[-75.456503, 6.423433], [-75.456503, 6.423495], [-75.456492, 6.423495], [-75.456503, 6.423433]]], [[[-75.456568, 6.375065], [-75.456386, 6.37495], [-75.456344, 6.374891], [-75.456568, 6.375065]]], [[[-75.456177, 6.338465], [-75.456227, 6.338448], [-75.456239, 6.338476], [-75.456177, 6.338465]]], [[[-75.4569, 6.432263], [-75.456638, 6.43223], [-75.456618, 6.432186], [-75.456807, 6.432162], [-75.4569, 6.432263]]], [[[-75.456591, 6.356072], [-75.456387, 6.355994], [-75.456333, 6.355881], [-75.456561, 6.355959], [-75.456591, 6.356072]]], [[[-75.456925, 6.414392], [-75.456637, 6.414353], [-75.4566, 6.414241], [-75.456822, 6.414279], [-75.456925, 6.414392]]], [[[-75.458361, 6.419982], [-75.458162, 6.419867], [-75.457732, 6.420005], [-75.456946, 6.419376], [-75.456845, 6.419163], [-75.456996, 6.419037], [-75.456686, 6.418781], [-75.456924, 6.418876], [-75.457021, 6.418821], [-75.457026, 6.418649], [-75.456854, 6.418471], [-75.456941, 6.418178], [-75.457056, 6.418231], [-75.45709, 6.418577], [-75.457234, 6.418458], [-75.457382, 6.418473], [-75.457135, 6.418852], [-75.457165, 6.419317], [-75.457525, 6.419566], [-75.458278, 6.419833], [-75.458361, 6.419982]]], [[[-75.457493, 6.42004], [-75.457569, 6.420351], [-75.457432, 6.420467], [-75.4574, 6.420118], [-75.457493, 6.42004]]], [[[-75.457132, 6.423006], [-75.457035, 6.423086], [-75.457039, 6.422982], [-75.457132, 6.423006]]], [[[-75.456889, 6.422914], [-75.456824, 6.422904], [-75.456705, 6.422944], [-75.456884, 6.422795], [-75.456889, 6.422914]]], [[[-75.456921, 6.423202], [-75.456982, 6.423309], [-75.456801, 6.423216], [-75.456921, 6.423202]]], [[[-75.456858, 6.38716], [-75.456741, 6.387231], [-75.456629, 6.387226], [-75.456677, 6.387167], [-75.456858, 6.38716]]], [[[-75.456615, 6.344041], [-75.456565, 6.344182], [-75.456532, 6.34421], [-75.456615, 6.344041]]], [[[-75.457043, 6.420748], [-75.456992, 6.420797], [-75.456905, 6.420777], [-75.456981, 6.420685], [-75.457043, 6.420748]]], [[[-75.456686, 6.344583], [-75.456666, 6.34473], [-75.456624, 6.344764], [-75.456686, 6.344583]]], [[[-75.456785, 6.343452], [-75.456677, 6.343402], [-75.456769, 6.343181], [-75.456852, 6.34335], [-75.456785, 6.343452]]], [[[-75.456849, 6.355146], [-75.456756, 6.355187], [-75.456756, 6.355122], [-75.456849, 6.355146]]], [[[-75.457077, 6.338671], [-75.456824, 6.338603], [-75.456818, 6.338536], [-75.457008, 6.338463], [-75.457077, 6.338671]]], [[[-75.457137, 6.340936], [-75.457027, 6.340877], [-75.457118, 6.340529], [-75.457204, 6.340783], [-75.457137, 6.340936]]], [[[-75.458066, 6.390573], [-75.457713, 6.390316], [-75.457659, 6.389995], [-75.457266, 6.389563], [-75.457341, 6.389431], [-75.457842, 6.38996], [-75.457856, 6.390231], [-75.458039, 6.390417], [-75.458066, 6.390573]]], [[[-75.457092, 6.339681], [-75.457035, 6.33962], [-75.457069, 6.339563], [-75.457125, 6.339614], [-75.457092, 6.339681]]], [[[-75.457224, 6.339074], [-75.457163, 6.339341], [-75.457113, 6.339382], [-75.457089, 6.339088], [-75.457145, 6.33902], [-75.457224, 6.339074]]], [[[-75.457567, 6.418085], [-75.457505, 6.418147], [-75.457516, 6.418059], [-75.457567, 6.418085]]], [[[-75.457505, 6.343316], [-75.4575, 6.343635], [-75.457275, 6.343721], [-75.457505, 6.343316]]], [[[-75.45747, 6.362736], [-75.457399, 6.36264], [-75.457403, 6.362527], [-75.457476, 6.362612], [-75.45747, 6.362736]]], [[[-75.457718, 6.394327], [-75.457631, 6.394308], [-75.457673, 6.394127], [-75.457751, 6.394242], [-75.457718, 6.394327]]], [[[-75.45991, 6.434263], [-75.458551, 6.434758], [-75.458004, 6.434869], [-75.459047, 6.434468], [-75.45991, 6.434263]]], [[[-75.458873, 6.393559], [-75.458197, 6.39324], [-75.457941, 6.392964], [-75.457858, 6.392707], [-75.458203, 6.393138], [-75.458768, 6.393391], [-75.458873, 6.393559]]], [[[-75.458434, 6.376138], [-75.458403, 6.376585], [-75.458245, 6.376254], [-75.457797, 6.375913], [-75.457875, 6.375587], [-75.458121, 6.37596], [-75.458434, 6.376138]]], [[[-75.45787, 6.37987], [-75.457831, 6.379975], [-75.457819, 6.379869], [-75.45787, 6.37987]]], [[[-75.457858, 6.339152], [-75.457691, 6.339184], [-75.457666, 6.339164], [-75.457708, 6.339122], [-75.457858, 6.339152]]], [[[-75.458193, 6.403844], [-75.458152, 6.403912], [-75.458126, 6.403861], [-75.458193, 6.403844]]], [[[-75.458381, 6.42047], [-75.458313, 6.420477], [-75.45825, 6.420299], [-75.458363, 6.420386], [-75.458381, 6.42047]]], [[[-75.458039, 6.346865], [-75.457939, 6.346823], [-75.457936, 6.346764], [-75.458062, 6.346772], [-75.458039, 6.346865]]], [[[-75.458698, 6.41364], [-75.458402, 6.413692], [-75.458309, 6.413642], [-75.458698, 6.41364]]], [[[-75.458457, 6.390918], [-75.458234, 6.391004], [-75.458233, 6.390784], [-75.458455, 6.390758], [-75.458457, 6.390918]]], [[[-75.458581, 6.428554], [-75.45849, 6.428503], [-75.458439, 6.428399], [-75.458551, 6.428424], [-75.458581, 6.428554]]], [[[-75.4586, 6.394783], [-75.458492, 6.39469], [-75.45838, 6.394434], [-75.458529, 6.394538], [-75.4586, 6.394783]]], [[[-75.459034, 6.418035], [-75.458936, 6.418046], [-75.45893, 6.41804], [-75.458969, 6.418003], [-75.459034, 6.418035]]], [[[-75.45886, 6.418043], [-75.458849, 6.418572], [-75.458983, 6.418996], [-75.458542, 6.418636], [-75.458717, 6.418436], [-75.458512, 6.417884], [-75.458588, 6.41767], [-75.458677, 6.417678], [-75.45886, 6.418043]]], [[[-75.458844, 6.427665], [-75.458658, 6.42764], [-75.458539, 6.42754], [-75.458776, 6.427581], [-75.458844, 6.427665]]], [[[-75.4586, 6.417274], [-75.458489, 6.417049], [-75.458539, 6.416924], [-75.45864, 6.417105], [-75.4586, 6.417274]]], [[[-75.458384, 6.391688], [-75.458384, 6.391749], [-75.458373, 6.391749], [-75.458384, 6.391688]]], [[[-75.458513, 6.347518], [-75.458446, 6.347539], [-75.458412, 6.347136], [-75.458534, 6.347298], [-75.458513, 6.347518]]], [[[-75.459403, 6.339092], [-75.458925, 6.339359], [-75.45848, 6.339341], [-75.458911, 6.339268], [-75.459189, 6.338785], [-75.459243, 6.338998], [-75.459403, 6.339092]]], [[[-75.458855, 6.405115], [-75.458856, 6.405208], [-75.458844, 6.405208], [-75.458855, 6.405115]]], [[[-75.459532, 6.420224], [-75.459775, 6.420617], [-75.45947, 6.420687], [-75.459146, 6.421169], [-75.459195, 6.421524], [-75.459384, 6.421674], [-75.459288, 6.421752], [-75.459087, 6.421583], [-75.458994, 6.421226], [-75.45911, 6.420603], [-75.459314, 6.420357], [-75.459359, 6.420006], [-75.459289, 6.41977], [-75.45902, 6.41945], [-75.459022, 6.419236], [-75.459635, 6.419659], [-75.459696, 6.420075], [-75.459532, 6.420224]]], [[[-75.459741, 6.42285], [-75.459678, 6.423018], [-75.459545, 6.423001], [-75.459476, 6.422825], [-75.459102, 6.422512], [-75.459018, 6.422283], [-75.459416, 6.42232], [-75.459693, 6.422597], [-75.459741, 6.42285]]], [[[-75.45928, 6.395534], [-75.459162, 6.395552], [-75.459162, 6.395495], [-75.45928, 6.395534]]], [[[-75.459177, 6.395227], [-75.459017, 6.395346], [-75.45893, 6.395383], [-75.459177, 6.395227]]], [[[-75.458663, 6.3458], [-75.458663, 6.345862], [-75.458652, 6.345862], [-75.458663, 6.3458]]], [[[-75.458953, 6.347974], [-75.458751, 6.347904], [-75.458792, 6.347564], [-75.459054, 6.347889], [-75.458953, 6.347974]]], [[[-75.459322, 6.427381], [-75.459168, 6.427435], [-75.459126, 6.42741], [-75.459322, 6.427381]]], [[[-75.45905, 6.408005], [-75.45905, 6.408066], [-75.459039, 6.408066], [-75.45905, 6.408005]]], [[[-75.459019, 6.345241], [-75.458906, 6.345283], [-75.458814, 6.345522], [-75.458807, 6.345183], [-75.458907, 6.34498], [-75.459064, 6.34508], [-75.459019, 6.345241]]], [[[-75.45922, 6.42464], [-75.45922, 6.424702], [-75.459209, 6.424702], [-75.45922, 6.42464]]], [[[-75.459195, 6.349218], [-75.459105, 6.349242], [-75.459063, 6.349129], [-75.459199, 6.349078], [-75.459195, 6.349218]]], [[[-75.459469, 6.42126], [-75.459393, 6.421347], [-75.459368, 6.421345], [-75.459469, 6.42126]]], [[[-75.459708, 6.427604], [-75.459607, 6.427656], [-75.459525, 6.427648], [-75.459725, 6.427435], [-75.459708, 6.427604]]], [[[-75.459638, 6.404591], [-75.4597, 6.404653], [-75.459587, 6.404667], [-75.459638, 6.404591]]], [[[-75.459609, 6.347996], [-75.459514, 6.348062], [-75.459354, 6.34811], [-75.459524, 6.347938], [-75.459609, 6.347996]]], [[[-75.460422, 6.426767], [-75.460236, 6.427102], [-75.459737, 6.42722], [-75.459931, 6.426847], [-75.459885, 6.426724], [-75.459986, 6.426712], [-75.460143, 6.426474], [-75.460493, 6.426416], [-75.460422, 6.426767]]], [[[-75.45945, 6.348774], [-75.459417, 6.34891], [-75.459366, 6.348809], [-75.45945, 6.348774]]], [[[-75.460371, 6.429093], [-75.460168, 6.429094], [-75.460091, 6.428937], [-75.460489, 6.429002], [-75.460371, 6.429093]]], [[[-75.459865, 6.428836], [-75.45981, 6.428751], [-75.459911, 6.428637], [-75.459912, 6.428749], [-75.459865, 6.428836]]], [[[-75.459659, 6.350945], [-75.459659, 6.351016], [-75.459574, 6.350961], [-75.459659, 6.350945]]], [[[-75.460167, 6.423172], [-75.460106, 6.423234], [-75.460116, 6.423122], [-75.460167, 6.423172]]], [[[-75.459768, 6.345552], [-75.459667, 6.345569], [-75.45959, 6.345468], [-75.459717, 6.345484], [-75.459768, 6.345552]]], [[[-75.460555, 6.43094], [-75.460412, 6.431119], [-75.460019, 6.431107], [-75.460347, 6.430998], [-75.460532, 6.430822], [-75.460555, 6.43094]]], [[[-75.459945, 6.353057], [-75.459844, 6.353129], [-75.459675, 6.353107], [-75.459725, 6.353032], [-75.459945, 6.353057]]], [[[-75.460196, 6.350308], [-75.459802, 6.349922], [-75.459779, 6.349597], [-75.459856, 6.349595], [-75.459897, 6.349764], [-75.460119, 6.350001], [-75.460196, 6.350308]]], [[[-75.459867, 6.342375], [-75.459929, 6.342437], [-75.459765, 6.342426], [-75.459867, 6.342375]]], [[[-75.460377, 6.337338], [-75.460152, 6.337466], [-75.459998, 6.337739], [-75.459811, 6.337775], [-75.459877, 6.337436], [-75.460062, 6.337164], [-75.460247, 6.337146], [-75.460377, 6.337338]]], [[[-75.459851, 6.348688], [-75.459852, 6.348749], [-75.45984, 6.34875], [-75.459851, 6.348688]]], [[[-75.461223, 6.338512], [-75.461068, 6.338493], [-75.460693, 6.338834], [-75.46065, 6.338983], [-75.460289, 6.339061], [-75.460108, 6.338965], [-75.459984, 6.338646], [-75.459828, 6.338607], [-75.459867, 6.338162], [-75.460027, 6.338046], [-75.460138, 6.338106], [-75.460169, 6.338685], [-75.460246, 6.338755], [-75.460415, 6.338334], [-75.46075, 6.338495], [-75.460875, 6.338334], [-75.461058, 6.338338], [-75.461223, 6.338512]]], [[[-75.4611, 6.434515], [-75.460606, 6.434494], [-75.460465, 6.434416], [-75.4611, 6.434515]]], [[[-75.460049, 6.339726], [-75.460098, 6.340006], [-75.460093, 6.340091], [-75.459996, 6.339959], [-75.460049, 6.339726]]], [[[-75.460259, 6.343108], [-75.460006, 6.343115], [-75.459989, 6.343092], [-75.460259, 6.343108]]], [[[-75.46059, 6.423498], [-75.460508, 6.423481], [-75.46048, 6.423425], [-75.460597, 6.423424], [-75.46059, 6.423498]]], [[[-75.460929, 6.394241], [-75.460486, 6.394325], [-75.460341, 6.394285], [-75.460734, 6.394183], [-75.460929, 6.394241]]], [[[-75.460707, 6.425932], [-75.460654, 6.425987], [-75.460549, 6.426119], [-75.46063, 6.425945], [-75.460707, 6.425932]]], [[[-75.460745, 6.350763], [-75.460561, 6.350923], [-75.460494, 6.350906], [-75.460669, 6.350734], [-75.460745, 6.350763]]], [[[-75.460308, 6.35085], [-75.460291, 6.350917], [-75.460266, 6.350867], [-75.460308, 6.35085]]], [[[-75.460898, 6.342032], [-75.460669, 6.342242], [-75.460433, 6.342221], [-75.460898, 6.342032]]], [[[-75.460239, 6.342294], [-75.460281, 6.342345], [-75.460231, 6.342345], [-75.460239, 6.342294]]], [[[-75.46062, 6.369052], [-75.460595, 6.369127], [-75.460535, 6.369023], [-75.46062, 6.369052]]], [[[-75.460898, 6.421609], [-75.460823, 6.421533], [-75.46084, 6.421434], [-75.460941, 6.421493], [-75.460898, 6.421609]]], [[[-75.460575, 6.339236], [-75.460575, 6.339298], [-75.460564, 6.339298], [-75.460575, 6.339236]]], [[[-75.460866, 6.348405], [-75.460799, 6.348371], [-75.46086, 6.348222], [-75.460916, 6.348293], [-75.460866, 6.348405]]], [[[-75.460706, 6.348153], [-75.460594, 6.348161], [-75.460541, 6.348105], [-75.460727, 6.348065], [-75.460706, 6.348153]]], [[[-75.460945, 6.418399], [-75.46089, 6.418224], [-75.460922, 6.418043], [-75.460978, 6.418207], [-75.460945, 6.418399]]], [[[-75.461054, 6.418955], [-75.461024, 6.419235], [-75.461017, 6.41893], [-75.461054, 6.418955]]], [[[-75.460821, 6.349059], [-75.460704, 6.349121], [-75.460695, 6.349102], [-75.460821, 6.349059]]], [[[-75.461145, 6.41965], [-75.461083, 6.419712], [-75.461094, 6.419625], [-75.461145, 6.41965]]], [[[-75.461309, 6.420925], [-75.461301, 6.420999], [-75.461281, 6.421008], [-75.461233, 6.420932], [-75.461309, 6.420925]]], [[[-75.461427, 6.402087], [-75.461368, 6.402164], [-75.461253, 6.402032], [-75.461359, 6.401992], [-75.461427, 6.402087]]], [[[-75.461457, 6.430577], [-75.461398, 6.430651], [-75.461372, 6.430547], [-75.461457, 6.430577]]], [[[-75.461343, 6.394951], [-75.461264, 6.395033], [-75.46123, 6.394974], [-75.461343, 6.394951]]], [[[-75.462038, 6.384422], [-75.461646, 6.384512], [-75.461225, 6.384446], [-75.461232, 6.384413], [-75.462038, 6.384422]]], [[[-75.461474, 6.34786], [-75.461206, 6.347856], [-75.461186, 6.347833], [-75.461448, 6.347731], [-75.461474, 6.34786]]], [[[-75.46163, 6.346767], [-75.461429, 6.346807], [-75.461226, 6.34672], [-75.461479, 6.346626], [-75.46163, 6.346767]]], [[[-75.461442, 6.346988], [-75.461504, 6.347049], [-75.461391, 6.347064], [-75.461442, 6.346988]]], [[[-75.461333, 6.348268], [-75.461261, 6.348183], [-75.461266, 6.348042], [-75.461338, 6.348127], [-75.461333, 6.348268]]], [[[-75.465568, 6.436087], [-75.463548, 6.435292], [-75.462448, 6.435073], [-75.461799, 6.434619], [-75.462506, 6.43494], [-75.463639, 6.43523], [-75.464011, 6.43543], [-75.465088, 6.435772], [-75.465568, 6.436087]]], [[[-75.462115, 6.429271], [-75.461777, 6.429019], [-75.461763, 6.428971], [-75.461975, 6.429046], [-75.462115, 6.429271]]], [[[-75.461963, 6.409436], [-75.461802, 6.409547], [-75.461736, 6.409139], [-75.461998, 6.409273], [-75.461963, 6.409436]]], [[[-75.462037, 6.418724], [-75.461847, 6.418807], [-75.461824, 6.418649], [-75.461938, 6.418599], [-75.462037, 6.418724]]], [[[-75.461675, 6.369966], [-75.461642, 6.370034], [-75.461591, 6.369984], [-75.461675, 6.369966]]], [[[-75.462125, 6.420332], [-75.462047, 6.420538], [-75.461934, 6.420535], [-75.462012, 6.420307], [-75.462125, 6.420332]]], [[[-75.461859, 6.393852], [-75.461809, 6.393909], [-75.461787, 6.393841], [-75.461859, 6.393852]]], [[[-75.462334, 6.431367], [-75.462223, 6.431463], [-75.462179, 6.431426], [-75.462334, 6.431367]]], [[[-75.462114, 6.419379], [-75.461993, 6.419343], [-75.462021, 6.419208], [-75.462188, 6.41923], [-75.462114, 6.419379]]], [[[-75.462039, 6.394204], [-75.461955, 6.394258], [-75.461912, 6.394135], [-75.461988, 6.394136], [-75.462039, 6.394204]]], [[[-75.462072, 6.391729], [-75.461971, 6.391797], [-75.461938, 6.391772], [-75.462072, 6.391729]]], [[[-75.46227, 6.392513], [-75.461975, 6.392463], [-75.462066, 6.392141], [-75.462216, 6.392218], [-75.46227, 6.392513]]], [[[-75.462183, 6.407913], [-75.462131, 6.407851], [-75.462223, 6.407488], [-75.462233, 6.407745], [-75.462183, 6.407913]]], [[[-75.462012, 6.362113], [-75.461911, 6.362113], [-75.461886, 6.362071], [-75.462012, 6.362113]]], [[[-75.461876, 6.348068], [-75.461826, 6.34811], [-75.461825, 6.348059], [-75.461876, 6.348068]]], [[[-75.461946, 6.347273], [-75.461941, 6.347406], [-75.461878, 6.347297], [-75.461946, 6.347273]]], [[[-75.463029, 6.421717], [-75.462758, 6.422351], [-75.462652, 6.421921], [-75.462532, 6.421945], [-75.462473, 6.422171], [-75.462263, 6.422003], [-75.462355, 6.42182], [-75.462761, 6.421679], [-75.462844, 6.421471], [-75.463029, 6.421717]]], [[[-75.462099, 6.370527], [-75.462203, 6.370545], [-75.462048, 6.370577], [-75.462099, 6.370527]]], [[[-75.46214, 6.348978], [-75.462073, 6.349083], [-75.461972, 6.349126], [-75.461994, 6.348992], [-75.46214, 6.348978]]], [[[-75.462072, 6.339403], [-75.461962, 6.339378], [-75.461933, 6.339297], [-75.462091, 6.339327], [-75.462072, 6.339403]]], [[[-75.462489, 6.391286], [-75.462294, 6.391327], [-75.462238, 6.391274], [-75.462489, 6.391286]]], [[[-75.462485, 6.390421], [-75.462491, 6.390684], [-75.462264, 6.390734], [-75.462485, 6.390421]]], [[[-75.462336, 6.387729], [-75.46228, 6.387662], [-75.462313, 6.387549], [-75.462369, 6.387617], [-75.462336, 6.387729]]], [[[-75.462797, 6.420223], [-75.462755, 6.42028], [-75.462594, 6.420295], [-75.462647, 6.420197], [-75.462797, 6.420223]]], [[[-75.462421, 6.34151], [-75.462388, 6.341688], [-75.462309, 6.341708], [-75.462309, 6.341589], [-75.462421, 6.34151]]], [[[-75.462803, 6.409653], [-75.462743, 6.409594], [-75.462728, 6.409391], [-75.462827, 6.409532], [-75.462803, 6.409653]]], [[[-75.462813, 6.401841], [-75.462831, 6.401959], [-75.462774, 6.401959], [-75.462813, 6.401841]]], [[[-75.462913, 6.389128], [-75.462812, 6.389103], [-75.462735, 6.389002], [-75.462879, 6.389019], [-75.462913, 6.389128]]], [[[-75.463211, 6.413619], [-75.46315, 6.413652], [-75.463099, 6.413619], [-75.463149, 6.413585], [-75.463211, 6.413619]]], [[[-75.462939, 6.413451], [-75.462898, 6.413518], [-75.462872, 6.413468], [-75.462939, 6.413451]]], [[[-75.46286, 6.390999], [-75.462816, 6.391166], [-75.462765, 6.391208], [-75.462759, 6.391059], [-75.46286, 6.390999]]], [[[-75.463497, 6.418929], [-75.463413, 6.419099], [-75.463347, 6.418868], [-75.463411, 6.418692], [-75.463497, 6.418929]]], [[[-75.46319, 6.418976], [-75.463125, 6.419177], [-75.462984, 6.41914], [-75.463024, 6.418947], [-75.46319, 6.418976]]], [[[-75.462601, 6.340803], [-75.462609, 6.340667], [-75.462662, 6.340777], [-75.462601, 6.340803]]], [[[-75.463398, 6.419962], [-75.463358, 6.420333], [-75.463188, 6.420366], [-75.463204, 6.420162], [-75.463398, 6.419962]]], [[[-75.463563, 6.395042], [-75.463241, 6.394992], [-75.463218, 6.394948], [-75.463478, 6.394958], [-75.463563, 6.395042]]], [[[-75.463657, 6.416843], [-75.463674, 6.416894], [-75.463646, 6.416905], [-75.463657, 6.416843]]], [[[-75.463462, 6.416896], [-75.463411, 6.416955], [-75.463388, 6.41689], [-75.463462, 6.416896]]], [[[-75.463631, 6.417064], [-75.463686, 6.417267], [-75.463654, 6.417606], [-75.463598, 6.417403], [-75.463631, 6.417064]]], [[[-75.463277, 6.359462], [-75.463402, 6.359492], [-75.463253, 6.359563], [-75.463277, 6.359462]]], [[[-75.463454, 6.394686], [-75.463398, 6.394636], [-75.463431, 6.394551], [-75.463487, 6.394602], [-75.463454, 6.394686]]], [[[-75.463333, 6.377695], [-75.463334, 6.377756], [-75.463322, 6.377757], [-75.463333, 6.377695]]], [[[-75.463593, 6.408534], [-75.463515, 6.408551], [-75.463526, 6.408489], [-75.463593, 6.408534]]], [[[-75.463844, 6.422375], [-75.463651, 6.422104], [-75.463701, 6.421966], [-75.463844, 6.422375]]], [[[-75.463464, 6.363058], [-75.463346, 6.363115], [-75.463346, 6.363058], [-75.463464, 6.363058]]], [[[-75.464406, 6.394252], [-75.463758, 6.39434], [-75.463619, 6.394381], [-75.463819, 6.39421], [-75.46422, 6.394168], [-75.464406, 6.394252]]], [[[-75.463865, 6.42377], [-75.463789, 6.423858], [-75.463764, 6.423855], [-75.463865, 6.42377]]], [[[-75.463936, 6.419805], [-75.463877, 6.419879], [-75.463851, 6.419775], [-75.463936, 6.419805]]], [[[-75.464045, 6.425975], [-75.463969, 6.426078], [-75.463937, 6.425867], [-75.463994, 6.425891], [-75.464045, 6.425975]]], [[[-75.46396, 6.355127], [-75.463893, 6.355305], [-75.463754, 6.355236], [-75.463679, 6.354781], [-75.463857, 6.35489], [-75.46396, 6.355127]]], [[[-75.464028, 6.420661], [-75.46398, 6.420611], [-75.463991, 6.420515], [-75.464057, 6.420565], [-75.464028, 6.420661]]], [[[-75.464029, 6.39678], [-75.463905, 6.396837], [-75.463879, 6.396781], [-75.464029, 6.39678]]], [[[-75.46403, 6.404081], [-75.463957, 6.404082], [-75.464013, 6.403997], [-75.46403, 6.404081]]], [[[-75.464143, 6.425696], [-75.464071, 6.42556], [-75.464076, 6.425335], [-75.464148, 6.42547], [-75.464143, 6.425696]]], [[[-75.463858, 6.356348], [-75.463785, 6.356213], [-75.463806, 6.356021], [-75.463882, 6.356122], [-75.463858, 6.356348]]], [[[-75.464142, 6.423803], [-75.464142, 6.423865], [-75.464131, 6.423865], [-75.464142, 6.423803]]], [[[-75.464232, 6.414401], [-75.464168, 6.414527], [-75.464158, 6.414349], [-75.464232, 6.414401]]], [[[-75.464275, 6.405653], [-75.464216, 6.405728], [-75.46419, 6.405624], [-75.464275, 6.405653]]], [[[-75.46398, 6.361643], [-75.46398, 6.361705], [-75.463969, 6.361705], [-75.46398, 6.361643]]], [[[-75.465983, 6.425858], [-75.465726, 6.425967], [-75.465554, 6.426129], [-75.465621, 6.425875], [-75.465983, 6.425858]]], [[[-75.465611, 6.425619], [-75.464665, 6.425982], [-75.464422, 6.426214], [-75.464382, 6.425614], [-75.464542, 6.425758], [-75.464746, 6.425694], [-75.464654, 6.425418], [-75.464747, 6.425046], [-75.465256, 6.425135], [-75.465562, 6.424801], [-75.465533, 6.42499], [-75.465661, 6.425065], [-75.465587, 6.425199], [-75.46571, 6.425299], [-75.465709, 6.425436], [-75.465611, 6.425619]], [[-75.465628, 6.4255], [-75.465327, 6.4254], [-75.465117, 6.425628], [-75.465203, 6.425671], [-75.465628, 6.4255]]], [[[-75.464782, 6.432527], [-75.464707, 6.432805], [-75.464502, 6.432803], [-75.464495, 6.432683], [-75.464618, 6.43254], [-75.464577, 6.432114], [-75.464747, 6.432256], [-75.464782, 6.432527]]], [[[-75.464173, 6.356013], [-75.464123, 6.356056], [-75.464122, 6.356005], [-75.464173, 6.356013]]], [[[-75.464518, 6.41414], [-75.464457, 6.414081], [-75.46454, 6.41394], [-75.464568, 6.414056], [-75.464518, 6.41414]]], [[[-75.464789, 6.413646], [-75.4647, 6.413747], [-75.464642, 6.413744], [-75.464727, 6.413555], [-75.464789, 6.413646]]], [[[-75.465024, 6.42809], [-75.464837, 6.427989], [-75.464834, 6.427928], [-75.465, 6.427983], [-75.465024, 6.42809]]], [[[-75.464791, 6.417832], [-75.464791, 6.417894], [-75.46478, 6.417894], [-75.464791, 6.417832]]], [[[-75.464686, 6.356395], [-75.46467, 6.356559], [-75.464647, 6.356582], [-75.464686, 6.356395]]], [[[-75.465238, 6.418112], [-75.465171, 6.418104], [-75.465125, 6.417961], [-75.465215, 6.418011], [-75.465238, 6.418112]]], [[[-75.465118, 6.410733], [-75.465119, 6.410795], [-75.465108, 6.410795], [-75.465118, 6.410733]]], [[[-75.465089, 6.352725], [-75.464996, 6.352692], [-75.464953, 6.352565], [-75.465091, 6.352613], [-75.465089, 6.352725]]], [[[-75.465214, 6.408195], [-75.465197, 6.408331], [-75.465186, 6.408331], [-75.465214, 6.408195]]], [[[-75.465733, 6.410619], [-75.465683, 6.410804], [-75.465565, 6.410843], [-75.465446, 6.410782], [-75.465344, 6.410534], [-75.465563, 6.410484], [-75.465733, 6.410619]]], [[[-75.465284, 6.411003], [-75.465351, 6.411045], [-75.465301, 6.411071], [-75.465284, 6.411003]]], [[[-75.465413, 6.407542], [-75.46542, 6.40761], [-75.465337, 6.407635], [-75.465413, 6.407542]]], [[[-75.465523, 6.41432], [-75.465585, 6.414381], [-75.465498, 6.41437], [-75.465523, 6.41432]]], [[[-75.465514, 6.407197], [-75.465452, 6.407259], [-75.465463, 6.407171], [-75.465514, 6.407197]]], [[[-75.465794, 6.409583], [-75.465663, 6.410041], [-75.465573, 6.410035], [-75.465794, 6.409583]]], [[[-75.466449, 6.411543], [-75.466517, 6.411545], [-75.466524, 6.411569], [-75.466449, 6.411543]]], [[[-75.466241, 6.411609], [-75.466292, 6.411592], [-75.466303, 6.41162], [-75.466241, 6.411609]]], [[[-75.466031, 6.411401], [-75.465812, 6.411681], [-75.465697, 6.411642], [-75.466031, 6.411401]]], [[[-75.465685, 6.408763], [-75.465736, 6.408746], [-75.465747, 6.408774], [-75.465685, 6.408763]]], [[[-75.469402, 6.416535], [-75.469182, 6.416823], [-75.468976, 6.416823], [-75.469132, 6.417195], [-75.469101, 6.417348], [-75.468941, 6.417315], [-75.468794, 6.417092], [-75.46866, 6.41705], [-75.468128, 6.41769], [-75.468231, 6.417772], [-75.468759, 6.417613], [-75.468925, 6.417666], [-75.468687, 6.418401], [-75.468527, 6.418446], [-75.468313, 6.418375], [-75.468164, 6.418647], [-75.467791, 6.418487], [-75.46778, 6.418411], [-75.468089, 6.41826], [-75.468057, 6.418135], [-75.467824, 6.417844], [-75.467158, 6.417616], [-75.467172, 6.417496], [-75.467412, 6.417547], [-75.467557, 6.417419], [-75.46694, 6.416923], [-75.467311, 6.416863], [-75.467337, 6.416549], [-75.46669, 6.41665], [-75.466599, 6.416566], [-75.46667, 6.416411], [-75.466956, 6.416437], [-75.467054, 6.416372], [-75.467078, 6.416184], [-75.46698, 6.416033], [-75.467047, 6.415895], [-75.467227, 6.415826], [-75.46745, 6.415918], [-75.467373, 6.415378], [-75.467176, 6.415172], [-75.466932, 6.415164], [-75.46674, 6.415289], [-75.466711, 6.41563], [-75.466374, 6.415936], [-75.466279, 6.415945], [-75.466165, 6.41578], [-75.466511, 6.415549], [-75.466987, 6.414692], [-75.466996, 6.414537], [-75.466822, 6.414431], [-75.4667, 6.414189], [-75.466866, 6.414078], [-75.466809, 6.41383], [-75.46707, 6.413926], [-75.467207, 6.41389], [-75.467145, 6.413386], [-75.467205, 6.413256], [-75.467596, 6.413623], [-75.467768, 6.413361], [-75.467882, 6.41339], [-75.467901, 6.4136], [-75.467678, 6.413693], [-75.467552, 6.414026], [-75.46794, 6.414303], [-75.468208, 6.414188], [-75.46828, 6.413988], [-75.468461, 6.414062], [-75.46832, 6.414284], [-75.468296, 6.414523], [-75.467776, 6.414587], [-75.467688, 6.414704], [-75.467789, 6.415177], [-75.467602, 6.415598], [-75.467632, 6.415699], [-75.467761, 6.415711], [-75.468026, 6.415275], [-75.468117, 6.415319], [-75.468032, 6.415909], [-75.467852, 6.416189], [-75.467909, 6.41647], [-75.468153, 6.416674], [-75.468139, 6.416259], [-75.468252, 6.416169], [-75.468268, 6.416377], [-75.46858, 6.416719], [-75.468996, 6.41665], [-75.469292, 6.416449], [-75.469402, 6.416535]], [[-75.467599, 6.414893], [-75.467394, 6.41421], [-75.467042, 6.414156], [-75.467049, 6.414381], [-75.467325, 6.414908], [-75.467546, 6.415074], [-75.467599, 6.414893]], [[-75.468188, 6.417279], [-75.46792, 6.417049], [-75.467694, 6.417128], [-75.467665, 6.417295], [-75.467854, 6.417389], [-75.468139, 6.417334], [-75.468188, 6.417279]], [[-75.468523, 6.417934], [-75.468354, 6.41786], [-75.46822, 6.41792], [-75.468407, 6.418095], [-75.468522, 6.418034], [-75.468523, 6.417934]]], [[[-75.466955, 6.41344], [-75.466819, 6.413503], [-75.466738, 6.413286], [-75.466843, 6.413119], [-75.466926, 6.412423], [-75.467086, 6.412255], [-75.467538, 6.412881], [-75.467738, 6.412921], [-75.467787, 6.413031], [-75.467543, 6.413051], [-75.467119, 6.412899], [-75.467, 6.413083], [-75.466955, 6.41344]]], [[[-75.466886, 6.412087], [-75.466887, 6.411996], [-75.466956, 6.411929], [-75.466927, 6.412047], [-75.466886, 6.412087]]], [[[-75.466698, 6.411968], [-75.466644, 6.41189], [-75.466677, 6.411805], [-75.466732, 6.411872], [-75.466698, 6.411968]]], [[[-75.46698, 6.411785], [-75.467011, 6.411598], [-75.467187, 6.41161], [-75.467315, 6.411915], [-75.467289, 6.412045], [-75.467061, 6.411928], [-75.46698, 6.411785]]], [[[-75.466365, 6.416123], [-75.466346, 6.416228], [-75.466136, 6.416339], [-75.466343, 6.416528], [-75.466395, 6.416762], [-75.466355, 6.417169], [-75.466215, 6.417271], [-75.466179, 6.41699], [-75.466288, 6.416711], [-75.466145, 6.41651], [-75.465904, 6.416434], [-75.465868, 6.416317], [-75.466031, 6.416103], [-75.466365, 6.416123]]], [[[-75.465852, 6.416588], [-75.465802, 6.416646], [-75.465717, 6.416613], [-75.465768, 6.416555], [-75.465852, 6.416588]]], [[[-75.468286, 6.415129], [-75.468319, 6.41497], [-75.468432, 6.414947], [-75.468433, 6.415245], [-75.468286, 6.415129]]], [[[-75.465528, 6.346846], [-75.465457, 6.346779], [-75.465462, 6.346666], [-75.465534, 6.346734], [-75.465528, 6.346846]]], [[[-75.465823, 6.36073], [-75.465873, 6.360771], [-75.465797, 6.360797], [-75.465823, 6.36073]]], [[[-75.46642, 6.412365], [-75.4661, 6.412194], [-75.466145, 6.412073], [-75.466376, 6.412177], [-75.46642, 6.412365]]], [[[-75.466428, 6.393988], [-75.466176, 6.394243], [-75.46609, 6.394296], [-75.466219, 6.394018], [-75.466428, 6.393988]]], [[[-75.46665, 6.425296], [-75.466513, 6.425295], [-75.46631, 6.425211], [-75.466674, 6.42517], [-75.46665, 6.425296]]], [[[-75.466187, 6.395552], [-75.466187, 6.395741], [-75.466148, 6.395758], [-75.466187, 6.395552]]], [[[-75.466117, 6.395398], [-75.466067, 6.395312], [-75.4661, 6.395171], [-75.466152, 6.395256], [-75.466117, 6.395398]]], [[[-75.466372, 6.344409], [-75.466194, 6.344442], [-75.466061, 6.344352], [-75.465918, 6.344025], [-75.466384, 6.344196], [-75.466439, 6.34429], [-75.466372, 6.344409]]], [[[-75.466352, 6.421752], [-75.46625, 6.421735], [-75.46625, 6.421676], [-75.466408, 6.421645], [-75.466352, 6.421752]]], [[[-75.467261, 6.427525], [-75.466927, 6.427805], [-75.466635, 6.427769], [-75.466465, 6.427651], [-75.466561, 6.427564], [-75.466852, 6.42757], [-75.466965, 6.427431], [-75.467261, 6.427525]]], [[[-75.466534, 6.427949], [-75.466382, 6.428035], [-75.466269, 6.428002], [-75.466387, 6.427928], [-75.466534, 6.427949]]], [[[-75.468326, 6.436324], [-75.467776, 6.436435], [-75.466508, 6.436455], [-75.467835, 6.43631], [-75.468326, 6.436324]]], [[[-75.466509, 6.409556], [-75.466391, 6.409884], [-75.466307, 6.409953], [-75.466443, 6.409523], [-75.466509, 6.409556]]], [[[-75.466705, 6.407329], [-75.466615, 6.407715], [-75.466664, 6.408075], [-75.466526, 6.408417], [-75.466539, 6.408053], [-75.46636, 6.407909], [-75.466336, 6.407721], [-75.466705, 6.407329]]], [[[-75.46639, 6.408507], [-75.46645, 6.408795], [-75.466471, 6.408993], [-75.466332, 6.408741], [-75.46639, 6.408507]]], [[[-75.466767, 6.426333], [-75.466532, 6.426277], [-75.466475, 6.426142], [-75.466712, 6.426243], [-75.466767, 6.426333]]], [[[-75.466354, 6.355076], [-75.466304, 6.355152], [-75.466222, 6.355153], [-75.466292, 6.355034], [-75.466354, 6.355076]]], [[[-75.466524, 6.412829], [-75.466473, 6.412871], [-75.466473, 6.41282], [-75.466524, 6.412829]]], [[[-75.466529, 6.403267], [-75.466529, 6.403329], [-75.466518, 6.403329], [-75.466529, 6.403267]]], [[[-75.467169, 6.434587], [-75.467012, 6.434401], [-75.466909, 6.434148], [-75.467112, 6.434285], [-75.467169, 6.434587]]], [[[-75.466895, 6.395238], [-75.466792, 6.395337], [-75.466762, 6.395348], [-75.466757, 6.395134], [-75.466878, 6.395136], [-75.466895, 6.395238]]], [[[-75.46705, 6.422399], [-75.466971, 6.422421], [-75.466971, 6.422391], [-75.46705, 6.422399]]], [[[-75.466917, 6.394613], [-75.466908, 6.394664], [-75.466857, 6.394664], [-75.466917, 6.394613]]], [[[-75.467319, 6.393916], [-75.467175, 6.39394], [-75.467143, 6.393886], [-75.467229, 6.393872], [-75.467319, 6.393916]]], [[[-75.466947, 6.39398], [-75.46699, 6.394031], [-75.466939, 6.394031], [-75.466947, 6.39398]]], [[[-75.467516, 6.404834], [-75.467146, 6.404968], [-75.467028, 6.404962], [-75.467359, 6.404781], [-75.467516, 6.404834]]], [[[-75.467108, 6.397136], [-75.467005, 6.397201], [-75.467097, 6.39702], [-75.467108, 6.397136]]], [[[-75.467287, 6.407101], [-75.467218, 6.407388], [-75.467029, 6.407339], [-75.467287, 6.407101]]], [[[-75.467946, 6.40956], [-75.467732, 6.409556], [-75.467402, 6.409177], [-75.467821, 6.409295], [-75.467946, 6.40956]]], [[[-75.467624, 6.409009], [-75.467674, 6.408952], [-75.467759, 6.408985], [-75.467709, 6.409042], [-75.467624, 6.409009]]], [[[-75.467593, 6.419115], [-75.467427, 6.41904], [-75.467433, 6.418718], [-75.467541, 6.418855], [-75.467593, 6.419115]]], [[[-75.467406, 6.418286], [-75.467499, 6.418316], [-75.467406, 6.418336], [-75.467406, 6.418286]]], [[[-75.467744, 6.435081], [-75.467642, 6.435031], [-75.467565, 6.434837], [-75.467709, 6.434895], [-75.467744, 6.435081]]], [[[-75.467551, 6.383602], [-75.4674, 6.383476], [-75.467334, 6.383208], [-75.467545, 6.383402], [-75.467551, 6.383602]]], [[[-75.46862, 6.428155], [-75.468501, 6.428155], [-75.468585, 6.428071], [-75.46862, 6.428155]]], [[[-75.46835, 6.428271], [-75.468267, 6.428343], [-75.46803, 6.428198], [-75.467566, 6.428132], [-75.467636, 6.427858], [-75.467542, 6.427715], [-75.467549, 6.427505], [-75.467807, 6.427712], [-75.468257, 6.427852], [-75.468134, 6.428017], [-75.46835, 6.428271]]], [[[-75.46765, 6.412026], [-75.467578, 6.412331], [-75.467567, 6.412331], [-75.46765, 6.412026]]], [[[-75.467808, 6.421437], [-75.467782, 6.421973], [-75.467655, 6.421306], [-75.467808, 6.421437]]], [[[-75.467632, 6.394333], [-75.46748, 6.394257], [-75.467484, 6.394083], [-75.467724, 6.394239], [-75.467632, 6.394333]]], [[[-75.467718, 6.393772], [-75.467688, 6.393896], [-75.467698, 6.393757], [-75.467718, 6.393772]]], [[[-75.467633, 6.393648], [-75.467514, 6.393709], [-75.467505, 6.393689], [-75.467633, 6.393648]]], [[[-75.467936, 6.406939], [-75.467728, 6.407036], [-75.467614, 6.406924], [-75.467868, 6.406872], [-75.467936, 6.406939]]], [[[-75.467737, 6.351167], [-75.467624, 6.351221], [-75.4675, 6.351171], [-75.467567, 6.351104], [-75.467737, 6.351167]]], [[[-75.467912, 6.407922], [-75.46781, 6.407829], [-75.467832, 6.407657], [-75.467946, 6.407854], [-75.467912, 6.407922]]], [[[-75.468351, 6.428648], [-75.46808, 6.428672], [-75.468029, 6.428565], [-75.468351, 6.428648]]], [[[-75.46837, 6.395083], [-75.468329, 6.395276], [-75.468169, 6.395421], [-75.468285, 6.395183], [-75.468197, 6.39496], [-75.46837, 6.395083]]], [[[-75.468062, 6.394782], [-75.468025, 6.393956], [-75.468099, 6.393904], [-75.468232, 6.394512], [-75.468181, 6.394714], [-75.468062, 6.394782]]], [[[-75.467947, 6.393549], [-75.467829, 6.393566], [-75.467829, 6.39351], [-75.467947, 6.393549]]], [[[-75.468266, 6.39346], [-75.468216, 6.393477], [-75.468204, 6.393449], [-75.468266, 6.39346]]], [[[-75.468136, 6.399202], [-75.468089, 6.399439], [-75.467979, 6.39944], [-75.468049, 6.399202], [-75.468136, 6.399202]]], [[[-75.468178, 6.400063], [-75.468015, 6.400044], [-75.468051, 6.399893], [-75.468291, 6.399902], [-75.468178, 6.400063]]], [[[-75.468096, 6.396128], [-75.468022, 6.396077], [-75.468046, 6.39575], [-75.468118, 6.395885], [-75.468096, 6.396128]]], [[[-75.468148, 6.422721], [-75.468198, 6.422704], [-75.468209, 6.422732], [-75.468148, 6.422721]]], [[[-75.469285, 6.410353], [-75.46919, 6.410436], [-75.469077, 6.410386], [-75.469161, 6.410302], [-75.469285, 6.410353]]], [[[-75.469007, 6.410104], [-75.468818, 6.409972], [-75.468815, 6.409879], [-75.468981, 6.409943], [-75.469007, 6.410104]]], [[[-75.468614, 6.409806], [-75.46826, 6.409364], [-75.468206, 6.409139], [-75.46833, 6.409126], [-75.468349, 6.409304], [-75.468463, 6.409412], [-75.468687, 6.409428], [-75.468658, 6.409096], [-75.468832, 6.408911], [-75.468954, 6.408909], [-75.469082, 6.409027], [-75.469027, 6.409243], [-75.469237, 6.409609], [-75.469237, 6.409831], [-75.469106, 6.409634], [-75.468972, 6.409646], [-75.468837, 6.409536], [-75.468614, 6.409806]]], [[[-75.468705, 6.408761], [-75.468634, 6.408761], [-75.46869, 6.408676], [-75.468705, 6.408761]]], [[[-75.469845, 6.419827], [-75.469507, 6.41994], [-75.469314, 6.419912], [-75.469126, 6.419679], [-75.468627, 6.419423], [-75.468604, 6.41923], [-75.468329, 6.419169], [-75.468317, 6.419029], [-75.468717, 6.418858], [-75.468867, 6.419379], [-75.469321, 6.419666], [-75.469845, 6.419827]]], [[[-75.468403, 6.408858], [-75.468312, 6.408774], [-75.468289, 6.408633], [-75.468379, 6.408717], [-75.468403, 6.408858]]], [[[-75.468355, 6.408406], [-75.468305, 6.408372], [-75.468315, 6.408245], [-75.468383, 6.408293], [-75.468355, 6.408406]]], [[[-75.468496, 6.40723], [-75.468386, 6.407205], [-75.468361, 6.407121], [-75.468549, 6.40712], [-75.468496, 6.40723]]], [[[-75.468643, 6.391865], [-75.46866, 6.391915], [-75.468632, 6.391926], [-75.468643, 6.391865]]], [[[-75.468512, 6.391965], [-75.468492, 6.39209], [-75.468334, 6.39212], [-75.468379, 6.39192], [-75.468512, 6.391965]]], [[[-75.46864, 6.427691], [-75.468539, 6.427649], [-75.468538, 6.42759], [-75.468696, 6.427598], [-75.46864, 6.427691]]], [[[-75.468573, 6.41017], [-75.468573, 6.410241], [-75.468488, 6.410186], [-75.468573, 6.41017]]], [[[-75.468467, 6.39286], [-75.468467, 6.392922], [-75.468456, 6.392922], [-75.468467, 6.39286]]], [[[-75.469467, 6.432723], [-75.468871, 6.433725], [-75.468798, 6.433804], [-75.4689, 6.433409], [-75.469467, 6.432723]]], [[[-75.46858, 6.383473], [-75.468716, 6.383523], [-75.46853, 6.383524], [-75.46858, 6.383473]]], [[[-75.468797, 6.414588], [-75.468823, 6.414654], [-75.468817, 6.41471], [-75.468716, 6.414632], [-75.468797, 6.414588]]], [[[-75.469515, 6.418518], [-75.469278, 6.418738], [-75.468817, 6.41857], [-75.469421, 6.418217], [-75.469575, 6.418344], [-75.469515, 6.418518]]], [[[-75.468868, 6.393805], [-75.468809, 6.393741], [-75.468849, 6.393638], [-75.468906, 6.393717], [-75.468868, 6.393805]]], [[[-75.469135, 6.410971], [-75.468955, 6.410977], [-75.468929, 6.410842], [-75.469235, 6.410824], [-75.469135, 6.410971]]], [[[-75.469375, 6.428179], [-75.469198, 6.428019], [-75.469129, 6.42778], [-75.469426, 6.427908], [-75.469476, 6.428145], [-75.469375, 6.428179]]], [[[-75.469475, 6.407994], [-75.469362, 6.407959], [-75.469332, 6.407729], [-75.469011, 6.407714], [-75.469069, 6.407555], [-75.469289, 6.407554], [-75.469427, 6.407658], [-75.46952, 6.407917], [-75.469475, 6.407994]]], [[[-75.468919, 6.361043], [-75.468761, 6.3611], [-75.46875, 6.36106], [-75.468919, 6.361043]]], [[[-75.469075, 6.392379], [-75.469075, 6.392532], [-75.469025, 6.392608], [-75.469075, 6.392379]]], [[[-75.46976, 6.415647], [-75.469426, 6.415692], [-75.469373, 6.415614], [-75.469604, 6.415484], [-75.46976, 6.415647]]], [[[-75.469329, 6.415902], [-75.469313, 6.416044], [-75.469254, 6.416098], [-75.469222, 6.41587], [-75.469329, 6.415902]]], [[[-75.469109, 6.391315], [-75.469116, 6.391526], [-75.469093, 6.39154], [-75.469109, 6.391315]]], [[[-75.469235, 6.406854], [-75.469176, 6.406888], [-75.46915, 6.406876], [-75.469175, 6.406826], [-75.469235, 6.406854]]], [[[-75.469961, 6.40987], [-75.469764, 6.4101], [-75.469506, 6.410229], [-75.469469, 6.409892], [-75.469678, 6.409627], [-75.469961, 6.40987]]], [[[-75.470442, 6.416483], [-75.470076, 6.416604], [-75.469687, 6.417531], [-75.469742, 6.417096], [-75.46991, 6.416723], [-75.470181, 6.41645], [-75.470394, 6.416407], [-75.470442, 6.416483]]], [[[-75.469727, 6.406717], [-75.469646, 6.406586], [-75.469695, 6.406326], [-75.469778, 6.406513], [-75.469727, 6.406717]]], [[[-75.470073, 6.417711], [-75.469904, 6.418107], [-75.469786, 6.418099], [-75.469766, 6.417842], [-75.470073, 6.417711]]], [[[-75.46977, 6.419391], [-75.46977, 6.419452], [-75.469759, 6.419452], [-75.46977, 6.419391]]], [[[-75.469832, 6.432229], [-75.469832, 6.432291], [-75.469821, 6.432291], [-75.469832, 6.432229]]], [[[-75.470025, 6.383315], [-75.46989, 6.38339], [-75.469642, 6.383366], [-75.469822, 6.383293], [-75.470025, 6.383315]]], [[[-75.469942, 6.428199], [-75.469902, 6.428115], [-75.469958, 6.427974], [-75.469975, 6.428114], [-75.469942, 6.428199]]], [[[-75.46995, 6.395102], [-75.469766, 6.395068], [-75.469869, 6.394921], [-75.46995, 6.395102]]], [[[-75.470679, 6.419872], [-75.4703, 6.419925], [-75.470203, 6.419845], [-75.470432, 6.419789], [-75.470679, 6.419872]]], [[[-75.470108, 6.419971], [-75.470195, 6.42019], [-75.470152, 6.420242], [-75.470108, 6.419971]]], [[[-75.470187, 6.394609], [-75.470063, 6.394542], [-75.469994, 6.394432], [-75.470135, 6.394429], [-75.470187, 6.394609]]], [[[-75.470449, 6.431469], [-75.470346, 6.431718], [-75.470253, 6.431769], [-75.470449, 6.431469]]], [[[-75.470207, 6.397121], [-75.470218, 6.397493], [-75.470179, 6.397558], [-75.47013, 6.397107], [-75.470207, 6.397121]]], [[[-75.470506, 6.428536], [-75.470347, 6.428384], [-75.470329, 6.428178], [-75.470583, 6.428358], [-75.470608, 6.428518], [-75.470506, 6.428536]]], [[[-75.470614, 6.422927], [-75.470334, 6.422812], [-75.470323, 6.422742], [-75.470514, 6.422744], [-75.470614, 6.422927]]], [[[-75.470468, 6.408792], [-75.470351, 6.408789], [-75.470393, 6.408727], [-75.470468, 6.408792]]], [[[-75.471119, 6.421034], [-75.470916, 6.421651], [-75.470712, 6.42155], [-75.470518, 6.421291], [-75.470821, 6.421308], [-75.471048, 6.420978], [-75.471119, 6.421034]]], [[[-75.470505, 6.398913], [-75.47043, 6.398837], [-75.470447, 6.398739], [-75.470548, 6.398798], [-75.470505, 6.398913]]], [[[-75.470679, 6.425602], [-75.470604, 6.42556], [-75.470613, 6.42549], [-75.470688, 6.425509], [-75.470679, 6.425602]]], [[[-75.471103, 6.418375], [-75.470866, 6.418396], [-75.47061, 6.417889], [-75.470958, 6.418296], [-75.471103, 6.418375]]], [[[-75.47069, 6.427433], [-75.470631, 6.427484], [-75.470614, 6.427484], [-75.47063, 6.427391], [-75.47069, 6.427433]]], [[[-75.47081, 6.395007], [-75.470584, 6.394906], [-75.470524, 6.394817], [-75.47073, 6.394872], [-75.47081, 6.395007]]], [[[-75.473149, 6.430229], [-75.472504, 6.430166], [-75.47182, 6.430308], [-75.470834, 6.431075], [-75.470839, 6.430723], [-75.47114, 6.430678], [-75.471358, 6.430389], [-75.471554, 6.430314], [-75.471675, 6.429947], [-75.471846, 6.430112], [-75.472892, 6.430106], [-75.473149, 6.430229]]], [[[-75.471556, 6.429772], [-75.471369, 6.429835], [-75.47122, 6.429606], [-75.471065, 6.428991], [-75.471175, 6.429019], [-75.471294, 6.429464], [-75.471556, 6.429772]]], [[[-75.470998, 6.430461], [-75.470998, 6.430522], [-75.470987, 6.430522], [-75.470998, 6.430461]]], [[[-75.470778, 6.399593], [-75.47066, 6.39961], [-75.47066, 6.399554], [-75.470778, 6.399593]]], [[[-75.470855, 6.411287], [-75.470798, 6.411237], [-75.470831, 6.411152], [-75.470888, 6.411203], [-75.470855, 6.411287]]], [[[-75.47081, 6.412536], [-75.47086, 6.412519], [-75.470872, 6.412547], [-75.47081, 6.412536]]], [[[-75.472653, 6.421045], [-75.472043, 6.420802], [-75.471803, 6.42054], [-75.471638, 6.420573], [-75.471594, 6.420775], [-75.471473, 6.420823], [-75.471166, 6.420778], [-75.470888, 6.420543], [-75.471366, 6.420365], [-75.471364, 6.420057], [-75.471772, 6.420003], [-75.471858, 6.420123], [-75.471831, 6.420329], [-75.471984, 6.42058], [-75.472555, 6.420765], [-75.47269, 6.420942], [-75.472653, 6.421045]]], [[[-75.471004, 6.419933], [-75.471015, 6.420059], [-75.470965, 6.420102], [-75.471004, 6.419933]]], [[[-75.471161, 6.41152], [-75.471048, 6.411603], [-75.47098, 6.41149], [-75.471048, 6.411441], [-75.471161, 6.41152]]], [[[-75.471458, 6.418082], [-75.471365, 6.418278], [-75.471301, 6.418278], [-75.471325, 6.418081], [-75.471458, 6.418082]]], [[[-75.471423, 6.396779], [-75.471424, 6.396841], [-75.471412, 6.396841], [-75.471423, 6.396779]]], [[[-75.471947, 6.393173], [-75.471699, 6.392974], [-75.471593, 6.392596], [-75.471785, 6.392717], [-75.471947, 6.393173]]], [[[-75.471976, 6.383044], [-75.471725, 6.383073], [-75.471657, 6.383017], [-75.471817, 6.382952], [-75.471976, 6.383044]]], [[[-75.472604, 6.425138], [-75.472372, 6.42504], [-75.472081, 6.425191], [-75.47195, 6.425172], [-75.472119, 6.425002], [-75.472355, 6.424933], [-75.472566, 6.424983], [-75.472604, 6.425138]]], [[[-75.472763, 6.419771], [-75.472444, 6.419883], [-75.472014, 6.419792], [-75.472865, 6.419613], [-75.472763, 6.419771]]], [[[-75.473071, 6.424332], [-75.47245, 6.424419], [-75.472308, 6.424351], [-75.472751, 6.424267], [-75.473071, 6.424332]]], [[[-75.473032, 6.424783], [-75.472849, 6.424801], [-75.472803, 6.424772], [-75.473032, 6.424783]]], [[[-75.472662, 6.42468], [-75.472561, 6.424748], [-75.472535, 6.424723], [-75.472662, 6.42468]]], [[[-75.472855, 6.39185], [-75.472713, 6.392589], [-75.472479, 6.392679], [-75.472662, 6.3924], [-75.472674, 6.39199], [-75.47282, 6.391781], [-75.472725, 6.391574], [-75.472824, 6.391442], [-75.472855, 6.39185]]], [[[-75.473021, 6.417783], [-75.472879, 6.418112], [-75.472721, 6.418121], [-75.472627, 6.417868], [-75.472727, 6.417613], [-75.473003, 6.417506], [-75.473021, 6.417783]]], [[[-75.472831, 6.420463], [-75.472718, 6.420517], [-75.47265, 6.420416], [-75.472718, 6.420384], [-75.472831, 6.420463]]], [[[-75.472693, 6.395286], [-75.472704, 6.395413], [-75.472654, 6.395456], [-75.472693, 6.395286]]], [[[-75.473084, 6.425308], [-75.472933, 6.425308], [-75.472843, 6.425216], [-75.473053, 6.425152], [-75.473084, 6.425308]]], [[[-75.473078, 6.394911], [-75.472842, 6.394883], [-75.472838, 6.394637], [-75.47322, 6.394826], [-75.473078, 6.394911]]], [[[-75.472906, 6.398704], [-75.472834, 6.398704], [-75.472889, 6.39862], [-75.472906, 6.398704]]], [[[-75.472971, 6.409712], [-75.472895, 6.4098], [-75.47287, 6.409797], [-75.472971, 6.409712]]], [[[-75.474349, 6.421487], [-75.474086, 6.420888], [-75.473776, 6.420886], [-75.473449, 6.421164], [-75.473531, 6.42085], [-75.473872, 6.420696], [-75.474131, 6.420743], [-75.474336, 6.421146], [-75.474349, 6.421487]]], [[[-75.473191, 6.421178], [-75.47308, 6.421167], [-75.472969, 6.420977], [-75.473156, 6.421055], [-75.473191, 6.421178]]], [[[-75.472982, 6.410741], [-75.472982, 6.410802], [-75.472971, 6.410802], [-75.472982, 6.410741]]], [[[-75.472795, 6.364799], [-75.472846, 6.364903], [-75.472796, 6.364996], [-75.472745, 6.364912], [-75.472795, 6.364799]]], [[[-75.472898, 6.36091], [-75.472824, 6.360733], [-75.47283, 6.360352], [-75.47292, 6.360651], [-75.472898, 6.36091]]], [[[-75.473136, 6.415871], [-75.473086, 6.415913], [-75.473086, 6.415863], [-75.473136, 6.415871]]], [[[-75.473469, 6.419774], [-75.473273, 6.419549], [-75.473238, 6.419397], [-75.47347, 6.419528], [-75.473469, 6.419774]]], [[[-75.473548, 6.423983], [-75.473446, 6.42423], [-75.473427, 6.424655], [-75.47335, 6.423843], [-75.473548, 6.423983]]], [[[-75.473553, 6.421492], [-75.473359, 6.421794], [-75.47333, 6.421801], [-75.473356, 6.421577], [-75.473553, 6.421492]]], [[[-75.474983, 6.417043], [-75.474524, 6.417063], [-75.474244, 6.416964], [-75.473944, 6.417087], [-75.473376, 6.416937], [-75.473328, 6.416859], [-75.473451, 6.416706], [-75.473897, 6.416642], [-75.473905, 6.41652], [-75.473687, 6.416329], [-75.473827, 6.416246], [-75.474407, 6.416614], [-75.475224, 6.416923], [-75.474983, 6.417043]]], [[[-75.473984, 6.430553], [-75.473571, 6.430467], [-75.47341, 6.430358], [-75.473687, 6.430391], [-75.473984, 6.430553]]], [[[-75.473595, 6.389707], [-75.473329, 6.389646], [-75.473289, 6.389539], [-75.473595, 6.389707]]], [[[-75.473241, 6.362372], [-75.47319, 6.362288], [-75.4732, 6.362136], [-75.473257, 6.362304], [-75.473241, 6.362372]]], [[[-75.473406, 6.362745], [-75.473305, 6.362821], [-75.473229, 6.362746], [-75.473355, 6.362694], [-75.473406, 6.362745]]], [[[-75.473636, 6.418908], [-75.473564, 6.418909], [-75.473619, 6.418824], [-75.473636, 6.418908]]], [[[-75.473889, 6.382057], [-75.47388, 6.382133], [-75.473415, 6.382218], [-75.473669, 6.382076], [-75.473889, 6.382057]]], [[[-75.474584, 6.419836], [-75.474314, 6.420001], [-75.474038, 6.42002], [-75.474449, 6.419751], [-75.474567, 6.419752], [-75.474584, 6.419836]]], [[[-75.474059, 6.398659], [-75.474026, 6.398761], [-75.473975, 6.398685], [-75.474059, 6.398659]]], [[[-75.474415, 6.417489], [-75.474173, 6.417561], [-75.474119, 6.417451], [-75.474386, 6.417402], [-75.474415, 6.417489]]], [[[-75.474712, 6.426402], [-75.474337, 6.426415], [-75.474176, 6.426331], [-75.474712, 6.426402]]], [[[-75.474575, 6.404319], [-75.474348, 6.404192], [-75.474174, 6.403858], [-75.474296, 6.403904], [-75.474575, 6.404319]]], [[[-75.474435, 6.426839], [-75.474317, 6.426895], [-75.474317, 6.426839], [-75.474435, 6.426839]]], [[[-75.474226, 6.393369], [-75.47421, 6.393572], [-75.474198, 6.393572], [-75.474226, 6.393369]]], [[[-75.474507, 6.42711], [-75.474468, 6.427347], [-75.474384, 6.427347], [-75.474422, 6.42711], [-75.474507, 6.42711]]], [[[-75.474427, 6.38835], [-75.474409, 6.388717], [-75.474372, 6.388805], [-75.474427, 6.38835]]], [[[-75.474342, 6.388955], [-75.474396, 6.389017], [-75.474363, 6.389073], [-75.474308, 6.389023], [-75.474342, 6.388955]]], [[[-75.474359, 6.415255], [-75.47436, 6.415316], [-75.474348, 6.415316], [-75.474359, 6.415255]]], [[[-75.474491, 6.412835], [-75.47458, 6.413063], [-75.474569, 6.413123], [-75.47441, 6.412861], [-75.474491, 6.412835]]], [[[-75.474534, 6.401661], [-75.4744, 6.401763], [-75.474368, 6.40172], [-75.474534, 6.401661]]], [[[-75.47462, 6.427679], [-75.474546, 6.427671], [-75.474538, 6.427652], [-75.474613, 6.427604], [-75.47462, 6.427679]]], [[[-75.476785, 6.430972], [-75.476035, 6.431219], [-75.475523, 6.431224], [-75.474877, 6.431083], [-75.474665, 6.430951], [-75.475709, 6.431158], [-75.47626, 6.431121], [-75.476785, 6.430972]]], [[[-75.474516, 6.39263], [-75.474457, 6.39267], [-75.474425, 6.392605], [-75.474516, 6.39263]]], [[[-75.474532, 6.351319], [-75.474499, 6.351437], [-75.47438, 6.351387], [-75.474293, 6.350828], [-75.474532, 6.351319]]], [[[-75.474754, 6.421033], [-75.474653, 6.421008], [-75.474652, 6.420927], [-75.47481, 6.420957], [-75.474754, 6.421033]]], [[[-75.474774, 6.421633], [-75.474698, 6.421683], [-75.474698, 6.421607], [-75.474774, 6.421633]]], [[[-75.474608, 6.391836], [-75.474608, 6.391898], [-75.474597, 6.391898], [-75.474608, 6.391836]]], [[[-75.475011, 6.419696], [-75.474932, 6.41993], [-75.474848, 6.419931], [-75.474926, 6.419694], [-75.475011, 6.419696]]], [[[-75.474704, 6.366016], [-75.474665, 6.365948], [-75.47472, 6.365835], [-75.474737, 6.365948], [-75.474704, 6.366016]]], [[[-75.475798, 6.417301], [-75.475779, 6.417384], [-75.475624, 6.417357], [-75.475656, 6.41758], [-75.475479, 6.417459], [-75.474895, 6.41741], [-75.474979, 6.417269], [-75.475366, 6.417177], [-75.475654, 6.417176], [-75.475798, 6.417301]]], [[[-75.475087, 6.420975], [-75.475028, 6.421009], [-75.475003, 6.420998], [-75.475028, 6.420948], [-75.475087, 6.420975]]], [[[-75.475234, 6.35201], [-75.475057, 6.351858], [-75.474808, 6.351499], [-75.475097, 6.351737], [-75.475234, 6.35201]]], [[[-75.475195, 6.416347], [-75.475037, 6.416404], [-75.475026, 6.416364], [-75.475195, 6.416347]]], [[[-75.475518, 6.391924], [-75.475303, 6.392007], [-75.475134, 6.391974], [-75.475303, 6.391902], [-75.475518, 6.391924]]], [[[-75.475765, 6.416242], [-75.475762, 6.416304], [-75.475751, 6.416304], [-75.475765, 6.416242]]], [[[-75.475661, 6.416492], [-75.475575, 6.416706], [-75.4754, 6.416651], [-75.475383, 6.416538], [-75.475523, 6.416541], [-75.475603, 6.416373], [-75.475661, 6.416492]]], [[[-75.475642, 6.415384], [-75.47536, 6.415323], [-75.475337, 6.415278], [-75.47554, 6.415277], [-75.475642, 6.415384]]], [[[-75.475468, 6.382072], [-75.475351, 6.38198], [-75.475306, 6.381813], [-75.475452, 6.381883], [-75.475468, 6.382072]]], [[[-75.476824, 6.414304], [-75.47593, 6.414184], [-75.475823, 6.413812], [-75.476056, 6.413814], [-75.476164, 6.414025], [-75.476647, 6.414147], [-75.476843, 6.414248], [-75.476824, 6.414304]]], [[[-75.475649, 6.41366], [-75.475524, 6.413635], [-75.475521, 6.413551], [-75.475686, 6.41355], [-75.475649, 6.41366]]], [[[-75.475814, 6.415874], [-75.475704, 6.415824], [-75.475705, 6.415604], [-75.475824, 6.415705], [-75.475814, 6.415874]]], [[[-75.476036, 6.410392], [-75.475825, 6.410399], [-75.47581, 6.410376], [-75.476036, 6.410392]]], [[[-75.476105, 6.405962], [-75.475885, 6.4059], [-75.475867, 6.405748], [-75.476105, 6.405962]]], [[[-75.476907, 6.422253], [-75.476721, 6.422774], [-75.476439, 6.423118], [-75.475974, 6.423206], [-75.476306, 6.422987], [-75.476395, 6.422656], [-75.476596, 6.422357], [-75.476823, 6.42222], [-75.476907, 6.422253]]], [[[-75.475792, 6.367186], [-75.475735, 6.367152], [-75.47572, 6.367026], [-75.475818, 6.367073], [-75.475792, 6.367186]]], [[[-75.476524, 6.414881], [-75.476292, 6.415107], [-75.476164, 6.415146], [-75.476424, 6.414697], [-75.476541, 6.414764], [-75.476524, 6.414881]]], [[[-75.476709, 6.428203], [-75.476521, 6.428244], [-75.47643, 6.428084], [-75.476512, 6.428084], [-75.476709, 6.428203]]], [[[-75.476526, 6.429128], [-75.476451, 6.429044], [-75.476468, 6.42892], [-75.476569, 6.42901], [-75.476526, 6.429128]]], [[[-75.476523, 6.406016], [-75.476467, 6.405914], [-75.476499, 6.405745], [-75.476556, 6.405846], [-75.476523, 6.406016]]], [[[-75.477794, 6.428596], [-75.477563, 6.42876], [-75.477121, 6.428767], [-75.477051, 6.428682], [-75.477128, 6.428591], [-75.477566, 6.428566], [-75.477597, 6.42832], [-75.477901, 6.428393], [-75.477794, 6.428596]]], [[[-75.478765, 6.430425], [-75.478574, 6.430542], [-75.478379, 6.430528], [-75.47836, 6.430206], [-75.47824, 6.429959], [-75.477767, 6.42964], [-75.47752, 6.429191], [-75.477209, 6.429122], [-75.477171, 6.429018], [-75.477776, 6.429151], [-75.477927, 6.429494], [-75.478311, 6.429778], [-75.478613, 6.430349], [-75.478765, 6.430425]]], [[[-75.478112, 6.430607], [-75.477452, 6.430857], [-75.47722, 6.430843], [-75.478112, 6.430607]]], [[[-75.477228, 6.426304], [-75.477167, 6.426335], [-75.477203, 6.426277], [-75.477228, 6.426304]]], [[[-75.477163, 6.426171], [-75.477112, 6.426077], [-75.477115, 6.426018], [-75.477225, 6.426105], [-75.477163, 6.426171]]], [[[-75.477474, 6.415719], [-75.477195, 6.415715], [-75.477134, 6.415425], [-75.477253, 6.415461], [-75.477474, 6.415719]]], [[[-75.47719, 6.422497], [-75.47714, 6.422539], [-75.47714, 6.422488], [-75.47719, 6.422497]]], [[[-75.47723, 6.429436], [-75.47723, 6.429498], [-75.477219, 6.429498], [-75.47723, 6.429436]]], [[[-75.477607, 6.426953], [-75.477552, 6.427123], [-75.477353, 6.426904], [-75.477488, 6.426852], [-75.477607, 6.426953]]], [[[-75.477637, 6.413696], [-75.477504, 6.413679], [-75.47747, 6.41362], [-75.477604, 6.413589], [-75.477637, 6.413696]]], [[[-75.477792, 6.394267], [-75.477444, 6.394297], [-75.477359, 6.394247], [-75.477792, 6.394267]]], [[[-75.479071, 6.422911], [-75.47898, 6.422861], [-75.478937, 6.422666], [-75.479075, 6.422725], [-75.479071, 6.422911]]], [[[-75.478851, 6.422472], [-75.478649, 6.422593], [-75.478603, 6.422504], [-75.478289, 6.422452], [-75.478111, 6.422293], [-75.477856, 6.422228], [-75.478221, 6.422141], [-75.478846, 6.42237], [-75.478851, 6.422472]]], [[[-75.481832, 6.427308], [-75.4817, 6.427309], [-75.481642, 6.427416], [-75.48177, 6.42779], [-75.481702, 6.427825], [-75.481568, 6.427348], [-75.481713, 6.427096], [-75.481359, 6.426935], [-75.481493, 6.42676], [-75.481226, 6.426722], [-75.481109, 6.426953], [-75.481015, 6.426957], [-75.480589, 6.426622], [-75.480757, 6.426441], [-75.48059, 6.426177], [-75.480367, 6.426071], [-75.480145, 6.426193], [-75.480077, 6.426114], [-75.480388, 6.425914], [-75.4806, 6.425954], [-75.480943, 6.426333], [-75.481468, 6.426585], [-75.481645, 6.426844], [-75.481812, 6.426901], [-75.481911, 6.427158], [-75.481832, 6.427308]]], [[[-75.479547, 6.426466], [-75.480316, 6.426374], [-75.480114, 6.426559], [-75.479547, 6.426466]]], [[[-75.479371, 6.426537], [-75.479004, 6.426527], [-75.479596, 6.426991], [-75.480126, 6.426936], [-75.480131, 6.427072], [-75.480012, 6.427215], [-75.480115, 6.427313], [-75.480242, 6.42724], [-75.480185, 6.427384], [-75.479961, 6.427409], [-75.479789, 6.427156], [-75.479595, 6.42714], [-75.478866, 6.426792], [-75.4782, 6.426726], [-75.478112, 6.426939], [-75.478052, 6.42675], [-75.477923, 6.42668], [-75.478063, 6.426567], [-75.478784, 6.426525], [-75.479039, 6.426167], [-75.479163, 6.426415], [-75.479371, 6.426537]]], [[[-75.477986, 6.405393], [-75.478131, 6.405646], [-75.477902, 6.405394], [-75.477986, 6.405393]]], [[[-75.478277, 6.408529], [-75.478129, 6.408517], [-75.478082, 6.408354], [-75.478208, 6.40832], [-75.478277, 6.408529]]], [[[-75.478109, 6.424368], [-75.478109, 6.42443], [-75.478098, 6.42443], [-75.478109, 6.424368]]], [[[-75.478398, 6.422841], [-75.478345, 6.423078], [-75.478301, 6.423095], [-75.478266, 6.422842], [-75.478398, 6.422841]]], [[[-75.478289, 6.425446], [-75.478233, 6.425379], [-75.478266, 6.425266], [-75.478322, 6.425333], [-75.478289, 6.425446]]], [[[-75.47852, 6.428827], [-75.478436, 6.428881], [-75.478295, 6.428848], [-75.478379, 6.428793], [-75.47852, 6.428827]]], [[[-75.478805, 6.416516], [-75.478729, 6.416609], [-75.478608, 6.416601], [-75.478444, 6.416433], [-75.478626, 6.416344], [-75.478805, 6.416516]]], [[[-75.478753, 6.417906], [-75.47856, 6.417788], [-75.478505, 6.41752], [-75.47873, 6.417686], [-75.478809, 6.417858], [-75.478753, 6.417906]]], [[[-75.478773, 6.425495], [-75.478598, 6.425517], [-75.47865, 6.42525], [-75.478564, 6.424925], [-75.478631, 6.424841], [-75.478781, 6.424919], [-75.478851, 6.425105], [-75.478868, 6.425351], [-75.478773, 6.425495]]], [[[-75.478701, 6.427002], [-75.478794, 6.427032], [-75.478701, 6.427052], [-75.478701, 6.427002]]], [[[-75.479545, 6.429251], [-75.479461, 6.429419], [-75.479417, 6.42925], [-75.479105, 6.429204], [-75.479, 6.429034], [-75.479367, 6.429091], [-75.479545, 6.429251]]], [[[-75.478795, 6.369021], [-75.478543, 6.369092], [-75.478562, 6.368776], [-75.478617, 6.368919], [-75.478795, 6.369021]]], [[[-75.479267, 6.422063], [-75.479039, 6.422148], [-75.47888, 6.422042], [-75.479202, 6.422024], [-75.479267, 6.422063]]], [[[-75.478806, 6.359215], [-75.478745, 6.359444], [-75.478638, 6.359495], [-75.478806, 6.359215]]], [[[-75.479051, 6.398494], [-75.478978, 6.398494], [-75.479034, 6.398409], [-75.479051, 6.398494]]], [[[-75.479497, 6.418688], [-75.479262, 6.418559], [-75.479216, 6.418373], [-75.479429, 6.418479], [-75.479497, 6.418688]]], [[[-75.479211, 6.389293], [-75.479178, 6.38942], [-75.479126, 6.389345], [-75.479211, 6.389293]]], [[[-75.480018, 6.424225], [-75.479958, 6.424291], [-75.479826, 6.424238], [-75.479603, 6.423773], [-75.479832, 6.423875], [-75.480018, 6.424225]]], [[[-75.479389, 6.423906], [-75.479396, 6.424158], [-75.479373, 6.424175], [-75.479389, 6.423906]]], [[[-75.479706, 6.430178], [-75.479611, 6.430226], [-75.479445, 6.430207], [-75.479621, 6.430115], [-75.479706, 6.430178]]], [[[-75.480003, 6.428156], [-75.479749, 6.428276], [-75.479467, 6.428266], [-75.479576, 6.428156], [-75.480003, 6.428156]]], [[[-75.479678, 6.422909], [-75.47957, 6.423375], [-75.479522, 6.423406], [-75.479678, 6.422909]]], [[[-75.479654, 6.364084], [-75.479536, 6.364156], [-75.479355, 6.364134], [-75.479431, 6.364059], [-75.479654, 6.364084]]], [[[-75.479862, 6.383047], [-75.479683, 6.383121], [-75.479535, 6.383293], [-75.479517, 6.383118], [-75.479862, 6.383047]]], [[[-75.480377, 6.41023], [-75.479703, 6.409808], [-75.479668, 6.409685], [-75.480049, 6.409672], [-75.48044, 6.410077], [-75.480461, 6.410179], [-75.480377, 6.41023]]], [[[-75.479815, 6.369439], [-75.479786, 6.369741], [-75.479679, 6.369802], [-75.479685, 6.369404], [-75.479815, 6.369439]]], [[[-75.480997, 6.423405], [-75.480997, 6.423467], [-75.480986, 6.423467], [-75.480997, 6.423405]]], [[[-75.480866, 6.423305], [-75.480709, 6.423294], [-75.480874, 6.423241], [-75.480866, 6.423305]]], [[[-75.48052, 6.423142], [-75.480053, 6.423149], [-75.479956, 6.423065], [-75.480319, 6.422973], [-75.48052, 6.423142]]], [[[-75.481188, 6.429932], [-75.480667, 6.429899], [-75.48094, 6.429141], [-75.481137, 6.429208], [-75.481279, 6.429371], [-75.481025, 6.429818], [-75.481188, 6.429932]]], [[[-75.480413, 6.429965], [-75.480235, 6.430031], [-75.480133, 6.429989], [-75.480252, 6.429919], [-75.480413, 6.429965]]], [[[-75.480623, 6.427912], [-75.48051, 6.427939], [-75.480334, 6.427717], [-75.480504, 6.427795], [-75.480623, 6.427912]]], [[[-75.48057, 6.425192], [-75.480392, 6.425058], [-75.480296, 6.424578], [-75.480597, 6.425133], [-75.48057, 6.425192]]], [[[-75.480229, 6.360621], [-75.480086, 6.360452], [-75.480064, 6.359984], [-75.480228, 6.360288], [-75.480229, 6.360621]]], [[[-75.480445, 6.429579], [-75.480366, 6.42966], [-75.480332, 6.429602], [-75.480445, 6.429579]]], [[[-75.4806, 6.41821], [-75.480464, 6.418442], [-75.480358, 6.418655], [-75.480337, 6.418314], [-75.48051, 6.418116], [-75.4806, 6.41821]]], [[[-75.480299, 6.392351], [-75.48035, 6.392426], [-75.480274, 6.392427], [-75.480299, 6.392351]]], [[[-75.480699, 6.391085], [-75.480606, 6.391168], [-75.48044, 6.391186], [-75.48051, 6.391079], [-75.480699, 6.391085]]], [[[-75.480667, 6.391447], [-75.480549, 6.391513], [-75.480478, 6.391471], [-75.480548, 6.391401], [-75.480667, 6.391447]]], [[[-75.481213, 6.428439], [-75.480897, 6.428567], [-75.480723, 6.42878], [-75.480676, 6.428339], [-75.480744, 6.428277], [-75.480903, 6.428225], [-75.481144, 6.428337], [-75.481213, 6.428439]]], [[[-75.480821, 6.425615], [-75.480764, 6.425564], [-75.480798, 6.42548], [-75.480854, 6.42553], [-75.480821, 6.425615]]], [[[-75.480789, 6.420173], [-75.48084, 6.420156], [-75.480851, 6.420184], [-75.480789, 6.420173]]], [[[-75.480908, 6.423722], [-75.480908, 6.423784], [-75.480897, 6.423784], [-75.480908, 6.423722]]], [[[-75.480967, 6.41112], [-75.480918, 6.411176], [-75.480895, 6.411109], [-75.480967, 6.41112]]], [[[-75.481205, 6.392883], [-75.481096, 6.392752], [-75.480911, 6.392811], [-75.480833, 6.392488], [-75.481141, 6.392652], [-75.481205, 6.392883]]], [[[-75.48107, 6.425665], [-75.481104, 6.425727], [-75.48107, 6.425778], [-75.481036, 6.425727], [-75.48107, 6.425665]]], [[[-75.481196, 6.420369], [-75.48107, 6.420336], [-75.481069, 6.420229], [-75.481267, 6.42029], [-75.481196, 6.420369]]], [[[-75.481261, 6.379761], [-75.481176, 6.379835], [-75.481153, 6.379737], [-75.481261, 6.379761]]], [[[-75.481763, 6.428113], [-75.48157, 6.428589], [-75.48148, 6.428615], [-75.481464, 6.42812], [-75.481763, 6.428113]]], [[[-75.481716, 6.426071], [-75.481682, 6.426145], [-75.481536, 6.426137], [-75.481648, 6.426054], [-75.481716, 6.426071]]], [[[-75.481916, 6.392871], [-75.481849, 6.392945], [-75.481604, 6.393019], [-75.481725, 6.392884], [-75.481916, 6.392871]]], [[[-75.481751, 6.429879], [-75.481938, 6.429898], [-75.481735, 6.429917], [-75.481751, 6.429879]]], [[[-75.482182, 6.423537], [-75.482088, 6.423594], [-75.481859, 6.423517], [-75.482042, 6.423454], [-75.482182, 6.423537]]], [[[-75.48194, 6.412166], [-75.48184, 6.412124], [-75.481837, 6.412065], [-75.481963, 6.412073], [-75.48194, 6.412166]]], [[[-75.481971, 6.397375], [-75.481868, 6.397288], [-75.481993, 6.397237], [-75.482021, 6.397307], [-75.481971, 6.397375]]], [[[-75.482296, 6.367767], [-75.482174, 6.367685], [-75.481817, 6.367545], [-75.48189, 6.367479], [-75.482037, 6.367512], [-75.482296, 6.367767]]], [[[-75.481944, 6.392597], [-75.481986, 6.392647], [-75.481936, 6.392648], [-75.481944, 6.392597]]], [[[-75.482228, 6.426829], [-75.482154, 6.426744], [-75.482176, 6.426603], [-75.482252, 6.426645], [-75.482228, 6.426829]]], [[[-75.48225, 6.397675], [-75.482149, 6.397752], [-75.482067, 6.397747], [-75.482216, 6.397566], [-75.48225, 6.397675]]], [[[-75.482184, 6.396715], [-75.482082, 6.396623], [-75.482096, 6.396547], [-75.482205, 6.396583], [-75.482184, 6.396715]]], [[[-75.48225, 6.388312], [-75.482174, 6.388278], [-75.482199, 6.388132], [-75.482272, 6.388199], [-75.48225, 6.388312]]], [[[-75.482895, 6.392884], [-75.482659, 6.392986], [-75.482351, 6.392768], [-75.482479, 6.392753], [-75.482617, 6.392593], [-75.482895, 6.392884]]], [[[-75.482591, 6.425974], [-75.482591, 6.426036], [-75.48258, 6.426036], [-75.482591, 6.425974]]], [[[-75.48295, 6.396853], [-75.482842, 6.396836], [-75.482814, 6.39678], [-75.482971, 6.39678], [-75.48295, 6.396853]]], [[[-75.483135, 6.41387], [-75.48304, 6.413859], [-75.482981, 6.413727], [-75.483173, 6.413741], [-75.483135, 6.41387]]], [[[-75.483109, 6.424513], [-75.483036, 6.424514], [-75.483092, 6.424429], [-75.483109, 6.424513]]], [[[-75.483077, 6.426039], [-75.483128, 6.426022], [-75.483139, 6.42605], [-75.483077, 6.426039]]], [[[-75.483884, 6.42324], [-75.48373, 6.423423], [-75.48368, 6.423431], [-75.483884, 6.42324]]], [[[-75.483714, 6.424612], [-75.483714, 6.424674], [-75.483703, 6.424674], [-75.483714, 6.424612]]], [[[-75.483802, 6.38844], [-75.483606, 6.388215], [-75.483588, 6.38808], [-75.483715, 6.388147], [-75.483802, 6.38844]]], [[[-75.484218, 6.389839], [-75.484161, 6.389772], [-75.484195, 6.389659], [-75.484251, 6.389727], [-75.484218, 6.389839]]], [[[-75.484509, 6.392782], [-75.484299, 6.392588], [-75.484375, 6.392478], [-75.484507, 6.392641], [-75.484509, 6.392782]]], [[[-75.48447, 6.414442], [-75.484421, 6.414375], [-75.484432, 6.41431], [-75.484499, 6.414363], [-75.48447, 6.414442]]], [[[-75.484786, 6.395134], [-75.484684, 6.395192], [-75.48452, 6.395124], [-75.484615, 6.394887], [-75.484706, 6.394913], [-75.484786, 6.395134]]], [[[-75.484608, 6.422574], [-75.484608, 6.422636], [-75.484597, 6.422636], [-75.484608, 6.422574]]], [[[-75.485265, 6.419539], [-75.485275, 6.419787], [-75.485188, 6.419796], [-75.485156, 6.419614], [-75.485265, 6.419539]]], [[[-75.484955, 6.41956], [-75.484721, 6.4196], [-75.484692, 6.419516], [-75.484928, 6.419476], [-75.484955, 6.41956]]], [[[-75.484851, 6.416831], [-75.484852, 6.416893], [-75.484841, 6.416893], [-75.484851, 6.416831]]], [[[-75.484819, 6.392775], [-75.48478, 6.392708], [-75.484836, 6.392595], [-75.484853, 6.392707], [-75.484819, 6.392775]]], [[[-75.485446, 6.42049], [-75.485248, 6.420702], [-75.48521, 6.421033], [-75.485118, 6.421076], [-75.485064, 6.420962], [-75.485189, 6.420776], [-75.485138, 6.420509], [-75.485307, 6.420246], [-75.485446, 6.42049]]], [[[-75.485448, 6.417986], [-75.485244, 6.417264], [-75.485028, 6.417212], [-75.48504, 6.417155], [-75.485319, 6.417131], [-75.485429, 6.417264], [-75.485515, 6.417749], [-75.485448, 6.417986]]], [[[-75.485486, 6.391625], [-75.485359, 6.391591], [-75.485345, 6.391569], [-75.485488, 6.391535], [-75.485486, 6.391625]]], [[[-75.485453, 6.418673], [-75.485392, 6.418735], [-75.485403, 6.418648], [-75.485453, 6.418673]]], [[[-75.485632, 6.414703], [-75.485539, 6.414754], [-75.485488, 6.414678], [-75.485598, 6.414652], [-75.485632, 6.414703]]], [[[-75.485853, 6.390871], [-75.485652, 6.390813], [-75.485555, 6.390557], [-75.485836, 6.390753], [-75.485853, 6.390871]]], [[[-75.486162, 6.392373], [-75.486061, 6.392518], [-75.485654, 6.392486], [-75.486067, 6.392448], [-75.485641, 6.392207], [-75.485599, 6.392096], [-75.486162, 6.392373]]], [[[-75.486054, 6.425084], [-75.485954, 6.425138], [-75.485869, 6.425105], [-75.485949, 6.42505], [-75.486054, 6.425084]]], [[[-75.486415, 6.41549], [-75.486354, 6.415716], [-75.486309, 6.415733], [-75.486308, 6.415514], [-75.486415, 6.41549]]], [[[-75.486877, 6.414055], [-75.486815, 6.414117], [-75.486826, 6.41403], [-75.486877, 6.414055]]], [[[-75.486749, 6.414371], [-75.48669, 6.414522], [-75.486552, 6.414605], [-75.486583, 6.414444], [-75.486749, 6.414371]]], [[[-75.48664, 6.418065], [-75.486566, 6.418015], [-75.486591, 6.417902], [-75.486663, 6.41797], [-75.48664, 6.418065]]], [[[-75.486568, 6.39405], [-75.48645, 6.394073], [-75.486442, 6.39405], [-75.486568, 6.39405]]], [[[-75.486856, 6.393788], [-75.48663, 6.393394], [-75.486578, 6.393191], [-75.486697, 6.393326], [-75.486856, 6.393788]]], [[[-75.48705, 6.41517], [-75.487001, 6.41512], [-75.487012, 6.415024], [-75.487079, 6.415074], [-75.48705, 6.41517]]], [[[-75.48756, 6.391931], [-75.487505, 6.392129], [-75.487474, 6.391917], [-75.48709, 6.391549], [-75.487143, 6.391304], [-75.487257, 6.391356], [-75.487246, 6.391536], [-75.48756, 6.391931]]], [[[-75.487255, 6.418538], [-75.487255, 6.418599], [-75.487244, 6.418599], [-75.487255, 6.418538]]], [[[-75.488035, 6.424529], [-75.487719, 6.424633], [-75.487424, 6.424936], [-75.487653, 6.424554], [-75.488035, 6.424529]]], [[[-75.488291, 6.416783], [-75.487726, 6.41658], [-75.487637, 6.416414], [-75.488106, 6.41657], [-75.488291, 6.416783]]], [[[-75.48778, 6.41192], [-75.487669, 6.411974], [-75.487627, 6.411949], [-75.487686, 6.411857], [-75.48778, 6.41192]]], [[[-75.488383, 6.424426], [-75.488266, 6.424477], [-75.488215, 6.42437], [-75.488248, 6.424073], [-75.488366, 6.423934], [-75.488449, 6.424171], [-75.488383, 6.424426]]], [[[-75.488284, 6.42164], [-75.488201, 6.421505], [-75.488235, 6.42142], [-75.488307, 6.421522], [-75.488284, 6.42164]]], [[[-75.488408, 6.423414], [-75.488409, 6.423476], [-75.488397, 6.423476], [-75.488408, 6.423414]]], [[[-75.488512, 6.421989], [-75.488438, 6.421939], [-75.488438, 6.421857], [-75.488555, 6.421927], [-75.488512, 6.421989]]], [[[-75.489254, 6.410551], [-75.489086, 6.411037], [-75.489029, 6.411618], [-75.489108, 6.412621], [-75.488768, 6.413234], [-75.48884, 6.413412], [-75.488735, 6.413442], [-75.488432, 6.413251], [-75.488479, 6.413072], [-75.488671, 6.41299], [-75.488893, 6.412394], [-75.488864, 6.411592], [-75.48865, 6.411478], [-75.488813, 6.411497], [-75.488902, 6.411398], [-75.489017, 6.410487], [-75.489254, 6.410551]]], [[[-75.488614, 6.411162], [-75.488597, 6.411027], [-75.488698, 6.411001], [-75.488682, 6.411145], [-75.488614, 6.411162]]], [[[-75.488932, 6.423157], [-75.488916, 6.423259], [-75.488876, 6.42327], [-75.488876, 6.423203], [-75.488932, 6.423157]]], [[[-75.48957, 6.416049], [-75.489251, 6.415996], [-75.489122, 6.415675], [-75.489358, 6.415947], [-75.48957, 6.416049]]], [[[-75.489615, 6.416639], [-75.489497, 6.416695], [-75.489497, 6.416639], [-75.489615, 6.416639]]], [[[-75.490071, 6.422785], [-75.489996, 6.422872], [-75.489971, 6.422869], [-75.490071, 6.422785]]], [[[-75.490312, 6.417287], [-75.490003, 6.416879], [-75.49009, 6.416729], [-75.490312, 6.417287]]], [[[-75.490391, 6.418388], [-75.490318, 6.41842], [-75.490215, 6.418119], [-75.490358, 6.418153], [-75.490391, 6.418388]]], [[[-75.490685, 6.419329], [-75.490495, 6.419143], [-75.490358, 6.41889], [-75.490623, 6.419027], [-75.490685, 6.419329]]], [[[-75.490385, 6.420353], [-75.490286, 6.420311], [-75.490283, 6.420252], [-75.490409, 6.42026], [-75.490385, 6.420353]]], [[[-75.491049, 6.42029], [-75.490943, 6.420774], [-75.491004, 6.420113], [-75.491049, 6.42029]]]]}, "properties": {"clase": 4, "area_ha": 146.85445522499035}}]}