{"type": "FeatureCollection", "name": "incendios_riesgo", "crs": {"type": "name", "properties": {"name": "urn:ogc:def:crs:OGC:1.3:CRS84"}}, "features": [{"type": "Feature", "geometry": {"type": "MultiPolygon", "coordinates": [[[[-75.409026, 6.358854], [-75.408732, 6.358592], [-75.408334, 6.358475], [-75.408161, 6.358263], [-75.408614, 6.358209], [-75.409018, 6.358459], [-75.409406, 6.358365], [-75.409462, 6.356912], [-75.409397, 6.354548], [-75.40883, 6.354498], [-75.407964, 6.354791], [-75.407879, 6.355302], [-75.4075, 6.355571], [-75.407395, 6.35588], [-75.40741, 6.356427], [-75.407556, 6.357001], [-75.407483, 6.357435], [-75.407308, 6.357318], [-75.407137, 6.356988], [-75.407225, 6.356162], [-75.406956, 6.355544], [-75.407266, 6.355333], [-75.407385, 6.354721], [-75.408035, 6.354554], [-75.408221, 6.354406], [-75.408417, 6.353797], [-75.408404, 6.352708], [-75.408305, 6.352382], [-75.408702, 6.352558], [-75.408909, 6.3525], [-75.409079, 6.351995], [-75.40927, 6.351797], [-75.409314, 6.35124], [-75.409592, 6.351727], [-75.409708, 6.352376], [-75.409609, 6.352528], [-75.409194, 6.352703], [-75.409122, 6.353072], [-75.409152, 6.353587], [-75.409293, 6.353812], [-75.409657, 6.353924], [-75.409801, 6.355849], [-75.409895, 6.356004], [-75.410163, 6.356123], [-75.410205, 6.357537], [-75.410414, 6.358176], [-75.410327, 6.35832], [-75.409937, 6.358492], [-75.409745, 6.358776], [-75.409026, 6.358854]]], [[[-75.405895, 6.35635], [-75.405705, 6.356452], [-75.405164, 6.356504], [-75.404449, 6.356497], [-75.404093, 6.356406], [-75.404036, 6.356191], [-75.404165, 6.355991], [-75.404205, 6.35552], [-75.404086, 6.355281], [-75.40381, 6.355234], [-75.403624, 6.355403], [-75.403615, 6.356102], [-75.40352, 6.356288], [-75.402647, 6.356369], [-75.402293, 6.356501], [-75.402191, 6.357055], [-75.40205, 6.357208], [-75.401539, 6.357223], [-75.401286, 6.357106], [-75.401608, 6.356568], [-75.40194, 6.356428], [-75.402228, 6.356148], [-75.402322, 6.355732], [-75.402345, 6.354855], [-75.402462, 6.354482], [-75.402695, 6.354233], [-75.403042, 6.354107], [-75.403505, 6.354105], [-75.404094, 6.35428], [-75.40422, 6.354457], [-75.404321, 6.355115], [-75.404589, 6.355211], [-75.405381, 6.355147], [-75.4055, 6.354745], [-75.405946, 6.354521], [-75.405989, 6.354285], [-75.405919, 6.354127], [-75.405278, 6.354056], [-75.404978, 6.353873], [-75.404818, 6.353115], [-75.404547, 6.352842], [-75.404464, 6.352417], [-75.404484, 6.351669], [-75.404713, 6.351259], [-75.404883, 6.35291], [-75.406309, 6.352998], [-75.406504, 6.353133], [-75.406465, 6.353459], [-75.406132, 6.353605], [-75.406052, 6.353821], [-75.406133, 6.353945], [-75.406486, 6.354106], [-75.406606, 6.354506], [-75.406501, 6.354668], [-75.406224, 6.354719], [-75.406077, 6.354852], [-75.406074, 6.355367], [-75.406382, 6.355574], [-75.405895, 6.35635]]], [[[-75.402663, 6.358215], [-75.402847, 6.358488], [-75.403361, 6.358567], [-75.403519, 6.358709], [-75.403273, 6.359513], [-75.402487, 6.359564], [-75.402195, 6.359453], [-75.402385, 6.358342], [-75.402497, 6.35823], [-75.402663, 6.358215]]], [[[-75.4029, 6.360017], [-75.402845, 6.360392], [-75.402645, 6.360416], [-75.402276, 6.360151], [-75.402183, 6.359939], [-75.402804, 6.359929], [-75.4029, 6.360017]]], [[[-75.406501, 6.359803], [-75.406012, 6.359743], [-75.405571, 6.359459], [-75.405434, 6.359217], [-75.405445, 6.358776], [-75.40619, 6.358653], [-75.406598, 6.35883], [-75.406793, 6.359219], [-75.406819, 6.359632], [-75.406783, 6.359738], [-75.406501, 6.359803]]], [[[-75.406682, 6.365617], [-75.406542, 6.365611], [-75.406424, 6.36544], [-75.406488, 6.365298], [-75.406195, 6.364783], [-75.406407, 6.364545], [-75.406698, 6.364414], [-75.406874, 6.364524], [-75.406912, 6.3651], [-75.406865, 6.365489], [-75.406682, 6.365617]]], [[[-75.408701, 6.372497], [-75.408127, 6.372269], [-75.408035, 6.372129], [-75.408078, 6.372018], [-75.408336, 6.371922], [-75.408808, 6.371934], [-75.409072, 6.371991], [-75.409243, 6.372132], [-75.409283, 6.372358], [-75.40916, 6.372529], [-75.408701, 6.372497]]], [[[-75.409197, 6.350257], [-75.408068, 6.350329], [-75.407983, 6.350327], [-75.408176, 6.350186], [-75.408492, 6.350151], [-75.408904, 6.350158], [-75.409197, 6.350257]]], [[[-75.411557, 6.366043], [-75.411904, 6.365791], [-75.412339, 6.365691], [-75.4126, 6.365829], [-75.412743, 6.366024], [-75.412309, 6.366131], [-75.411557, 6.366043]]], [[[-75.415025, 6.359645], [-75.414835, 6.3598], [-75.414523, 6.359768], [-75.414089, 6.359367], [-75.413534, 6.359053], [-75.413357, 6.358189], [-75.41314, 6.357891], [-75.413049, 6.356651], [-75.412889, 6.356188], [-75.413304, 6.356227], [-75.413476, 6.357913], [-75.413731, 6.358014], [-75.414774, 6.358093], [-75.415025, 6.359645]]], [[[-75.414454, 6.348628], [-75.414026, 6.348708], [-75.41386, 6.348647], [-75.414077, 6.348453], [-75.414178, 6.348173], [-75.414326, 6.348108], [-75.414607, 6.348188], [-75.414797, 6.348415], [-75.414454, 6.348628]]], [[[-75.415863, 6.357399], [-75.415368, 6.357304], [-75.415466, 6.357023], [-75.415893, 6.356922], [-75.416238, 6.357126], [-75.416192, 6.357367], [-75.415863, 6.357399]]], [[[-75.418267, 6.351908], [-75.418136, 6.351989], [-75.417958, 6.352439], [-75.417398, 6.352486], [-75.416841, 6.35197], [-75.416281, 6.351787], [-75.416149, 6.351528], [-75.416068, 6.350991], [-75.415559, 6.350895], [-75.415551, 6.350776], [-75.415711, 6.350641], [-75.416166, 6.350628], [-75.417043, 6.351073], [-75.417719, 6.351146], [-75.417849, 6.351269], [-75.417904, 6.351537], [-75.418307, 6.351708], [-75.418267, 6.351908]]], [[[-75.417183, 6.367958], [-75.417028, 6.367729], [-75.417111, 6.367455], [-75.417466, 6.367186], [-75.417697, 6.367183], [-75.417804, 6.367407], [-75.417742, 6.367919], [-75.417504, 6.368006], [-75.417183, 6.367958]]], [[[-75.420771, 6.347355], [-75.419734, 6.347384], [-75.419191, 6.347206], [-75.418677, 6.347267], [-75.418678, 6.347779], [-75.418784, 6.348115], [-75.419315, 6.348225], [-75.419544, 6.348591], [-75.419695, 6.348611], [-75.420024, 6.348435], [-75.42069, 6.348467], [-75.420534, 6.348635], [-75.420015, 6.3488], [-75.419888, 6.349001], [-75.419811, 6.349397], [-75.419553, 6.349436], [-75.419307, 6.348742], [-75.41896, 6.348939], [-75.418607, 6.348279], [-75.418132, 6.348071], [-75.418085, 6.347698], [-75.418415, 6.347494], [-75.418521, 6.347071], [-75.418194, 6.346497], [-75.417767, 6.346141], [-75.417224, 6.345862], [-75.417129, 6.345388], [-75.417208, 6.344523], [-75.417305, 6.344652], [-75.417434, 6.345493], [-75.418313, 6.345612], [-75.418531, 6.345812], [-75.418699, 6.346171], [-75.418994, 6.346171], [-75.419223, 6.345628], [-75.419435, 6.345571], [-75.419647, 6.345622], [-75.419772, 6.34674], [-75.420079, 6.346961], [-75.420656, 6.346971], [-75.42081, 6.347092], [-75.420841, 6.347296], [-75.420771, 6.347355]]], [[[-75.418793, 6.360886], [-75.417973, 6.360944], [-75.417788, 6.360895], [-75.417781, 6.360813], [-75.417922, 6.360631], [-75.418647, 6.360407], [-75.418824, 6.360517], [-75.418793, 6.360886]]], [[[-75.429468, 6.337377], [-75.429391, 6.338031], [-75.429119, 6.338552], [-75.428852, 6.338856], [-75.428353, 6.339027], [-75.428133, 6.339024], [-75.427433, 6.338777], [-75.427209, 6.338606], [-75.427209, 6.337223], [-75.427118, 6.336844], [-75.426907, 6.3366], [-75.426576, 6.33649], [-75.426124, 6.336515], [-75.425782, 6.336651], [-75.425549, 6.336898], [-75.425426, 6.337256], [-75.425355, 6.337889], [-75.42545, 6.336559], [-75.425542, 6.336442], [-75.425954, 6.336324], [-75.426001, 6.335993], [-75.425829, 6.335873], [-75.424554, 6.335763], [-75.424333, 6.335528], [-75.42393, 6.335413], [-75.423721, 6.335202], [-75.423685, 6.334634], [-75.423763, 6.334981], [-75.423895, 6.335161], [-75.424454, 6.335351], [-75.425753, 6.335317], [-75.425877, 6.33511], [-75.425965, 6.334361], [-75.426136, 6.334176], [-75.426295, 6.334248], [-75.426433, 6.335247], [-75.427103, 6.335254], [-75.427278, 6.33508], [-75.42734, 6.334861], [-75.427438, 6.33486], [-75.427995, 6.336264], [-75.428023, 6.336809], [-75.427896, 6.337132], [-75.427467, 6.337344], [-75.427378, 6.33747], [-75.427346, 6.338149], [-75.427487, 6.338312], [-75.427973, 6.338426], [-75.428138, 6.338739], [-75.428342, 6.338766], [-75.428474, 6.338677], [-75.428523, 6.337627], [-75.4287, 6.337133], [-75.428878, 6.337033], [-75.429115, 6.337032], [-75.429292, 6.337089], [-75.429468, 6.337377]]], [[[-75.424974, 6.338369], [-75.423704, 6.338643], [-75.423581, 6.338751], [-75.423441, 6.339173], [-75.422133, 6.339313], [-75.421942, 6.339473], [-75.421847, 6.339711], [-75.421791, 6.340615], [-75.421755, 6.339722], [-75.421851, 6.339433], [-75.422042, 6.33924], [-75.42233, 6.339141], [-75.42335, 6.339083], [-75.423525, 6.338493], [-75.424974, 6.338369]]], [[[-75.425979, 6.339057], [-75.425791, 6.339088], [-75.425647, 6.339314], [-75.425539, 6.339291], [-75.425436, 6.338969], [-75.425473, 6.338377], [-75.426101, 6.338279], [-75.426374, 6.338372], [-75.426327, 6.338809], [-75.425979, 6.339057]]], [[[-75.4209, 6.341882], [-75.421091, 6.341742], [-75.421383, 6.341774], [-75.421503, 6.341928], [-75.421487, 6.342178], [-75.421271, 6.342305], [-75.421053, 6.342247], [-75.420916, 6.342064], [-75.4209, 6.341882]]], [[[-75.421234, 6.340995], [-75.419441, 6.341103], [-75.419309, 6.341193], [-75.419203, 6.341495], [-75.418912, 6.341678], [-75.418699, 6.342648], [-75.418373, 6.342747], [-75.418066, 6.342728], [-75.418482, 6.342553], [-75.41859, 6.341667], [-75.418765, 6.341054], [-75.419192, 6.34078], [-75.419326, 6.340481], [-75.419597, 6.340554], [-75.419769, 6.34046], [-75.419814, 6.340183], [-75.41973, 6.33993], [-75.42061, 6.339875], [-75.421079, 6.340033], [-75.421177, 6.340192], [-75.421237, 6.340772], [-75.421485, 6.340894], [-75.421234, 6.340995]]], [[[-75.420253, 6.360695], [-75.419595, 6.360838], [-75.419438, 6.360763], [-75.419369, 6.360472], [-75.419419, 6.360052], [-75.419681, 6.359754], [-75.420279, 6.359564], [-75.420388, 6.359828], [-75.420373, 6.36053], [-75.420253, 6.360695]]], [[[-75.443176, 6.386478], [-75.442125, 6.386418], [-75.44182, 6.386246], [-75.441662, 6.385982], [-75.441563, 6.385047], [-75.440737, 6.385003], [-75.440477, 6.385105], [-75.440413, 6.386216], [-75.440297, 6.38653], [-75.440066, 6.386739], [-75.43972, 6.386846], [-75.438906, 6.386811], [-75.438537, 6.386622], [-75.438357, 6.386267], [-75.437752, 6.386139], [-75.437503, 6.385993], [-75.437351, 6.386085], [-75.437294, 6.386288], [-75.43694, 6.386388], [-75.435532, 6.386375], [-75.435137, 6.3862], [-75.434709, 6.386569], [-75.434174, 6.386866], [-75.433782, 6.387614], [-75.433431, 6.387715], [-75.432624, 6.387739], [-75.432277, 6.387633], [-75.432042, 6.38742], [-75.43192, 6.387098], [-75.43183, 6.385974], [-75.431455, 6.385924], [-75.431043, 6.38602], [-75.430964, 6.386209], [-75.431183, 6.386712], [-75.431327, 6.388289], [-75.431793, 6.38841], [-75.431901, 6.388641], [-75.431888, 6.390133], [-75.431665, 6.390659], [-75.431485, 6.390795], [-75.431215, 6.390902], [-75.430856, 6.390979], [-75.428983, 6.391121], [-75.428804, 6.391456], [-75.4285, 6.391589], [-75.428254, 6.391891], [-75.427403, 6.392006], [-75.427221, 6.39218], [-75.427328, 6.392425], [-75.428369, 6.39246], [-75.428871, 6.392584], [-75.429087, 6.393103], [-75.429377, 6.393289], [-75.429465, 6.393716], [-75.429454, 6.394302], [-75.429265, 6.394802], [-75.429433, 6.395012], [-75.429416, 6.395383], [-75.429042, 6.395582], [-75.428689, 6.395623], [-75.427877, 6.39558], [-75.42764, 6.395486], [-75.427517, 6.395345], [-75.427398, 6.3949], [-75.427175, 6.394809], [-75.427009, 6.394535], [-75.42687, 6.393435], [-75.426553, 6.393388], [-75.426185, 6.393467], [-75.426127, 6.393815], [-75.42642, 6.394534], [-75.42649, 6.39524], [-75.42646, 6.396108], [-75.426292, 6.396584], [-75.425993, 6.396748], [-75.425319, 6.396856], [-75.424989, 6.397002], [-75.424697, 6.397908], [-75.424097, 6.398085], [-75.423983, 6.399159], [-75.42377, 6.399558], [-75.423382, 6.399968], [-75.423321, 6.400238], [-75.423047, 6.400416], [-75.421959, 6.400604], [-75.421568, 6.401123], [-75.421029, 6.401435], [-75.420931, 6.40182], [-75.420957, 6.401227], [-75.421724, 6.400781], [-75.421903, 6.400258], [-75.422162, 6.400126], [-75.422467, 6.399806], [-75.423416, 6.399575], [-75.423828, 6.399254], [-75.423917, 6.399004], [-75.423991, 6.398], [-75.42466, 6.397846], [-75.424817, 6.39698], [-75.425189, 6.396767], [-75.425724, 6.396715], [-75.426219, 6.396522], [-75.426363, 6.396075], [-75.426371, 6.395245], [-75.426277, 6.39458], [-75.425974, 6.393994], [-75.425989, 6.393537], [-75.426093, 6.393291], [-75.426669, 6.393141], [-75.426925, 6.392921], [-75.426998, 6.392123], [-75.427092, 6.391885], [-75.427431, 6.391691], [-75.428172, 6.391555], [-75.428403, 6.391103], [-75.428579, 6.391008], [-75.428994, 6.390941], [-75.431028, 6.390938], [-75.431591, 6.390597], [-75.43172, 6.390393], [-75.431858, 6.389749], [-75.43183, 6.38858], [-75.431282, 6.38838], [-75.431081, 6.386577], [-75.43093, 6.38648], [-75.429807, 6.38642], [-75.429411, 6.386297], [-75.429237, 6.386034], [-75.42948, 6.385634], [-75.430189, 6.385828], [-75.431242, 6.38577], [-75.431565, 6.385566], [-75.431641, 6.385141], [-75.431991, 6.385101], [-75.43213, 6.385212], [-75.432189, 6.38648], [-75.432301, 6.386839], [-75.432522, 6.387077], [-75.432853, 6.387195], [-75.433631, 6.387159], [-75.433999, 6.386999], [-75.434163, 6.386673], [-75.434506, 6.386466], [-75.434849, 6.385946], [-75.435183, 6.385657], [-75.43844, 6.385387], [-75.438684, 6.385274], [-75.438928, 6.384816], [-75.43922, 6.384483], [-75.439628, 6.384265], [-75.440534, 6.384225], [-75.440664, 6.384295], [-75.440719, 6.384553], [-75.44081, 6.384612], [-75.442224, 6.384743], [-75.442367, 6.38515], [-75.442564, 6.385169], [-75.442648, 6.384929], [-75.442528, 6.384455], [-75.442604, 6.384151], [-75.442831, 6.383788], [-75.44309, 6.383711], [-75.443477, 6.383868], [-75.443577, 6.38407], [-75.443346, 6.383898], [-75.443095, 6.38398], [-75.442981, 6.384366], [-75.442995, 6.385057], [-75.443881, 6.385402], [-75.444069, 6.385783], [-75.444071, 6.386051], [-75.443922, 6.386256], [-75.443176, 6.386478]], [[-75.429022, 6.394872], [-75.429046, 6.39467], [-75.428898, 6.394452], [-75.428898, 6.39411], [-75.428812, 6.394014], [-75.42857, 6.394407], [-75.428601, 6.394826], [-75.428807, 6.394973], [-75.429022, 6.394872]], [[-75.440497, 6.384721], [-75.440131, 6.384338], [-75.439764, 6.384352], [-75.439608, 6.384553], [-75.439639, 6.384857], [-75.439878, 6.384977], [-75.440426, 6.384921], [-75.440497, 6.384721]]], [[[-75.424198, 6.406205], [-75.424069, 6.405855], [-75.423999, 6.404977], [-75.42388, 6.404791], [-75.42229, 6.404378], [-75.422038, 6.404247], [-75.421924, 6.403967], [-75.422498, 6.403882], [-75.423183, 6.403915], [-75.423538, 6.404093], [-75.423775, 6.404531], [-75.424152, 6.404679], [-75.424278, 6.405294], [-75.424198, 6.406205]]], [[[-75.423872, 6.327121], [-75.423722, 6.328502], [-75.423851, 6.329355], [-75.423606, 6.329614], [-75.423537, 6.330759], [-75.423431, 6.330428], [-75.423197, 6.330304], [-75.423116, 6.330143], [-75.423423, 6.329747], [-75.42339, 6.329194], [-75.423182, 6.328519], [-75.423238, 6.328379], [-75.423537, 6.328283], [-75.423557, 6.327107], [-75.423409, 6.326923], [-75.422841, 6.326795], [-75.422745, 6.326357], [-75.423464, 6.326273], [-75.423863, 6.326445], [-75.42387, 6.326597], [-75.423684, 6.326806], [-75.423872, 6.327121]]], [[[-75.425226, 6.340675], [-75.425147, 6.340505], [-75.425016, 6.340463], [-75.424009, 6.340483], [-75.423831, 6.340632], [-75.423743, 6.341169], [-75.423719, 6.340641], [-75.423818, 6.340427], [-75.425057, 6.34038], [-75.425234, 6.34048], [-75.425226, 6.340675]]], [[[-75.424182, 6.33332], [-75.424246, 6.333189], [-75.424257, 6.332519], [-75.424346, 6.333096], [-75.424182, 6.33332]]], [[[-75.429594, 6.401179], [-75.429032, 6.402184], [-75.428874, 6.402699], [-75.428853, 6.404097], [-75.428725, 6.404339], [-75.427907, 6.404336], [-75.427736, 6.403166], [-75.427406, 6.402893], [-75.426455, 6.402919], [-75.426249, 6.402954], [-75.426095, 6.403093], [-75.425944, 6.403684], [-75.426029, 6.404475], [-75.426194, 6.4047], [-75.42644, 6.404813], [-75.427312, 6.404848], [-75.427423, 6.405018], [-75.42704, 6.405498], [-75.426444, 6.405665], [-75.426006, 6.405954], [-75.425868, 6.406379], [-75.425453, 6.406714], [-75.424976, 6.406788], [-75.425387, 6.406676], [-75.425539, 6.406455], [-75.425779, 6.406315], [-75.425791, 6.402585], [-75.425812, 6.402175], [-75.425943, 6.401868], [-75.426185, 6.401662], [-75.426537, 6.401558], [-75.427, 6.401555], [-75.427605, 6.401617], [-75.427983, 6.401877], [-75.428985, 6.401856], [-75.429173, 6.40175], [-75.429381, 6.401375], [-75.429594, 6.401179]]], [[[-75.426687, 6.344259], [-75.426655, 6.344889], [-75.426281, 6.345721], [-75.425989, 6.346002], [-75.425531, 6.346107], [-75.425254, 6.346397], [-75.425073, 6.346383], [-75.424934, 6.346012], [-75.42508, 6.345402], [-75.425325, 6.344913], [-75.425577, 6.344687], [-75.426211, 6.34457], [-75.426326, 6.34376], [-75.426585, 6.34395], [-75.426687, 6.344259]]], [[[-75.427594, 6.316401], [-75.427478, 6.316303], [-75.427477, 6.31621], [-75.42764, 6.316249], [-75.427594, 6.316401]]], [[[-75.425846, 6.316945], [-75.425629, 6.316723], [-75.425566, 6.316514], [-75.425532, 6.315902], [-75.425646, 6.315393], [-75.426482, 6.315641], [-75.426981, 6.316001], [-75.427206, 6.316286], [-75.427, 6.316564], [-75.426514, 6.316781], [-75.426234, 6.317034], [-75.425846, 6.316945]]], [[[-75.428491, 6.330653], [-75.428096, 6.330917], [-75.42804, 6.33249], [-75.427926, 6.331695], [-75.428085, 6.330591], [-75.428427, 6.33047], [-75.428491, 6.330653]]], [[[-75.429515, 6.322103], [-75.42865, 6.322055], [-75.428529, 6.321952], [-75.429393, 6.320882], [-75.430112, 6.320854], [-75.430493, 6.320982], [-75.43057, 6.321088], [-75.43054, 6.321368], [-75.430267, 6.321851], [-75.43008, 6.321978], [-75.429515, 6.322103]]], [[[-75.429263, 6.322829], [-75.429378, 6.323033], [-75.429182, 6.323171], [-75.429008, 6.322932], [-75.42915, 6.322799], [-75.429263, 6.322829]]], [[[-75.429496, 6.324286], [-75.429417, 6.324361], [-75.429291, 6.324321], [-75.429164, 6.324197], [-75.429181, 6.324086], [-75.429301, 6.324013], [-75.429414, 6.324053], [-75.429496, 6.324286]]], [[[-75.441897, 6.393018], [-75.441637, 6.392968], [-75.441472, 6.392625], [-75.441318, 6.392519], [-75.441034, 6.392456], [-75.439368, 6.392559], [-75.438994, 6.392828], [-75.438629, 6.392884], [-75.438281, 6.39315], [-75.437721, 6.393322], [-75.437576, 6.393625], [-75.437502, 6.394185], [-75.437113, 6.394866], [-75.436425, 6.395095], [-75.434983, 6.395248], [-75.434734, 6.39523], [-75.434634, 6.395128], [-75.434572, 6.393769], [-75.434458, 6.393602], [-75.433995, 6.393388], [-75.434215, 6.393198], [-75.434835, 6.392977], [-75.43585, 6.392879], [-75.436296, 6.393061], [-75.436391, 6.393245], [-75.436473, 6.393895], [-75.43706, 6.393919], [-75.437204, 6.393771], [-75.437327, 6.393295], [-75.438119, 6.393087], [-75.438617, 6.392795], [-75.438777, 6.392645], [-75.438835, 6.39237], [-75.439008, 6.392258], [-75.441519, 6.392063], [-75.44164, 6.391664], [-75.441654, 6.391102], [-75.441769, 6.390868], [-75.442001, 6.390712], [-75.442811, 6.39063], [-75.443397, 6.390795], [-75.443521, 6.390962], [-75.443602, 6.391556], [-75.444203, 6.391655], [-75.443877, 6.39184], [-75.443496, 6.392283], [-75.443105, 6.392559], [-75.442474, 6.392867], [-75.441897, 6.393018]]], [[[-75.434638, 6.396345], [-75.434027, 6.396653], [-75.433552, 6.39668], [-75.432894, 6.397766], [-75.432604, 6.39813], [-75.432348, 6.398285], [-75.431555, 6.398474], [-75.431018, 6.398507], [-75.430615, 6.398611], [-75.430347, 6.398786], [-75.430213, 6.399033], [-75.430138, 6.399814], [-75.429878, 6.400112], [-75.428955, 6.400098], [-75.428751, 6.399983], [-75.428614, 6.399752], [-75.428542, 6.398942], [-75.428635, 6.398346], [-75.428729, 6.398213], [-75.43045, 6.398132], [-75.431192, 6.397973], [-75.432276, 6.397929], [-75.432434, 6.397868], [-75.432541, 6.397594], [-75.433016, 6.397337], [-75.433148, 6.39693], [-75.433123, 6.396707], [-75.4317, 6.396575], [-75.431495, 6.396279], [-75.430833, 6.395936], [-75.430848, 6.395835], [-75.431044, 6.39574], [-75.431178, 6.395552], [-75.431371, 6.396071], [-75.431847, 6.396332], [-75.433523, 6.396427], [-75.433797, 6.395934], [-75.434456, 6.395678], [-75.434644, 6.395861], [-75.434638, 6.396345]]], [[[-75.431574, 6.331401], [-75.430974, 6.331551], [-75.430889, 6.331649], [-75.430894, 6.332508], [-75.430522, 6.332778], [-75.430417, 6.332771], [-75.430278, 6.332514], [-75.429568, 6.332464], [-75.429373, 6.332348], [-75.429242, 6.332116], [-75.429174, 6.331306], [-75.429245, 6.330964], [-75.429391, 6.330743], [-75.42961, 6.330643], [-75.430161, 6.330662], [-75.43071, 6.330525], [-75.431009, 6.330551], [-75.431615, 6.331169], [-75.431574, 6.331401]]], [[[-75.43242, 6.393003], [-75.432064, 6.393113], [-75.431977, 6.393229], [-75.431801, 6.393884], [-75.431407, 6.39409], [-75.431166, 6.394368], [-75.430851, 6.39435], [-75.430847, 6.394207], [-75.43113, 6.394102], [-75.431393, 6.393747], [-75.43175, 6.393548], [-75.43193, 6.393096], [-75.432157, 6.392987], [-75.43242, 6.393003]]], [[[-75.435112, 6.335308], [-75.434724, 6.334839], [-75.434445, 6.334711], [-75.43383, 6.334613], [-75.433172, 6.334662], [-75.43292, 6.334778], [-75.432791, 6.335483], [-75.432052, 6.335802], [-75.431636, 6.335703], [-75.431325, 6.335507], [-75.430902, 6.335059], [-75.430852, 6.334875], [-75.43095, 6.334753], [-75.431019, 6.334176], [-75.431141, 6.333879], [-75.431422, 6.333573], [-75.431591, 6.333538], [-75.431771, 6.33365], [-75.431874, 6.334451], [-75.432199, 6.334619], [-75.432785, 6.334567], [-75.432926, 6.334299], [-75.433048, 6.33424], [-75.433693, 6.334208], [-75.434159, 6.334085], [-75.434815, 6.334158], [-75.434898, 6.334588], [-75.435163, 6.33497], [-75.435112, 6.335308]]], [[[-75.436852, 6.334613], [-75.43699, 6.334549], [-75.43705, 6.334858], [-75.437035, 6.335367], [-75.436944, 6.335564], [-75.436753, 6.335495], [-75.436652, 6.335355], [-75.436691, 6.334969], [-75.436852, 6.334613]]], [[[-75.434199, 6.391194], [-75.433912, 6.391227], [-75.434142, 6.391173], [-75.434337, 6.390791], [-75.434373, 6.389992], [-75.434262, 6.389653], [-75.434042, 6.389428], [-75.433713, 6.389317], [-75.433276, 6.389319], [-75.432945, 6.389433], [-75.43272, 6.38966], [-75.432602, 6.389999], [-75.432652, 6.391041], [-75.432872, 6.391237], [-75.432669, 6.391264], [-75.432572, 6.391146], [-75.432462, 6.390554], [-75.43252, 6.389283], [-75.433753, 6.389226], [-75.434107, 6.389346], [-75.434344, 6.389586], [-75.434464, 6.389948], [-75.434466, 6.390431], [-75.434423, 6.390799], [-75.434199, 6.391194]]], [[[-75.433919, 6.339218], [-75.433703, 6.339345], [-75.433362, 6.339347], [-75.433167, 6.339248], [-75.433117, 6.339093], [-75.433198, 6.338664], [-75.433546, 6.338448], [-75.433304, 6.337996], [-75.433338, 6.3377], [-75.433443, 6.337555], [-75.433716, 6.337425], [-75.433902, 6.337494], [-75.433975, 6.337735], [-75.434063, 6.33873], [-75.433919, 6.339218]]], [[[-75.433613, 6.321503], [-75.433599, 6.32126], [-75.4336, 6.321236], [-75.433613, 6.321503]]], [[[-75.434028, 6.321014], [-75.434278, 6.320326], [-75.434522, 6.320317], [-75.435151, 6.320923], [-75.435258, 6.321152], [-75.435226, 6.321334], [-75.435048, 6.321469], [-75.434705, 6.321542], [-75.433977, 6.32153], [-75.433744, 6.321452], [-75.433736, 6.321328], [-75.434028, 6.321014]]], [[[-75.435061, 6.380923], [-75.434956, 6.380727], [-75.434989, 6.380495], [-75.435196, 6.380321], [-75.435932, 6.380241], [-75.436134, 6.380343], [-75.436122, 6.38058], [-75.435799, 6.380848], [-75.435464, 6.380959], [-75.435061, 6.380923]]], [[[-75.436304, 6.378912], [-75.436403, 6.378864], [-75.436432, 6.378938], [-75.436466, 6.379444], [-75.436631, 6.379795], [-75.436442, 6.379973], [-75.436247, 6.379787], [-75.436223, 6.379302], [-75.436304, 6.378912]]], [[[-75.436927, 6.324114], [-75.43578, 6.324239], [-75.435667, 6.324878], [-75.435475, 6.325147], [-75.435058, 6.325203], [-75.434805, 6.325047], [-75.434847, 6.324682], [-75.435035, 6.324225], [-75.435808, 6.324077], [-75.436997, 6.324038], [-75.436927, 6.324114]]], [[[-75.436336, 6.3435], [-75.436243, 6.343409], [-75.436157, 6.343011], [-75.435702, 6.342814], [-75.435625, 6.34257], [-75.43578, 6.342335], [-75.436351, 6.342176], [-75.436469, 6.341865], [-75.436488, 6.342443], [-75.436344, 6.342876], [-75.436394, 6.343047], [-75.437337, 6.343215], [-75.436894, 6.343508], [-75.436336, 6.3435]]], [[[-75.438421, 6.404043], [-75.438401, 6.403038], [-75.438297, 6.402583], [-75.436939, 6.402409], [-75.436825, 6.402481], [-75.43676, 6.402723], [-75.43679, 6.403502], [-75.436863, 6.403623], [-75.437225, 6.403746], [-75.437318, 6.404139], [-75.437605, 6.404395], [-75.437651, 6.404566], [-75.437205, 6.404218], [-75.436937, 6.404123], [-75.436827, 6.403993], [-75.436697, 6.403462], [-75.436729, 6.402287], [-75.437137, 6.402186], [-75.437598, 6.402211], [-75.437987, 6.402333], [-75.438372, 6.402579], [-75.438444, 6.402803], [-75.438421, 6.404043]]], [[[-75.439942, 6.420707], [-75.439927, 6.421023], [-75.439776, 6.421159], [-75.43968, 6.420904], [-75.439596, 6.419851], [-75.439368, 6.419201], [-75.437711, 6.419011], [-75.437463, 6.418621], [-75.437324, 6.417801], [-75.437163, 6.417787], [-75.436794, 6.417963], [-75.436524, 6.417797], [-75.436343, 6.417563], [-75.436244, 6.416896], [-75.43632, 6.41676], [-75.436657, 6.416547], [-75.43674, 6.415454], [-75.437137, 6.416926], [-75.437921, 6.416611], [-75.437884, 6.417049], [-75.43767, 6.4172], [-75.437556, 6.417494], [-75.437536, 6.418113], [-75.437605, 6.418375], [-75.437741, 6.41855], [-75.437945, 6.418638], [-75.438675, 6.418674], [-75.438875, 6.418984], [-75.439553, 6.419203], [-75.439942, 6.420707]]], [[[-75.440014, 6.376745], [-75.439731, 6.376905], [-75.43896, 6.376944], [-75.438948, 6.378333], [-75.4392, 6.379042], [-75.438929, 6.379137], [-75.437859, 6.379236], [-75.437499, 6.379366], [-75.437332, 6.379328], [-75.437184, 6.378387], [-75.436815, 6.378282], [-75.436684, 6.377869], [-75.436855, 6.376215], [-75.437183, 6.375507], [-75.437612, 6.375257], [-75.438732, 6.375116], [-75.438903, 6.37491], [-75.438797, 6.375474], [-75.438844, 6.375844], [-75.439331, 6.375995], [-75.43947, 6.376501], [-75.439592, 6.376651], [-75.439904, 6.376599], [-75.440018, 6.375705], [-75.439924, 6.375373], [-75.440008, 6.375476], [-75.440125, 6.375987], [-75.440014, 6.376745]], [[-75.437317, 6.37685], [-75.43756, 6.37646], [-75.437511, 6.376224], [-75.437329, 6.376112], [-75.437012, 6.376378], [-75.436941, 6.376673], [-75.437084, 6.376936], [-75.437317, 6.37685]]], [[[-75.439905, 6.378791], [-75.440049, 6.37904], [-75.439907, 6.379274], [-75.439665, 6.379259], [-75.439434, 6.379076], [-75.439415, 6.378928], [-75.439514, 6.378805], [-75.439905, 6.378791]]], [[[-75.438729, 6.363229], [-75.438625, 6.36306], [-75.438385, 6.361605], [-75.437764, 6.361442], [-75.437628, 6.361265], [-75.43763, 6.361118], [-75.437984, 6.36093], [-75.438661, 6.360865], [-75.439174, 6.360943], [-75.439391, 6.362317], [-75.439418, 6.363179], [-75.439122, 6.363293], [-75.438729, 6.363229]], [[-75.439327, 6.363043], [-75.439131, 6.361486], [-75.43898, 6.361413], [-75.438711, 6.361446], [-75.438607, 6.36159], [-75.438596, 6.362121], [-75.438787, 6.362636], [-75.438804, 6.363096], [-75.438981, 6.363226], [-75.439226, 6.363209], [-75.439327, 6.363043]]], [[[-75.43988, 6.345115], [-75.438978, 6.345296], [-75.438749, 6.345448], [-75.438529, 6.345324], [-75.438561, 6.345059], [-75.438889, 6.344784], [-75.438955, 6.3443], [-75.439152, 6.344136], [-75.439564, 6.344282], [-75.439912, 6.344851], [-75.43988, 6.345115]]], [[[-75.450769, 6.364433], [-75.449961, 6.364546], [-75.449726, 6.36473], [-75.449604, 6.365], [-75.449509, 6.365931], [-75.448663, 6.366036], [-75.448298, 6.366213], [-75.448192, 6.366913], [-75.448027, 6.367157], [-75.447187, 6.367298], [-75.447015, 6.367564], [-75.446826, 6.367624], [-75.446625, 6.367542], [-75.446516, 6.367326], [-75.446153, 6.367218], [-75.4447, 6.367258], [-75.444547, 6.369556], [-75.443796, 6.369647], [-75.443597, 6.36975], [-75.443378, 6.370257], [-75.443277, 6.371304], [-75.442287, 6.371488], [-75.442163, 6.371739], [-75.441806, 6.372026], [-75.441717, 6.372523], [-75.441581, 6.372672], [-75.440942, 6.372702], [-75.440623, 6.372534], [-75.440462, 6.37159], [-75.440547, 6.370788], [-75.440464, 6.369389], [-75.44041, 6.369212], [-75.440223, 6.369049], [-75.439066, 6.368837], [-75.439025, 6.367786], [-75.439128, 6.367112], [-75.440417, 6.366783], [-75.441013, 6.366049], [-75.441345, 6.365818], [-75.441524, 6.365896], [-75.441797, 6.366436], [-75.442556, 6.366489], [-75.443532, 6.366429], [-75.443612, 6.365362], [-75.443504, 6.364165], [-75.443934, 6.363624], [-75.443997, 6.363179], [-75.444201, 6.36284], [-75.44442, 6.362707], [-75.444965, 6.362578], [-75.445104, 6.36169], [-75.445159, 6.36217], [-75.445078, 6.362735], [-75.444842, 6.36289], [-75.44437, 6.362974], [-75.444241, 6.363727], [-75.443895, 6.363988], [-75.443691, 6.364475], [-75.443803, 6.3648], [-75.443949, 6.366013], [-75.444716, 6.366073], [-75.445042, 6.366224], [-75.445175, 6.366972], [-75.446526, 6.367094], [-75.446759, 6.367303], [-75.447488, 6.367026], [-75.447988, 6.366959], [-75.448108, 6.366801], [-75.448208, 6.366123], [-75.448574, 6.365945], [-75.449397, 6.36585], [-75.449499, 6.364916], [-75.449639, 6.364643], [-75.4499, 6.364457], [-75.451912, 6.36417], [-75.451806, 6.364415], [-75.451689, 6.364481], [-75.450769, 6.364433]], [[-75.444437, 6.369486], [-75.444533, 6.369325], [-75.444568, 6.368882], [-75.444494, 6.368016], [-75.443686, 6.367932], [-75.443332, 6.367728], [-75.443168, 6.366746], [-75.441895, 6.366617], [-75.441622, 6.366472], [-75.441507, 6.36614], [-75.441305, 6.366025], [-75.440897, 6.366309], [-75.440667, 6.366771], [-75.440455, 6.366984], [-75.439452, 6.367226], [-75.439393, 6.367799], [-75.439459, 6.368721], [-75.440532, 6.368918], [-75.440717, 6.369489], [-75.440799, 6.370582], [-75.441248, 6.370757], [-75.441364, 6.371618], [-75.441464, 6.371774], [-75.441737, 6.371738], [-75.442309, 6.371238], [-75.442892, 6.371148], [-75.443081, 6.371037], [-75.443215, 6.370833], [-75.443404, 6.369853], [-75.443541, 6.369657], [-75.443734, 6.369558], [-75.444437, 6.369486]]], [[[-75.441729, 6.395804], [-75.441543, 6.395608], [-75.44152, 6.395409], [-75.441628, 6.395181], [-75.441781, 6.395136], [-75.442023, 6.39528], [-75.442091, 6.39558], [-75.441988, 6.395773], [-75.441729, 6.395804]]], [[[-75.446191, 6.351188], [-75.445705, 6.351104], [-75.445768, 6.35088], [-75.44599, 6.350698], [-75.446253, 6.350681], [-75.446495, 6.350874], [-75.446497, 6.351087], [-75.446191, 6.351188]]], [[[-75.444187, 6.351055], [-75.443932, 6.350845], [-75.443479, 6.349464], [-75.443012, 6.348804], [-75.442991, 6.34863], [-75.443092, 6.348562], [-75.444007, 6.348491], [-75.44455, 6.348594], [-75.44445, 6.34908], [-75.444464, 6.350196], [-75.44456, 6.350541], [-75.444758, 6.350644], [-75.444864, 6.350966], [-75.444815, 6.351068], [-75.444612, 6.351142], [-75.444187, 6.351055]]], [[[-75.442617, 6.348362], [-75.442369, 6.348187], [-75.44234, 6.34811], [-75.442608, 6.348157], [-75.442617, 6.348362]]], [[[-75.44348, 6.354368], [-75.443269, 6.354349], [-75.44306, 6.354176], [-75.442997, 6.353932], [-75.443102, 6.353692], [-75.443384, 6.35371], [-75.443497, 6.353858], [-75.44359, 6.354251], [-75.44348, 6.354368]]], [[[-75.445724, 6.346458], [-75.445706, 6.346193], [-75.445344, 6.345955], [-75.444531, 6.345911], [-75.444185, 6.346025], [-75.443955, 6.346252], [-75.44384, 6.346592], [-75.44393, 6.347624], [-75.444015, 6.347753], [-75.444167, 6.347792], [-75.443846, 6.347811], [-75.443707, 6.34769], [-75.443555, 6.347084], [-75.443546, 6.34623], [-75.443614, 6.345845], [-75.443811, 6.345646], [-75.44453, 6.345549], [-75.445342, 6.345616], [-75.44558, 6.345756], [-75.445705, 6.345967], [-75.445724, 6.346458]]], [[[-75.445861, 6.396844], [-75.445144, 6.3968], [-75.445038, 6.396017], [-75.444935, 6.395871], [-75.44416, 6.395878], [-75.443924, 6.395803], [-75.444508, 6.395438], [-75.445112, 6.395444], [-75.445259, 6.396509], [-75.445529, 6.39677], [-75.445861, 6.396844]]], [[[-75.444594, 6.355935], [-75.444505, 6.357435], [-75.444209, 6.357521], [-75.443904, 6.357419], [-75.443852, 6.35733], [-75.443913, 6.357239], [-75.444425, 6.357057], [-75.444594, 6.355935]]], [[[-75.444173, 6.372952], [-75.444347, 6.372862], [-75.444609, 6.373074], [-75.444562, 6.373444], [-75.444408, 6.373634], [-75.444209, 6.373618], [-75.444097, 6.373486], [-75.444173, 6.372952]]], [[[-75.445452, 6.39759], [-75.444773, 6.397453], [-75.444723, 6.39738], [-75.44573, 6.397502], [-75.445936, 6.397627], [-75.445928, 6.397788], [-75.445825, 6.397853], [-75.445452, 6.39759]]], [[[-75.444633, 6.397155], [-75.444664, 6.397124], [-75.444663, 6.397236], [-75.444633, 6.397155]]], [[[-75.445026, 6.32841], [-75.445073, 6.327647], [-75.445756, 6.328015], [-75.446125, 6.328628], [-75.445966, 6.328814], [-75.445469, 6.328858], [-75.445249, 6.328785], [-75.445026, 6.32841]]], [[[-75.447562, 6.386719], [-75.446682, 6.38685], [-75.446542, 6.387015], [-75.446392, 6.38808], [-75.446373, 6.386736], [-75.447737, 6.386578], [-75.447562, 6.386719]]], [[[-75.446421, 6.383331], [-75.446327, 6.383345], [-75.446331, 6.38322], [-75.446421, 6.383331]]], [[[-75.44654, 6.408078], [-75.446618, 6.40806], [-75.446637, 6.408204], [-75.44654, 6.408078]]], [[[-75.447418, 6.408396], [-75.447232, 6.40838], [-75.44751, 6.408348], [-75.447418, 6.408396]]], [[[-75.447385, 6.348782], [-75.447275, 6.34868], [-75.447095, 6.347018], [-75.446953, 6.346835], [-75.447207, 6.346859], [-75.447378, 6.34724], [-75.447385, 6.348782]]], [[[-75.448259, 6.332501], [-75.448156, 6.332138], [-75.447373, 6.332068], [-75.446999, 6.331946], [-75.446917, 6.331827], [-75.446945, 6.331518], [-75.447129, 6.331651], [-75.447262, 6.331921], [-75.448142, 6.332095], [-75.44826, 6.332247], [-75.448259, 6.332501]]], [[[-75.452111, 6.363409], [-75.45084, 6.36333], [-75.45049, 6.363223], [-75.450247, 6.363006], [-75.45011, 6.36268], [-75.45008, 6.362245], [-75.449909, 6.361918], [-75.449597, 6.361699], [-75.449145, 6.361588], [-75.448081, 6.361558], [-75.447508, 6.36143], [-75.44727, 6.361109], [-75.447234, 6.360771], [-75.447626, 6.361305], [-75.447858, 6.361391], [-75.448677, 6.361452], [-75.450241, 6.361355], [-75.45039, 6.361243], [-75.450562, 6.360767], [-75.450613, 6.359758], [-75.450704, 6.359468], [-75.450905, 6.359328], [-75.451464, 6.359375], [-75.451574, 6.359754], [-75.451526, 6.360838], [-75.451243, 6.360976], [-75.451082, 6.361375], [-75.450701, 6.361534], [-75.450811, 6.362061], [-75.450678, 6.362216], [-75.450306, 6.362379], [-75.450244, 6.362847], [-75.450572, 6.363108], [-75.452046, 6.36322], [-75.452159, 6.363341], [-75.452111, 6.363409]], [[-75.451456, 6.360791], [-75.451534, 6.360221], [-75.451458, 6.359438], [-75.45117, 6.35936], [-75.450867, 6.359408], [-75.450776, 6.3595], [-75.450737, 6.359793], [-75.450819, 6.360846], [-75.451115, 6.36091], [-75.451456, 6.360791]]], [[[-75.447562, 6.354703], [-75.447463, 6.354711], [-75.44751, 6.35427], [-75.447616, 6.354453], [-75.447562, 6.354703]]], [[[-75.452416, 6.371146], [-75.451176, 6.371222], [-75.450796, 6.371144], [-75.450738, 6.37062], [-75.4509, 6.370225], [-75.451211, 6.370064], [-75.45151, 6.370104], [-75.452186, 6.370563], [-75.452504, 6.370913], [-75.452416, 6.371146]]], [[[-75.450878, 6.371779], [-75.450638, 6.371906], [-75.450235, 6.371907], [-75.450065, 6.371843], [-75.449991, 6.371668], [-75.450051, 6.371516], [-75.450221, 6.371401], [-75.450744, 6.371339], [-75.450922, 6.371463], [-75.450878, 6.371779]]], [[[-75.44937, 6.372127], [-75.449194, 6.372639], [-75.448511, 6.372604], [-75.448176, 6.372363], [-75.448029, 6.371833], [-75.448096, 6.371728], [-75.448362, 6.371677], [-75.449241, 6.371708], [-75.449374, 6.371794], [-75.44937, 6.372127]], [[-75.449288, 6.371881], [-75.449146, 6.371729], [-75.448434, 6.371722], [-75.44823, 6.371788], [-75.448162, 6.371985], [-75.448413, 6.372426], [-75.448773, 6.372547], [-75.449083, 6.372413], [-75.449288, 6.371881]]], [[[-75.449836, 6.434124], [-75.449658, 6.434226], [-75.449422, 6.434154], [-75.449754, 6.433904], [-75.449888, 6.433233], [-75.449915, 6.433719], [-75.449836, 6.434124]]], [[[-75.448238, 6.432714], [-75.448039, 6.432518], [-75.447981, 6.432258], [-75.448001, 6.431061], [-75.448107, 6.430824], [-75.448267, 6.430705], [-75.448726, 6.430733], [-75.448683, 6.430837], [-75.448503, 6.430904], [-75.448417, 6.43123], [-75.448478, 6.432589], [-75.449699, 6.432724], [-75.448915, 6.432778], [-75.448238, 6.432714]]], [[[-75.448357, 6.40805], [-75.448278, 6.408079], [-75.448243, 6.407782], [-75.448305, 6.407163], [-75.448416, 6.407525], [-75.448357, 6.40805]]], [[[-75.448766, 6.346922], [-75.448563, 6.346837], [-75.448563, 6.34659], [-75.448766, 6.346757], [-75.448766, 6.346922]]], [[[-75.453198, 6.383577], [-75.452709, 6.383557], [-75.452591, 6.38311], [-75.452558, 6.382373], [-75.453282, 6.381962], [-75.45361, 6.38189], [-75.453903, 6.38194], [-75.454231, 6.382376], [-75.454251, 6.382796], [-75.453949, 6.382914], [-75.453546, 6.383455], [-75.453198, 6.383577]]], [[[-75.452081, 6.385997], [-75.451942, 6.385065], [-75.451749, 6.38487], [-75.452056, 6.384947], [-75.452081, 6.385997]]], [[[-75.451238, 6.384943], [-75.450907, 6.385116], [-75.450739, 6.386162], [-75.450826, 6.385009], [-75.451003, 6.384915], [-75.451238, 6.384943]]], [[[-75.45346, 6.415845], [-75.45298, 6.416066], [-75.452905, 6.41638], [-75.452993, 6.41586], [-75.453283, 6.415784], [-75.45346, 6.415845]]], [[[-75.451309, 6.34824], [-75.451477, 6.347986], [-75.451796, 6.348012], [-75.451892, 6.348293], [-75.451839, 6.34889], [-75.451678, 6.348931], [-75.451522, 6.348811], [-75.451325, 6.348473], [-75.451309, 6.34824]]], [[[-75.457212, 6.410435], [-75.456119, 6.41061], [-75.455911, 6.410971], [-75.455596, 6.410909], [-75.455569, 6.41017], [-75.455662, 6.410047], [-75.455834, 6.410013], [-75.455948, 6.409311], [-75.455957, 6.408848], [-75.455882, 6.408501], [-75.455723, 6.408271], [-75.45548, 6.408156], [-75.454896, 6.408169], [-75.45385, 6.408443], [-75.453674, 6.408218], [-75.45313, 6.407935], [-75.453067, 6.407724], [-75.453128, 6.407491], [-75.453399, 6.407287], [-75.453549, 6.406904], [-75.453559, 6.405815], [-75.453355, 6.405475], [-75.452888, 6.405392], [-75.452736, 6.405021], [-75.452369, 6.40489], [-75.452209, 6.404183], [-75.451994, 6.404056], [-75.451951, 6.403934], [-75.451929, 6.403375], [-75.452044, 6.403019], [-75.452182, 6.403075], [-75.452222, 6.40319], [-75.452282, 6.403918], [-75.452574, 6.404782], [-75.452902, 6.404889], [-75.453438, 6.404909], [-75.45359, 6.405031], [-75.453692, 6.405274], [-75.453717, 6.407038], [-75.453441, 6.407729], [-75.453545, 6.408011], [-75.453876, 6.408166], [-75.454212, 6.408172], [-75.454491, 6.408071], [-75.454583, 6.407164], [-75.454818, 6.406719], [-75.454875, 6.405965], [-75.454972, 6.405722], [-75.455166, 6.405552], [-75.455456, 6.405456], [-75.45646, 6.405338], [-75.456513, 6.404351], [-75.456547, 6.404243], [-75.456675, 6.404284], [-75.456814, 6.404708], [-75.456799, 6.405373], [-75.456572, 6.405497], [-75.455553, 6.405533], [-75.455282, 6.405614], [-75.455102, 6.405773], [-75.455013, 6.406011], [-75.454933, 6.407134], [-75.455177, 6.407309], [-75.455455, 6.407351], [-75.456612, 6.407324], [-75.456724, 6.406957], [-75.456867, 6.405433], [-75.457252, 6.405428], [-75.457491, 6.405675], [-75.457568, 6.406026], [-75.45744, 6.406242], [-75.457819, 6.406431], [-75.457873, 6.406737], [-75.45783, 6.408709], [-75.457693, 6.409865], [-75.457587, 6.410161], [-75.457212, 6.410435]], [[-75.457543, 6.40817], [-75.45739, 6.408037], [-75.457276, 6.407364], [-75.457173, 6.407183], [-75.456981, 6.407179], [-75.456575, 6.407473], [-75.456541, 6.408489], [-75.456627, 6.409081], [-75.457275, 6.409117], [-75.45763, 6.409031], [-75.45768, 6.408492], [-75.457543, 6.40817]]], [[[-75.45391, 6.403653], [-75.453953, 6.403194], [-75.45409, 6.403589], [-75.4544, 6.40376], [-75.455426, 6.403835], [-75.455926, 6.403762], [-75.456152, 6.403863], [-75.454808, 6.403954], [-75.454066, 6.403805], [-75.45391, 6.403653]]], [[[-75.453626, 6.379632], [-75.453138, 6.379774], [-75.452579, 6.379733], [-75.452432, 6.379639], [-75.453153, 6.379504], [-75.453693, 6.379137], [-75.453619, 6.378871], [-75.453039, 6.378662], [-75.453015, 6.378585], [-75.453413, 6.378569], [-75.453747, 6.378736], [-75.453937, 6.378938], [-75.453948, 6.379073], [-75.453626, 6.379632]]], [[[-75.454762, 6.345571], [-75.454685, 6.344267], [-75.454423, 6.343994], [-75.454289, 6.343435], [-75.454018, 6.343038], [-75.454304, 6.3432], [-75.454441, 6.343792], [-75.45477, 6.344189], [-75.454848, 6.344845], [-75.454845, 6.345343], [-75.454762, 6.345571]]], [[[-75.454098, 6.346088], [-75.453499, 6.346122], [-75.452825, 6.345995], [-75.452687, 6.345855], [-75.452601, 6.345391], [-75.452367, 6.345198], [-75.452688, 6.345212], [-75.452797, 6.345778], [-75.452926, 6.345936], [-75.453503, 6.346093], [-75.454098, 6.346088]]], [[[-75.454221, 6.388107], [-75.453566, 6.388263], [-75.453418, 6.388468], [-75.453286, 6.38966], [-75.453164, 6.389816], [-75.452947, 6.389771], [-75.452769, 6.38926], [-75.452743, 6.387662], [-75.452846, 6.38809], [-75.452963, 6.388191], [-75.453482, 6.388101], [-75.454221, 6.388107]]], [[[-75.454503, 6.413318], [-75.454322, 6.413488], [-75.453816, 6.413587], [-75.453596, 6.413458], [-75.453524, 6.413073], [-75.45365, 6.41283], [-75.454029, 6.412734], [-75.453907, 6.412537], [-75.453926, 6.412378], [-75.454628, 6.411931], [-75.454809, 6.412053], [-75.454867, 6.412411], [-75.454822, 6.412579], [-75.454563, 6.41278], [-75.454503, 6.413318]]], [[[-75.454172, 6.386736], [-75.453862, 6.386987], [-75.453528, 6.386985], [-75.454172, 6.386736]]], [[[-75.454685, 6.348242], [-75.454504, 6.348272], [-75.454395, 6.348229], [-75.454612, 6.348214], [-75.454685, 6.348242]]], [[[-75.453633, 6.347733], [-75.453483, 6.347694], [-75.453661, 6.347676], [-75.453862, 6.347777], [-75.454096, 6.348163], [-75.453633, 6.347733]]], [[[-75.45677, 6.430529], [-75.456677, 6.431489], [-75.456596, 6.430624], [-75.456462, 6.430139], [-75.456339, 6.430031], [-75.455489, 6.42982], [-75.455353, 6.429674], [-75.455215, 6.429144], [-75.45523, 6.428472], [-75.455317, 6.42819], [-75.455568, 6.428302], [-75.455642, 6.429475], [-75.455743, 6.429785], [-75.456073, 6.429885], [-75.456821, 6.429928], [-75.456927, 6.430023], [-75.456941, 6.430183], [-75.45677, 6.430529]]], [[[-75.455817, 6.431009], [-75.455933, 6.431006], [-75.455939, 6.431088], [-75.455817, 6.431009]]], [[[-75.456051, 6.385679], [-75.456024, 6.385726], [-75.455944, 6.385725], [-75.456051, 6.385679]]], [[[-75.472209, 6.376699], [-75.47173, 6.377018], [-75.471625, 6.376842], [-75.471525, 6.376115], [-75.471072, 6.375887], [-75.47093, 6.375444], [-75.470734, 6.375243], [-75.470638, 6.374738], [-75.47053, 6.374577], [-75.470043, 6.374402], [-75.469155, 6.374387], [-75.468913, 6.374525], [-75.468865, 6.37476], [-75.468704, 6.374972], [-75.468594, 6.375546], [-75.467892, 6.375813], [-75.467769, 6.375977], [-75.467564, 6.376922], [-75.467018, 6.377102], [-75.466737, 6.377479], [-75.466311, 6.377615], [-75.465435, 6.377665], [-75.46479, 6.377644], [-75.464445, 6.377475], [-75.464105, 6.377502], [-75.464407, 6.377243], [-75.464898, 6.377459], [-75.46548, 6.377329], [-75.466543, 6.377373], [-75.466916, 6.377008], [-75.467399, 6.376906], [-75.467541, 6.3767], [-75.467624, 6.374922], [-75.467728, 6.374629], [-75.46831, 6.374239], [-75.469636, 6.374072], [-75.46986, 6.373919], [-75.469982, 6.373697], [-75.470001, 6.373406], [-75.470162, 6.373014], [-75.470304, 6.372913], [-75.470798, 6.372832], [-75.471206, 6.372873], [-75.471321, 6.373091], [-75.471241, 6.373312], [-75.470975, 6.373421], [-75.470839, 6.373778], [-75.470815, 6.374554], [-75.470898, 6.375258], [-75.47113, 6.375529], [-75.471764, 6.375563], [-75.472106, 6.375473], [-75.472322, 6.375563], [-75.472368, 6.37567], [-75.472368, 6.376053], [-75.472209, 6.376699]]], [[[-75.464077, 6.377785], [-75.463975, 6.377956], [-75.463734, 6.37799], [-75.462889, 6.378011], [-75.462265, 6.377962], [-75.461924, 6.377737], [-75.461714, 6.377774], [-75.46163, 6.377985], [-75.461578, 6.379119], [-75.461424, 6.379301], [-75.46081, 6.379078], [-75.459853, 6.379175], [-75.459672, 6.378851], [-75.459582, 6.378119], [-75.459385, 6.377877], [-75.459134, 6.377747], [-75.458722, 6.377703], [-75.457907, 6.377918], [-75.457902, 6.378337], [-75.458276, 6.378539], [-75.458604, 6.378945], [-75.458824, 6.380633], [-75.459862, 6.380745], [-75.46002, 6.380899], [-75.460115, 6.382303], [-75.460197, 6.382519], [-75.460456, 6.38257], [-75.460605, 6.382499], [-75.460675, 6.381858], [-75.460809, 6.381679], [-75.461072, 6.381556], [-75.461989, 6.381483], [-75.462783, 6.38157], [-75.462555, 6.382053], [-75.462398, 6.382789], [-75.462199, 6.383149], [-75.461919, 6.383314], [-75.461025, 6.383472], [-75.461046, 6.383878], [-75.460565, 6.383654], [-75.460451, 6.38348], [-75.460365, 6.382687], [-75.460008, 6.382448], [-75.459946, 6.381856], [-75.459748, 6.381441], [-75.459685, 6.381076], [-75.459337, 6.380865], [-75.458405, 6.380746], [-75.458281, 6.378706], [-75.457842, 6.378553], [-75.457754, 6.378439], [-75.457869, 6.377645], [-75.459464, 6.377689], [-75.459634, 6.377754], [-75.459708, 6.377999], [-75.459825, 6.378063], [-75.460586, 6.377933], [-75.461515, 6.378113], [-75.461544, 6.377896], [-75.461239, 6.377598], [-75.461216, 6.377215], [-75.461289, 6.377013], [-75.461591, 6.376939], [-75.461914, 6.377078], [-75.461985, 6.377524], [-75.462143, 6.377776], [-75.462901, 6.377875], [-75.464077, 6.377785]]], [[[-75.457981, 6.401523], [-75.457843, 6.40165], [-75.457667, 6.401626], [-75.457402, 6.401433], [-75.457385, 6.40123], [-75.457574, 6.401109], [-75.457818, 6.401128], [-75.45793, 6.401237], [-75.457981, 6.401523]]], [[[-75.459616, 6.398853], [-75.459519, 6.398714], [-75.459529, 6.398456], [-75.459664, 6.398575], [-75.459616, 6.398853]]], [[[-75.458859, 6.426279], [-75.458813, 6.426847], [-75.458637, 6.426924], [-75.458391, 6.426648], [-75.45841, 6.426374], [-75.458548, 6.426114], [-75.458748, 6.425961], [-75.458859, 6.426279]]], [[[-75.458652, 6.34881], [-75.458879, 6.348681], [-75.459047, 6.349001], [-75.458832, 6.349114], [-75.458652, 6.34881]]], [[[-75.460708, 6.387693], [-75.460579, 6.387109], [-75.46058, 6.38622], [-75.460648, 6.386063], [-75.460775, 6.386468], [-75.460863, 6.387524], [-75.460708, 6.387693]]], [[[-75.460288, 6.385698], [-75.45983, 6.38588], [-75.45878, 6.385862], [-75.45991, 6.385762], [-75.460182, 6.385628], [-75.460288, 6.385698]]], [[[-75.461865, 6.416412], [-75.461361, 6.416564], [-75.460064, 6.416642], [-75.45995, 6.416865], [-75.45986, 6.416876], [-75.459663, 6.416753], [-75.459536, 6.416429], [-75.459626, 6.415445], [-75.459791, 6.415234], [-75.460582, 6.414718], [-75.461095, 6.414584], [-75.461162, 6.414287], [-75.461303, 6.414477], [-75.461247, 6.415073], [-75.461305, 6.415467], [-75.461417, 6.415584], [-75.461975, 6.415693], [-75.46216, 6.415811], [-75.462129, 6.416135], [-75.461865, 6.416412]]], [[[-75.459673, 6.388164], [-75.45974, 6.388114], [-75.459983, 6.388127], [-75.459857, 6.388205], [-75.459673, 6.388164]]], [[[-75.463192, 6.350178], [-75.463148, 6.35009], [-75.463194, 6.34994], [-75.463192, 6.350178]]], [[[-75.462539, 6.426604], [-75.462085, 6.426531], [-75.461955, 6.426385], [-75.46189, 6.425876], [-75.461955, 6.425731], [-75.462279, 6.425876], [-75.462539, 6.426167], [-75.462669, 6.426386], [-75.462669, 6.426531], [-75.462539, 6.426604]]], [[[-75.468378, 6.388513], [-75.468284, 6.388456], [-75.468024, 6.388404], [-75.468278, 6.388355], [-75.468378, 6.388513]]], [[[-75.467765, 6.388145], [-75.467624, 6.387471], [-75.466212, 6.387348], [-75.465895, 6.387176], [-75.465547, 6.387113], [-75.464837, 6.387151], [-75.464861, 6.388428], [-75.464919, 6.388562], [-75.46516, 6.388625], [-75.465252, 6.389188], [-75.465238, 6.391044], [-75.465162, 6.391617], [-75.465052, 6.39163], [-75.465124, 6.390878], [-75.465098, 6.389622], [-75.464986, 6.388901], [-75.46467, 6.388413], [-75.464608, 6.387775], [-75.464441, 6.387191], [-75.464199, 6.386842], [-75.463623, 6.386695], [-75.463161, 6.386213], [-75.462715, 6.385024], [-75.462916, 6.385199], [-75.4632, 6.38597], [-75.463539, 6.38618], [-75.463699, 6.38654], [-75.463926, 6.386605], [-75.464107, 6.386408], [-75.463934, 6.385671], [-75.464005, 6.384703], [-75.464205, 6.38622], [-75.465248, 6.386455], [-75.465401, 6.387051], [-75.467229, 6.387117], [-75.467707, 6.387239], [-75.467847, 6.387692], [-75.467765, 6.388145]]], [[[-75.470868, 6.377389], [-75.469208, 6.377489], [-75.468892, 6.377678], [-75.468658, 6.37851], [-75.4683, 6.378843], [-75.468243, 6.379002], [-75.468203, 6.379728], [-75.468104, 6.38004], [-75.467463, 6.380122], [-75.466455, 6.380085], [-75.466335, 6.379329], [-75.466077, 6.378878], [-75.465618, 6.378682], [-75.464577, 6.378665], [-75.464316, 6.37872], [-75.464055, 6.378957], [-75.46404, 6.37929], [-75.463845, 6.379741], [-75.463748, 6.380362], [-75.463542, 6.380542], [-75.463158, 6.380691], [-75.463305, 6.380508], [-75.463665, 6.3803], [-75.463948, 6.378866], [-75.464172, 6.378559], [-75.465661, 6.378495], [-75.466287, 6.378534], [-75.466871, 6.378698], [-75.467934, 6.378673], [-75.468129, 6.37853], [-75.468239, 6.378047], [-75.468554, 6.37789], [-75.468667, 6.377666], [-75.468913, 6.377452], [-75.469739, 6.377346], [-75.470868, 6.377389]]], [[[-75.46364, 6.430969], [-75.463595, 6.429684], [-75.463677, 6.429347], [-75.463744, 6.429336], [-75.463847, 6.42951], [-75.463703, 6.429848], [-75.46364, 6.430969]]], [[[-75.466169, 6.431865], [-75.465577, 6.43186], [-75.46554, 6.431766], [-75.465628, 6.431629], [-75.465793, 6.431597], [-75.466169, 6.431865]]], [[[-75.464301, 6.422062], [-75.464393, 6.421945], [-75.464649, 6.421869], [-75.464965, 6.422039], [-75.464747, 6.422123], [-75.464301, 6.422062]]], [[[-75.466583, 6.382792], [-75.465742, 6.383039], [-75.465582, 6.382967], [-75.465545, 6.382604], [-75.465627, 6.382401], [-75.466296, 6.382348], [-75.466576, 6.382426], [-75.46664, 6.382598], [-75.466583, 6.382792]]], [[[-75.46767, 6.35994], [-75.466406, 6.359844], [-75.466061, 6.359668], [-75.466023, 6.359214], [-75.466191, 6.358891], [-75.466376, 6.358815], [-75.466441, 6.358902], [-75.466517, 6.359327], [-75.466711, 6.359657], [-75.4675, 6.359822], [-75.46767, 6.35994]]], [[[-75.480394, 6.357633], [-75.479312, 6.357821], [-75.47921, 6.357945], [-75.479369, 6.358193], [-75.479495, 6.359127], [-75.480275, 6.359297], [-75.480441, 6.359862], [-75.480278, 6.359799], [-75.480201, 6.359523], [-75.479865, 6.359354], [-75.478377, 6.359268], [-75.478261, 6.359373], [-75.47832, 6.35977], [-75.478244, 6.360197], [-75.477747, 6.360286], [-75.477604, 6.36049], [-75.47738, 6.359064], [-75.476726, 6.358968], [-75.477454, 6.358956], [-75.477576, 6.359082], [-75.477619, 6.359427], [-75.477958, 6.359371], [-75.477674, 6.358868], [-75.477715, 6.358698], [-75.477902, 6.358506], [-75.477626, 6.358263], [-75.477522, 6.357175], [-75.477737, 6.358105], [-75.478519, 6.358162], [-75.479009, 6.358077], [-75.479051, 6.357965], [-75.478924, 6.357778], [-75.478838, 6.35735], [-75.478852, 6.356176], [-75.479034, 6.355828], [-75.47942, 6.355861], [-75.479633, 6.355991], [-75.479598, 6.356144], [-75.479705, 6.356416], [-75.480421, 6.357462], [-75.480394, 6.357633]]], [[[-75.477419, 6.357078], [-75.477273, 6.357054], [-75.476819, 6.357023], [-75.477225, 6.357012], [-75.477419, 6.357078]]], [[[-75.476429, 6.358972], [-75.475464, 6.359034], [-75.47539, 6.35925], [-75.475704, 6.359548], [-75.475803, 6.360407], [-75.476034, 6.360892], [-75.476821, 6.361131], [-75.476776, 6.361364], [-75.47642, 6.361568], [-75.475995, 6.361561], [-75.475828, 6.361472], [-75.47553, 6.360815], [-75.475558, 6.360263], [-75.475458, 6.359762], [-75.475318, 6.359549], [-75.475037, 6.359362], [-75.474821, 6.358949], [-75.474089, 6.358798], [-75.473343, 6.358814], [-75.47308, 6.358916], [-75.472899, 6.359106], [-75.472476, 6.35919], [-75.472231, 6.359371], [-75.472063, 6.359286], [-75.47188, 6.359016], [-75.472006, 6.358865], [-75.47343, 6.358708], [-75.474849, 6.358734], [-75.475351, 6.3589], [-75.475536, 6.358736], [-75.475622, 6.358254], [-75.475749, 6.358811], [-75.475949, 6.358917], [-75.476429, 6.358972]]], [[[-75.475654, 6.362598], [-75.475427, 6.362735], [-75.474905, 6.362728], [-75.474735, 6.362545], [-75.47476, 6.362258], [-75.475126, 6.36203], [-75.475616, 6.361973], [-75.475723, 6.362242], [-75.475654, 6.362598]]], [[[-75.471769, 6.359114], [-75.471797, 6.360679], [-75.471247, 6.360811], [-75.471138, 6.361506], [-75.470764, 6.361864], [-75.470621, 6.362428], [-75.468154, 6.362579], [-75.467772, 6.362822], [-75.467478, 6.363275], [-75.46769, 6.363714], [-75.467715, 6.365626], [-75.467578, 6.366104], [-75.467247, 6.366206], [-75.467218, 6.366416], [-75.467404, 6.366683], [-75.467812, 6.3668], [-75.468029, 6.367047], [-75.468233, 6.367129], [-75.469077, 6.367214], [-75.470714, 6.367167], [-75.470836, 6.366233], [-75.470971, 6.366036], [-75.471326, 6.365947], [-75.471438, 6.365128], [-75.471638, 6.36495], [-75.47196, 6.36505], [-75.471767, 6.366012], [-75.471042, 6.366392], [-75.470849, 6.366847], [-75.470732, 6.367654], [-75.470426, 6.368075], [-75.470349, 6.368709], [-75.470391, 6.369501], [-75.470505, 6.369846], [-75.47076, 6.369932], [-75.470827, 6.370172], [-75.470778, 6.370782], [-75.470564, 6.370867], [-75.470369, 6.370762], [-75.470298, 6.370243], [-75.470169, 6.370026], [-75.46951, 6.369927], [-75.469655, 6.368541], [-75.469578, 6.367933], [-75.469431, 6.36776], [-75.46921, 6.367674], [-75.468529, 6.367707], [-75.468228, 6.367837], [-75.467857, 6.367529], [-75.467564, 6.367497], [-75.467325, 6.366996], [-75.466799, 6.366638], [-75.466734, 6.366318], [-75.466883, 6.366094], [-75.467322, 6.366014], [-75.467608, 6.365628], [-75.467664, 6.364294], [-75.467369, 6.363223], [-75.467712, 6.362624], [-75.468353, 6.362176], [-75.469457, 6.362337], [-75.470359, 6.362225], [-75.470476, 6.362117], [-75.470606, 6.361741], [-75.470907, 6.361378], [-75.471055, 6.360536], [-75.470987, 6.359748], [-75.469636, 6.359718], [-75.469424, 6.359612], [-75.470178, 6.359503], [-75.47033, 6.359412], [-75.470559, 6.358981], [-75.470722, 6.358894], [-75.471468, 6.358874], [-75.471632, 6.358927], [-75.471769, 6.359114]], [[-75.470068, 6.369812], [-75.469985, 6.369405], [-75.469839, 6.369384], [-75.469683, 6.36961], [-75.469655, 6.369821], [-75.469968, 6.369905], [-75.470068, 6.369812]]], [[[-75.468072, 6.356103], [-75.467654, 6.356608], [-75.467767, 6.356784], [-75.467731, 6.357001], [-75.467495, 6.357077], [-75.467378, 6.356889], [-75.467496, 6.356583], [-75.467383, 6.356393], [-75.467365, 6.355776], [-75.467417, 6.355584], [-75.467649, 6.355402], [-75.467965, 6.355471], [-75.468102, 6.355729], [-75.468072, 6.356103]]], [[[-75.470407, 6.350501], [-75.469759, 6.35077], [-75.469657, 6.351149], [-75.469409, 6.351444], [-75.469389, 6.352796], [-75.46956, 6.353181], [-75.469814, 6.353282], [-75.469374, 6.353239], [-75.469218, 6.352511], [-75.469294, 6.351426], [-75.469565, 6.351126], [-75.46972, 6.350611], [-75.470032, 6.350491], [-75.470407, 6.350501]]], [[[-75.473484, 6.40725], [-75.471987, 6.407638], [-75.471763, 6.407942], [-75.471671, 6.408397], [-75.471515, 6.408517], [-75.47118, 6.408522], [-75.470921, 6.408308], [-75.471046, 6.408037], [-75.471581, 6.407834], [-75.47181, 6.407497], [-75.472082, 6.407394], [-75.472228, 6.407075], [-75.472397, 6.407065], [-75.47258, 6.407181], [-75.473484, 6.40725]]], [[[-75.471526, 6.378637], [-75.471247, 6.37863], [-75.471196, 6.378422], [-75.471526, 6.378637]]], [[[-75.47175, 6.426634], [-75.471846, 6.426506], [-75.472352, 6.426404], [-75.472741, 6.426451], [-75.472942, 6.426596], [-75.472537, 6.426692], [-75.47175, 6.426634]]], [[[-75.473713, 6.354643], [-75.473475, 6.354744], [-75.473222, 6.354729], [-75.473038, 6.354079], [-75.47196, 6.353831], [-75.471766, 6.353562], [-75.471807, 6.353446], [-75.472221, 6.353329], [-75.473071, 6.353423], [-75.473331, 6.353824], [-75.473603, 6.353885], [-75.473794, 6.35403], [-75.473834, 6.354325], [-75.473713, 6.354643]]], [[[-75.473181, 6.355487], [-75.47315, 6.355712], [-75.473001, 6.355778], [-75.472189, 6.355789], [-75.471938, 6.355665], [-75.471802, 6.355263], [-75.472111, 6.355186], [-75.472949, 6.355204], [-75.473082, 6.355252], [-75.473181, 6.355487]]], [[[-75.473039, 6.386445], [-75.472954, 6.386887], [-75.472633, 6.386994], [-75.47236, 6.386941], [-75.472208, 6.385388], [-75.471948, 6.384505], [-75.472032, 6.384014], [-75.472814, 6.383994], [-75.473253, 6.384104], [-75.473051, 6.384232], [-75.472206, 6.384296], [-75.472059, 6.384394], [-75.471998, 6.384561], [-75.472113, 6.384783], [-75.472908, 6.384834], [-75.473258, 6.384958], [-75.473353, 6.385777], [-75.473039, 6.386445]]], [[[-75.477201, 6.381055], [-75.476642, 6.381267], [-75.476519, 6.381606], [-75.476441, 6.382326], [-75.476241, 6.382398], [-75.475193, 6.381428], [-75.475061, 6.381173], [-75.474682, 6.380831], [-75.474419, 6.380288], [-75.473907, 6.380155], [-75.472858, 6.380078], [-75.472722, 6.379806], [-75.472567, 6.37969], [-75.47459, 6.379503], [-75.474649, 6.379205], [-75.474524, 6.3789], [-75.47421, 6.378808], [-75.473852, 6.378557], [-75.472309, 6.378396], [-75.472228, 6.378327], [-75.47248, 6.378176], [-75.473051, 6.378238], [-75.473364, 6.378381], [-75.473979, 6.378481], [-75.474421, 6.378785], [-75.476638, 6.378803], [-75.477143, 6.378888], [-75.477256, 6.379784], [-75.477201, 6.381055]], [[-75.477032, 6.379989], [-75.477107, 6.379752], [-75.477087, 6.379136], [-75.476988, 6.378985], [-75.476786, 6.378957], [-75.476612, 6.379136], [-75.476608, 6.379871], [-75.476759, 6.380042], [-75.477032, 6.379989]]], [[[-75.474966, 6.425161], [-75.473859, 6.425245], [-75.47363, 6.425379], [-75.473576, 6.425269], [-75.473618, 6.425087], [-75.47376, 6.424998], [-75.474966, 6.425161]]], [[[-75.481771, 6.37318], [-75.481652, 6.372846], [-75.481155, 6.372741], [-75.480824, 6.372292], [-75.480384, 6.372271], [-75.48024, 6.372445], [-75.480112, 6.373415], [-75.479796, 6.373611], [-75.479681, 6.373989], [-75.47956, 6.374107], [-75.478978, 6.374226], [-75.477603, 6.374148], [-75.477257, 6.373938], [-75.477151, 6.37357], [-75.476587, 6.372825], [-75.476406, 6.371832], [-75.475473, 6.371816], [-75.475311, 6.37197], [-75.475241, 6.372411], [-75.475009, 6.372558], [-75.473698, 6.372643], [-75.473501, 6.372748], [-75.473539, 6.373256], [-75.47399, 6.373413], [-75.474239, 6.373687], [-75.474358, 6.374909], [-75.476453, 6.375041], [-75.474722, 6.375081], [-75.474255, 6.374989], [-75.474113, 6.373707], [-75.473965, 6.37352], [-75.473435, 6.373404], [-75.473332, 6.372842], [-75.473399, 6.372492], [-75.474642, 6.372372], [-75.474947, 6.372223], [-75.475056, 6.371925], [-75.4752, 6.371791], [-75.475717, 6.371645], [-75.476369, 6.3716], [-75.476617, 6.371776], [-75.476714, 6.372796], [-75.477151, 6.373053], [-75.477286, 6.373723], [-75.477471, 6.373956], [-75.47869, 6.374001], [-75.479253, 6.373909], [-75.479517, 6.373531], [-75.479874, 6.373364], [-75.47998, 6.373018], [-75.480014, 6.372401], [-75.480174, 6.372226], [-75.480659, 6.37221], [-75.480946, 6.372305], [-75.481248, 6.372662], [-75.481697, 6.372811], [-75.481771, 6.37318]]], [[[-75.475649, 6.428349], [-75.475066, 6.428546], [-75.474809, 6.429204], [-75.474572, 6.429258], [-75.474382, 6.429189], [-75.474329, 6.428798], [-75.474413, 6.42858], [-75.474708, 6.428495], [-75.475151, 6.428199], [-75.475767, 6.428215], [-75.475649, 6.428349]]], [[[-75.482016, 6.364926], [-75.479981, 6.364843], [-75.480067, 6.362788], [-75.480287, 6.363191], [-75.480819, 6.363394], [-75.480933, 6.363592], [-75.481082, 6.364521], [-75.481193, 6.364713], [-75.48135, 6.364816], [-75.482089, 6.364786], [-75.482016, 6.364926]]], [[[-75.479922, 6.365806], [-75.479761, 6.365905], [-75.478582, 6.366049], [-75.478431, 6.366519], [-75.478267, 6.366598], [-75.476976, 6.366604], [-75.476763, 6.366421], [-75.476855, 6.366244], [-75.478092, 6.366193], [-75.478315, 6.365951], [-75.479821, 6.365771], [-75.479883, 6.36542], [-75.479741, 6.365229], [-75.479199, 6.365173], [-75.47883, 6.365003], [-75.477247, 6.364872], [-75.478464, 6.364798], [-75.478816, 6.364499], [-75.479032, 6.364525], [-75.479121, 6.364796], [-75.479254, 6.364893], [-75.479894, 6.364974], [-75.479974, 6.365456], [-75.479922, 6.365806]]], [[[-75.481141, 6.37599], [-75.480838, 6.376235], [-75.480522, 6.376232], [-75.480215, 6.376076], [-75.479644, 6.375518], [-75.479159, 6.375419], [-75.479672, 6.375423], [-75.479946, 6.375534], [-75.48026, 6.376061], [-75.480402, 6.376144], [-75.480793, 6.376152], [-75.48123, 6.37575], [-75.481141, 6.37599]]], [[[-75.479698, 6.371426], [-75.479527, 6.371548], [-75.47933, 6.37148], [-75.479238, 6.371169], [-75.479294, 6.370995], [-75.479605, 6.370978], [-75.479707, 6.371204], [-75.479698, 6.371426]]], [[[-75.480285, 6.412929], [-75.479853, 6.412965], [-75.479815, 6.412965], [-75.480285, 6.412929]]], [[[-75.481474, 6.369012], [-75.481625, 6.368889], [-75.481809, 6.368975], [-75.482054, 6.369855], [-75.48191, 6.370074], [-75.48166, 6.370036], [-75.481519, 6.369914], [-75.481428, 6.369417], [-75.481474, 6.369012]]], [[[-75.483678, 6.371581], [-75.483714, 6.371179], [-75.483859, 6.370857], [-75.484165, 6.37048], [-75.484356, 6.370405], [-75.484949, 6.371724], [-75.484575, 6.37191], [-75.484229, 6.371947], [-75.483795, 6.371799], [-75.483678, 6.371581]]], [[[-75.485437, 6.420348], [-75.485246, 6.420233], [-75.485013, 6.419762], [-75.48499, 6.418641], [-75.485073, 6.419497], [-75.485514, 6.419582], [-75.485684, 6.419759], [-75.485673, 6.420316], [-75.485437, 6.420348]]], [[[-75.490412, 6.422796], [-75.490203, 6.422894], [-75.49018, 6.422891], [-75.490291, 6.422715], [-75.490503, 6.422626], [-75.490412, 6.422796]]], [[[-75.473164, 6.375529], [-75.473479, 6.375754], [-75.473493, 6.37596], [-75.473399, 6.376065], [-75.473102, 6.376081], [-75.472904, 6.375817], [-75.472881, 6.375573], [-75.473164, 6.375529]]], [[[-75.417061, 6.356773], [-75.417183, 6.356954], [-75.417119, 6.357275], [-75.416982, 6.357449], [-75.416759, 6.357447], [-75.416623, 6.357288], [-75.416659, 6.357037], [-75.416853, 6.3568], [-75.417061, 6.356773]]]]}, "properties": {"clase": 1, "area_ha": 302.63170668872584}}, {"type": "Feature", "geometry": {"type": "MultiPolygon", "coordinates": [[[[-75.445325, 6.351297], [-75.444386, 6.351213], [-75.443425, 6.350919], [-75.442293, 6.350994], [-75.442073, 6.351125], [-75.441962, 6.351316], [-75.44193, 6.351935], [-75.441811, 6.35219], [-75.441639, 6.352262], [-75.441297, 6.352045], [-75.440973, 6.352046], [-75.440575, 6.352363], [-75.440365, 6.352774], [-75.439962, 6.352922], [-75.439756, 6.353177], [-75.438506, 6.353314], [-75.438381, 6.354226], [-75.438117, 6.354359], [-75.437966, 6.354245], [-75.437788, 6.353571], [-75.437533, 6.353419], [-75.437176, 6.353372], [-75.437052, 6.353258], [-75.437129, 6.352942], [-75.437499, 6.352808], [-75.437586, 6.352645], [-75.437029, 6.352463], [-75.436914, 6.351242], [-75.436787, 6.350937], [-75.436508, 6.350799], [-75.435253, 6.350804], [-75.435036, 6.350896], [-75.434791, 6.351386], [-75.434639, 6.351494], [-75.433629, 6.351698], [-75.433565, 6.35241], [-75.433625, 6.353545], [-75.435147, 6.353566], [-75.435515, 6.353426], [-75.435664, 6.353112], [-75.43593, 6.353055], [-75.436619, 6.353096], [-75.436777, 6.353341], [-75.436641, 6.353555], [-75.436074, 6.353721], [-75.435831, 6.354159], [-75.435225, 6.354352], [-75.435029, 6.354626], [-75.434637, 6.354917], [-75.434569, 6.355208], [-75.434421, 6.355341], [-75.433988, 6.355308], [-75.433633, 6.354959], [-75.433227, 6.354809], [-75.431922, 6.354836], [-75.431462, 6.355073], [-75.43125, 6.354903], [-75.430611, 6.354647], [-75.430329, 6.354357], [-75.429514, 6.354265], [-75.429168, 6.354132], [-75.428653, 6.354207], [-75.428615, 6.354502], [-75.428713, 6.354824], [-75.428549, 6.355061], [-75.42821, 6.355049], [-75.42792, 6.35461], [-75.427678, 6.35458], [-75.427573, 6.354669], [-75.427437, 6.355471], [-75.427194, 6.35593], [-75.426292, 6.356125], [-75.426218, 6.356247], [-75.426773, 6.356346], [-75.427427, 6.356314], [-75.427738, 6.35617], [-75.427936, 6.355904], [-75.428425, 6.355872], [-75.428813, 6.356045], [-75.429106, 6.356451], [-75.430564, 6.356606], [-75.430843, 6.356835], [-75.431024, 6.357152], [-75.431285, 6.357333], [-75.431302, 6.357464], [-75.431092, 6.357606], [-75.429994, 6.357665], [-75.429647, 6.357784], [-75.42953, 6.358051], [-75.429482, 6.35864], [-75.429576, 6.359595], [-75.429946, 6.35987], [-75.430006, 6.360085], [-75.430358, 6.360232], [-75.431705, 6.360212], [-75.432166, 6.359946], [-75.432555, 6.359986], [-75.432666, 6.360106], [-75.432667, 6.360235], [-75.432469, 6.360527], [-75.432431, 6.361102], [-75.432478, 6.362112], [-75.432677, 6.362514], [-75.432503, 6.362663], [-75.431598, 6.362754], [-75.43098, 6.363038], [-75.430862, 6.363758], [-75.430983, 6.364824], [-75.431101, 6.364963], [-75.43147, 6.365095], [-75.431664, 6.365304], [-75.432495, 6.36536], [-75.43295, 6.365247], [-75.433127, 6.364759], [-75.433368, 6.364493], [-75.433474, 6.363151], [-75.433648, 6.362935], [-75.433925, 6.363125], [-75.434045, 6.363819], [-75.434203, 6.364118], [-75.434855, 6.36423], [-75.434962, 6.364467], [-75.434943, 6.364666], [-75.434637, 6.365091], [-75.434556, 6.365439], [-75.434287, 6.365725], [-75.433184, 6.365898], [-75.432651, 6.366165], [-75.432544, 6.366398], [-75.432511, 6.367119], [-75.432406, 6.367403], [-75.43239, 6.368241], [-75.432229, 6.368451], [-75.432009, 6.368451], [-75.431541, 6.368193], [-75.431337, 6.367922], [-75.430868, 6.367633], [-75.430766, 6.367293], [-75.430739, 6.366676], [-75.430625, 6.366496], [-75.430063, 6.366306], [-75.428958, 6.366313], [-75.429505, 6.3661], [-75.430742, 6.366162], [-75.430925, 6.367339], [-75.431643, 6.367447], [-75.431814, 6.367684], [-75.431939, 6.368194], [-75.432151, 6.368231], [-75.432304, 6.368138], [-75.432352, 6.36793], [-75.432193, 6.365858], [-75.431576, 6.365723], [-75.431496, 6.365554], [-75.431238, 6.365409], [-75.431029, 6.365132], [-75.430623, 6.365059], [-75.430497, 6.364939], [-75.430367, 6.364346], [-75.430365, 6.363875], [-75.430479, 6.363146], [-75.431159, 6.362713], [-75.431351, 6.361503], [-75.431482, 6.3613], [-75.431671, 6.361192], [-75.432321, 6.361111], [-75.432365, 6.360439], [-75.432287, 6.360244], [-75.432163, 6.360173], [-75.431535, 6.360375], [-75.43067, 6.360396], [-75.430051, 6.36031], [-75.429916, 6.360221], [-75.429797, 6.359942], [-75.429604, 6.359884], [-75.429523, 6.35975], [-75.429437, 6.358645], [-75.429535, 6.357781], [-75.429708, 6.357617], [-75.430537, 6.357385], [-75.430589, 6.357049], [-75.430468, 6.356828], [-75.430263, 6.356792], [-75.429867, 6.356933], [-75.427883, 6.357053], [-75.427806, 6.357634], [-75.42745, 6.357876], [-75.42662, 6.357928], [-75.426261, 6.357812], [-75.426017, 6.357577], [-75.425888, 6.357224], [-75.425898, 6.356154], [-75.425935, 6.356026], [-75.426129, 6.355905], [-75.426165, 6.355004], [-75.426367, 6.354579], [-75.42657, 6.354493], [-75.427308, 6.354435], [-75.427519, 6.354057], [-75.428447, 6.353879], [-75.428507, 6.353112], [-75.428627, 6.352917], [-75.428868, 6.352785], [-75.429712, 6.352716], [-75.430076, 6.352799], [-75.43032, 6.352968], [-75.430445, 6.353223], [-75.430547, 6.354261], [-75.430794, 6.354548], [-75.431552, 6.354753], [-75.432922, 6.354645], [-75.433533, 6.354682], [-75.434007, 6.354857], [-75.434453, 6.354787], [-75.434647, 6.354607], [-75.434761, 6.354324], [-75.435089, 6.354104], [-75.435153, 6.353879], [-75.434968, 6.353728], [-75.433937, 6.353679], [-75.433565, 6.353579], [-75.433489, 6.352], [-75.433685, 6.351387], [-75.433735, 6.350501], [-75.43385, 6.35022], [-75.434081, 6.350032], [-75.434428, 6.349937], [-75.435238, 6.349961], [-75.435588, 6.3501], [-75.435617, 6.350384], [-75.435759, 6.350516], [-75.436489, 6.350582], [-75.43714, 6.350889], [-75.438951, 6.35104], [-75.439077, 6.351123], [-75.439156, 6.351455], [-75.439286, 6.351521], [-75.439634, 6.351346], [-75.440242, 6.35131], [-75.441318, 6.351338], [-75.441675, 6.351503], [-75.441838, 6.351345], [-75.441939, 6.350906], [-75.442278, 6.350802], [-75.443007, 6.350762], [-75.443109, 6.350514], [-75.442859, 6.350022], [-75.44154, 6.350021], [-75.441162, 6.349909], [-75.440908, 6.349673], [-75.440781, 6.349312], [-75.440778, 6.348827], [-75.440872, 6.348462], [-75.441063, 6.348219], [-75.44135, 6.348096], [-75.442041, 6.348115], [-75.442429, 6.348226], [-75.442703, 6.348762], [-75.443125, 6.348948], [-75.443394, 6.349318], [-75.443661, 6.350138], [-75.443626, 6.350675], [-75.44419, 6.351065], [-75.444461, 6.351139], [-75.44476, 6.351101], [-75.44487, 6.350852], [-75.444734, 6.350589], [-75.444533, 6.35052], [-75.444443, 6.349854], [-75.444485, 6.348802], [-75.444672, 6.348348], [-75.444674, 6.347985], [-75.444545, 6.34785], [-75.444115, 6.34776], [-75.44398, 6.347627], [-75.443843, 6.347043], [-75.44384, 6.346592], [-75.443955, 6.346252], [-75.444185, 6.346025], [-75.444531, 6.345911], [-75.445344, 6.345959], [-75.445707, 6.346218], [-75.445687, 6.346715], [-75.445366, 6.346743], [-75.444935, 6.346923], [-75.444628, 6.347218], [-75.444413, 6.347636], [-75.444512, 6.347736], [-75.444855, 6.347817], [-75.444928, 6.347926], [-75.444995, 6.348578], [-75.445237, 6.349033], [-75.445394, 6.349942], [-75.445685, 6.350155], [-75.446698, 6.350284], [-75.446985, 6.350517], [-75.446907, 6.350972], [-75.446725, 6.351288], [-75.445325, 6.351297]], [[-75.434462, 6.364755], [-75.434008, 6.364593], [-75.433695, 6.364614], [-75.43352, 6.364715], [-75.433483, 6.365409], [-75.433595, 6.365687], [-75.433933, 6.365732], [-75.434282, 6.365552], [-75.434482, 6.365204], [-75.434462, 6.364755]], [[-75.438415, 6.353015], [-75.438251, 6.352886], [-75.437859, 6.352872], [-75.437725, 6.352926], [-75.437655, 6.353105], [-75.437777, 6.353301], [-75.438231, 6.353338], [-75.438423, 6.35321], [-75.438415, 6.353015]], [[-75.439456, 6.352716], [-75.43933, 6.352649], [-75.439191, 6.352696], [-75.439169, 6.353062], [-75.439427, 6.353058], [-75.439456, 6.352716]], [[-75.44623, 6.350714], [-75.445845, 6.350768], [-75.445708, 6.350937], [-75.445736, 6.351137], [-75.446109, 6.351224], [-75.446507, 6.351117], [-75.446467, 6.350826], [-75.44623, 6.350714]]], [[[-75.428867, 6.366413], [-75.428873, 6.367899], [-75.428933, 6.368095], [-75.42931, 6.368377], [-75.429284, 6.368765], [-75.428674, 6.368797], [-75.42857, 6.368468], [-75.428466, 6.36841], [-75.428341, 6.369037], [-75.42814, 6.369108], [-75.427937, 6.368901], [-75.427642, 6.367931], [-75.427326, 6.367737], [-75.426833, 6.367778], [-75.426655, 6.368242], [-75.426137, 6.368408], [-75.425992, 6.368602], [-75.425971, 6.369486], [-75.426128, 6.370084], [-75.426391, 6.370211], [-75.427404, 6.370357], [-75.427939, 6.37108], [-75.428442, 6.371342], [-75.428757, 6.371691], [-75.429233, 6.372651], [-75.429639, 6.372567], [-75.430022, 6.372602], [-75.430348, 6.37274], [-75.430473, 6.372917], [-75.430765, 6.372993], [-75.431874, 6.372948], [-75.432256, 6.372609], [-75.432341, 6.371952], [-75.432535, 6.371788], [-75.432721, 6.371839], [-75.432847, 6.372049], [-75.433339, 6.372395], [-75.434064, 6.372516], [-75.434169, 6.372961], [-75.434078, 6.373311], [-75.434103, 6.373664], [-75.434616, 6.373894], [-75.43468, 6.374077], [-75.43464, 6.375825], [-75.434412, 6.376485], [-75.434342, 6.377234], [-75.434373, 6.378559], [-75.434558, 6.37911], [-75.434429, 6.379826], [-75.433984, 6.379874], [-75.433687, 6.379753], [-75.433737, 6.378961], [-75.433669, 6.378797], [-75.433105, 6.378218], [-75.432895, 6.377064], [-75.432891, 6.37642], [-75.432786, 6.376225], [-75.432229, 6.376033], [-75.431439, 6.376067], [-75.4311, 6.376222], [-75.431055, 6.376618], [-75.430917, 6.376798], [-75.430656, 6.376836], [-75.430384, 6.376762], [-75.430204, 6.376548], [-75.430092, 6.37576], [-75.429001, 6.375709], [-75.428771, 6.375585], [-75.428698, 6.374682], [-75.42859, 6.374314], [-75.42812, 6.374197], [-75.427469, 6.373888], [-75.427112, 6.372607], [-75.426793, 6.37247], [-75.426061, 6.372445], [-75.425748, 6.372523], [-75.42554, 6.372675], [-75.425436, 6.372904], [-75.4254, 6.373757], [-75.42529, 6.373936], [-75.425064, 6.374074], [-75.424522, 6.374025], [-75.424132, 6.373821], [-75.423524, 6.373769], [-75.423368, 6.373655], [-75.423323, 6.373495], [-75.423146, 6.373423], [-75.422406, 6.373494], [-75.422233, 6.373899], [-75.422399, 6.374364], [-75.422395, 6.374684], [-75.422245, 6.374986], [-75.421964, 6.37527], [-75.421851, 6.376851], [-75.42148, 6.376898], [-75.421331, 6.376562], [-75.421271, 6.375816], [-75.421123, 6.375271], [-75.420993, 6.37515], [-75.42054, 6.375045], [-75.420504, 6.374694], [-75.420697, 6.374512], [-75.420933, 6.374076], [-75.421082, 6.373424], [-75.421305, 6.373343], [-75.421665, 6.37338], [-75.421842, 6.373197], [-75.421881, 6.371967], [-75.422927, 6.371846], [-75.423229, 6.371727], [-75.42343, 6.371504], [-75.423529, 6.371179], [-75.423527, 6.37075], [-75.423404, 6.370418], [-75.423158, 6.370184], [-75.422792, 6.370047], [-75.421526, 6.369861], [-75.421374, 6.369159], [-75.4205, 6.368704], [-75.420143, 6.3678], [-75.419604, 6.367559], [-75.418681, 6.367568], [-75.41857, 6.367618], [-75.418459, 6.367871], [-75.418044, 6.368033], [-75.41764, 6.368455], [-75.417398, 6.368458], [-75.417105, 6.368164], [-75.416965, 6.368547], [-75.416686, 6.368792], [-75.415583, 6.369008], [-75.415303, 6.368822], [-75.414457, 6.368661], [-75.414185, 6.368271], [-75.413846, 6.367995], [-75.413221, 6.368114], [-75.412664, 6.367963], [-75.412498, 6.367823], [-75.412308, 6.367394], [-75.411651, 6.367268], [-75.41127, 6.367349], [-75.41097, 6.367683], [-75.410606, 6.367793], [-75.4105, 6.36799], [-75.410465, 6.368354], [-75.410323, 6.368496], [-75.409907, 6.368414], [-75.409763, 6.367996], [-75.409397, 6.367784], [-75.40789, 6.367821], [-75.40784, 6.368951], [-75.407903, 6.369275], [-75.408029, 6.369497], [-75.408215, 6.369618], [-75.408886, 6.369738], [-75.408974, 6.370169], [-75.409097, 6.370267], [-75.410974, 6.370514], [-75.411056, 6.37101], [-75.411173, 6.371126], [-75.412209, 6.371215], [-75.412815, 6.371158], [-75.41321, 6.371016], [-75.413406, 6.372038], [-75.413678, 6.37225], [-75.413775, 6.372462], [-75.41393, 6.373936], [-75.414142, 6.37419], [-75.414426, 6.374246], [-75.414553, 6.374375], [-75.414925, 6.375823], [-75.415305, 6.376387], [-75.415305, 6.376868], [-75.415125, 6.377029], [-75.41469, 6.377121], [-75.414571, 6.378109], [-75.414449, 6.378254], [-75.414211, 6.37829], [-75.414195, 6.378815], [-75.414028, 6.3795], [-75.413517, 6.379532], [-75.413238, 6.379448], [-75.413168, 6.37833], [-75.41328, 6.378238], [-75.413992, 6.378158], [-75.414117, 6.377828], [-75.414008, 6.377199], [-75.413749, 6.376901], [-75.413718, 6.376204], [-75.413457, 6.375931], [-75.413328, 6.375426], [-75.413042, 6.375309], [-75.41236, 6.375249], [-75.412256, 6.373854], [-75.412093, 6.373508], [-75.411855, 6.373428], [-75.411667, 6.373115], [-75.411406, 6.372962], [-75.410361, 6.372907], [-75.410217, 6.372424], [-75.410176, 6.371276], [-75.410146, 6.371141], [-75.410029, 6.371074], [-75.409786, 6.372412], [-75.409679, 6.374121], [-75.409532, 6.374333], [-75.408613, 6.374423], [-75.408233, 6.374571], [-75.408142, 6.37591], [-75.408377, 6.376185], [-75.409324, 6.376389], [-75.409432, 6.376622], [-75.409418, 6.377258], [-75.410111, 6.377513], [-75.410278, 6.377832], [-75.410281, 6.378209], [-75.410208, 6.378325], [-75.409905, 6.378394], [-75.409507, 6.378357], [-75.409195, 6.37819], [-75.408767, 6.378245], [-75.408718, 6.378496], [-75.408842, 6.378917], [-75.408841, 6.37944], [-75.40852, 6.379719], [-75.407815, 6.379841], [-75.407293, 6.380062], [-75.407173, 6.380242], [-75.407066, 6.380786], [-75.406904, 6.381009], [-75.406813, 6.382069], [-75.406751, 6.382299], [-75.406684, 6.382278], [-75.406631, 6.381485], [-75.406403, 6.38059], [-75.406504, 6.380471], [-75.406939, 6.380416], [-75.407074, 6.380303], [-75.407102, 6.379924], [-75.407361, 6.379375], [-75.407272, 6.378431], [-75.407089, 6.378312], [-75.406803, 6.378363], [-75.406718, 6.379317], [-75.406496, 6.379777], [-75.406277, 6.379877], [-75.405763, 6.379874], [-75.405527, 6.379757], [-75.405515, 6.379565], [-75.405691, 6.379319], [-75.406181, 6.379247], [-75.406435, 6.379076], [-75.406581, 6.378081], [-75.406459, 6.377807], [-75.406466, 6.377553], [-75.406721, 6.37729], [-75.407186, 6.377184], [-75.407288, 6.376928], [-75.407264, 6.376559], [-75.407001, 6.376176], [-75.406781, 6.375296], [-75.406335, 6.375053], [-75.40606, 6.374579], [-75.40574, 6.374439], [-75.405361, 6.374398], [-75.40515, 6.374189], [-75.404873, 6.373503], [-75.404846, 6.372074], [-75.404943, 6.371669], [-75.40581, 6.371393], [-75.405945, 6.371006], [-75.40624, 6.370651], [-75.406387, 6.370103], [-75.40769, 6.369936], [-75.40782, 6.367785], [-75.407929, 6.367221], [-75.407831, 6.367065], [-75.40757, 6.366982], [-75.407387, 6.366334], [-75.407017, 6.366099], [-75.406791, 6.365612], [-75.406896, 6.365253], [-75.406825, 6.364538], [-75.406615, 6.364453], [-75.406143, 6.364741], [-75.406007, 6.364519], [-75.406631, 6.364166], [-75.406898, 6.364242], [-75.406982, 6.364528], [-75.407023, 6.365821], [-75.407123, 6.365964], [-75.407756, 6.366321], [-75.409409, 6.366385], [-75.409938, 6.36619], [-75.411121, 6.36605], [-75.411355, 6.365947], [-75.411469, 6.365696], [-75.411981, 6.365639], [-75.412214, 6.365385], [-75.412266, 6.365132], [-75.412206, 6.364229], [-75.409968, 6.364211], [-75.409015, 6.364312], [-75.408829, 6.364142], [-75.40867, 6.363712], [-75.407923, 6.363545], [-75.407719, 6.363413], [-75.407739, 6.363054], [-75.408464, 6.36287], [-75.408622, 6.362646], [-75.408509, 6.361948], [-75.408539, 6.36122], [-75.408382, 6.361113], [-75.407895, 6.361081], [-75.407736, 6.360816], [-75.407973, 6.36062], [-75.408375, 6.360596], [-75.408525, 6.360382], [-75.409646, 6.360356], [-75.410253, 6.360443], [-75.410435, 6.360528], [-75.410613, 6.360792], [-75.410695, 6.361512], [-75.410796, 6.361724], [-75.411292, 6.361933], [-75.412231, 6.361912], [-75.412448, 6.361871], [-75.412498, 6.36175], [-75.41252, 6.360484], [-75.412405, 6.360193], [-75.412223, 6.3602], [-75.411962, 6.359993], [-75.411859, 6.35961], [-75.411848, 6.358975], [-75.411739, 6.358717], [-75.411516, 6.358549], [-75.411179, 6.358472], [-75.410379, 6.358573], [-75.410135, 6.358735], [-75.409993, 6.358972], [-75.409956, 6.359283], [-75.409734, 6.359685], [-75.409551, 6.359776], [-75.409131, 6.359796], [-75.408832, 6.359707], [-75.408656, 6.358783], [-75.408386, 6.358846], [-75.407758, 6.358801], [-75.407603, 6.358677], [-75.407517, 6.35829], [-75.407089, 6.358202], [-75.406851, 6.358262], [-75.406806, 6.35847], [-75.406885, 6.358977], [-75.407269, 6.359393], [-75.407273, 6.359596], [-75.406741, 6.359935], [-75.405973, 6.360053], [-75.405815, 6.360247], [-75.40577, 6.36067], [-75.405414, 6.360713], [-75.405235, 6.360445], [-75.405245, 6.360144], [-75.405403, 6.359756], [-75.405255, 6.359096], [-75.405453, 6.358532], [-75.405775, 6.358328], [-75.40592, 6.357256], [-75.406894, 6.357143], [-75.407054, 6.357043], [-75.40702, 6.356965], [-75.40679, 6.356867], [-75.405833, 6.356795], [-75.405614, 6.356868], [-75.40547, 6.357068], [-75.405677, 6.357383], [-75.405643, 6.357961], [-75.405498, 6.358071], [-75.405151, 6.358082], [-75.404802, 6.357963], [-75.404656, 6.357134], [-75.40453, 6.356906], [-75.404302, 6.356755], [-75.403974, 6.35668], [-75.403545, 6.356682], [-75.403218, 6.356774], [-75.402994, 6.356955], [-75.402871, 6.357227], [-75.40285, 6.357588], [-75.402995, 6.358059], [-75.404132, 6.358435], [-75.404279, 6.358605], [-75.404237, 6.358833], [-75.403922, 6.359104], [-75.403847, 6.359543], [-75.403464, 6.359904], [-75.403371, 6.360231], [-75.403448, 6.360741], [-75.403776, 6.360841], [-75.40389, 6.360981], [-75.403962, 6.361463], [-75.403915, 6.361674], [-75.403774, 6.361247], [-75.403585, 6.360989], [-75.402959, 6.360856], [-75.402855, 6.360616], [-75.402898, 6.359985], [-75.401928, 6.359746], [-75.401873, 6.359483], [-75.402018, 6.358939], [-75.401959, 6.35824], [-75.402303, 6.358077], [-75.401943, 6.35798], [-75.401661, 6.357373], [-75.401188, 6.357149], [-75.402107, 6.35718], [-75.402189, 6.357118], [-75.402293, 6.356501], [-75.402647, 6.356369], [-75.40352, 6.356288], [-75.403615, 6.356102], [-75.403624, 6.355403], [-75.40381, 6.355234], [-75.404086, 6.355281], [-75.404205, 6.35552], [-75.404165, 6.355991], [-75.404036, 6.356191], [-75.404093, 6.356406], [-75.404472, 6.356488], [-75.405239, 6.356472], [-75.40592, 6.356307], [-75.406382, 6.355574], [-75.406074, 6.355367], [-75.406077, 6.354852], [-75.406224, 6.354719], [-75.406501, 6.354668], [-75.406606, 6.354506], [-75.406486, 6.354106], [-75.406133, 6.353945], [-75.406052, 6.353731], [-75.406132, 6.353605], [-75.406465, 6.353459], [-75.406518, 6.353203], [-75.406429, 6.353031], [-75.406309, 6.352998], [-75.404883, 6.35291], [-75.404871, 6.351318], [-75.404921, 6.351222], [-75.405073, 6.351305], [-75.405131, 6.351553], [-75.405773, 6.352551], [-75.40646, 6.352695], [-75.406656, 6.352978], [-75.406897, 6.353146], [-75.407013, 6.353448], [-75.407459, 6.353485], [-75.407894, 6.353159], [-75.408113, 6.35265], [-75.407859, 6.352641], [-75.407436, 6.352382], [-75.406922, 6.352278], [-75.406762, 6.352021], [-75.406648, 6.35118], [-75.406013, 6.350959], [-75.406057, 6.35082], [-75.406178, 6.35076], [-75.407026, 6.350698], [-75.407304, 6.350792], [-75.407495, 6.350983], [-75.407599, 6.35127], [-75.407705, 6.352278], [-75.408185, 6.352381], [-75.408371, 6.352534], [-75.408443, 6.353258], [-75.40842, 6.354416], [-75.407385, 6.354721], [-75.407299, 6.355261], [-75.40697, 6.355567], [-75.406989, 6.35576], [-75.407229, 6.356173], [-75.407125, 6.356739], [-75.407172, 6.357103], [-75.407535, 6.357627], [-75.40767, 6.358136], [-75.408002, 6.358211], [-75.408391, 6.358501], [-75.408724, 6.358585], [-75.408968, 6.358835], [-75.409357, 6.358842], [-75.409803, 6.358699], [-75.409988, 6.358457], [-75.410327, 6.358311], [-75.410414, 6.358143], [-75.410285, 6.357935], [-75.410205, 6.357534], [-75.410163, 6.356123], [-75.409895, 6.356004], [-75.409801, 6.355849], [-75.409633, 6.353893], [-75.409201, 6.353733], [-75.409123, 6.353366], [-75.409194, 6.352703], [-75.409536, 6.352573], [-75.409713, 6.352382], [-75.409682, 6.351949], [-75.409351, 6.351336], [-75.409272, 6.350467], [-75.409145, 6.350213], [-75.408311, 6.350164], [-75.407865, 6.35033], [-75.407668, 6.350056], [-75.407051, 6.35002], [-75.406902, 6.349915], [-75.406836, 6.349392], [-75.406918, 6.348973], [-75.407166, 6.348526], [-75.407331, 6.348497], [-75.407525, 6.348598], [-75.407762, 6.348942], [-75.407814, 6.349885], [-75.407921, 6.350149], [-75.408005, 6.35003], [-75.407979, 6.349209], [-75.40805, 6.348919], [-75.409103, 6.348933], [-75.40992, 6.349127], [-75.409894, 6.349227], [-75.409601, 6.349314], [-75.409469, 6.349449], [-75.409385, 6.349679], [-75.409412, 6.350986], [-75.409562, 6.351416], [-75.409663, 6.351457], [-75.41118, 6.351473], [-75.411317, 6.350866], [-75.411462, 6.35067], [-75.412253, 6.35055], [-75.415221, 6.350586], [-75.41589, 6.350432], [-75.416827, 6.350708], [-75.417071, 6.350866], [-75.417657, 6.350666], [-75.418188, 6.350622], [-75.418564, 6.350923], [-75.418616, 6.350398], [-75.418788, 6.349935], [-75.418736, 6.349448], [-75.418597, 6.349111], [-75.418202, 6.348969], [-75.417973, 6.348093], [-75.417359, 6.347982], [-75.416371, 6.34801], [-75.415977, 6.348119], [-75.415766, 6.348067], [-75.415858, 6.34788], [-75.415998, 6.347834], [-75.416288, 6.347514], [-75.416679, 6.347497], [-75.417194, 6.347619], [-75.417632, 6.347559], [-75.417586, 6.346404], [-75.417509, 6.346273], [-75.417153, 6.346168], [-75.417156, 6.345998], [-75.417366, 6.34593], [-75.417668, 6.346069], [-75.418437, 6.346719], [-75.418519, 6.346901], [-75.41848, 6.347135], [-75.418122, 6.347237], [-75.418004, 6.34735], [-75.418055, 6.3479], [-75.418195, 6.34812], [-75.418685, 6.348371], [-75.41896, 6.348939], [-75.419307, 6.348742], [-75.419395, 6.349283], [-75.419518, 6.349421], [-75.419804, 6.349344], [-75.420015, 6.3488], [-75.420809, 6.348467], [-75.421582, 6.348431], [-75.421934, 6.34864], [-75.422062, 6.348631], [-75.422174, 6.347976], [-75.422174, 6.347], [-75.422107, 6.346805], [-75.421921, 6.346767], [-75.421685, 6.34693], [-75.421534, 6.347328], [-75.421295, 6.34742], [-75.420979, 6.347401], [-75.420841, 6.347303], [-75.420745, 6.347], [-75.420079, 6.346961], [-75.419772, 6.34674], [-75.419682, 6.345775], [-75.419571, 6.345577], [-75.419196, 6.34565], [-75.419053, 6.346101], [-75.418799, 6.346211], [-75.418632, 6.346092], [-75.418437, 6.345688], [-75.417598, 6.345455], [-75.417457, 6.345337], [-75.417308, 6.344654], [-75.417124, 6.344378], [-75.417258, 6.344171], [-75.417348, 6.343599], [-75.417508, 6.343422], [-75.417663, 6.34299], [-75.418699, 6.342648], [-75.418849, 6.341816], [-75.419, 6.34159], [-75.419265, 6.341416], [-75.419397, 6.341096], [-75.420134, 6.34095], [-75.42134, 6.340981], [-75.421618, 6.340841], [-75.421781, 6.340652], [-75.421873, 6.339483], [-75.422014, 6.339235], [-75.422252, 6.33926], [-75.422256, 6.339628], [-75.422408, 6.339711], [-75.42256, 6.339551], [-75.422482, 6.339284], [-75.423302, 6.339137], [-75.423449, 6.339051], [-75.423693, 6.338659], [-75.425392, 6.338387], [-75.42545, 6.337196], [-75.425562, 6.336868], [-75.425786, 6.336641], [-75.426124, 6.336515], [-75.426576, 6.33649], [-75.426907, 6.3366], [-75.427118, 6.336844], [-75.427209, 6.337223], [-75.427209, 6.338606], [-75.427433, 6.338777], [-75.42827, 6.339038], [-75.428801, 6.338882], [-75.429107, 6.338562], [-75.429446, 6.337883], [-75.429488, 6.337316], [-75.429609, 6.337076], [-75.43031, 6.336924], [-75.430341, 6.336671], [-75.430252, 6.336538], [-75.429231, 6.336489], [-75.42875, 6.336303], [-75.428652, 6.336117], [-75.428595, 6.335436], [-75.42846, 6.335341], [-75.428109, 6.335382], [-75.428018, 6.336065], [-75.427936, 6.336166], [-75.427385, 6.334736], [-75.427294, 6.333812], [-75.427158, 6.333646], [-75.426832, 6.333687], [-75.426591, 6.334086], [-75.426018, 6.334219], [-75.425883, 6.335095], [-75.425753, 6.335317], [-75.424426, 6.335323], [-75.424092, 6.335195], [-75.423861, 6.334959], [-75.423733, 6.334615], [-75.423708, 6.334163], [-75.423785, 6.333576], [-75.423887, 6.333441], [-75.424292, 6.3333], [-75.424351, 6.333087], [-75.4243, 6.332594], [-75.423925, 6.331784], [-75.423542, 6.331421], [-75.423585, 6.329754], [-75.423643, 6.329538], [-75.423839, 6.329395], [-75.42386, 6.329222], [-75.423717, 6.328414], [-75.423872, 6.327121], [-75.423684, 6.326806], [-75.423856, 6.32664], [-75.423889, 6.326481], [-75.423785, 6.326339], [-75.423589, 6.326274], [-75.422777, 6.326347], [-75.422688, 6.325866], [-75.422686, 6.325516], [-75.422799, 6.325253], [-75.423028, 6.325077], [-75.423373, 6.324988], [-75.424448, 6.325015], [-75.424764, 6.325124], [-75.425401, 6.325157], [-75.4256, 6.325282], [-75.425799, 6.325908], [-75.425849, 6.327215], [-75.426237, 6.327413], [-75.426355, 6.328716], [-75.426394, 6.328841], [-75.426543, 6.328916], [-75.427113, 6.328908], [-75.427295, 6.328822], [-75.427421, 6.328668], [-75.427507, 6.328159], [-75.427627, 6.327938], [-75.427852, 6.327784], [-75.428618, 6.327679], [-75.428948, 6.327582], [-75.429173, 6.327405], [-75.429293, 6.327151], [-75.429308, 6.326817], [-75.429438, 6.326566], [-75.429683, 6.326398], [-75.430516, 6.326311], [-75.430872, 6.326431], [-75.43111, 6.326672], [-75.43123, 6.327036], [-75.431139, 6.327888], [-75.430949, 6.328137], [-75.430664, 6.328267], [-75.429673, 6.328366], [-75.429551, 6.329478], [-75.42923, 6.32972], [-75.428552, 6.329802], [-75.428463, 6.330342], [-75.428059, 6.33078], [-75.427961, 6.331878], [-75.428206, 6.333401], [-75.429554, 6.333572], [-75.429982, 6.33355], [-75.43029, 6.333396], [-75.430496, 6.332809], [-75.430827, 6.332515], [-75.43097, 6.33157], [-75.431473, 6.331464], [-75.431617, 6.331325], [-75.431586, 6.331125], [-75.431167, 6.330645], [-75.431167, 6.330533], [-75.431615, 6.330419], [-75.432064, 6.330417], [-75.432401, 6.330532], [-75.432626, 6.330762], [-75.43274, 6.331109], [-75.432727, 6.331936], [-75.432645, 6.332364], [-75.43252, 6.332552], [-75.432651, 6.332706], [-75.433872, 6.33287], [-75.435395, 6.332628], [-75.436214, 6.332613], [-75.43656, 6.332695], [-75.436791, 6.33286], [-75.436907, 6.333109], [-75.436937, 6.333895], [-75.437048, 6.334247], [-75.436779, 6.334691], [-75.43664, 6.335291], [-75.436684, 6.335433], [-75.437026, 6.33568], [-75.437027, 6.335903], [-75.436898, 6.335996], [-75.435798, 6.336094], [-75.435439, 6.336017], [-75.435206, 6.33586], [-75.4351, 6.335624], [-75.435094, 6.334879], [-75.434895, 6.33458], [-75.434833, 6.334208], [-75.434675, 6.334092], [-75.433849, 6.334053], [-75.433057, 6.334263], [-75.432801, 6.334548], [-75.432199, 6.334619], [-75.431873, 6.334442], [-75.431757, 6.33369], [-75.431656, 6.333542], [-75.431497, 6.333498], [-75.430808, 6.334211], [-75.430751, 6.334451], [-75.430873, 6.33499], [-75.431179, 6.335362], [-75.431803, 6.335768], [-75.43238, 6.335775], [-75.43261, 6.336408], [-75.432792, 6.336522], [-75.434587, 6.336753], [-75.434712, 6.336864], [-75.434778, 6.337319], [-75.435687, 6.337477], [-75.435892, 6.337864], [-75.435931, 6.338583], [-75.43601, 6.338736], [-75.436585, 6.3388], [-75.43752, 6.338735], [-75.437623, 6.33852], [-75.437855, 6.338367], [-75.438189, 6.336894], [-75.438393, 6.336705], [-75.439316, 6.336604], [-75.439402, 6.336332], [-75.43978, 6.336241], [-75.44065, 6.336237], [-75.441023, 6.336357], [-75.441273, 6.336587], [-75.4414, 6.336928], [-75.44146, 6.338119], [-75.441726, 6.338297], [-75.441851, 6.339278], [-75.442348, 6.339364], [-75.442547, 6.33972], [-75.44259, 6.34055], [-75.44247, 6.340906], [-75.442229, 6.341145], [-75.441865, 6.341265], [-75.441016, 6.341218], [-75.440772, 6.341118], [-75.440649, 6.340966], [-75.44056, 6.340391], [-75.440154, 6.34027], [-75.43971, 6.340297], [-75.439241, 6.340451], [-75.43819, 6.340512], [-75.437858, 6.340658], [-75.437058, 6.340742], [-75.436799, 6.340848], [-75.436613, 6.341041], [-75.436283, 6.342165], [-75.436141, 6.342273], [-75.435722, 6.342358], [-75.435613, 6.342567], [-75.435675, 6.342791], [-75.436089, 6.342943], [-75.436274, 6.343386], [-75.43658, 6.343545], [-75.437092, 6.343389], [-75.437465, 6.343127], [-75.437641, 6.342841], [-75.437732, 6.342434], [-75.43895, 6.342411], [-75.439307, 6.342528], [-75.439546, 6.342764], [-75.439667, 6.343119], [-75.439581, 6.344144], [-75.439487, 6.344221], [-75.439153, 6.344138], [-75.438812, 6.344302], [-75.43829, 6.344404], [-75.438221, 6.344789], [-75.438254, 6.345327], [-75.438691, 6.345453], [-75.43917, 6.345229], [-75.439799, 6.34516], [-75.439943, 6.344977], [-75.439875, 6.344537], [-75.440494, 6.344464], [-75.440716, 6.344588], [-75.440864, 6.344825], [-75.44094, 6.345175], [-75.440859, 6.346236], [-75.440774, 6.346372], [-75.440568, 6.346459], [-75.440437, 6.346853], [-75.440303, 6.346979], [-75.439696, 6.347107], [-75.439222, 6.347109], [-75.438625, 6.346907], [-75.438503, 6.346702], [-75.438432, 6.345966], [-75.438285, 6.345896], [-75.438006, 6.345942], [-75.437902, 6.346123], [-75.437863, 6.347079], [-75.437699, 6.347517], [-75.437658, 6.348213], [-75.437536, 6.348434], [-75.437294, 6.348582], [-75.43693, 6.348657], [-75.436444, 6.34866], [-75.43608, 6.348543], [-75.435836, 6.348307], [-75.435713, 6.347952], [-75.435711, 6.347477], [-75.435749, 6.346851], [-75.435913, 6.346376], [-75.435963, 6.345454], [-75.43613, 6.345038], [-75.436034, 6.344891], [-75.435899, 6.344858], [-75.434952, 6.344826], [-75.434647, 6.344703], [-75.434443, 6.344456], [-75.434339, 6.344085], [-75.434336, 6.343591], [-75.434375, 6.342937], [-75.43453, 6.342569], [-75.434503, 6.342206], [-75.434318, 6.341972], [-75.4336, 6.341835], [-75.433398, 6.340193], [-75.431984, 6.340115], [-75.43163, 6.340009], [-75.431432, 6.339813], [-75.431205, 6.339785], [-75.431049, 6.339501], [-75.430976, 6.338349], [-75.4308, 6.338126], [-75.430533, 6.338203], [-75.430478, 6.33867], [-75.430371, 6.338799], [-75.42985, 6.33894], [-75.428774, 6.33904], [-75.428716, 6.340174], [-75.428628, 6.340482], [-75.428449, 6.340691], [-75.428181, 6.340801], [-75.427248, 6.340884], [-75.427138, 6.341793], [-75.426936, 6.342159], [-75.427045, 6.342332], [-75.42775, 6.342406], [-75.427946, 6.342534], [-75.428143, 6.343134], [-75.428089, 6.34396], [-75.427974, 6.344197], [-75.427802, 6.344317], [-75.427249, 6.344359], [-75.427083, 6.344556], [-75.427085, 6.345508], [-75.427277, 6.346279], [-75.427275, 6.347176], [-75.427138, 6.347559], [-75.426874, 6.347818], [-75.426483, 6.347955], [-75.425571, 6.347917], [-75.425306, 6.347801], [-75.425168, 6.34762], [-75.42507, 6.346968], [-75.424736, 6.346921], [-75.424338, 6.347018], [-75.424282, 6.347926], [-75.424353, 6.348466], [-75.424802, 6.348579], [-75.424973, 6.348935], [-75.42501, 6.349765], [-75.424916, 6.350122], [-75.424726, 6.350363], [-75.424439, 6.350486], [-75.423432, 6.350564], [-75.423282, 6.351238], [-75.422843, 6.351644], [-75.421248, 6.35175], [-75.421097, 6.351785], [-75.420991, 6.351939], [-75.421068, 6.352126], [-75.421671, 6.352321], [-75.42323, 6.35244], [-75.423677, 6.352548], [-75.42398, 6.352744], [-75.424137, 6.353027], [-75.424219, 6.353988], [-75.424788, 6.354049], [-75.425029, 6.354405], [-75.425072, 6.355602], [-75.42488, 6.35672], [-75.42474, 6.356876], [-75.424385, 6.356994], [-75.424332, 6.357743], [-75.424209, 6.357959], [-75.423967, 6.358109], [-75.423126, 6.358213], [-75.42276, 6.358353], [-75.422507, 6.358614], [-75.422368, 6.358997], [-75.422336, 6.359893], [-75.422384, 6.360341], [-75.422542, 6.36045], [-75.423958, 6.360412], [-75.424579, 6.360592], [-75.424707, 6.360763], [-75.424783, 6.361375], [-75.425083, 6.361462], [-75.425142, 6.361584], [-75.425206, 6.362677], [-75.42509, 6.363042], [-75.424854, 6.363286], [-75.424499, 6.363409], [-75.423669, 6.363353], [-75.423431, 6.363236], [-75.42331, 6.363059], [-75.423221, 6.362399], [-75.42291, 6.362325], [-75.422707, 6.362408], [-75.422509, 6.362895], [-75.421166, 6.363106], [-75.421061, 6.363415], [-75.42109, 6.363629], [-75.421273, 6.363847], [-75.42265, 6.36395], [-75.423301, 6.364122], [-75.423449, 6.364289], [-75.423546, 6.364679], [-75.423654, 6.364797], [-75.423988, 6.36488], [-75.424223, 6.365255], [-75.424273, 6.366089], [-75.424159, 6.366445], [-75.423929, 6.366683], [-75.423583, 6.366804], [-75.422773, 6.366762], [-75.422423, 6.366539], [-75.422384, 6.3661], [-75.42223, 6.365944], [-75.419431, 6.365773], [-75.419336, 6.364715], [-75.418904, 6.363997], [-75.418832, 6.363699], [-75.418792, 6.362838], [-75.4189, 6.362479], [-75.419118, 6.362236], [-75.419446, 6.362109], [-75.420577, 6.362008], [-75.420637, 6.361365], [-75.420506, 6.36092], [-75.419766, 6.360804], [-75.420335, 6.360644], [-75.420373, 6.359966], [-75.420269, 6.359558], [-75.420114, 6.359546], [-75.419505, 6.359789], [-75.419409, 6.359755], [-75.41929, 6.359249], [-75.419087, 6.359132], [-75.418866, 6.359309], [-75.418824, 6.359927], [-75.418656, 6.360304], [-75.41787, 6.360656], [-75.417758, 6.360838], [-75.417661, 6.361299], [-75.417631, 6.363233], [-75.41715, 6.363733], [-75.416534, 6.363808], [-75.415154, 6.363798], [-75.414619, 6.363592], [-75.413398, 6.36347], [-75.413199, 6.363307], [-75.413099, 6.363061], [-75.413069, 6.362285], [-75.413007, 6.362112], [-75.412878, 6.362045], [-75.412573, 6.362037], [-75.412232, 6.362168], [-75.411143, 6.362206], [-75.410552, 6.36215], [-75.410429, 6.362092], [-75.410355, 6.361846], [-75.410233, 6.361791], [-75.409341, 6.36188], [-75.409331, 6.363113], [-75.409415, 6.363914], [-75.410006, 6.363993], [-75.410395, 6.363797], [-75.411031, 6.363744], [-75.412142, 6.363816], [-75.412787, 6.364344], [-75.412881, 6.364951], [-75.41281, 6.365929], [-75.412735, 6.365963], [-75.412469, 6.365703], [-75.412275, 6.365662], [-75.411762, 6.365855], [-75.411472, 6.36609], [-75.410778, 6.366178], [-75.4104, 6.366341], [-75.409588, 6.366502], [-75.40944, 6.366656], [-75.409422, 6.367052], [-75.409491, 6.367269], [-75.409787, 6.367427], [-75.409948, 6.367647], [-75.410261, 6.367711], [-75.410455, 6.367586], [-75.410566, 6.367254], [-75.411006, 6.367102], [-75.411277, 6.3668], [-75.413059, 6.366736], [-75.413184, 6.36783], [-75.414362, 6.367908], [-75.414724, 6.367788], [-75.414788, 6.366575], [-75.414989, 6.366235], [-75.415395, 6.366008], [-75.416004, 6.365892], [-75.416817, 6.365888], [-75.417835, 6.366044], [-75.41804, 6.366204], [-75.418106, 6.366829], [-75.419592, 6.366998], [-75.419865, 6.36735], [-75.420298, 6.367526], [-75.420486, 6.367932], [-75.421255, 6.368199], [-75.421456, 6.368652], [-75.421552, 6.369644], [-75.422635, 6.369787], [-75.42288, 6.369927], [-75.423363, 6.369969], [-75.423511, 6.370088], [-75.423611, 6.370326], [-75.423665, 6.371156], [-75.423616, 6.371803], [-75.423413, 6.372316], [-75.423442, 6.37316], [-75.423533, 6.373244], [-75.424219, 6.373369], [-75.424385, 6.373708], [-75.424714, 6.373745], [-75.425032, 6.373717], [-75.425221, 6.373604], [-75.425254, 6.372516], [-75.425369, 6.372211], [-75.425599, 6.372006], [-75.425946, 6.371903], [-75.426999, 6.371967], [-75.427126, 6.372036], [-75.427321, 6.372446], [-75.427647, 6.372534], [-75.428495, 6.372535], [-75.428818, 6.372408], [-75.428657, 6.371945], [-75.428303, 6.371711], [-75.428113, 6.371335], [-75.427652, 6.371177], [-75.427327, 6.370621], [-75.426053, 6.370346], [-75.425844, 6.370112], [-75.425738, 6.369765], [-75.425736, 6.369305], [-75.425857, 6.368002], [-75.425841, 6.366718], [-75.425945, 6.366327], [-75.426172, 6.366065], [-75.426522, 6.365933], [-75.426996, 6.365931], [-75.427352, 6.366019], [-75.427591, 6.366199], [-75.427712, 6.366469], [-75.42776, 6.367315], [-75.427858, 6.367485], [-75.428046, 6.36754], [-75.428663, 6.367485], [-75.428765, 6.366608], [-75.428867, 6.366413]], [[-75.403303, 6.359482], [-75.403484, 6.358651], [-75.402847, 6.358484], [-75.402643, 6.358225], [-75.40241, 6.358257], [-75.402297, 6.359099], [-75.402172, 6.359311], [-75.402225, 6.359492], [-75.402487, 6.359564], [-75.403194, 6.359537], [-75.403303, 6.359482]], [[-75.407985, 6.371806], [-75.408029, 6.371144], [-75.407924, 6.370933], [-75.407714, 6.370793], [-75.406983, 6.370726], [-75.406418, 6.370899], [-75.406106, 6.371475], [-75.405954, 6.3716], [-75.40551, 6.371696], [-75.405323, 6.371828], [-75.405196, 6.372071], [-75.405119, 6.372887], [-75.40521, 6.373233], [-75.405403, 6.373464], [-75.405697, 6.373578], [-75.406399, 6.373517], [-75.406617, 6.373399], [-75.406939, 6.372599], [-75.407512, 6.372532], [-75.407725, 6.372429], [-75.407826, 6.371998], [-75.407985, 6.371806]], [[-75.406665, 6.358941], [-75.406243, 6.358661], [-75.405698, 6.358668], [-75.40546, 6.358772], [-75.405409, 6.359156], [-75.40554, 6.359404], [-75.405836, 6.359643], [-75.406205, 6.359848], [-75.406513, 6.359865], [-75.406758, 6.359752], [-75.406834, 6.359562], [-75.406814, 6.359197], [-75.406665, 6.358941]], [[-75.406708, 6.354043], [-75.406826, 6.353932], [-75.406846, 6.353516], [-75.406713, 6.35354], [-75.406622, 6.353669], [-75.406708, 6.354043]], [[-75.407435, 6.378095], [-75.407901, 6.378166], [-75.408497, 6.378069], [-75.408543, 6.377735], [-75.408447, 6.377337], [-75.407995, 6.37729], [-75.4074, 6.377371], [-75.40735, 6.377825], [-75.407435, 6.378095]], [[-75.408284, 6.372657], [-75.408113, 6.372589], [-75.407929, 6.37266], [-75.40787, 6.372848], [-75.40794, 6.373046], [-75.408218, 6.37306], [-75.408284, 6.372657]], [[-75.409075, 6.372592], [-75.409278, 6.372441], [-75.409181, 6.372047], [-75.408407, 6.371909], [-75.408039, 6.372021], [-75.408036, 6.372222], [-75.408189, 6.372381], [-75.409075, 6.372592]], [[-75.408815, 6.36991], [-75.408634, 6.369804], [-75.408367, 6.36992], [-75.408309, 6.370557], [-75.408408, 6.370763], [-75.408882, 6.370967], [-75.409539, 6.370945], [-75.409838, 6.370852], [-75.409791, 6.370565], [-75.408939, 6.370397], [-75.408815, 6.36991]], [[-75.414189, 6.355104], [-75.414109, 6.354315], [-75.413985, 6.354095], [-75.413753, 6.353949], [-75.412968, 6.353879], [-75.412029, 6.353966], [-75.411537, 6.353607], [-75.410831, 6.353449], [-75.410319, 6.353463], [-75.410073, 6.353577], [-75.409792, 6.354037], [-75.409825, 6.355649], [-75.409869, 6.355843], [-75.410115, 6.356035], [-75.410201, 6.356181], [-75.410603, 6.35757], [-75.410803, 6.35779], [-75.41106, 6.357894], [-75.41199, 6.357805], [-75.412135, 6.356252], [-75.412495, 6.356167], [-75.414008, 6.355993], [-75.414135, 6.35584], [-75.414248, 6.355381], [-75.41444, 6.355357], [-75.414626, 6.355505], [-75.414752, 6.355402], [-75.415021, 6.354673], [-75.414938, 6.35466], [-75.414826, 6.354903], [-75.414511, 6.355148], [-75.41435, 6.35519], [-75.414189, 6.355104]], [[-75.418324, 6.351718], [-75.417901, 6.351536], [-75.417849, 6.351269], [-75.417719, 6.351146], [-75.417043, 6.351073], [-75.416201, 6.35064], [-75.415718, 6.350635], [-75.415589, 6.350708], [-75.415514, 6.350888], [-75.41511, 6.351019], [-75.41504, 6.35183], [-75.414917, 6.352062], [-75.414672, 6.352221], [-75.413823, 6.35232], [-75.413458, 6.352254], [-75.413215, 6.352108], [-75.413092, 6.351883], [-75.413025, 6.351004], [-75.412431, 6.350922], [-75.411557, 6.350938], [-75.411368, 6.351017], [-75.411339, 6.351194], [-75.411415, 6.352512], [-75.411637, 6.353392], [-75.411861, 6.353477], [-75.412025, 6.353755], [-75.414128, 6.353756], [-75.414235, 6.354356], [-75.414495, 6.354492], [-75.415181, 6.354437], [-75.415312, 6.353117], [-75.41558, 6.352786], [-75.415789, 6.352757], [-75.416062, 6.352555], [-75.416263, 6.351886], [-75.416639, 6.351865], [-75.417293, 6.352402], [-75.417758, 6.35251], [-75.418073, 6.352455], [-75.418291, 6.352295], [-75.418324, 6.351718]], [[-75.411773, 6.372863], [-75.413514, 6.37292], [-75.41357, 6.372557], [-75.413474, 6.372423], [-75.412826, 6.372367], [-75.41191, 6.372392], [-75.411693, 6.372518], [-75.411665, 6.372688], [-75.411773, 6.372863]], [[-75.414815, 6.358173], [-75.414494, 6.358049], [-75.4135, 6.358002], [-75.41332, 6.356247], [-75.412931, 6.356182], [-75.412255, 6.356253], [-75.412159, 6.357583], [-75.411951, 6.358176], [-75.412072, 6.358676], [-75.412108, 6.359714], [-75.412196, 6.359915], [-75.412919, 6.360103], [-75.413508, 6.360007], [-75.413629, 6.359746], [-75.413447, 6.35933], [-75.413543, 6.359135], [-75.414024, 6.359323], [-75.414412, 6.359728], [-75.41484, 6.35978], [-75.415014, 6.359711], [-75.415071, 6.359581], [-75.414932, 6.35931], [-75.414815, 6.358173]], [[-75.413836, 6.37408], [-75.413572, 6.373873], [-75.413327, 6.373831], [-75.413221, 6.374168], [-75.413261, 6.374792], [-75.413642, 6.374896], [-75.413957, 6.37485], [-75.41404, 6.374468], [-75.413836, 6.37408]], [[-75.414142, 6.360628], [-75.413776, 6.360601], [-75.413693, 6.360793], [-75.413716, 6.361521], [-75.41379, 6.361668], [-75.414047, 6.36174], [-75.414229, 6.361527], [-75.414242, 6.360825], [-75.414142, 6.360628]], [[-75.414778, 6.375921], [-75.414559, 6.375779], [-75.41396, 6.375758], [-75.413814, 6.37583], [-75.413763, 6.376041], [-75.413883, 6.376244], [-75.414241, 6.376366], [-75.414398, 6.376649], [-75.41461, 6.376684], [-75.414792, 6.376588], [-75.414852, 6.376436], [-75.414778, 6.375921]], [[-75.415092, 6.358078], [-75.41526, 6.358036], [-75.415259, 6.357768], [-75.41505, 6.35758], [-75.414204, 6.357632], [-75.414787, 6.357805], [-75.415092, 6.358078]], [[-75.415402, 6.356851], [-75.415999, 6.356801], [-75.416423, 6.356455], [-75.416444, 6.356299], [-75.415507, 6.356063], [-75.415193, 6.356144], [-75.414762, 6.35612], [-75.414579, 6.356206], [-75.414582, 6.356336], [-75.414864, 6.356531], [-75.414981, 6.356738], [-75.415402, 6.356851]], [[-75.417396, 6.36288], [-75.417431, 6.362042], [-75.417332, 6.361771], [-75.417135, 6.361591], [-75.41684, 6.361502], [-75.415939, 6.361566], [-75.415464, 6.362012], [-75.415376, 6.363046], [-75.415482, 6.363384], [-75.415703, 6.363609], [-75.416039, 6.36372], [-75.417067, 6.363596], [-75.417191, 6.363476], [-75.417232, 6.363191], [-75.417396, 6.36288]], [[-75.415843, 6.356933], [-75.415476, 6.356989], [-75.415368, 6.357138], [-75.415399, 6.357337], [-75.415793, 6.357422], [-75.416218, 6.357302], [-75.416178, 6.357071], [-75.415843, 6.356933]], [[-75.416281, 6.36876], [-75.416405, 6.368395], [-75.416312, 6.367941], [-75.415961, 6.367894], [-75.415534, 6.367991], [-75.415486, 6.368358], [-75.415576, 6.368812], [-75.415879, 6.368859], [-75.416281, 6.36876]], [[-75.417443, 6.355402], [-75.417204, 6.354261], [-75.417075, 6.354016], [-75.416843, 6.353854], [-75.416506, 6.353773], [-75.415743, 6.353842], [-75.415537, 6.353973], [-75.415448, 6.354168], [-75.415545, 6.355438], [-75.415907, 6.355569], [-75.416635, 6.355595], [-75.417177, 6.355815], [-75.417443, 6.356073], [-75.417443, 6.355402]], [[-75.418305, 6.359251], [-75.418291, 6.358811], [-75.418171, 6.358484], [-75.417945, 6.35827], [-75.417611, 6.35817], [-75.416611, 6.358323], [-75.41631, 6.35888], [-75.415815, 6.359153], [-75.415706, 6.359295], [-75.415857, 6.359909], [-75.416837, 6.360089], [-75.416971, 6.36074], [-75.417353, 6.360865], [-75.417571, 6.360714], [-75.417767, 6.360083], [-75.418069, 6.359968], [-75.418193, 6.35983], [-75.418305, 6.359251]], [[-75.416461, 6.365979], [-75.416351, 6.36598], [-75.416269, 6.366094], [-75.416189, 6.366659], [-75.416221, 6.367449], [-75.416363, 6.367787], [-75.416476, 6.367786], [-75.416559, 6.367673], [-75.416637, 6.367108], [-75.416602, 6.366317], [-75.416461, 6.365979]], [[-75.417163, 6.356906], [-75.416992, 6.356772], [-75.416804, 6.356847], [-75.416616, 6.35716], [-75.416654, 6.357349], [-75.416851, 6.357481], [-75.416984, 6.35745], [-75.417163, 6.356906]], [[-75.417523, 6.367158], [-75.417044, 6.367561], [-75.417062, 6.367891], [-75.417332, 6.367997], [-75.417701, 6.367953], [-75.417803, 6.367644], [-75.417745, 6.367222], [-75.417523, 6.367158]], [[-75.420917, 6.356497], [-75.420925, 6.354286], [-75.419788, 6.354105], [-75.419589, 6.353896], [-75.419129, 6.353713], [-75.419019, 6.353387], [-75.418952, 6.352649], [-75.418236, 6.352563], [-75.418025, 6.35286], [-75.417256, 6.352974], [-75.417197, 6.353555], [-75.417495, 6.354246], [-75.417614, 6.355125], [-75.418457, 6.355238], [-75.418658, 6.355382], [-75.418816, 6.355646], [-75.419155, 6.355771], [-75.419324, 6.356996], [-75.41995, 6.357087], [-75.420712, 6.357028], [-75.420917, 6.356497]], [[-75.420175, 6.342275], [-75.419048, 6.342419], [-75.418409, 6.342907], [-75.417748, 6.34313], [-75.417635, 6.343501], [-75.417445, 6.343676], [-75.417376, 6.343966], [-75.417377, 6.344469], [-75.417515, 6.345152], [-75.417627, 6.345302], [-75.418146, 6.345462], [-75.419195, 6.345468], [-75.419354, 6.34497], [-75.41962, 6.344578], [-75.42009, 6.344309], [-75.420543, 6.344208], [-75.42069, 6.344078], [-75.420858, 6.34351], [-75.420877, 6.342739], [-75.420805, 6.342387], [-75.420553, 6.342243], [-75.420536, 6.341729], [-75.42015, 6.34163], [-75.419326, 6.341677], [-75.420083, 6.34181], [-75.420273, 6.341955], [-75.420273, 6.342151], [-75.420175, 6.342275]], [[-75.42046, 6.352211], [-75.419752, 6.351722], [-75.419782, 6.351], [-75.419948, 6.350722], [-75.420952, 6.350755], [-75.421059, 6.350882], [-75.421085, 6.351176], [-75.421426, 6.351306], [-75.422217, 6.351292], [-75.422555, 6.351186], [-75.422779, 6.350999], [-75.422891, 6.35073], [-75.422839, 6.350111], [-75.42259, 6.349815], [-75.422236, 6.349715], [-75.422123, 6.349597], [-75.421953, 6.349064], [-75.421843, 6.348954], [-75.420898, 6.34875], [-75.420335, 6.348832], [-75.419793, 6.349653], [-75.419455, 6.349882], [-75.419698, 6.350793], [-75.419629, 6.351103], [-75.419451, 6.351195], [-75.418823, 6.35116], [-75.418543, 6.351563], [-75.419019, 6.351707], [-75.419188, 6.352447], [-75.419645, 6.352556], [-75.419727, 6.35332], [-75.419959, 6.35369], [-75.42088, 6.353873], [-75.421182, 6.354221], [-75.42149, 6.35434], [-75.421578, 6.354834], [-75.421675, 6.354969], [-75.422109, 6.355103], [-75.423051, 6.35517], [-75.423201, 6.355381], [-75.423155, 6.355966], [-75.422313, 6.356072], [-75.421913, 6.356247], [-75.421772, 6.357001], [-75.420444, 6.357171], [-75.420046, 6.357322], [-75.419994, 6.357416], [-75.419907, 6.358827], [-75.419452, 6.359014], [-75.420057, 6.35918], [-75.42048, 6.35906], [-75.420794, 6.359121], [-75.421076, 6.359679], [-75.421109, 6.360195], [-75.42103, 6.360627], [-75.421137, 6.360667], [-75.421255, 6.360628], [-75.421296, 6.360499], [-75.421388, 6.359143], [-75.422218, 6.358933], [-75.422337, 6.357245], [-75.42284, 6.357162], [-75.423311, 6.356908], [-75.42405, 6.356782], [-75.424242, 6.356534], [-75.424254, 6.356014], [-75.424765, 6.355847], [-75.424856, 6.355338], [-75.42466, 6.355056], [-75.423851, 6.354974], [-75.423686, 6.354866], [-75.423714, 6.354548], [-75.424008, 6.354278], [-75.424063, 6.353692], [-75.424049, 6.35324], [-75.423926, 6.352899], [-75.423694, 6.352669], [-75.423352, 6.352549], [-75.422558, 6.352567], [-75.422196, 6.352731], [-75.422076, 6.353054], [-75.421722, 6.353117], [-75.421584, 6.352981], [-75.421448, 6.352514], [-75.42046, 6.352211]], [[-75.419045, 6.35762], [-75.419166, 6.357556], [-75.419217, 6.35736], [-75.41914, 6.357262], [-75.418963, 6.357243], [-75.418849, 6.357565], [-75.418883, 6.358609], [-75.419045, 6.35762]], [[-75.420869, 6.363682], [-75.420896, 6.362486], [-75.420742, 6.362275], [-75.41954, 6.362213], [-75.41921, 6.362325], [-75.418991, 6.362546], [-75.418883, 6.362877], [-75.418922, 6.363667], [-75.419102, 6.364097], [-75.419353, 6.364324], [-75.419474, 6.365169], [-75.419589, 6.36543], [-75.419812, 6.365604], [-75.420584, 6.365687], [-75.420913, 6.365579], [-75.421132, 6.365363], [-75.421241, 6.365041], [-75.421213, 6.364279], [-75.421091, 6.363902], [-75.420869, 6.363682]], [[-75.421095, 6.346833], [-75.42139, 6.34675], [-75.421474, 6.346586], [-75.421513, 6.346013], [-75.421405, 6.345765], [-75.42119, 6.345597], [-75.420868, 6.345508], [-75.419847, 6.345551], [-75.420464, 6.346005], [-75.420832, 6.346681], [-75.421095, 6.346833]], [[-75.420867, 6.351758], [-75.420915, 6.351539], [-75.420784, 6.351402], [-75.420454, 6.351382], [-75.420315, 6.351493], [-75.4203, 6.351687], [-75.420386, 6.351792], [-75.42065, 6.351829], [-75.420867, 6.351758]], [[-75.422786, 6.345811], [-75.4225, 6.344855], [-75.422192, 6.34469], [-75.422119, 6.344565], [-75.421933, 6.342869], [-75.421314, 6.342833], [-75.420975, 6.342919], [-75.420891, 6.344038], [-75.420763, 6.344313], [-75.420532, 6.344477], [-75.420543, 6.344829], [-75.420728, 6.344918], [-75.421577, 6.344993], [-75.421783, 6.345288], [-75.421893, 6.34599], [-75.422244, 6.346008], [-75.422695, 6.345902], [-75.422786, 6.345811]], [[-75.421881, 6.374975], [-75.422156, 6.374671], [-75.422124, 6.374227], [-75.42127, 6.374067], [-75.42105, 6.374195], [-75.421001, 6.374595], [-75.421215, 6.375052], [-75.421481, 6.375116], [-75.421881, 6.374975]], [[-75.421446, 6.341845], [-75.42127, 6.341724], [-75.421029, 6.341754], [-75.420888, 6.341899], [-75.420894, 6.342104], [-75.421137, 6.342277], [-75.421422, 6.342262], [-75.421529, 6.342075], [-75.421446, 6.341845]], [[-75.421013, 6.34148], [-75.421119, 6.341471], [-75.421119, 6.341389], [-75.420961, 6.341385], [-75.421013, 6.34148]], [[-75.421914, 6.340662], [-75.42191, 6.341726], [-75.422004, 6.341974], [-75.422156, 6.341831], [-75.422235, 6.341209], [-75.4231, 6.341049], [-75.422748, 6.340954], [-75.422302, 6.340585], [-75.422048, 6.340535], [-75.421914, 6.340662]], [[-75.422621, 6.361004], [-75.422697, 6.36083], [-75.422644, 6.360658], [-75.422455, 6.360573], [-75.422334, 6.36061], [-75.42219, 6.360796], [-75.422228, 6.360957], [-75.422411, 6.361052], [-75.422621, 6.361004]], [[-75.424118, 6.348167], [-75.424143, 6.346101], [-75.42427, 6.345952], [-75.424819, 6.345768], [-75.42499, 6.34534], [-75.424977, 6.34422], [-75.424886, 6.343954], [-75.42472, 6.343898], [-75.42464, 6.343708], [-75.42469, 6.343535], [-75.424889, 6.343383], [-75.424913, 6.342728], [-75.424815, 6.342566], [-75.424379, 6.342461], [-75.423363, 6.342493], [-75.423088, 6.342589], [-75.422958, 6.342753], [-75.422602, 6.34286], [-75.422597, 6.344578], [-75.422795, 6.344938], [-75.422902, 6.345441], [-75.423073, 6.345577], [-75.423124, 6.345799], [-75.422895, 6.34603], [-75.422444, 6.346097], [-75.422274, 6.346424], [-75.422253, 6.347504], [-75.422397, 6.348186], [-75.422386, 6.348736], [-75.422699, 6.348858], [-75.423477, 6.34889], [-75.423808, 6.348772], [-75.424021, 6.348531], [-75.424118, 6.348167]], [[-75.424625, 6.361522], [-75.423545, 6.361522], [-75.423393, 6.361624], [-75.423335, 6.361979], [-75.423426, 6.362131], [-75.423844, 6.362281], [-75.424417, 6.362234], [-75.42458, 6.362143], [-75.424661, 6.362007], [-75.424625, 6.361522]], [[-75.423618, 6.339363], [-75.423538, 6.340207], [-75.423606, 6.340401], [-75.423618, 6.339363]], [[-75.426966, 6.331322], [-75.426868, 6.3312], [-75.426743, 6.330579], [-75.426268, 6.330464], [-75.426099, 6.330261], [-75.426052, 6.33004], [-75.426031, 6.329738], [-75.426008, 6.328837], [-75.425898, 6.328532], [-75.425784, 6.327455], [-75.425543, 6.327239], [-75.425368, 6.326832], [-75.424954, 6.326727], [-75.424244, 6.326795], [-75.424222, 6.32725], [-75.423951, 6.327443], [-75.423881, 6.327775], [-75.423867, 6.330522], [-75.423816, 6.33068], [-75.423652, 6.330797], [-75.423615, 6.33114], [-75.423664, 6.331342], [-75.424459, 6.332299], [-75.424654, 6.333065], [-75.424796, 6.333317], [-75.424642, 6.333478], [-75.423931, 6.333574], [-75.423763, 6.333801], [-75.4238, 6.33421], [-75.424031, 6.334371], [-75.424083, 6.334968], [-75.42418, 6.335129], [-75.424661, 6.335288], [-75.425333, 6.335214], [-75.425524, 6.335073], [-75.42562, 6.334862], [-75.425642, 6.334186], [-75.425763, 6.333932], [-75.42627, 6.33395], [-75.426369, 6.333707], [-75.426832, 6.333279], [-75.427465, 6.333202], [-75.427802, 6.333059], [-75.42785, 6.332593], [-75.427602, 6.332217], [-75.427547, 6.331966], [-75.427795, 6.331487], [-75.426966, 6.331322]], [[-75.425189, 6.340437], [-75.424587, 6.340367], [-75.423765, 6.340465], [-75.423736, 6.340918], [-75.423861, 6.341514], [-75.424416, 6.34156], [-75.425179, 6.341478], [-75.425256, 6.340826], [-75.425189, 6.340437]], [[-75.426766, 6.344311], [-75.426591, 6.343935], [-75.426083, 6.343364], [-75.425828, 6.343501], [-75.425638, 6.343947], [-75.42517, 6.344117], [-75.425127, 6.344428], [-75.425384, 6.344691], [-75.425068, 6.34544], [-75.424934, 6.346012], [-75.425073, 6.346383], [-75.425254, 6.346397], [-75.425449, 6.346151], [-75.425879, 6.346049], [-75.426184, 6.345847], [-75.426641, 6.344969], [-75.426766, 6.344311]], [[-75.427293, 6.338894], [-75.426861, 6.339007], [-75.426727, 6.33965], [-75.426406, 6.339921], [-75.425484, 6.34002], [-75.425286, 6.339626], [-75.425238, 6.34005], [-75.42535, 6.340535], [-75.425316, 6.341195], [-75.425435, 6.341336], [-75.425995, 6.341475], [-75.426773, 6.341402], [-75.427009, 6.341261], [-75.427142, 6.34105], [-75.427245, 6.340551], [-75.427357, 6.340392], [-75.427848, 6.340164], [-75.427991, 6.339811], [-75.427912, 6.339177], [-75.427734, 6.338994], [-75.427293, 6.338894]], [[-75.42636, 6.338713], [-75.426355, 6.338328], [-75.42581, 6.338297], [-75.425473, 6.338377], [-75.425426, 6.338779], [-75.425514, 6.33924], [-75.425744, 6.339397], [-75.425967, 6.339386], [-75.42636, 6.338713]], [[-75.426086, 6.346546], [-75.426775, 6.346509], [-75.427056, 6.346365], [-75.427045, 6.346253], [-75.426835, 6.346113], [-75.426378, 6.346087], [-75.425961, 6.346175], [-75.425679, 6.346379], [-75.425685, 6.346465], [-75.426086, 6.346546]], [[-75.426018, 6.342444], [-75.426426, 6.342186], [-75.426404, 6.342032], [-75.426249, 6.341944], [-75.425963, 6.342008], [-75.425933, 6.342389], [-75.426018, 6.342444]], [[-75.426466, 6.330289], [-75.426575, 6.330056], [-75.426577, 6.329489], [-75.426527, 6.329344], [-75.426354, 6.329273], [-75.426115, 6.32942], [-75.426069, 6.330118], [-75.42619, 6.330312], [-75.426466, 6.330289]], [[-75.429523, 6.327745], [-75.428304, 6.327857], [-75.428031, 6.327966], [-75.427849, 6.328182], [-75.42776, 6.328504], [-75.427762, 6.328933], [-75.427865, 6.329255], [-75.428069, 6.329468], [-75.428374, 6.329574], [-75.429085, 6.329499], [-75.429288, 6.329355], [-75.429389, 6.32914], [-75.42943, 6.328457], [-75.429595, 6.328141], [-75.429523, 6.327745]], [[-75.430453, 6.373574], [-75.430314, 6.373136], [-75.429949, 6.372815], [-75.429671, 6.372753], [-75.429414, 6.372809], [-75.429307, 6.374164], [-75.429161, 6.374487], [-75.428806, 6.374605], [-75.428754, 6.375043], [-75.428811, 6.375368], [-75.429677, 6.375444], [-75.430273, 6.375398], [-75.430453, 6.373574]], [[-75.430528, 6.335137], [-75.430516, 6.334934], [-75.430402, 6.334782], [-75.429871, 6.334632], [-75.429141, 6.334678], [-75.428829, 6.334891], [-75.428852, 6.335365], [-75.42898, 6.335424], [-75.430232, 6.335392], [-75.430528, 6.335137]], [[-75.43042, 6.376029], [-75.43035, 6.376281], [-75.430426, 6.376564], [-75.430664, 6.37661], [-75.430947, 6.376534], [-75.430993, 6.376295], [-75.430917, 6.376012], [-75.430693, 6.375958], [-75.43042, 6.376029]], [[-75.432288, 6.337583], [-75.432255, 6.336692], [-75.432145, 6.336471], [-75.431918, 6.336324], [-75.431573, 6.336252], [-75.430417, 6.336324], [-75.430638, 6.336671], [-75.43072, 6.337492], [-75.430873, 6.337947], [-75.431566, 6.338193], [-75.431758, 6.339451], [-75.431914, 6.339636], [-75.432138, 6.339728], [-75.432651, 6.339703], [-75.43287, 6.33959], [-75.432828, 6.339364], [-75.432617, 6.339134], [-75.432992, 6.338421], [-75.433039, 6.337579], [-75.432897, 6.337534], [-75.432676, 6.337841], [-75.432435, 6.337818], [-75.432288, 6.337583]], [[-75.431826, 6.33227], [-75.432122, 6.332221], [-75.432206, 6.332125], [-75.432215, 6.331646], [-75.432059, 6.331503], [-75.431832, 6.331552], [-75.431684, 6.331792], [-75.431648, 6.332127], [-75.431826, 6.33227]], [[-75.432365, 6.333884], [-75.432701, 6.334049], [-75.432844, 6.333979], [-75.432743, 6.333689], [-75.432509, 6.333632], [-75.432331, 6.333464], [-75.43217, 6.332863], [-75.431886, 6.332848], [-75.431802, 6.333018], [-75.431847, 6.333335], [-75.432365, 6.333884]], [[-75.433994, 6.374123], [-75.433157, 6.373962], [-75.43298, 6.373582], [-75.432903, 6.372772], [-75.432656, 6.372712], [-75.432478, 6.372811], [-75.432321, 6.37346], [-75.432296, 6.374178], [-75.432381, 6.375468], [-75.432495, 6.375852], [-75.432782, 6.375805], [-75.432852, 6.375163], [-75.433059, 6.374864], [-75.433987, 6.374724], [-75.434066, 6.374453], [-75.433994, 6.374123]], [[-75.43423, 6.377871], [-75.434309, 6.37764], [-75.434221, 6.377397], [-75.433434, 6.377352], [-75.433214, 6.377393], [-75.43312, 6.377528], [-75.433127, 6.377801], [-75.43327, 6.377923], [-75.433825, 6.377951], [-75.43423, 6.377871]], [[-75.433978, 6.338599], [-75.433928, 6.337509], [-75.433756, 6.337432], [-75.433566, 6.337462], [-75.433388, 6.337593], [-75.433299, 6.337853], [-75.433546, 6.338448], [-75.433151, 6.338751], [-75.433175, 6.339274], [-75.43349, 6.339355], [-75.433894, 6.339303], [-75.433978, 6.338599]], [[-75.436386, 6.341241], [-75.436243, 6.340557], [-75.435657, 6.340399], [-75.43523, 6.339608], [-75.43528, 6.339388], [-75.435645, 6.33919], [-75.435617, 6.338928], [-75.434717, 6.338746], [-75.434289, 6.339281], [-75.434414, 6.339468], [-75.434392, 6.339663], [-75.433918, 6.33982], [-75.433824, 6.340282], [-75.433919, 6.34064], [-75.434425, 6.340802], [-75.434611, 6.34199], [-75.434963, 6.342264], [-75.435648, 6.342201], [-75.43627, 6.341749], [-75.436386, 6.341241]], [[-75.43466, 6.338169], [-75.434623, 6.337671], [-75.43454, 6.33753], [-75.434414, 6.337459], [-75.434135, 6.337487], [-75.434089, 6.337618], [-75.434356, 6.338286], [-75.434544, 6.338508], [-75.43466, 6.338169]], [[-75.438097, 6.344821], [-75.438128, 6.343675], [-75.438039, 6.343184], [-75.437836, 6.343299], [-75.437716, 6.343903], [-75.437193, 6.343982], [-75.436338, 6.343952], [-75.436107, 6.343543], [-75.435656, 6.343515], [-75.435569, 6.343133], [-75.435343, 6.342968], [-75.434847, 6.342955], [-75.434637, 6.343072], [-75.434497, 6.343293], [-75.43443, 6.344047], [-75.434538, 6.344371], [-75.434752, 6.344589], [-75.435072, 6.344702], [-75.436177, 6.344792], [-75.436243, 6.34553], [-75.436343, 6.345716], [-75.436539, 6.345839], [-75.436834, 6.3459], [-75.437962, 6.345838], [-75.438097, 6.344821]], [[-75.436109, 6.334041], [-75.435828, 6.333371], [-75.435496, 6.333221], [-75.435062, 6.333288], [-75.434877, 6.333523], [-75.434933, 6.33395], [-75.435116, 6.334091], [-75.435187, 6.334354], [-75.435323, 6.334487], [-75.435844, 6.334474], [-75.43604, 6.334266], [-75.436912, 6.334321], [-75.436771, 6.334182], [-75.436109, 6.334041]], [[-75.437577, 6.347095], [-75.437497, 6.346859], [-75.437011, 6.34676], [-75.436114, 6.346857], [-75.435997, 6.347075], [-75.43628, 6.347237], [-75.436969, 6.347284], [-75.43747, 6.347194], [-75.437577, 6.347095]], [[-75.44171, 6.339532], [-75.441636, 6.338722], [-75.441528, 6.33849], [-75.441373, 6.338374], [-75.440691, 6.338291], [-75.440444, 6.337605], [-75.440109, 6.337473], [-75.440014, 6.336808], [-75.43995, 6.336712], [-75.439732, 6.336666], [-75.439568, 6.336794], [-75.43942, 6.337458], [-75.438514, 6.337623], [-75.438147, 6.337851], [-75.437907, 6.338677], [-75.437715, 6.338912], [-75.437678, 6.340056], [-75.43775, 6.340335], [-75.438296, 6.340192], [-75.440373, 6.340199], [-75.441048, 6.340096], [-75.441494, 6.339874], [-75.44171, 6.339532]], [[-75.439501, 6.346339], [-75.440132, 6.346266], [-75.440312, 6.346124], [-75.4404, 6.34563], [-75.44028, 6.345208], [-75.440048, 6.3453], [-75.439588, 6.345843], [-75.438989, 6.345911], [-75.438958, 6.346139], [-75.439049, 6.34624], [-75.439501, 6.346339]]], [[[-75.432453, 6.357935], [-75.432132, 6.358123], [-75.431673, 6.358151], [-75.431573, 6.357968], [-75.431599, 6.357592], [-75.431848, 6.357466], [-75.432303, 6.357566], [-75.432476, 6.357731], [-75.432453, 6.357935]]], [[[-75.433416, 6.359733], [-75.43374, 6.359692], [-75.433845, 6.359808], [-75.43383, 6.359985], [-75.433693, 6.360087], [-75.433519, 6.360063], [-75.433403, 6.359904], [-75.433416, 6.359733]]], [[[-75.433536, 6.362396], [-75.433813, 6.362621], [-75.433753, 6.3628], [-75.433592, 6.362842], [-75.433397, 6.362722], [-75.433409, 6.362459], [-75.433536, 6.362396]]], [[[-75.435124, 6.378795], [-75.436164, 6.3787], [-75.43643, 6.378296], [-75.43673, 6.376768], [-75.436723, 6.378218], [-75.436513, 6.378451], [-75.436252, 6.379122], [-75.436298, 6.379748], [-75.436391, 6.379943], [-75.436592, 6.379892], [-75.436913, 6.379602], [-75.437196, 6.379551], [-75.437742, 6.379265], [-75.439081, 6.379118], [-75.439197, 6.37899], [-75.438948, 6.378333], [-75.43896, 6.376944], [-75.439967, 6.376854], [-75.440163, 6.376174], [-75.440055, 6.377441], [-75.440355, 6.378285], [-75.440164, 6.378655], [-75.440075, 6.379147], [-75.439942, 6.37932], [-75.439454, 6.379428], [-75.437796, 6.379517], [-75.43709, 6.379669], [-75.436773, 6.379894], [-75.435821, 6.381009], [-75.435048, 6.381035], [-75.433972, 6.38083], [-75.43401, 6.380629], [-75.434248, 6.38042], [-75.434921, 6.380291], [-75.435011, 6.378915], [-75.435124, 6.378795]], [[-75.436131, 6.380548], [-75.43615, 6.380404], [-75.436013, 6.38027], [-75.435335, 6.38024], [-75.435038, 6.380352], [-75.434938, 6.380749], [-75.435098, 6.380952], [-75.43541, 6.380966], [-75.435785, 6.380829], [-75.436131, 6.380548]], [[-75.439071, 6.377538], [-75.439016, 6.377639], [-75.43905, 6.377807], [-75.439105, 6.377706], [-75.439071, 6.377538]], [[-75.440046, 6.37908], [-75.440006, 6.378873], [-75.439862, 6.378779], [-75.439554, 6.378787], [-75.439414, 6.378935], [-75.43948, 6.37914], [-75.439766, 6.379303], [-75.439936, 6.379258], [-75.440046, 6.37908]]], [[[-75.437084, 6.375338], [-75.437254, 6.375237], [-75.438638, 6.375028], [-75.439163, 6.37453], [-75.439579, 6.374413], [-75.439729, 6.374548], [-75.439796, 6.37502], [-75.440207, 6.375765], [-75.440147, 6.375846], [-75.440023, 6.375512], [-75.439745, 6.375164], [-75.439543, 6.374555], [-75.4391, 6.374712], [-75.438725, 6.375121], [-75.437822, 6.375215], [-75.437308, 6.375394], [-75.437081, 6.37567], [-75.436781, 6.376387], [-75.437084, 6.375338]]], [[[-75.432371, 6.376321], [-75.4323, 6.37712], [-75.431605, 6.377157], [-75.431346, 6.377061], [-75.431327, 6.376896], [-75.431472, 6.376701], [-75.432163, 6.376195], [-75.432371, 6.376321]]], [[[-75.427535, 6.377353], [-75.428105, 6.3773], [-75.428188, 6.37696], [-75.428146, 6.376341], [-75.427781, 6.376282], [-75.427393, 6.376352], [-75.427271, 6.376467], [-75.427172, 6.376858], [-75.42701, 6.377019], [-75.426712, 6.377118], [-75.424781, 6.377196], [-75.42471, 6.377398], [-75.424797, 6.377684], [-75.42483, 6.378766], [-75.424728, 6.379117], [-75.424521, 6.379359], [-75.424211, 6.379491], [-75.423135, 6.379619], [-75.423089, 6.380021], [-75.423169, 6.380531], [-75.42397, 6.380587], [-75.424516, 6.38042], [-75.425313, 6.380367], [-75.425532, 6.380256], [-75.426269, 6.380165], [-75.426553, 6.379957], [-75.427018, 6.379867], [-75.426909, 6.379994], [-75.426577, 6.380088], [-75.426388, 6.380399], [-75.424423, 6.380619], [-75.424315, 6.381312], [-75.424188, 6.381527], [-75.423623, 6.381511], [-75.423364, 6.38136], [-75.423074, 6.380438], [-75.422966, 6.37754], [-75.422771, 6.377313], [-75.422192, 6.376981], [-75.422192, 6.376172], [-75.422289, 6.375644], [-75.422663, 6.3756], [-75.42301, 6.375935], [-75.424533, 6.376133], [-75.42504, 6.376285], [-75.425174, 6.376403], [-75.425256, 6.37684], [-75.425373, 6.376949], [-75.425919, 6.377055], [-75.426348, 6.377053], [-75.426893, 6.376924], [-75.427009, 6.376797], [-75.427074, 6.37632], [-75.427177, 6.376254], [-75.428218, 6.376228], [-75.42829, 6.376664], [-75.428257, 6.377388], [-75.427508, 6.377487], [-75.427355, 6.377645], [-75.427208, 6.378217], [-75.427142, 6.379281], [-75.427067, 6.379717], [-75.427137, 6.378025], [-75.4273, 6.377455], [-75.427535, 6.377353]]], [[[-75.410329, 6.375473], [-75.410017, 6.375213], [-75.410038, 6.374999], [-75.410159, 6.374903], [-75.410407, 6.374934], [-75.410547, 6.375102], [-75.410491, 6.375309], [-75.410329, 6.375473]]], [[[-75.411644, 6.374903], [-75.411769, 6.375051], [-75.411725, 6.375205], [-75.411489, 6.375339], [-75.411359, 6.37532], [-75.411272, 6.375144], [-75.411305, 6.375017], [-75.411644, 6.374903]]], [[[-75.410884, 6.377382], [-75.411141, 6.377666], [-75.411674, 6.377844], [-75.412019, 6.378068], [-75.41205, 6.378633], [-75.41151, 6.378748], [-75.411392, 6.378961], [-75.411333, 6.379375], [-75.411139, 6.379552], [-75.409624, 6.379384], [-75.409351, 6.379263], [-75.409373, 6.378902], [-75.410342, 6.378779], [-75.410566, 6.378648], [-75.410558, 6.378386], [-75.410427, 6.378138], [-75.410429, 6.377815], [-75.410661, 6.377436], [-75.410884, 6.377382]]], [[[-75.40513, 6.361318], [-75.404816, 6.361521], [-75.40433, 6.361586], [-75.40417, 6.361421], [-75.404159, 6.361134], [-75.404335, 6.36092], [-75.404915, 6.360915], [-75.405094, 6.361025], [-75.40513, 6.361318]]], [[[-75.401312, 6.359581], [-75.400895, 6.359414], [-75.400654, 6.359301], [-75.401385, 6.359292], [-75.401639, 6.359387], [-75.401673, 6.359618], [-75.401312, 6.359581]]], [[[-75.41245, 6.348835], [-75.412854, 6.348655], [-75.414024, 6.348708], [-75.41459, 6.348585], [-75.414851, 6.348437], [-75.415336, 6.348508], [-75.414513, 6.348755], [-75.414389, 6.349115], [-75.414216, 6.349246], [-75.414166, 6.349489], [-75.414219, 6.349943], [-75.414389, 6.350226], [-75.414327, 6.350345], [-75.414136, 6.350419], [-75.413448, 6.350377], [-75.413249, 6.348833], [-75.413185, 6.34878], [-75.412884, 6.348931], [-75.412572, 6.348951], [-75.412468, 6.348933], [-75.41245, 6.348835]]], [[[-75.404164, 6.357226], [-75.404437, 6.357106], [-75.404556, 6.357184], [-75.404583, 6.357336], [-75.404431, 6.357568], [-75.404269, 6.357605], [-75.404102, 6.357444], [-75.404164, 6.357226]]], [[[-75.41943, 6.340513], [-75.419298, 6.34033], [-75.419332, 6.339982], [-75.419452, 6.33988], [-75.419681, 6.339904], [-75.419788, 6.340017], [-75.419797, 6.340386], [-75.419632, 6.340529], [-75.41943, 6.340513]]], [[[-75.406475, 6.365581], [-75.40614, 6.365615], [-75.40611, 6.365603], [-75.406412, 6.365481], [-75.406475, 6.365581]]], [[[-75.438837, 6.348483], [-75.439323, 6.348475], [-75.439688, 6.348585], [-75.439932, 6.348813], [-75.440055, 6.349158], [-75.440057, 6.349621], [-75.43994, 6.349972], [-75.439704, 6.35021], [-75.439349, 6.350336], [-75.438875, 6.350349], [-75.438516, 6.350242], [-75.438272, 6.350014], [-75.438143, 6.349666], [-75.438129, 6.349197], [-75.43824, 6.348844], [-75.438476, 6.348606], [-75.438837, 6.348483]]], [[[-75.406673, 6.368651], [-75.406513, 6.368775], [-75.406259, 6.368811], [-75.405039, 6.368787], [-75.404673, 6.368549], [-75.404626, 6.368084], [-75.404528, 6.367957], [-75.404341, 6.367904], [-75.403766, 6.367971], [-75.403668, 6.368357], [-75.40357, 6.368335], [-75.403473, 6.367965], [-75.403622, 6.367852], [-75.403778, 6.367431], [-75.403802, 6.366301], [-75.403734, 6.365821], [-75.40326, 6.365742], [-75.403482, 6.3653], [-75.403639, 6.365184], [-75.404158, 6.365087], [-75.405032, 6.365157], [-75.405322, 6.365274], [-75.405382, 6.365414], [-75.405297, 6.365451], [-75.403949, 6.365547], [-75.403832, 6.365667], [-75.403843, 6.365863], [-75.403973, 6.365953], [-75.404744, 6.366081], [-75.404889, 6.366587], [-75.406038, 6.366655], [-75.406369, 6.366775], [-75.406589, 6.367012], [-75.406701, 6.367366], [-75.406673, 6.368651]], [[-75.405841, 6.366979], [-75.405051, 6.367036], [-75.404826, 6.367143], [-75.404714, 6.367302], [-75.404852, 6.368324], [-75.404958, 6.368421], [-75.405899, 6.368514], [-75.406212, 6.368417], [-75.40642, 6.368224], [-75.406523, 6.367935], [-75.406521, 6.367552], [-75.406407, 6.367264], [-75.40618, 6.367073], [-75.405841, 6.366979]]], [[[-75.416266, 6.395313], [-75.415804, 6.395469], [-75.41553, 6.395393], [-75.415457, 6.394799], [-75.41528, 6.394575], [-75.415331, 6.394402], [-75.415716, 6.394339], [-75.416014, 6.394414], [-75.416113, 6.395145], [-75.416266, 6.395313]]], [[[-75.413799, 6.394426], [-75.412706, 6.394697], [-75.412525, 6.394832], [-75.412368, 6.395527], [-75.412209, 6.395533], [-75.412036, 6.395413], [-75.411818, 6.394982], [-75.411764, 6.392748], [-75.411615, 6.391786], [-75.411409, 6.391662], [-75.410118, 6.391541], [-75.409905, 6.391305], [-75.409946, 6.391203], [-75.411241, 6.391028], [-75.411411, 6.390746], [-75.411599, 6.390681], [-75.411944, 6.390918], [-75.41211, 6.391213], [-75.412724, 6.391431], [-75.412999, 6.39282], [-75.413339, 6.393002], [-75.413683, 6.393379], [-75.413889, 6.393918], [-75.413895, 6.394301], [-75.413799, 6.394426]], [[-75.4131, 6.394432], [-75.413347, 6.394085], [-75.413347, 6.393454], [-75.413239, 6.393303], [-75.412893, 6.393216], [-75.41272, 6.392976], [-75.412566, 6.391584], [-75.412355, 6.391512], [-75.411849, 6.391546], [-75.411725, 6.391686], [-75.411699, 6.392032], [-75.411811, 6.392542], [-75.411924, 6.394484], [-75.412594, 6.394568], [-75.4131, 6.394432]]], [[[-75.409805, 6.388894], [-75.409583, 6.38851], [-75.409141, 6.388397], [-75.408984, 6.38825], [-75.408779, 6.38665], [-75.408212, 6.386575], [-75.408022, 6.386447], [-75.408044, 6.385982], [-75.408273, 6.385452], [-75.408004, 6.384925], [-75.407485, 6.3844], [-75.407348, 6.38399], [-75.40788, 6.383988], [-75.408328, 6.384236], [-75.408766, 6.384084], [-75.409033, 6.384221], [-75.409023, 6.384639], [-75.408371, 6.384772], [-75.40823, 6.384961], [-75.408231, 6.385105], [-75.408334, 6.385286], [-75.408874, 6.385401], [-75.409013, 6.386334], [-75.409124, 6.386538], [-75.409302, 6.386444], [-75.409384, 6.385951], [-75.409788, 6.385879], [-75.409971, 6.385972], [-75.410043, 6.386432], [-75.410198, 6.38663], [-75.410961, 6.386754], [-75.410986, 6.387729], [-75.410882, 6.388227], [-75.410517, 6.388542], [-75.410314, 6.388872], [-75.409805, 6.388894]], [[-75.409732, 6.387609], [-75.409662, 6.387929], [-75.409755, 6.388326], [-75.410072, 6.388373], [-75.410442, 6.388277], [-75.410489, 6.38796], [-75.41041, 6.387592], [-75.410118, 6.387538], [-75.409732, 6.387609]]], [[[-75.411376, 6.382718], [-75.411191, 6.382827], [-75.411022, 6.382719], [-75.410929, 6.382382], [-75.41101, 6.382214], [-75.411221, 6.382162], [-75.411343, 6.382229], [-75.411376, 6.382718]]], [[[-75.412572, 6.384566], [-75.412457, 6.384426], [-75.412492, 6.384182], [-75.412667, 6.384097], [-75.4129, 6.384135], [-75.413011, 6.384356], [-75.412963, 6.384499], [-75.412572, 6.384566]]], [[[-75.411546, 6.384679], [-75.411433, 6.384451], [-75.411569, 6.384259], [-75.411889, 6.384108], [-75.412068, 6.384185], [-75.412174, 6.384571], [-75.411954, 6.384665], [-75.411546, 6.384679]]], [[[-75.414581, 6.390578], [-75.414492, 6.391322], [-75.414146, 6.391355], [-75.414018, 6.390856], [-75.41411, 6.39004], [-75.414467, 6.390099], [-75.414581, 6.390578]]], [[[-75.419574, 6.383223], [-75.419455, 6.383047], [-75.419553, 6.382861], [-75.419812, 6.382802], [-75.420017, 6.382896], [-75.419979, 6.383156], [-75.419574, 6.383223]]], [[[-75.417979, 6.383428], [-75.417868, 6.38318], [-75.418071, 6.383013], [-75.418675, 6.382986], [-75.418873, 6.383144], [-75.418784, 6.383425], [-75.418611, 6.383509], [-75.417979, 6.383428]]], [[[-75.443827, 6.384106], [-75.443572, 6.384165], [-75.443476, 6.383907], [-75.443328, 6.383777], [-75.442993, 6.383686], [-75.44281, 6.383782], [-75.44259, 6.384191], [-75.442644, 6.38493], [-75.442601, 6.38512], [-75.442496, 6.385189], [-75.442331, 6.385106], [-75.442224, 6.384743], [-75.44081, 6.384612], [-75.440719, 6.384553], [-75.440664, 6.384295], [-75.440532, 6.384226], [-75.439598, 6.384275], [-75.439187, 6.384503], [-75.438675, 6.385288], [-75.438435, 6.385394], [-75.435183, 6.385657], [-75.434849, 6.385946], [-75.434506, 6.386466], [-75.434162, 6.386673], [-75.433993, 6.387], [-75.433623, 6.38716], [-75.432849, 6.387195], [-75.43252, 6.387077], [-75.4323, 6.386839], [-75.432189, 6.38648], [-75.43213, 6.385212], [-75.431991, 6.385101], [-75.431641, 6.385141], [-75.431565, 6.385566], [-75.431242, 6.38577], [-75.430189, 6.385828], [-75.429808, 6.385761], [-75.429637, 6.385629], [-75.429452, 6.385656], [-75.429229, 6.386068], [-75.42941, 6.386299], [-75.429807, 6.38642], [-75.430922, 6.386463], [-75.431138, 6.38666], [-75.431282, 6.38838], [-75.431748, 6.388501], [-75.431853, 6.388724], [-75.431858, 6.389749], [-75.43172, 6.390393], [-75.431591, 6.390597], [-75.431028, 6.390938], [-75.428994, 6.390941], [-75.428579, 6.391008], [-75.428403, 6.391103], [-75.428172, 6.391555], [-75.427431, 6.391691], [-75.427092, 6.391885], [-75.426998, 6.392123], [-75.426925, 6.392921], [-75.426669, 6.393141], [-75.426093, 6.393291], [-75.425989, 6.393537], [-75.425974, 6.393994], [-75.426277, 6.39458], [-75.426371, 6.395245], [-75.426363, 6.396075], [-75.426219, 6.396522], [-75.42593, 6.396666], [-75.424969, 6.396844], [-75.424733, 6.397176], [-75.42466, 6.397846], [-75.423991, 6.398], [-75.423917, 6.399004], [-75.423828, 6.399254], [-75.423416, 6.399575], [-75.422467, 6.399806], [-75.422162, 6.400126], [-75.421903, 6.400258], [-75.421724, 6.400781], [-75.420957, 6.401227], [-75.420844, 6.401729], [-75.420682, 6.401725], [-75.420391, 6.401491], [-75.420348, 6.401312], [-75.420474, 6.40098], [-75.421138, 6.40079], [-75.422218, 6.399723], [-75.422599, 6.399478], [-75.422855, 6.399424], [-75.423195, 6.39902], [-75.423545, 6.39888], [-75.423718, 6.39812], [-75.423835, 6.39795], [-75.424511, 6.397465], [-75.424683, 6.396705], [-75.425894, 6.396546], [-75.42617, 6.396359], [-75.426287, 6.395806], [-75.426102, 6.394575], [-75.425713, 6.394414], [-75.425335, 6.394734], [-75.425173, 6.394773], [-75.425005, 6.394626], [-75.424962, 6.394405], [-75.425295, 6.393775], [-75.426786, 6.392259], [-75.427145, 6.391586], [-75.428149, 6.391331], [-75.428335, 6.390955], [-75.428502, 6.390901], [-75.430833, 6.390821], [-75.431416, 6.390581], [-75.431587, 6.390382], [-75.431768, 6.389732], [-75.43175, 6.388935], [-75.431589, 6.388563], [-75.431176, 6.388421], [-75.431024, 6.386583], [-75.430229, 6.386576], [-75.428784, 6.387229], [-75.428446, 6.386992], [-75.428202, 6.38662], [-75.428149, 6.386245], [-75.428391, 6.385351], [-75.428523, 6.385253], [-75.428899, 6.385208], [-75.429115, 6.385001], [-75.429373, 6.384949], [-75.42959, 6.384393], [-75.430004, 6.384495], [-75.430433, 6.384331], [-75.430774, 6.384359], [-75.430884, 6.384499], [-75.430955, 6.384969], [-75.43115, 6.385078], [-75.431513, 6.384945], [-75.431584, 6.384638], [-75.431745, 6.384412], [-75.432385, 6.384396], [-75.432479, 6.384936], [-75.432428, 6.38582], [-75.432508, 6.386483], [-75.432729, 6.386664], [-75.433205, 6.386696], [-75.434201, 6.386375], [-75.434945, 6.38525], [-75.435526, 6.385153], [-75.436063, 6.384797], [-75.437331, 6.385085], [-75.438265, 6.384982], [-75.438546, 6.384843], [-75.439484, 6.384061], [-75.440427, 6.38385], [-75.440814, 6.384156], [-75.441565, 6.384262], [-75.441929, 6.384439], [-75.442407, 6.384296], [-75.442678, 6.383792], [-75.442946, 6.383662], [-75.443579, 6.383791], [-75.443827, 6.384106]]], [[[-75.424012, 6.405799], [-75.423903, 6.40526], [-75.42352, 6.404948], [-75.422499, 6.404558], [-75.422069, 6.404524], [-75.422065, 6.404425], [-75.422302, 6.404348], [-75.422795, 6.404557], [-75.42388, 6.404791], [-75.424027, 6.405138], [-75.424012, 6.405799]]], [[[-75.424993, 6.383718], [-75.424922, 6.384087], [-75.424744, 6.384181], [-75.423928, 6.384129], [-75.423797, 6.384049], [-75.42373, 6.383828], [-75.42381, 6.38349], [-75.4241, 6.383368], [-75.424914, 6.3834], [-75.424993, 6.383718]], [[-75.424865, 6.38357], [-75.424637, 6.383495], [-75.424055, 6.383514], [-75.423907, 6.383613], [-75.423878, 6.383816], [-75.424055, 6.38399], [-75.42475, 6.383994], [-75.424918, 6.383843], [-75.424865, 6.38357]]], [[[-75.430585, 6.32458], [-75.429226, 6.324631], [-75.429104, 6.324924], [-75.428743, 6.32503], [-75.427547, 6.325011], [-75.427145, 6.324785], [-75.427026, 6.324464], [-75.426902, 6.324369], [-75.426244, 6.32423], [-75.426035, 6.323854], [-75.425438, 6.323803], [-75.425277, 6.323687], [-75.425114, 6.323108], [-75.425185, 6.322295], [-75.425336, 6.322058], [-75.425562, 6.321934], [-75.426353, 6.321852], [-75.426428, 6.321312], [-75.426608, 6.321021], [-75.426369, 6.320634], [-75.426276, 6.319038], [-75.426198, 6.318851], [-75.42594, 6.318807], [-75.425766, 6.31891], [-75.425728, 6.319245], [-75.425609, 6.31933], [-75.424542, 6.31942], [-75.424186, 6.319314], [-75.423948, 6.319099], [-75.423828, 6.318776], [-75.423887, 6.317618], [-75.424452, 6.317478], [-75.424667, 6.31704], [-75.424907, 6.316931], [-75.425554, 6.316801], [-75.42599, 6.317031], [-75.42622, 6.317032], [-75.426481, 6.316802], [-75.427007, 6.316548], [-75.427148, 6.316372], [-75.427211, 6.316103], [-75.427399, 6.31617], [-75.42773, 6.3166], [-75.428274, 6.316843], [-75.428424, 6.317304], [-75.428945, 6.317869], [-75.428977, 6.318644], [-75.428885, 6.319696], [-75.428459, 6.320011], [-75.428314, 6.320609], [-75.42847, 6.320767], [-75.429169, 6.320834], [-75.429282, 6.320959], [-75.42858, 6.321798], [-75.428535, 6.321993], [-75.428764, 6.322134], [-75.429525, 6.322152], [-75.430032, 6.322013], [-75.430359, 6.321698], [-75.430468, 6.321633], [-75.430544, 6.321683], [-75.430656, 6.322346], [-75.430758, 6.322504], [-75.4311, 6.322636], [-75.431243, 6.322781], [-75.431379, 6.323398], [-75.431372, 6.323871], [-75.431237, 6.324225], [-75.430975, 6.324462], [-75.430585, 6.32458]], [[-75.428479, 6.317823], [-75.428181, 6.317021], [-75.427976, 6.316886], [-75.427013, 6.316814], [-75.426531, 6.31696], [-75.426437, 6.317362], [-75.426409, 6.319992], [-75.426521, 6.320311], [-75.426742, 6.320524], [-75.427073, 6.320629], [-75.427513, 6.320627], [-75.428081, 6.320474], [-75.42821, 6.320323], [-75.42835, 6.319769], [-75.428737, 6.319674], [-75.428814, 6.319565], [-75.428888, 6.319027], [-75.428854, 6.318271], [-75.428793, 6.318047], [-75.428479, 6.317823]], [[-75.428269, 6.321867], [-75.428169, 6.321631], [-75.427675, 6.321532], [-75.426983, 6.32158], [-75.426682, 6.321806], [-75.426627, 6.322237], [-75.426437, 6.322523], [-75.426458, 6.32309], [-75.426674, 6.323361], [-75.427063, 6.323516], [-75.427182, 6.323961], [-75.427355, 6.324197], [-75.427903, 6.324228], [-75.428276, 6.324044], [-75.428493, 6.324038], [-75.428118, 6.323809], [-75.42776, 6.323003], [-75.428269, 6.321867]], [[-75.429045, 6.322866], [-75.429033, 6.323123], [-75.429187, 6.32318], [-75.429337, 6.323107], [-75.429332, 6.322871], [-75.42914, 6.322801], [-75.429045, 6.322866]], [[-75.429169, 6.32436], [-75.429425, 6.324373], [-75.429436, 6.324016], [-75.429197, 6.32402], [-75.429169, 6.32436]], [[-75.430023, 6.322375], [-75.430091, 6.324022], [-75.429904, 6.324319], [-75.429548, 6.324472], [-75.43062, 6.3245], [-75.430941, 6.324388], [-75.431155, 6.324167], [-75.43126, 6.323837], [-75.431258, 6.323396], [-75.431087, 6.322835], [-75.430918, 6.322714], [-75.430305, 6.322615], [-75.43013, 6.322199], [-75.430023, 6.322375]]], [[[-75.447829, 6.394113], [-75.447949, 6.395351], [-75.448576, 6.396182], [-75.448557, 6.396573], [-75.448324, 6.396733], [-75.447881, 6.396703], [-75.447765, 6.396576], [-75.447733, 6.396347], [-75.447276, 6.396167], [-75.446926, 6.394976], [-75.446363, 6.394803], [-75.44623, 6.39464], [-75.446277, 6.39444], [-75.446412, 6.394349], [-75.447679, 6.39398], [-75.447829, 6.394113]]], [[[-75.446876, 6.397696], [-75.446427, 6.397903], [-75.445803, 6.397958], [-75.444748, 6.397503], [-75.444312, 6.397053], [-75.442971, 6.396828], [-75.442725, 6.396562], [-75.442519, 6.395928], [-75.442351, 6.396049], [-75.44209, 6.396488], [-75.441629, 6.396488], [-75.441423, 6.395499], [-75.441489, 6.394855], [-75.441649, 6.394771], [-75.441796, 6.394821], [-75.442192, 6.395282], [-75.442787, 6.395501], [-75.443137, 6.395806], [-75.443748, 6.395773], [-75.443914, 6.395465], [-75.444178, 6.39534], [-75.44513, 6.395298], [-75.445739, 6.395425], [-75.446018, 6.395983], [-75.44615, 6.396622], [-75.446846, 6.397029], [-75.446876, 6.397696]], [[-75.44205, 6.395471], [-75.441911, 6.395197], [-75.441768, 6.395149], [-75.441599, 6.395214], [-75.441511, 6.39545], [-75.441585, 6.39569], [-75.441796, 6.395815], [-75.442049, 6.395712], [-75.44205, 6.395471]], [[-75.446365, 6.397062], [-75.445668, 6.396807], [-75.445282, 6.396515], [-75.445164, 6.395587], [-75.445013, 6.395407], [-75.4445, 6.395436], [-75.443822, 6.395875], [-75.442968, 6.395955], [-75.442813, 6.396113], [-75.442886, 6.396556], [-75.443017, 6.396695], [-75.444441, 6.396979], [-75.444876, 6.397466], [-75.445333, 6.397549], [-75.445762, 6.397799], [-75.445999, 6.397835], [-75.446388, 6.397722], [-75.446458, 6.397368], [-75.446365, 6.397062]]], [[[-75.440477, 6.392853], [-75.438653, 6.392984], [-75.438192, 6.393283], [-75.437798, 6.393374], [-75.437387, 6.394682], [-75.4372, 6.394846], [-75.436926, 6.394984], [-75.436114, 6.395188], [-75.43552, 6.39546], [-75.435098, 6.396247], [-75.434799, 6.396425], [-75.43458, 6.396689], [-75.433755, 6.396995], [-75.433183, 6.397523], [-75.433076, 6.397701], [-75.432987, 6.398324], [-75.431311, 6.398724], [-75.430919, 6.398899], [-75.430817, 6.399113], [-75.430512, 6.399323], [-75.430271, 6.399898], [-75.430233, 6.400403], [-75.430101, 6.40079], [-75.429537, 6.401492], [-75.429418, 6.40186], [-75.429019, 6.40247], [-75.428882, 6.40442], [-75.427973, 6.404606], [-75.427613, 6.40487], [-75.427389, 6.405353], [-75.427135, 6.40558], [-75.426391, 6.405927], [-75.426211, 6.406265], [-75.425503, 6.406798], [-75.425029, 6.406841], [-75.425456, 6.406717], [-75.425868, 6.406379], [-75.426006, 6.405954], [-75.426444, 6.405665], [-75.42704, 6.405498], [-75.427423, 6.405018], [-75.427312, 6.404848], [-75.42644, 6.404813], [-75.426194, 6.4047], [-75.426029, 6.404475], [-75.425944, 6.403684], [-75.426095, 6.403093], [-75.426249, 6.402954], [-75.426455, 6.402919], [-75.427406, 6.402893], [-75.427736, 6.403166], [-75.427907, 6.404336], [-75.428309, 6.404382], [-75.42882, 6.404285], [-75.428925, 6.402431], [-75.429308, 6.401889], [-75.429558, 6.401315], [-75.430193, 6.400471], [-75.430094, 6.400341], [-75.429813, 6.400225], [-75.430137, 6.399817], [-75.430213, 6.399033], [-75.430347, 6.398786], [-75.430615, 6.398611], [-75.431018, 6.398507], [-75.431555, 6.398474], [-75.432348, 6.398285], [-75.432604, 6.39813], [-75.432894, 6.397766], [-75.433552, 6.39668], [-75.433995, 6.396659], [-75.434615, 6.396297], [-75.43463, 6.395823], [-75.434465, 6.395693], [-75.433854, 6.3959], [-75.433523, 6.396427], [-75.431847, 6.396332], [-75.431313, 6.396036], [-75.431324, 6.395508], [-75.431437, 6.395837], [-75.431628, 6.396011], [-75.432166, 6.396127], [-75.432729, 6.396119], [-75.433246, 6.396005], [-75.434297, 6.395327], [-75.43435, 6.394509], [-75.434273, 6.394166], [-75.433948, 6.394003], [-75.433792, 6.393771], [-75.433325, 6.393684], [-75.433379, 6.393585], [-75.433939, 6.393401], [-75.434497, 6.393512], [-75.434635, 6.393999], [-75.434605, 6.395021], [-75.434674, 6.395206], [-75.436393, 6.395107], [-75.436823, 6.395001], [-75.437231, 6.39473], [-75.437502, 6.394185], [-75.437576, 6.393625], [-75.437721, 6.393322], [-75.438281, 6.39315], [-75.438629, 6.392884], [-75.438994, 6.392828], [-75.439368, 6.392559], [-75.440622, 6.392438], [-75.4413, 6.392484], [-75.441438, 6.392555], [-75.441522, 6.39295], [-75.441965, 6.393028], [-75.44305, 6.392543], [-75.444023, 6.391749], [-75.444405, 6.391643], [-75.445603, 6.39164], [-75.44597, 6.391533], [-75.446078, 6.391277], [-75.4462, 6.389933], [-75.446613, 6.389713], [-75.446475, 6.388651], [-75.446524, 6.388697], [-75.446799, 6.389205], [-75.446891, 6.389962], [-75.446779, 6.390218], [-75.446714, 6.390789], [-75.446462, 6.391311], [-75.44615, 6.391525], [-75.446039, 6.391862], [-75.443733, 6.39205], [-75.443579, 6.392663], [-75.44334, 6.392926], [-75.442117, 6.393064], [-75.441658, 6.393291], [-75.440977, 6.392703], [-75.440477, 6.392853]], [[-75.427648, 6.403749], [-75.427612, 6.403256], [-75.427261, 6.403046], [-75.426542, 6.4031], [-75.426278, 6.403325], [-75.426272, 6.403858], [-75.426547, 6.404124], [-75.427125, 6.404175], [-75.427376, 6.404103], [-75.427648, 6.403749]]], [[[-75.431498, 6.395207], [-75.431638, 6.395035], [-75.43167, 6.395019], [-75.431623, 6.395154], [-75.431498, 6.395207]]], [[[-75.431899, 6.394758], [-75.431967, 6.394654], [-75.432023, 6.394602], [-75.431977, 6.394754], [-75.431899, 6.394758]]], [[[-75.431179, 6.352023], [-75.430705, 6.352028], [-75.430349, 6.351916], [-75.43011, 6.351687], [-75.42999, 6.351341], [-75.429988, 6.350878], [-75.430105, 6.350527], [-75.430341, 6.350289], [-75.430696, 6.350163], [-75.43117, 6.35015], [-75.431526, 6.350258], [-75.431764, 6.350487], [-75.431884, 6.350837], [-75.431887, 6.351309], [-75.43177, 6.351664], [-75.431534, 6.351902], [-75.431179, 6.352023]]], [[[-75.429487, 6.350101], [-75.429271, 6.350216], [-75.429193, 6.35104], [-75.429069, 6.351269], [-75.428832, 6.351422], [-75.428019, 6.351502], [-75.427672, 6.351386], [-75.427439, 6.351151], [-75.427321, 6.350798], [-75.427331, 6.349969], [-75.427396, 6.3496], [-75.42759, 6.349478], [-75.427626, 6.348691], [-75.427718, 6.348463], [-75.428177, 6.348206], [-75.428823, 6.348082], [-75.429015, 6.347923], [-75.429133, 6.34741], [-75.429266, 6.347194], [-75.429517, 6.347048], [-75.43037, 6.346972], [-75.430734, 6.347086], [-75.430978, 6.347316], [-75.431101, 6.347663], [-75.431015, 6.348476], [-75.430837, 6.348713], [-75.430568, 6.348837], [-75.429634, 6.348937], [-75.429487, 6.350101]]], [[[-75.428908, 6.394227], [-75.428825, 6.394515], [-75.428628, 6.39455], [-75.428594, 6.39433], [-75.428694, 6.394065], [-75.428857, 6.394025], [-75.428908, 6.394227]]], [[[-75.430264, 6.330624], [-75.430023, 6.330676], [-75.429885, 6.330649], [-75.430264, 6.330624]]], [[[-75.431238, 6.41283], [-75.431041, 6.412513], [-75.430712, 6.41265], [-75.430515, 6.412452], [-75.430469, 6.411501], [-75.430527, 6.411214], [-75.43064, 6.411133], [-75.431051, 6.411183], [-75.431263, 6.411421], [-75.431238, 6.41283]]], [[[-75.433149, 6.402988], [-75.432837, 6.403748], [-75.432146, 6.404272], [-75.431943, 6.404602], [-75.431477, 6.404696], [-75.431205, 6.404597], [-75.431179, 6.404399], [-75.431023, 6.404206], [-75.431081, 6.403813], [-75.43093, 6.403565], [-75.430872, 6.403245], [-75.431013, 6.402871], [-75.431312, 6.402569], [-75.431643, 6.402548], [-75.432482, 6.402757], [-75.432948, 6.402749], [-75.433149, 6.402988]]], [[[-75.432813, 6.393038], [-75.432686, 6.393138], [-75.432572, 6.393497], [-75.432338, 6.393717], [-75.432015, 6.393938], [-75.431577, 6.394051], [-75.431286, 6.3943], [-75.431409, 6.394088], [-75.431822, 6.393859], [-75.431936, 6.393379], [-75.432125, 6.393117], [-75.432813, 6.393038]]], [[[-75.434105, 6.416596], [-75.433907, 6.416509], [-75.433821, 6.416135], [-75.433877, 6.415418], [-75.434088, 6.415031], [-75.434, 6.414721], [-75.433612, 6.41449], [-75.433496, 6.414126], [-75.432954, 6.414029], [-75.432465, 6.413708], [-75.432028, 6.413656], [-75.432533, 6.413662], [-75.432978, 6.413858], [-75.433708, 6.413973], [-75.43398, 6.41418], [-75.434129, 6.414465], [-75.434503, 6.414624], [-75.434738, 6.414852], [-75.434831, 6.415177], [-75.434618, 6.415476], [-75.434331, 6.41567], [-75.434245, 6.416422], [-75.434105, 6.416596]]], [[[-75.436951, 6.323218], [-75.436858, 6.322223], [-75.435603, 6.32212], [-75.435434, 6.321743], [-75.435228, 6.321677], [-75.435116, 6.321958], [-75.435053, 6.323112], [-75.434875, 6.323402], [-75.434918, 6.323519], [-75.435236, 6.32371], [-75.435724, 6.323435], [-75.436116, 6.323391], [-75.43656, 6.323502], [-75.436781, 6.323664], [-75.43664, 6.323852], [-75.436286, 6.324029], [-75.435443, 6.32412], [-75.434994, 6.324283], [-75.434716, 6.325054], [-75.434415, 6.325269], [-75.434336, 6.325471], [-75.434312, 6.327137], [-75.434212, 6.327687], [-75.433983, 6.328054], [-75.433626, 6.328238], [-75.43314, 6.328241], [-75.432775, 6.328169], [-75.432529, 6.328024], [-75.432404, 6.327805], [-75.432343, 6.327028], [-75.432071, 6.326941], [-75.432012, 6.32682], [-75.431949, 6.32575], [-75.43201, 6.325144], [-75.43242, 6.324727], [-75.433687, 6.324559], [-75.433779, 6.323323], [-75.434629, 6.323224], [-75.434757, 6.323146], [-75.434811, 6.322946], [-75.434759, 6.322223], [-75.434023, 6.322148], [-75.433813, 6.322026], [-75.433672, 6.32179], [-75.433599, 6.320978], [-75.433714, 6.320399], [-75.433832, 6.320283], [-75.433989, 6.320282], [-75.434162, 6.320416], [-75.434094, 6.320886], [-75.43375, 6.321335], [-75.433882, 6.321527], [-75.43472, 6.321549], [-75.435276, 6.321387], [-75.435763, 6.321767], [-75.436408, 6.321823], [-75.43678, 6.321735], [-75.436927, 6.32211], [-75.436951, 6.323218]], [[-75.433543, 6.326386], [-75.43278, 6.326421], [-75.432467, 6.326578], [-75.432479, 6.326702], [-75.432739, 6.326855], [-75.433564, 6.326864], [-75.43383, 6.326771], [-75.43393, 6.32659], [-75.434206, 6.326461], [-75.433543, 6.326386]]], [[[-75.434138, 6.391167], [-75.433317, 6.391228], [-75.433037, 6.391206], [-75.432824, 6.391077], [-75.432678, 6.390841], [-75.432584, 6.390045], [-75.432687, 6.389703], [-75.432906, 6.38947], [-75.433241, 6.389347], [-75.433693, 6.389334], [-75.434032, 6.389436], [-75.434259, 6.389654], [-75.434373, 6.389988], [-75.434376, 6.390437], [-75.434337, 6.390783], [-75.434138, 6.391167]], [[-75.433053, 6.391088], [-75.433476, 6.39117], [-75.433712, 6.391068], [-75.433626, 6.3909], [-75.433482, 6.390841], [-75.433053, 6.391088]]], [[[-75.435048, 6.405764], [-75.434908, 6.406086], [-75.434619, 6.406266], [-75.434036, 6.406319], [-75.433907, 6.406187], [-75.433902, 6.405848], [-75.434189, 6.405315], [-75.434596, 6.405043], [-75.434889, 6.405049], [-75.435077, 6.405176], [-75.435048, 6.405764]]], [[[-75.439632, 6.415984], [-75.438056, 6.416311], [-75.43798, 6.416393], [-75.438001, 6.416581], [-75.438357, 6.416982], [-75.438288, 6.41713], [-75.438031, 6.417275], [-75.437986, 6.417681], [-75.438094, 6.417907], [-75.439238, 6.418213], [-75.439429, 6.418356], [-75.439618, 6.418968], [-75.439959, 6.419481], [-75.440006, 6.419852], [-75.439905, 6.4203], [-75.439754, 6.420066], [-75.439633, 6.419382], [-75.439481, 6.419141], [-75.438875, 6.418984], [-75.438675, 6.418674], [-75.437945, 6.418638], [-75.437741, 6.41855], [-75.437605, 6.418375], [-75.437535, 6.417763], [-75.437601, 6.417306], [-75.437874, 6.416957], [-75.437944, 6.416198], [-75.438254, 6.415963], [-75.43819, 6.415683], [-75.437999, 6.415433], [-75.437365, 6.415308], [-75.436802, 6.41541], [-75.436717, 6.415634], [-75.436657, 6.416547], [-75.436319, 6.416769], [-75.436239, 6.416926], [-75.436234, 6.417271], [-75.436513, 6.417781], [-75.436471, 6.417934], [-75.435877, 6.417939], [-75.435542, 6.417795], [-75.435381, 6.41759], [-75.43604, 6.417396], [-75.435752, 6.417], [-75.435759, 6.416814], [-75.436169, 6.416626], [-75.436507, 6.416288], [-75.436442, 6.415865], [-75.436216, 6.415723], [-75.436038, 6.415433], [-75.436133, 6.415198], [-75.436579, 6.415293], [-75.437088, 6.415154], [-75.438387, 6.415244], [-75.439118, 6.415159], [-75.439866, 6.415424], [-75.439905, 6.415713], [-75.439632, 6.415984]]], [[[-75.436079, 6.414463], [-75.435981, 6.414297], [-75.435844, 6.413013], [-75.435391, 6.412584], [-75.435217, 6.411742], [-75.434725, 6.411459], [-75.434649, 6.411148], [-75.434941, 6.41104], [-75.436683, 6.411048], [-75.436989, 6.410934], [-75.437165, 6.410749], [-75.437326, 6.410295], [-75.437507, 6.410159], [-75.438474, 6.409977], [-75.438591, 6.409811], [-75.438648, 6.408422], [-75.438751, 6.408241], [-75.438999, 6.40827], [-75.439174, 6.408667], [-75.44032, 6.408788], [-75.44036, 6.408964], [-75.440282, 6.409215], [-75.439912, 6.409406], [-75.439797, 6.409704], [-75.439416, 6.40982], [-75.439316, 6.409948], [-75.439217, 6.410505], [-75.43924, 6.411611], [-75.440652, 6.411849], [-75.441344, 6.412596], [-75.441379, 6.412824], [-75.441011, 6.412985], [-75.440043, 6.413044], [-75.44023, 6.413498], [-75.440175, 6.413667], [-75.440031, 6.413765], [-75.439629, 6.413741], [-75.439371, 6.413387], [-75.438965, 6.413594], [-75.438803, 6.413454], [-75.438453, 6.41341], [-75.437701, 6.413423], [-75.437378, 6.413522], [-75.437158, 6.413706], [-75.437041, 6.413976], [-75.436918, 6.414887], [-75.4367, 6.414874], [-75.436478, 6.414579], [-75.436079, 6.414463]], [[-75.440457, 6.412076], [-75.440062, 6.411831], [-75.439257, 6.411761], [-75.438881, 6.411613], [-75.438568, 6.41193], [-75.437136, 6.411954], [-75.436764, 6.411759], [-75.436646, 6.411262], [-75.436409, 6.41121], [-75.435591, 6.411232], [-75.435447, 6.411323], [-75.4354, 6.411534], [-75.435439, 6.412047], [-75.43569, 6.412419], [-75.435764, 6.412711], [-75.436398, 6.412843], [-75.436522, 6.412997], [-75.43657, 6.413299], [-75.436757, 6.413418], [-75.438695, 6.413213], [-75.43888, 6.412976], [-75.439818, 6.412851], [-75.440071, 6.41259], [-75.440566, 6.412465], [-75.440599, 6.412322], [-75.440457, 6.412076]], [[-75.439457, 6.409186], [-75.439403, 6.408871], [-75.439092, 6.408913], [-75.439042, 6.409171], [-75.439157, 6.409355], [-75.439351, 6.409357], [-75.439457, 6.409186]]], [[[-75.438348, 6.40641], [-75.437071, 6.406482], [-75.436892, 6.406344], [-75.437053, 6.405388], [-75.437242, 6.405095], [-75.437274, 6.404845], [-75.437159, 6.40444], [-75.436774, 6.404318], [-75.436641, 6.404007], [-75.436622, 6.402314], [-75.436662, 6.402113], [-75.436803, 6.401989], [-75.438098, 6.402203], [-75.43843, 6.402404], [-75.438537, 6.404695], [-75.438473, 6.406088], [-75.438348, 6.40641]], [[-75.438472, 6.404052], [-75.438383, 6.402995], [-75.438154, 6.40243], [-75.437802, 6.40226], [-75.437377, 6.402187], [-75.436729, 6.402287], [-75.436671, 6.402741], [-75.436759, 6.403781], [-75.437005, 6.404173], [-75.437537, 6.404472], [-75.437775, 6.405336], [-75.438219, 6.405333], [-75.438443, 6.405086], [-75.438472, 6.404052]]], [[[-75.43766, 6.423862], [-75.437112, 6.422679], [-75.437078, 6.422449], [-75.437133, 6.422299], [-75.437279, 6.422229], [-75.437516, 6.422239], [-75.437694, 6.422362], [-75.437813, 6.422597], [-75.43785, 6.424101], [-75.43766, 6.423862]]], [[[-75.439381, 6.361014], [-75.43955, 6.363296], [-75.439468, 6.36357], [-75.439085, 6.363884], [-75.438456, 6.363924], [-75.438277, 6.363581], [-75.438466, 6.363142], [-75.438476, 6.362641], [-75.438281, 6.362373], [-75.438155, 6.361808], [-75.438003, 6.361673], [-75.436766, 6.361372], [-75.436901, 6.360449], [-75.437101, 6.360379], [-75.437409, 6.360694], [-75.437674, 6.360818], [-75.43885, 6.360716], [-75.439242, 6.360803], [-75.439381, 6.361014]], [[-75.439448, 6.363083], [-75.43927, 6.36126], [-75.439117, 6.361001], [-75.438727, 6.360881], [-75.438207, 6.360888], [-75.437659, 6.361121], [-75.437503, 6.360908], [-75.437277, 6.360868], [-75.43694, 6.360905], [-75.436854, 6.361008], [-75.436846, 6.36124], [-75.436961, 6.36136], [-75.437381, 6.36139], [-75.437606, 6.361305], [-75.437766, 6.361437], [-75.438385, 6.361605], [-75.43865, 6.363206], [-75.439147, 6.36324], [-75.439448, 6.363083]]], [[[-75.439247, 6.35986], [-75.439383, 6.359614], [-75.439571, 6.359652], [-75.439673, 6.359795], [-75.439399, 6.360051], [-75.439273, 6.35998], [-75.439247, 6.35986]]], [[[-75.439464, 6.358715], [-75.439231, 6.358823], [-75.438975, 6.358584], [-75.438913, 6.358329], [-75.439038, 6.3581], [-75.439392, 6.358136], [-75.439487, 6.358442], [-75.439464, 6.358715]]], [[[-75.438492, 6.38321], [-75.43871, 6.382989], [-75.438752, 6.382964], [-75.438702, 6.383264], [-75.438488, 6.383347], [-75.438492, 6.38321]]], [[[-75.453219, 6.358707], [-75.452605, 6.359506], [-75.452245, 6.35963], [-75.452079, 6.359887], [-75.451976, 6.360983], [-75.452088, 6.361493], [-75.452033, 6.361864], [-75.451818, 6.361894], [-75.451382, 6.361447], [-75.451304, 6.361459], [-75.451207, 6.36171], [-75.45119, 6.362266], [-75.451363, 6.362667], [-75.452081, 6.362801], [-75.452242, 6.362977], [-75.452257, 6.363792], [-75.45187, 6.364513], [-75.451682, 6.364593], [-75.451318, 6.36449], [-75.450331, 6.364464], [-75.450016, 6.364554], [-75.449801, 6.364734], [-75.449686, 6.365001], [-75.44957, 6.365949], [-75.448785, 6.366167], [-75.44864, 6.366565], [-75.448582, 6.367399], [-75.447781, 6.367569], [-75.447544, 6.367721], [-75.447393, 6.368161], [-75.447306, 6.369205], [-75.446664, 6.369728], [-75.446469, 6.369752], [-75.445585, 6.369207], [-75.445701, 6.368636], [-75.445065, 6.368384], [-75.445235, 6.367595], [-75.445089, 6.367388], [-75.44487, 6.367338], [-75.444737, 6.367932], [-75.444765, 6.36897], [-75.445408, 6.369188], [-75.445494, 6.369463], [-75.445341, 6.369675], [-75.444787, 6.36971], [-75.444071, 6.369938], [-75.443887, 6.369735], [-75.443655, 6.36972], [-75.444547, 6.369556], [-75.4447, 6.367258], [-75.446153, 6.367218], [-75.446516, 6.367326], [-75.446625, 6.367542], [-75.446826, 6.367624], [-75.447015, 6.367564], [-75.447187, 6.367298], [-75.448027, 6.367157], [-75.448192, 6.366913], [-75.448298, 6.366213], [-75.448663, 6.366036], [-75.449525, 6.365904], [-75.449641, 6.364956], [-75.449764, 6.364689], [-75.449996, 6.364509], [-75.450337, 6.364419], [-75.451684, 6.36445], [-75.452134, 6.363907], [-75.452179, 6.363718], [-75.452152, 6.363387], [-75.452065, 6.363266], [-75.450572, 6.363108], [-75.450244, 6.362847], [-75.450328, 6.362369], [-75.450804, 6.3621], [-75.450736, 6.361502], [-75.451138, 6.361324], [-75.451251, 6.360968], [-75.451508, 6.360739], [-75.451574, 6.359754], [-75.451464, 6.359375], [-75.450905, 6.359328], [-75.450704, 6.359468], [-75.450613, 6.359758], [-75.450562, 6.360767], [-75.450353, 6.361295], [-75.449197, 6.361476], [-75.448436, 6.361488], [-75.447818, 6.361397], [-75.447513, 6.361181], [-75.447092, 6.360475], [-75.446366, 6.360275], [-75.446231, 6.360163], [-75.446008, 6.359625], [-75.445885, 6.359523], [-75.445522, 6.35949], [-75.445244, 6.359603], [-75.445111, 6.360019], [-75.445144, 6.361308], [-75.444965, 6.362578], [-75.44442, 6.362707], [-75.444111, 6.362937], [-75.443933, 6.363627], [-75.443496, 6.364195], [-75.443611, 6.365366], [-75.443561, 6.366399], [-75.443202, 6.366477], [-75.441872, 6.366457], [-75.441672, 6.366311], [-75.441524, 6.365896], [-75.441345, 6.365818], [-75.441013, 6.366049], [-75.440417, 6.366783], [-75.439989, 6.366943], [-75.439191, 6.36707], [-75.439079, 6.367246], [-75.439066, 6.368837], [-75.440223, 6.369049], [-75.44041, 6.369212], [-75.440464, 6.369389], [-75.440547, 6.370785], [-75.440465, 6.37179], [-75.440533, 6.372331], [-75.440695, 6.372616], [-75.441063, 6.372718], [-75.441555, 6.372684], [-75.44171, 6.372526], [-75.44186, 6.371935], [-75.442107, 6.371802], [-75.442287, 6.371488], [-75.443277, 6.371304], [-75.443378, 6.370257], [-75.443534, 6.369842], [-75.443437, 6.370382], [-75.443463, 6.371747], [-75.443226, 6.371816], [-75.442887, 6.371569], [-75.442433, 6.371602], [-75.44218, 6.371843], [-75.441814, 6.37266], [-75.441243, 6.372755], [-75.440637, 6.372713], [-75.440431, 6.372147], [-75.440413, 6.371287], [-75.440518, 6.370634], [-75.440458, 6.369872], [-75.440332, 6.369698], [-75.439882, 6.369575], [-75.439506, 6.36923], [-75.438893, 6.369017], [-75.438806, 6.368691], [-75.43879, 6.367354], [-75.438946, 6.367063], [-75.439266, 6.366871], [-75.440253, 6.366686], [-75.440515, 6.366325], [-75.441474, 6.365585], [-75.441638, 6.365734], [-75.441906, 6.366316], [-75.442549, 6.366381], [-75.44348, 6.366281], [-75.443417, 6.366159], [-75.442897, 6.365803], [-75.442814, 6.365475], [-75.443016, 6.364622], [-75.443296, 6.364389], [-75.443412, 6.363875], [-75.443696, 6.363693], [-75.443996, 6.362917], [-75.444344, 6.362567], [-75.444719, 6.362463], [-75.4449, 6.362144], [-75.444998, 6.361065], [-75.444834, 6.360084], [-75.444911, 6.359612], [-75.445663, 6.359306], [-75.44581, 6.358969], [-75.446076, 6.35889], [-75.446175, 6.359051], [-75.446265, 6.360149], [-75.447289, 6.360319], [-75.447496, 6.360493], [-75.447791, 6.361142], [-75.448676, 6.361425], [-75.449353, 6.361093], [-75.449663, 6.360706], [-75.450203, 6.360599], [-75.450343, 6.360289], [-75.450441, 6.359635], [-75.450601, 6.359363], [-75.450972, 6.359175], [-75.452032, 6.358918], [-75.452194, 6.358544], [-75.452759, 6.358032], [-75.452937, 6.358005], [-75.453146, 6.358149], [-75.453219, 6.358707]]], [[[-75.443549, 6.369819], [-75.443597, 6.36975], [-75.443604, 6.369746], [-75.443549, 6.369819]]], [[[-75.446009, 6.372324], [-75.445936, 6.372575], [-75.445335, 6.37306], [-75.444801, 6.373867], [-75.44436, 6.373938], [-75.44413, 6.37385], [-75.443859, 6.373602], [-75.443794, 6.373208], [-75.444003, 6.372364], [-75.444143, 6.372183], [-75.444356, 6.372149], [-75.444776, 6.372371], [-75.445779, 6.371618], [-75.445955, 6.371845], [-75.446009, 6.372324]], [[-75.444578, 6.373023], [-75.444347, 6.372837], [-75.444143, 6.372934], [-75.444082, 6.373401], [-75.444209, 6.373618], [-75.444359, 6.373648], [-75.444469, 6.373552], [-75.444609, 6.373213], [-75.444578, 6.373023]]], [[[-75.441556, 6.425831], [-75.44146, 6.425963], [-75.441345, 6.426628], [-75.440977, 6.426787], [-75.440469, 6.426783], [-75.441112, 6.426702], [-75.44116, 6.426066], [-75.441352, 6.425622], [-75.441317, 6.425156], [-75.440949, 6.424903], [-75.439615, 6.424948], [-75.439277, 6.425169], [-75.439221, 6.42557], [-75.439151, 6.425119], [-75.439307, 6.42489], [-75.439834, 6.424721], [-75.439946, 6.424596], [-75.440026, 6.424203], [-75.440153, 6.424037], [-75.440393, 6.423925], [-75.441935, 6.423884], [-75.441997, 6.425069], [-75.441932, 6.425645], [-75.441864, 6.42576], [-75.441556, 6.425831]]], [[[-75.440824, 6.324334], [-75.439017, 6.324342], [-75.438912, 6.32314], [-75.438976, 6.322467], [-75.439076, 6.322621], [-75.439123, 6.323623], [-75.439229, 6.323954], [-75.439439, 6.324177], [-75.439753, 6.324293], [-75.440486, 6.32422], [-75.4407, 6.324044], [-75.440812, 6.323776], [-75.440865, 6.323139], [-75.441051, 6.322841], [-75.441672, 6.322896], [-75.441805, 6.323205], [-75.441834, 6.323806], [-75.441666, 6.324063], [-75.441329, 6.324239], [-75.440824, 6.324334]]], [[[-75.488761, 6.402846], [-75.488666, 6.403195], [-75.48855, 6.403302], [-75.488025, 6.403442], [-75.487914, 6.403544], [-75.487721, 6.404016], [-75.487201, 6.404159], [-75.486252, 6.404183], [-75.486033, 6.404277], [-75.486023, 6.40466], [-75.486297, 6.404957], [-75.486346, 6.40617], [-75.486224, 6.406568], [-75.485988, 6.406835], [-75.485639, 6.406969], [-75.484564, 6.406924], [-75.484158, 6.406726], [-75.483523, 6.406652], [-75.483357, 6.406405], [-75.483152, 6.406332], [-75.482986, 6.406393], [-75.482904, 6.406725], [-75.482783, 6.406809], [-75.48172, 6.406898], [-75.480386, 6.40677], [-75.480264, 6.406837], [-75.48019, 6.407187], [-75.480072, 6.407273], [-75.47901, 6.407363], [-75.478652, 6.407255], [-75.478408, 6.407036], [-75.478277, 6.406705], [-75.47818, 6.405654], [-75.47804, 6.405406], [-75.477753, 6.405233], [-75.477665, 6.404852], [-75.477689, 6.403663], [-75.477924, 6.403293], [-75.478435, 6.403189], [-75.478414, 6.402769], [-75.477685, 6.402272], [-75.475927, 6.40215], [-75.475295, 6.402021], [-75.47476, 6.402052], [-75.474632, 6.402274], [-75.474724, 6.402614], [-75.475283, 6.402746], [-75.475466, 6.402877], [-75.47559, 6.403122], [-75.475713, 6.404728], [-75.476106, 6.404897], [-75.476262, 6.405277], [-75.476297, 6.406094], [-75.476217, 6.406445], [-75.476054, 6.406683], [-75.475809, 6.406809], [-75.474938, 6.406881], [-75.474755, 6.407193], [-75.474609, 6.407266], [-75.473685, 6.40729], [-75.47222, 6.40709], [-75.472082, 6.407394], [-75.47181, 6.407497], [-75.471581, 6.407834], [-75.471046, 6.408037], [-75.470921, 6.408308], [-75.471279, 6.408542], [-75.472958, 6.408649], [-75.473322, 6.40857], [-75.473471, 6.407815], [-75.475051, 6.407798], [-75.476468, 6.407919], [-75.476723, 6.408039], [-75.476891, 6.408282], [-75.47697, 6.408645], [-75.476961, 6.409131], [-75.476731, 6.409489], [-75.476281, 6.409719], [-75.47561, 6.409822], [-75.473331, 6.409821], [-75.473246, 6.410319], [-75.473114, 6.410442], [-75.471534, 6.410684], [-75.471263, 6.410827], [-75.47112, 6.411031], [-75.471105, 6.411297], [-75.470972, 6.411497], [-75.470354, 6.411699], [-75.469868, 6.411702], [-75.4695, 6.411614], [-75.469248, 6.411437], [-75.468977, 6.410544], [-75.468761, 6.410359], [-75.468447, 6.410259], [-75.467484, 6.410176], [-75.467149, 6.409962], [-75.466935, 6.410047], [-75.466853, 6.410684], [-75.466722, 6.410866], [-75.466474, 6.410993], [-75.46526, 6.411165], [-75.465001, 6.411303], [-75.464852, 6.411502], [-75.464784, 6.412204], [-75.464994, 6.412424], [-75.465144, 6.413606], [-75.466278, 6.413664], [-75.466581, 6.413807], [-75.46678, 6.414094], [-75.466875, 6.414526], [-75.466867, 6.415102], [-75.466705, 6.415826], [-75.466551, 6.415974], [-75.465995, 6.41605], [-75.465922, 6.416201], [-75.465956, 6.41647], [-75.466102, 6.416574], [-75.466513, 6.4166], [-75.466732, 6.416717], [-75.466832, 6.417112], [-75.467223, 6.417392], [-75.467431, 6.418486], [-75.467556, 6.418677], [-75.468145, 6.418956], [-75.46827, 6.419216], [-75.468471, 6.420456], [-75.46867, 6.420709], [-75.468959, 6.420843], [-75.469337, 6.420858], [-75.469622, 6.420985], [-75.469813, 6.421224], [-75.469909, 6.421575], [-75.469881, 6.422651], [-75.469772, 6.422928], [-75.469697, 6.423638], [-75.469467, 6.423764], [-75.469408, 6.423909], [-75.469333, 6.425092], [-75.468381, 6.425307], [-75.468241, 6.425461], [-75.468148, 6.42597], [-75.468009, 6.426184], [-75.467747, 6.426324], [-75.467363, 6.426389], [-75.466729, 6.426348], [-75.467373, 6.426333], [-75.467706, 6.426229], [-75.467932, 6.426036], [-75.46805, 6.425753], [-75.468141, 6.424853], [-75.468412, 6.424379], [-75.468508, 6.423688], [-75.469122, 6.423579], [-75.46924, 6.423426], [-75.468625, 6.423229], [-75.468414, 6.422823], [-75.468006, 6.422614], [-75.467138, 6.422594], [-75.466197, 6.422701], [-75.466089, 6.423089], [-75.466052, 6.423903], [-75.466187, 6.426032], [-75.46609, 6.425825], [-75.465988, 6.423466], [-75.466137, 6.422656], [-75.467224, 6.422524], [-75.467653, 6.422361], [-75.467986, 6.421455], [-75.467937, 6.420922], [-75.467853, 6.420837], [-75.4675, 6.420806], [-75.466162, 6.420863], [-75.466005, 6.421902], [-75.465681, 6.42212], [-75.465064, 6.422081], [-75.464709, 6.421872], [-75.464342, 6.422025], [-75.464258, 6.42196], [-75.464169, 6.42097], [-75.464293, 6.420621], [-75.464544, 6.420388], [-75.464921, 6.420269], [-75.466235, 6.420194], [-75.466322, 6.4198], [-75.46625, 6.419268], [-75.465466, 6.419073], [-75.465342, 6.418549], [-75.464858, 6.418361], [-75.464741, 6.417819], [-75.46339, 6.417705], [-75.463122, 6.417565], [-75.462452, 6.417498], [-75.462094, 6.417341], [-75.461934, 6.416731], [-75.46172, 6.416549], [-75.462096, 6.416157], [-75.462159, 6.415786], [-75.462013, 6.41565], [-75.461543, 6.415626], [-75.461298, 6.415463], [-75.461247, 6.415073], [-75.461316, 6.414486], [-75.461101, 6.414206], [-75.461001, 6.412905], [-75.460578, 6.412721], [-75.460404, 6.412255], [-75.460278, 6.411271], [-75.459409, 6.411179], [-75.458819, 6.411209], [-75.458675, 6.411289], [-75.458517, 6.411634], [-75.458518, 6.412265], [-75.458593, 6.412409], [-75.458997, 6.412477], [-75.459168, 6.412623], [-75.459292, 6.413669], [-75.459493, 6.414314], [-75.459997, 6.414636], [-75.460533, 6.41476], [-75.459699, 6.415312], [-75.459572, 6.415635], [-75.459536, 6.416429], [-75.459664, 6.416753], [-75.459917, 6.417023], [-75.459946, 6.41726], [-75.459811, 6.417416], [-75.459123, 6.417539], [-75.459056, 6.418774], [-75.458936, 6.419133], [-75.458698, 6.419376], [-75.458342, 6.419505], [-75.45751, 6.419481], [-75.457141, 6.419255], [-75.45706, 6.418745], [-75.456588, 6.41872], [-75.456464, 6.41887], [-75.456432, 6.419259], [-75.45628, 6.419461], [-75.45576, 6.419545], [-75.455363, 6.419914], [-75.454646, 6.420045], [-75.454245, 6.420239], [-75.454144, 6.420415], [-75.454119, 6.42104], [-75.454592, 6.421193], [-75.454746, 6.4222], [-75.455135, 6.422281], [-75.455696, 6.422264], [-75.455865, 6.422081], [-75.455975, 6.421002], [-75.456235, 6.420822], [-75.456333, 6.420428], [-75.4567, 6.420217], [-75.457531, 6.420172], [-75.458126, 6.420338], [-75.458246, 6.420506], [-75.458337, 6.421173], [-75.459531, 6.421287], [-75.459726, 6.421552], [-75.460741, 6.421626], [-75.461256, 6.42177], [-75.46152, 6.422278], [-75.462151, 6.422421], [-75.462282, 6.423158], [-75.462625, 6.423219], [-75.462705, 6.423309], [-75.462897, 6.424382], [-75.463028, 6.424568], [-75.463641, 6.424811], [-75.463764, 6.425049], [-75.463829, 6.425858], [-75.463775, 6.426207], [-75.463663, 6.426445], [-75.463494, 6.426571], [-75.462859, 6.426478], [-75.462348, 6.426012], [-75.461811, 6.425304], [-75.460895, 6.424995], [-75.460748, 6.424379], [-75.460277, 6.424248], [-75.460161, 6.423854], [-75.459386, 6.423736], [-75.458995, 6.423569], [-75.458262, 6.423622], [-75.4582, 6.42478], [-75.458258, 6.425503], [-75.458791, 6.425618], [-75.458858, 6.425799], [-75.458508, 6.426198], [-75.458402, 6.426627], [-75.458541, 6.426867], [-75.458806, 6.426949], [-75.458865, 6.427317], [-75.458689, 6.427529], [-75.457948, 6.427609], [-75.457795, 6.427711], [-75.457914, 6.430154], [-75.458534, 6.430346], [-75.458655, 6.430665], [-75.458722, 6.431404], [-75.460572, 6.431552], [-75.460693, 6.431605], [-75.460685, 6.431731], [-75.460536, 6.431666], [-75.458624, 6.431607], [-75.458536, 6.430801], [-75.458368, 6.430416], [-75.457722, 6.430302], [-75.457545, 6.43013], [-75.457709, 6.429894], [-75.457768, 6.429513], [-75.457653, 6.427986], [-75.457055, 6.427867], [-75.455643, 6.427922], [-75.45573, 6.42948], [-75.455816, 6.429768], [-75.457246, 6.42992], [-75.45743, 6.430025], [-75.457426, 6.430221], [-75.457292, 6.430392], [-75.457279, 6.431357], [-75.457097, 6.43159], [-75.45682, 6.431652], [-75.456764, 6.431951], [-75.457104, 6.432127], [-75.457894, 6.432177], [-75.458233, 6.432308], [-75.45846, 6.43256], [-75.458575, 6.432933], [-75.458674, 6.434527], [-75.458623, 6.434839], [-75.458528, 6.434148], [-75.45835, 6.433762], [-75.458223, 6.432327], [-75.456685, 6.432188], [-75.456628, 6.431788], [-75.456735, 6.431336], [-75.456769, 6.430532], [-75.45695, 6.430073], [-75.456777, 6.429925], [-75.456082, 6.429886], [-75.455743, 6.429785], [-75.455642, 6.429475], [-75.455568, 6.428302], [-75.455263, 6.428167], [-75.455209, 6.428065], [-75.455305, 6.427923], [-75.455497, 6.427877], [-75.45685, 6.427718], [-75.456894, 6.426872], [-75.456813, 6.425493], [-75.456364, 6.425317], [-75.456217, 6.424293], [-75.454417, 6.424144], [-75.454138, 6.424003], [-75.453989, 6.423795], [-75.453885, 6.423306], [-75.453731, 6.42316], [-75.452046, 6.422819], [-75.451656, 6.422174], [-75.450551, 6.4219], [-75.450418, 6.421564], [-75.45032, 6.420856], [-75.449412, 6.420797], [-75.449006, 6.420612], [-75.448816, 6.41974], [-75.448621, 6.419635], [-75.448407, 6.41972], [-75.448311, 6.420339], [-75.447771, 6.420933], [-75.447661, 6.421402], [-75.447393, 6.421469], [-75.44727, 6.421597], [-75.447028, 6.423003], [-75.446725, 6.423407], [-75.44657, 6.424381], [-75.44668, 6.424734], [-75.447786, 6.424782], [-75.4481, 6.424898], [-75.44831, 6.425129], [-75.448416, 6.425476], [-75.448418, 6.425939], [-75.448298, 6.426286], [-75.448057, 6.426519], [-75.447693, 6.426636], [-75.446841, 6.426556], [-75.446593, 6.426389], [-75.446463, 6.426138], [-75.446364, 6.42526], [-75.445258, 6.425202], [-75.444762, 6.425016], [-75.444518, 6.424011], [-75.444093, 6.423907], [-75.443248, 6.423872], [-75.442653, 6.423666], [-75.442533, 6.423469], [-75.442466, 6.422702], [-75.44063, 6.422552], [-75.440034, 6.422188], [-75.439948, 6.421538], [-75.440041, 6.421203], [-75.440135, 6.421151], [-75.440361, 6.421247], [-75.440504, 6.421741], [-75.440769, 6.422005], [-75.441574, 6.422037], [-75.441856, 6.421949], [-75.442029, 6.421777], [-75.442438, 6.421736], [-75.442581, 6.421915], [-75.442618, 6.422499], [-75.442745, 6.422678], [-75.443377, 6.422847], [-75.444693, 6.422883], [-75.444806, 6.424081], [-75.445885, 6.424113], [-75.446406, 6.423943], [-75.44651, 6.423775], [-75.446542, 6.423236], [-75.446734, 6.422547], [-75.446964, 6.422235], [-75.447319, 6.420847], [-75.447505, 6.420624], [-75.44793, 6.420404], [-75.448238, 6.419986], [-75.448342, 6.419616], [-75.450248, 6.419561], [-75.450252, 6.418369], [-75.450124, 6.418023], [-75.449881, 6.417792], [-75.449524, 6.417678], [-75.448157, 6.417744], [-75.447892, 6.417501], [-75.448068, 6.417217], [-75.448166, 6.416531], [-75.448353, 6.416257], [-75.44841, 6.415665], [-75.448831, 6.415511], [-75.448897, 6.414288], [-75.448973, 6.414106], [-75.449164, 6.414035], [-75.449641, 6.414028], [-75.449931, 6.414115], [-75.450027, 6.414329], [-75.45012, 6.415119], [-75.450591, 6.415366], [-75.450849, 6.41572], [-75.451068, 6.416462], [-75.451505, 6.416593], [-75.452429, 6.416582], [-75.452543, 6.416692], [-75.452524, 6.416885], [-75.452402, 6.417012], [-75.452048, 6.417174], [-75.451726, 6.417211], [-75.451472, 6.417481], [-75.45139, 6.417718], [-75.451393, 6.418158], [-75.451503, 6.418525], [-75.451889, 6.418908], [-75.451967, 6.419217], [-75.452262, 6.4196], [-75.453292, 6.419693], [-75.453594, 6.419596], [-75.45379, 6.419403], [-75.453882, 6.419114], [-75.453758, 6.418116], [-75.453324, 6.41781], [-75.453206, 6.417534], [-75.452948, 6.417315], [-75.4528, 6.416591], [-75.452599, 6.416324], [-75.452603, 6.416016], [-75.452827, 6.415528], [-75.45288, 6.414831], [-75.453016, 6.414676], [-75.45328, 6.41483], [-75.453543, 6.415591], [-75.453852, 6.415972], [-75.453955, 6.416589], [-75.454073, 6.416787], [-75.454611, 6.416999], [-75.455579, 6.417063], [-75.45612, 6.417241], [-75.456232, 6.417374], [-75.456306, 6.417999], [-75.457026, 6.418126], [-75.457172, 6.418439], [-75.457447, 6.4186], [-75.458044, 6.41863], [-75.458298, 6.418522], [-75.458469, 6.418307], [-75.458623, 6.416864], [-75.459267, 6.416747], [-75.458684, 6.416263], [-75.458606, 6.416027], [-75.458746, 6.415618], [-75.459283, 6.415379], [-75.459394, 6.415217], [-75.459226, 6.414663], [-75.45919, 6.414026], [-75.458611, 6.413907], [-75.458306, 6.413488], [-75.458152, 6.413416], [-75.457312, 6.413425], [-75.45743, 6.415226], [-75.457332, 6.415386], [-75.457132, 6.415449], [-75.456347, 6.415343], [-75.456143, 6.415097], [-75.456014, 6.414551], [-75.455792, 6.414402], [-75.455266, 6.414261], [-75.455181, 6.413828], [-75.45525, 6.413486], [-75.457058, 6.413402], [-75.457135, 6.413313], [-75.457097, 6.412982], [-75.457896, 6.41274], [-75.458059, 6.412132], [-75.457994, 6.410839], [-75.457723, 6.410612], [-75.4571, 6.410631], [-75.456694, 6.410838], [-75.456073, 6.411331], [-75.455712, 6.41145], [-75.45553, 6.411128], [-75.455153, 6.411088], [-75.45501, 6.410827], [-75.455055, 6.410463], [-75.455315, 6.410284], [-75.455454, 6.409912], [-75.455478, 6.409133], [-75.455323, 6.408583], [-75.45517, 6.408474], [-75.454967, 6.408475], [-75.453749, 6.408652], [-75.453228, 6.408186], [-75.452673, 6.407834], [-75.452736, 6.407474], [-75.452975, 6.407332], [-75.453077, 6.407108], [-75.452988, 6.406224], [-75.452777, 6.405569], [-75.452299, 6.405341], [-75.452002, 6.404849], [-75.451826, 6.403236], [-75.451548, 6.403028], [-75.451501, 6.402881], [-75.451621, 6.401893], [-75.452023, 6.401727], [-75.452185, 6.401062], [-75.453358, 6.401058], [-75.453638, 6.401186], [-75.453725, 6.401419], [-75.453978, 6.401563], [-75.454088, 6.40304], [-75.454295, 6.403541], [-75.454476, 6.403649], [-75.455498, 6.40365], [-75.455775, 6.403577], [-75.456075, 6.403251], [-75.456196, 6.402643], [-75.456519, 6.402428], [-75.457039, 6.402596], [-75.459723, 6.402727], [-75.459735, 6.404288], [-75.459621, 6.4047], [-75.459537, 6.404751], [-75.458997, 6.404716], [-75.458701, 6.404517], [-75.458678, 6.4037], [-75.458537, 6.403451], [-75.45785, 6.403397], [-75.456925, 6.403458], [-75.456838, 6.403862], [-75.456848, 6.404632], [-75.457262, 6.405381], [-75.456867, 6.405433], [-75.456677, 6.407194], [-75.456531, 6.407347], [-75.45549, 6.407386], [-75.454918, 6.407275], [-75.455013, 6.406011], [-75.455102, 6.405773], [-75.455282, 6.405614], [-75.455553, 6.405533], [-75.456572, 6.405497], [-75.456762, 6.405414], [-75.456836, 6.405233], [-75.456798, 6.404685], [-75.456622, 6.404284], [-75.455986, 6.403789], [-75.454704, 6.403807], [-75.454195, 6.403687], [-75.453908, 6.403112], [-75.453819, 6.402262], [-75.453651, 6.402004], [-75.453581, 6.401639], [-75.453475, 6.40157], [-75.452888, 6.401623], [-75.452641, 6.402159], [-75.452334, 6.402294], [-75.451674, 6.402384], [-75.451576, 6.402672], [-75.451659, 6.402913], [-75.451864, 6.40306], [-75.45197, 6.40402], [-75.452209, 6.404183], [-75.452369, 6.40489], [-75.452736, 6.405021], [-75.452888, 6.405392], [-75.453355, 6.405475], [-75.453559, 6.405815], [-75.453549, 6.406904], [-75.453399, 6.407287], [-75.453133, 6.407498], [-75.453114, 6.407865], [-75.453679, 6.408226], [-75.45385, 6.408443], [-75.454271, 6.408383], [-75.454714, 6.408194], [-75.455508, 6.408184], [-75.455757, 6.408304], [-75.455916, 6.408535], [-75.455985, 6.408876], [-75.455889, 6.409896], [-75.455834, 6.410013], [-75.455618, 6.410087], [-75.455543, 6.410298], [-75.455562, 6.410812], [-75.455668, 6.410951], [-75.45595, 6.41092], [-75.45605, 6.410694], [-75.456241, 6.41058], [-75.456862, 6.410543], [-75.457279, 6.410379], [-75.457477, 6.410242], [-75.457633, 6.409923], [-75.457823, 6.408734], [-75.457872, 6.406739], [-75.457819, 6.406431], [-75.457457, 6.406283], [-75.457566, 6.405988], [-75.457458, 6.405531], [-75.457632, 6.405433], [-75.458171, 6.405494], [-75.458229, 6.405971], [-75.458086, 6.406212], [-75.458723, 6.406416], [-75.458771, 6.406934], [-75.458677, 6.40733], [-75.458571, 6.407461], [-75.458107, 6.407678], [-75.458011, 6.408019], [-75.458211, 6.408577], [-75.458744, 6.408672], [-75.458918, 6.408814], [-75.458976, 6.409271], [-75.458753, 6.409649], [-75.458774, 6.409921], [-75.459307, 6.410137], [-75.459874, 6.410881], [-75.46015, 6.410983], [-75.460334, 6.41123], [-75.460544, 6.411991], [-75.460987, 6.412494], [-75.461204, 6.414089], [-75.461263, 6.414213], [-75.461542, 6.414367], [-75.461679, 6.415538], [-75.46178, 6.415445], [-75.461885, 6.414935], [-75.462124, 6.414943], [-75.462287, 6.415109], [-75.462333, 6.415432], [-75.462212, 6.416914], [-75.462443, 6.417174], [-75.462901, 6.417345], [-75.463587, 6.417429], [-75.465867, 6.417384], [-75.465313, 6.417241], [-75.46522, 6.41649], [-75.465262, 6.416018], [-75.465835, 6.415884], [-75.465992, 6.415623], [-75.466525, 6.415559], [-75.466666, 6.415462], [-75.466759, 6.415273], [-75.466803, 6.414624], [-75.466759, 6.414346], [-75.466547, 6.414064], [-75.466134, 6.413999], [-75.465766, 6.413773], [-75.464899, 6.413682], [-75.464809, 6.413213], [-75.464646, 6.413028], [-75.463901, 6.412918], [-75.463812, 6.412591], [-75.463684, 6.412478], [-75.463064, 6.412427], [-75.462631, 6.412292], [-75.462494, 6.412058], [-75.462471, 6.41171], [-75.462521, 6.411051], [-75.462645, 6.410674], [-75.463289, 6.410776], [-75.464528, 6.410719], [-75.464644, 6.410659], [-75.464776, 6.410391], [-75.465773, 6.410271], [-75.465926, 6.409976], [-75.466741, 6.409843], [-75.466917, 6.409474], [-75.467622, 6.409357], [-75.467782, 6.409084], [-75.46787, 6.408499], [-75.468357, 6.408405], [-75.468345, 6.407037], [-75.468483, 6.406696], [-75.468691, 6.406597], [-75.468988, 6.406671], [-75.469208, 6.407335], [-75.469179, 6.407735], [-75.469736, 6.407999], [-75.46983, 6.408556], [-75.470032, 6.408672], [-75.470153, 6.408565], [-75.470329, 6.408128], [-75.47079, 6.407989], [-75.471495, 6.407477], [-75.471832, 6.406996], [-75.472108, 6.406815], [-75.472649, 6.406777], [-75.473564, 6.407125], [-75.474201, 6.407147], [-75.474367, 6.407079], [-75.474486, 6.406884], [-75.475442, 6.406783], [-75.475712, 6.406651], [-75.475892, 6.406413], [-75.475978, 6.405616], [-75.475867, 6.405049], [-75.475759, 6.404934], [-75.475399, 6.404887], [-75.475192, 6.404753], [-75.474367, 6.404627], [-75.474268, 6.403915], [-75.474111, 6.403772], [-75.472697, 6.403954], [-75.472474, 6.404154], [-75.472353, 6.404674], [-75.472052, 6.404871], [-75.471312, 6.404924], [-75.471043, 6.404795], [-75.470774, 6.404111], [-75.470838, 6.403678], [-75.471297, 6.403086], [-75.471519, 6.403107], [-75.4717, 6.403358], [-75.47166, 6.402272], [-75.471426, 6.402092], [-75.471359, 6.401892], [-75.471492, 6.40157], [-75.471595, 6.400247], [-75.471751, 6.400034], [-75.472484, 6.399916], [-75.473512, 6.399962], [-75.473548, 6.401425], [-75.473645, 6.401739], [-75.47594, 6.402059], [-75.477736, 6.402153], [-75.478641, 6.402583], [-75.478773, 6.402841], [-75.478771, 6.403129], [-75.477922, 6.403488], [-75.477734, 6.404059], [-75.477737, 6.404497], [-75.477826, 6.405057], [-75.477913, 6.405179], [-75.478278, 6.405309], [-75.478332, 6.406388], [-75.478444, 6.406696], [-75.478666, 6.4069], [-75.478997, 6.407001], [-75.479437, 6.406999], [-75.479767, 6.406907], [-75.479987, 6.406724], [-75.480097, 6.406452], [-75.480129, 6.405577], [-75.480296, 6.40497], [-75.480594, 6.404786], [-75.480846, 6.404898], [-75.480962, 6.406117], [-75.481095, 6.406463], [-75.481334, 6.406693], [-75.481679, 6.406807], [-75.482131, 6.406805], [-75.482707, 6.406684], [-75.482831, 6.406564], [-75.482907, 6.406183], [-75.483075, 6.406072], [-75.483346, 6.40617], [-75.483754, 6.406585], [-75.484853, 6.406656], [-75.485211, 6.406561], [-75.485453, 6.406374], [-75.48558, 6.406094], [-75.485642, 6.405109], [-75.485917, 6.404922], [-75.4857, 6.404744], [-75.485648, 6.404515], [-75.485656, 6.404025], [-75.485854, 6.403268], [-75.486158, 6.402975], [-75.486266, 6.40257], [-75.48685, 6.402494], [-75.487092, 6.402358], [-75.487103, 6.401734], [-75.48732, 6.401335], [-75.487524, 6.401197], [-75.487935, 6.401171], [-75.488126, 6.401837], [-75.488462, 6.401983], [-75.489004, 6.402049], [-75.48897, 6.402205], [-75.488746, 6.402431], [-75.488761, 6.402846]], [[-75.450001, 6.415239], [-75.449819, 6.414503], [-75.449658, 6.414226], [-75.449337, 6.41417], [-75.44904, 6.414241], [-75.449098, 6.415038], [-75.449288, 6.415384], [-75.449626, 6.41547], [-75.449957, 6.415403], [-75.450001, 6.415239]], [[-75.451893, 6.419992], [-75.451844, 6.419519], [-75.451458, 6.419302], [-75.451249, 6.418008], [-75.451009, 6.4177], [-75.450888, 6.417229], [-75.450691, 6.417192], [-75.450389, 6.41755], [-75.450333, 6.418435], [-75.450391, 6.41874], [-75.450715, 6.418942], [-75.450865, 6.419978], [-75.451114, 6.420053], [-75.451776, 6.420038], [-75.451893, 6.419992]], [[-75.450529, 6.420151], [-75.450492, 6.420591], [-75.450642, 6.4207], [-75.450742, 6.42048], [-75.450692, 6.42015], [-75.450529, 6.420151]], [[-75.452474, 6.420911], [-75.452228, 6.420318], [-75.451905, 6.420216], [-75.451657, 6.420228], [-75.451472, 6.420342], [-75.451288, 6.420873], [-75.451371, 6.421814], [-75.451451, 6.421918], [-75.4519, 6.422027], [-75.452741, 6.422126], [-75.452886, 6.422631], [-75.453369, 6.422721], [-75.453635, 6.422432], [-75.453687, 6.422144], [-75.4536, 6.421278], [-75.453088, 6.421001], [-75.452474, 6.420911]], [[-75.45356, 6.415979], [-75.453335, 6.415796], [-75.452934, 6.415841], [-75.452876, 6.416403], [-75.452955, 6.41659], [-75.453354, 6.416837], [-75.453693, 6.416874], [-75.453838, 6.416784], [-75.453883, 6.416542], [-75.45356, 6.415979]], [[-75.454449, 6.417918], [-75.45468, 6.417232], [-75.45443, 6.417124], [-75.453785, 6.417132], [-75.453598, 6.417351], [-75.453665, 6.417728], [-75.454139, 6.418033], [-75.454449, 6.417918]], [[-75.455389, 6.418949], [-75.455336, 6.418356], [-75.455234, 6.418188], [-75.455081, 6.418104], [-75.454727, 6.41819], [-75.454576, 6.418614], [-75.45463, 6.419206], [-75.454732, 6.419375], [-75.454885, 6.419459], [-75.455239, 6.419373], [-75.455389, 6.418949]], [[-75.461474, 6.423158], [-75.461321, 6.422844], [-75.461243, 6.42234], [-75.460961, 6.421988], [-75.459938, 6.42186], [-75.459372, 6.421636], [-75.45846, 6.421593], [-75.457671, 6.421044], [-75.456649, 6.421018], [-75.45632, 6.421138], [-75.456101, 6.421365], [-75.455992, 6.421698], [-75.455994, 6.422139], [-75.456095, 6.422469], [-75.456295, 6.422689], [-75.456593, 6.422798], [-75.457561, 6.422864], [-75.458199, 6.423137], [-75.459305, 6.423231], [-75.459505, 6.423539], [-75.46012, 6.423632], [-75.460708, 6.423834], [-75.460875, 6.424124], [-75.461141, 6.42428], [-75.461664, 6.424309], [-75.461887, 6.424243], [-75.462119, 6.423917], [-75.462031, 6.423325], [-75.461474, 6.423158]], [[-75.456439, 6.423361], [-75.456514, 6.423232], [-75.456451, 6.423049], [-75.456269, 6.422996], [-75.456074, 6.423057], [-75.456016, 6.423272], [-75.456084, 6.423388], [-75.456439, 6.423361]], [[-75.459363, 6.40285], [-75.459169, 6.402768], [-75.458952, 6.402794], [-75.458757, 6.403063], [-75.458927, 6.404229], [-75.459156, 6.404421], [-75.459344, 6.404351], [-75.459402, 6.404194], [-75.459363, 6.40285]], [[-75.461941, 6.424878], [-75.461983, 6.425017], [-75.462233, 6.425075], [-75.462588, 6.425053], [-75.46274, 6.424954], [-75.462689, 6.424817], [-75.462442, 6.424758], [-75.462095, 6.424779], [-75.461941, 6.424878]], [[-75.468185, 6.420029], [-75.468182, 6.419577], [-75.468073, 6.419236], [-75.467858, 6.419006], [-75.467535, 6.418886], [-75.466406, 6.418926], [-75.466406, 6.420058], [-75.466527, 6.420386], [-75.466754, 6.420604], [-75.467087, 6.420711], [-75.467527, 6.420709], [-75.467857, 6.420595], [-75.468076, 6.420368], [-75.468185, 6.420029]], [[-75.46905, 6.407406], [-75.468736, 6.407036], [-75.468553, 6.407023], [-75.468467, 6.407209], [-75.468506, 6.407548], [-75.468761, 6.407622], [-75.468982, 6.407574], [-75.46905, 6.407406]], [[-75.47106, 6.410572], [-75.47121, 6.410462], [-75.472044, 6.410516], [-75.47279, 6.410456], [-75.473003, 6.410342], [-75.47311, 6.410172], [-75.473146, 6.40963], [-75.473318, 6.409448], [-75.473526, 6.409583], [-75.473892, 6.409654], [-75.474688, 6.409701], [-75.475026, 6.409603], [-75.475251, 6.409387], [-75.475362, 6.409054], [-75.47536, 6.408602], [-75.475245, 6.408261], [-75.475018, 6.408031], [-75.474679, 6.407911], [-75.473889, 6.407949], [-75.473663, 6.408051], [-75.47355, 6.408209], [-75.473518, 6.408724], [-75.473401, 6.408885], [-75.472784, 6.408716], [-75.471707, 6.408776], [-75.471493, 6.408907], [-75.471385, 6.409102], [-75.471282, 6.409861], [-75.469878, 6.40985], [-75.46955, 6.409959], [-75.469333, 6.410174], [-75.469225, 6.410497], [-75.469227, 6.410926], [-75.469338, 6.411247], [-75.46956, 6.41146], [-75.46989, 6.411566], [-75.47066, 6.411506], [-75.47088, 6.411392], [-75.470989, 6.411221], [-75.47106, 6.410572]], [[-75.471166, 6.409612], [-75.471226, 6.409218], [-75.471137, 6.408911], [-75.471009, 6.408823], [-75.470588, 6.408782], [-75.470291, 6.408945], [-75.470233, 6.409322], [-75.4704, 6.4096], [-75.470784, 6.409673], [-75.471166, 6.409612]], [[-75.473326, 6.40011], [-75.472772, 6.400025], [-75.471949, 6.400092], [-75.471865, 6.400729], [-75.471899, 6.401709], [-75.472023, 6.401998], [-75.47224, 6.402191], [-75.472547, 6.402183], [-75.472802, 6.401429], [-75.473336, 6.401314], [-75.473399, 6.40058], [-75.473326, 6.40011]], [[-75.47266, 6.403313], [-75.472345, 6.403367], [-75.472334, 6.403553], [-75.472437, 6.403693], [-75.472659, 6.403719], [-75.472843, 6.403605], [-75.472845, 6.403411], [-75.47266, 6.403313]], [[-75.473804, 6.402975], [-75.473846, 6.403152], [-75.47407, 6.403228], [-75.474385, 6.403201], [-75.47452, 6.403074], [-75.474474, 6.402897], [-75.474252, 6.402821], [-75.47394, 6.402848], [-75.473804, 6.402975]]], [[[-75.444451, 6.421697], [-75.444498, 6.420722], [-75.444829, 6.420636], [-75.445251, 6.420678], [-75.445316, 6.421041], [-75.445159, 6.422148], [-75.444797, 6.422315], [-75.444526, 6.422293], [-75.444451, 6.421697]], [[-75.445168, 6.420776], [-75.444808, 6.420696], [-75.444587, 6.420881], [-75.444568, 6.421788], [-75.444614, 6.422056], [-75.444731, 6.422148], [-75.444926, 6.422135], [-75.445017, 6.422007], [-75.445082, 6.421246], [-75.445212, 6.420975], [-75.445168, 6.420776]]], [[[-75.445, 6.419897], [-75.445135, 6.418952], [-75.44533, 6.41882], [-75.445543, 6.418867], [-75.445659, 6.419046], [-75.445629, 6.419663], [-75.445469, 6.420282], [-75.445338, 6.420463], [-75.445079, 6.420454], [-75.445, 6.419897]]], [[[-75.454631, 6.413598], [-75.454033, 6.413889], [-75.45376, 6.413892], [-75.453592, 6.413817], [-75.453493, 6.413585], [-75.453298, 6.413533], [-75.453131, 6.413086], [-75.453129, 6.412293], [-75.453974, 6.412079], [-75.454184, 6.411785], [-75.454375, 6.411681], [-75.455133, 6.411693], [-75.455268, 6.411801], [-75.455306, 6.412012], [-75.455115, 6.412871], [-75.455007, 6.413145], [-75.454736, 6.41335], [-75.454631, 6.413598]], [[-75.454772, 6.412586], [-75.454805, 6.412061], [-75.454628, 6.411931], [-75.453965, 6.412319], [-75.453905, 6.412494], [-75.454029, 6.412726], [-75.453575, 6.412896], [-75.45356, 6.413257], [-75.453649, 6.413476], [-75.453956, 6.413593], [-75.454296, 6.413515], [-75.454454, 6.413313], [-75.454594, 6.412715], [-75.454772, 6.412586]]], [[[-75.452118, 6.400358], [-75.450862, 6.400503], [-75.450632, 6.400895], [-75.450129, 6.400886], [-75.449808, 6.400453], [-75.449301, 6.400117], [-75.449219, 6.399974], [-75.449321, 6.399765], [-75.449843, 6.399678], [-75.449993, 6.399569], [-75.449214, 6.399396], [-75.449187, 6.399067], [-75.44955, 6.398938], [-75.451275, 6.398707], [-75.452126, 6.398996], [-75.452254, 6.399403], [-75.452202, 6.400246], [-75.452118, 6.400358]], [[-75.452093, 6.399803], [-75.452166, 6.399332], [-75.452013, 6.399132], [-75.450777, 6.398957], [-75.45038, 6.398986], [-75.450236, 6.39911], [-75.4502, 6.399605], [-75.450273, 6.39982], [-75.451397, 6.399884], [-75.452093, 6.399803]]], [[[-75.45717, 6.402202], [-75.456963, 6.401271], [-75.456727, 6.400912], [-75.456974, 6.400604], [-75.45657, 6.400488], [-75.456482, 6.400306], [-75.456692, 6.4], [-75.45679, 6.399415], [-75.456933, 6.399092], [-75.457456, 6.398974], [-75.457609, 6.399147], [-75.457633, 6.399837], [-75.457725, 6.400147], [-75.457956, 6.40043], [-75.458294, 6.400567], [-75.458349, 6.40101], [-75.458542, 6.401456], [-75.458422, 6.401632], [-75.45809, 6.401743], [-75.457906, 6.402133], [-75.457678, 6.402241], [-75.45717, 6.402202]], [[-75.457815, 6.401633], [-75.457988, 6.401447], [-75.457938, 6.40118], [-75.457699, 6.401102], [-75.457428, 6.401161], [-75.457383, 6.401404], [-75.457584, 6.401575], [-75.457815, 6.401633]]], [[[-75.457996, 6.398115], [-75.459021, 6.397985], [-75.459489, 6.397839], [-75.459583, 6.397708], [-75.459639, 6.397257], [-75.459874, 6.396987], [-75.460575, 6.396942], [-75.461561, 6.39739], [-75.461874, 6.397768], [-75.462021, 6.398174], [-75.462301, 6.398414], [-75.462624, 6.398521], [-75.46267, 6.398797], [-75.462565, 6.39891], [-75.462346, 6.398937], [-75.462251, 6.39935], [-75.462125, 6.399457], [-75.459934, 6.399335], [-75.459048, 6.398849], [-75.457964, 6.398616], [-75.457838, 6.39838], [-75.457996, 6.398115]], [[-75.461529, 6.397575], [-75.461051, 6.397491], [-75.460612, 6.397294], [-75.460024, 6.397319], [-75.459901, 6.397974], [-75.459553, 6.398227], [-75.459525, 6.398591], [-75.459638, 6.398943], [-75.459908, 6.399139], [-75.46043, 6.399072], [-75.460551, 6.398182], [-75.460859, 6.397998], [-75.461528, 6.397928], [-75.461602, 6.397751], [-75.461529, 6.397575]]], [[[-75.462415, 6.399866], [-75.462753, 6.400888], [-75.46291, 6.401045], [-75.463767, 6.401196], [-75.463914, 6.401295], [-75.463899, 6.402315], [-75.463568, 6.403998], [-75.463486, 6.405039], [-75.4628, 6.405312], [-75.462851, 6.40698], [-75.463187, 6.407256], [-75.463237, 6.407644], [-75.46307, 6.407839], [-75.462115, 6.407985], [-75.461956, 6.408079], [-75.461792, 6.408648], [-75.461625, 6.408762], [-75.460826, 6.408443], [-75.460782, 6.407527], [-75.460854, 6.407378], [-75.461033, 6.407293], [-75.461058, 6.406947], [-75.460765, 6.406744], [-75.460614, 6.405526], [-75.460227, 6.405346], [-75.460105, 6.405114], [-75.460212, 6.404974], [-75.460662, 6.404856], [-75.460911, 6.404593], [-75.461483, 6.404441], [-75.461768, 6.403637], [-75.462143, 6.403287], [-75.462214, 6.402399], [-75.462012, 6.40175], [-75.461966, 6.401125], [-75.462075, 6.399849], [-75.462415, 6.399866]], [[-75.463442, 6.403076], [-75.463538, 6.4029], [-75.463577, 6.402386], [-75.463505, 6.40136], [-75.463303, 6.401261], [-75.462851, 6.40129], [-75.462704, 6.401538], [-75.462655, 6.403018], [-75.462537, 6.403399], [-75.462365, 6.403467], [-75.462164, 6.404028], [-75.46186, 6.404165], [-75.461513, 6.404709], [-75.461292, 6.404883], [-75.46089, 6.404966], [-75.460781, 6.405087], [-75.460821, 6.405311], [-75.461054, 6.405511], [-75.461134, 6.406556], [-75.461214, 6.406745], [-75.461435, 6.406784], [-75.461558, 6.406695], [-75.461608, 6.405758], [-75.461803, 6.405319], [-75.462934, 6.405105], [-75.463075, 6.404713], [-75.463114, 6.403217], [-75.463442, 6.403076]], [[-75.462895, 6.407325], [-75.462407, 6.407151], [-75.461569, 6.407178], [-75.461421, 6.407314], [-75.461418, 6.407721], [-75.461482, 6.407857], [-75.461631, 6.407919], [-75.463016, 6.407785], [-75.463092, 6.407543], [-75.462895, 6.407325]], [[-75.462534, 6.401413], [-75.462592, 6.401116], [-75.462278, 6.400988], [-75.462186, 6.401151], [-75.462214, 6.401366], [-75.46237, 6.40146], [-75.462534, 6.401413]]], [[[-75.46564, 6.408207], [-75.465443, 6.406969], [-75.465447, 6.405927], [-75.465801, 6.40395], [-75.466187, 6.4033], [-75.466674, 6.403038], [-75.467035, 6.402992], [-75.467139, 6.402906], [-75.467243, 6.402481], [-75.467281, 6.401578], [-75.467454, 6.401469], [-75.467772, 6.401797], [-75.468293, 6.402097], [-75.468646, 6.402674], [-75.469255, 6.402731], [-75.469394, 6.402814], [-75.469411, 6.40313], [-75.469055, 6.403559], [-75.469263, 6.404043], [-75.469245, 6.404495], [-75.46911, 6.404717], [-75.4688, 6.404849], [-75.468538, 6.404719], [-75.468442, 6.404504], [-75.468149, 6.404408], [-75.467215, 6.404413], [-75.466934, 6.404514], [-75.466826, 6.404962], [-75.466769, 6.406481], [-75.46653, 6.40669], [-75.466347, 6.407923], [-75.465891, 6.408293], [-75.46564, 6.408207]], [[-75.468351, 6.402902], [-75.46803, 6.402768], [-75.467563, 6.402847], [-75.46723, 6.403206], [-75.466617, 6.403327], [-75.466501, 6.403664], [-75.466187, 6.403901], [-75.466007, 6.405339], [-75.46593, 6.405443], [-75.465627, 6.405535], [-75.465567, 6.405711], [-75.465592, 6.407047], [-75.465688, 6.407378], [-75.465832, 6.407536], [-75.466177, 6.407473], [-75.466287, 6.407317], [-75.46633, 6.406672], [-75.46653, 6.405967], [-75.466596, 6.404645], [-75.466696, 6.404316], [-75.468662, 6.40423], [-75.468924, 6.404113], [-75.468901, 6.403843], [-75.46859, 6.403766], [-75.468451, 6.40361], [-75.468351, 6.402902]]], [[[-75.470608, 6.399636], [-75.470488, 6.399386], [-75.470684, 6.399221], [-75.47124, 6.399249], [-75.471456, 6.39945], [-75.471321, 6.399676], [-75.470944, 6.399711], [-75.470608, 6.399636]]], [[[-75.481193, 6.404422], [-75.481317, 6.404321], [-75.481987, 6.404168], [-75.482155, 6.403849], [-75.48246, 6.40385], [-75.482847, 6.403981], [-75.483127, 6.404238], [-75.483203, 6.404927], [-75.483118, 6.405061], [-75.482991, 6.405085], [-75.482683, 6.404985], [-75.481247, 6.404902], [-75.481137, 6.404701], [-75.481193, 6.404422]]], [[[-75.4409, 6.407167], [-75.441092, 6.407019], [-75.441306, 6.407188], [-75.441235, 6.407327], [-75.44106, 6.407401], [-75.4409, 6.407167]]], [[[-75.447641, 6.354797], [-75.447457, 6.354901], [-75.445988, 6.355074], [-75.445813, 6.355322], [-75.445717, 6.355894], [-75.445067, 6.355975], [-75.444811, 6.356132], [-75.444915, 6.356998], [-75.444673, 6.357482], [-75.443915, 6.357654], [-75.443779, 6.358058], [-75.443643, 6.358165], [-75.442545, 6.358376], [-75.442102, 6.358707], [-75.441836, 6.358598], [-75.441742, 6.358026], [-75.441825, 6.357643], [-75.441765, 6.357355], [-75.441864, 6.357194], [-75.441922, 6.356672], [-75.44196, 6.354504], [-75.442095, 6.35433], [-75.442856, 6.354136], [-75.442695, 6.353646], [-75.442821, 6.353261], [-75.443163, 6.353281], [-75.44356, 6.353663], [-75.443712, 6.354049], [-75.444028, 6.35414], [-75.444584, 6.354095], [-75.444762, 6.35383], [-75.445093, 6.353742], [-75.446628, 6.353702], [-75.447297, 6.353603], [-75.447688, 6.354297], [-75.447641, 6.354797]], [[-75.446042, 6.354913], [-75.447509, 6.354792], [-75.447603, 6.354657], [-75.447588, 6.354382], [-75.447382, 6.354252], [-75.446185, 6.354209], [-75.445673, 6.354075], [-75.444824, 6.354219], [-75.444614, 6.35433], [-75.444023, 6.354365], [-75.443687, 6.354257], [-75.443388, 6.353732], [-75.44307, 6.353712], [-75.442983, 6.353914], [-75.443114, 6.3543], [-75.442556, 6.354379], [-75.442139, 6.354634], [-75.441996, 6.355134], [-75.442077, 6.355848], [-75.442646, 6.355909], [-75.442887, 6.356273], [-75.442994, 6.357945], [-75.443497, 6.357933], [-75.443738, 6.357424], [-75.444343, 6.357487], [-75.444504, 6.357174], [-75.444683, 6.356191], [-75.444819, 6.355991], [-75.445004, 6.355885], [-75.445626, 6.355804], [-75.44581, 6.355054], [-75.446042, 6.354913]]], [[[-75.440589, 6.357618], [-75.440449, 6.357379], [-75.440554, 6.357171], [-75.440945, 6.357119], [-75.441275, 6.35727], [-75.441216, 6.357514], [-75.44089, 6.357627], [-75.440589, 6.357618]]], [[[-75.441176, 6.381734], [-75.441408, 6.381963], [-75.441413, 6.382032], [-75.44115, 6.381965], [-75.441084, 6.381778], [-75.441176, 6.381734]]], [[[-75.441567, 6.418876], [-75.44166, 6.418632], [-75.441782, 6.418591], [-75.441979, 6.418694], [-75.442086, 6.418918], [-75.441961, 6.419108], [-75.441783, 6.419186], [-75.441624, 6.419099], [-75.441567, 6.418876]]], [[[-75.444796, 6.326304], [-75.444538, 6.326389], [-75.443442, 6.326429], [-75.44309, 6.326253], [-75.442847, 6.325898], [-75.442713, 6.325365], [-75.442687, 6.324654], [-75.442724, 6.32412], [-75.442826, 6.323763], [-75.442991, 6.323585], [-75.443597, 6.323703], [-75.444046, 6.324258], [-75.443398, 6.324306], [-75.443206, 6.324423], [-75.443016, 6.325003], [-75.443018, 6.325466], [-75.443118, 6.325815], [-75.443317, 6.326051], [-75.443614, 6.326174], [-75.444742, 6.326169], [-75.444839, 6.325886], [-75.444882, 6.326161], [-75.444796, 6.326304]]], [[[-75.449789, 6.41147], [-75.449628, 6.411589], [-75.449261, 6.411573], [-75.449133, 6.411391], [-75.449164, 6.411122], [-75.449363, 6.411002], [-75.449746, 6.411048], [-75.449829, 6.411225], [-75.449789, 6.41147]]], [[[-75.447658, 6.411109], [-75.447007, 6.410837], [-75.446912, 6.410417], [-75.447049, 6.410289], [-75.448904, 6.410107], [-75.449045, 6.410006], [-75.449135, 6.409628], [-75.449449, 6.409674], [-75.449524, 6.410271], [-75.449282, 6.410432], [-75.449096, 6.410978], [-75.448565, 6.411156], [-75.447658, 6.411109]], [[-75.44802, 6.410968], [-75.448615, 6.410928], [-75.448659, 6.410579], [-75.448494, 6.410479], [-75.448153, 6.41046], [-75.447485, 6.410571], [-75.447447, 6.410702], [-75.447583, 6.410879], [-75.44802, 6.410968]]], [[[-75.446679, 6.409258], [-75.446445, 6.408148], [-75.44609, 6.408004], [-75.445134, 6.407891], [-75.444781, 6.407501], [-75.444684, 6.407258], [-75.444138, 6.407024], [-75.44404, 6.405803], [-75.443774, 6.405445], [-75.443774, 6.405268], [-75.444231, 6.405181], [-75.44508, 6.405504], [-75.447187, 6.405653], [-75.447402, 6.40585], [-75.447507, 6.406465], [-75.44775, 6.4068], [-75.448877, 6.407074], [-75.44897, 6.407543], [-75.448885, 6.407968], [-75.448758, 6.408156], [-75.448055, 6.4084], [-75.447575, 6.408412], [-75.448273, 6.408191], [-75.448387, 6.407813], [-75.448388, 6.407433], [-75.448286, 6.407163], [-75.448074, 6.407], [-75.44732, 6.406859], [-75.447197, 6.40672], [-75.446955, 6.405861], [-75.446643, 6.405724], [-75.444973, 6.405657], [-75.444595, 6.40558], [-75.444435, 6.405444], [-75.444174, 6.405479], [-75.444105, 6.405857], [-75.444263, 6.406924], [-75.444772, 6.407021], [-75.445022, 6.407341], [-75.445312, 6.407521], [-75.446142, 6.407625], [-75.446837, 6.408624], [-75.447229, 6.408422], [-75.447268, 6.408985], [-75.447173, 6.409425], [-75.446894, 6.409416], [-75.446679, 6.409258]]], [[[-75.444848, 6.3425], [-75.444238, 6.342491], [-75.443781, 6.342364], [-75.443475, 6.342117], [-75.443321, 6.34175], [-75.443318, 6.341265], [-75.44344, 6.3409], [-75.443686, 6.340656], [-75.444056, 6.340533], [-75.444949, 6.340534], [-75.44558, 6.340582], [-75.445667, 6.340717], [-75.445759, 6.341801], [-75.445608, 6.342155], [-75.445305, 6.342388], [-75.444848, 6.3425]], [[-75.44476, 6.340624], [-75.444218, 6.340629], [-75.443815, 6.340745], [-75.44355, 6.340972], [-75.443425, 6.34131], [-75.443439, 6.341759], [-75.443584, 6.342098], [-75.443862, 6.342327], [-75.444272, 6.342446], [-75.444814, 6.342455], [-75.445217, 6.342346], [-75.445481, 6.342119], [-75.445606, 6.341774], [-75.445593, 6.341311], [-75.445447, 6.340965], [-75.44517, 6.340736], [-75.44476, 6.340624]]], [[[-75.446862, 6.415225], [-75.446464, 6.415408], [-75.446328, 6.415702], [-75.446138, 6.415844], [-75.444879, 6.416058], [-75.444407, 6.41591], [-75.444211, 6.41533], [-75.444316, 6.415065], [-75.444565, 6.414904], [-75.44478, 6.414186], [-75.445538, 6.413848], [-75.445962, 6.41381], [-75.446816, 6.41391], [-75.446912, 6.414402], [-75.446907, 6.415116], [-75.446862, 6.415225]], [[-75.446368, 6.414838], [-75.446373, 6.414013], [-75.445831, 6.41399], [-75.445684, 6.414079], [-75.445538, 6.414486], [-75.445589, 6.415041], [-75.445686, 6.415199], [-75.445831, 6.415278], [-75.446178, 6.415203], [-75.446368, 6.414838]]], [[[-75.446822, 6.433867], [-75.446185, 6.433546], [-75.445414, 6.432848], [-75.445197, 6.432447], [-75.445196, 6.43228], [-75.445314, 6.432155], [-75.445906, 6.432027], [-75.44638, 6.432024], [-75.446736, 6.432143], [-75.446975, 6.432384], [-75.447095, 6.432745], [-75.447098, 6.433228], [-75.446961, 6.433789], [-75.446822, 6.433867]]], [[[-75.446132, 6.328635], [-75.445842, 6.328105], [-75.445223, 6.327717], [-75.44505, 6.327519], [-75.445014, 6.327191], [-75.445132, 6.326965], [-75.445621, 6.326946], [-75.445928, 6.327177], [-75.446808, 6.328405], [-75.446872, 6.328697], [-75.446748, 6.328829], [-75.446457, 6.328857], [-75.446132, 6.328635]]], [[[-75.446139, 6.374961], [-75.446104, 6.375226], [-75.446063, 6.375322], [-75.446139, 6.374961]]], [[[-75.447895, 6.38354], [-75.446573, 6.383327], [-75.446403, 6.383243], [-75.446354, 6.38306], [-75.446637, 6.38332], [-75.448417, 6.383283], [-75.448672, 6.383403], [-75.448731, 6.383533], [-75.447895, 6.38354]]], [[[-75.446714, 6.387062], [-75.44653, 6.387343], [-75.446484, 6.387862], [-75.446473, 6.387278], [-75.44655, 6.38702], [-75.446704, 6.386841], [-75.446937, 6.386743], [-75.447485, 6.386644], [-75.447648, 6.386502], [-75.447801, 6.385934], [-75.447858, 6.386921], [-75.446714, 6.387062]]], [[[-75.484276, 6.372371], [-75.484181, 6.372516], [-75.484145, 6.372873], [-75.484218, 6.37357], [-75.484916, 6.373741], [-75.484272, 6.373891], [-75.484144, 6.374235], [-75.48336, 6.374414], [-75.483173, 6.374766], [-75.482999, 6.374891], [-75.48286, 6.374797], [-75.482704, 6.374054], [-75.482071, 6.373987], [-75.481805, 6.373767], [-75.481707, 6.372765], [-75.481157, 6.372604], [-75.480932, 6.372223], [-75.480356, 6.372229], [-75.480195, 6.372313], [-75.480083, 6.372466], [-75.479885, 6.373352], [-75.479464, 6.373583], [-75.479262, 6.374016], [-75.477812, 6.374026], [-75.47741, 6.373889], [-75.477169, 6.373], [-75.476779, 6.372779], [-75.476595, 6.37168], [-75.476265, 6.3716], [-75.475515, 6.371689], [-75.475121, 6.371852], [-75.474841, 6.372309], [-75.473423, 6.372479], [-75.473345, 6.37271], [-75.473361, 6.373302], [-75.473437, 6.373419], [-75.473852, 6.373482], [-75.473969, 6.37358], [-75.474188, 6.374456], [-75.474358, 6.374752], [-75.474648, 6.374956], [-75.476273, 6.375188], [-75.474167, 6.375283], [-75.474054, 6.375105], [-75.474016, 6.374298], [-75.473939, 6.374154], [-75.473413, 6.373829], [-75.473217, 6.373305], [-75.473064, 6.373241], [-75.472517, 6.373537], [-75.472497, 6.374376], [-75.472612, 6.374892], [-75.472917, 6.375142], [-75.473294, 6.375047], [-75.473587, 6.375145], [-75.473815, 6.375856], [-75.47375, 6.376287], [-75.474236, 6.376535], [-75.474474, 6.376416], [-75.474531, 6.376472], [-75.474151, 6.376745], [-75.472523, 6.377057], [-75.472125, 6.377073], [-75.471973, 6.376998], [-75.472269, 6.376544], [-75.472368, 6.37567], [-75.472322, 6.375563], [-75.472106, 6.375473], [-75.471764, 6.375563], [-75.47113, 6.375529], [-75.470898, 6.375258], [-75.470815, 6.374554], [-75.470839, 6.373778], [-75.470975, 6.373421], [-75.471241, 6.373312], [-75.471321, 6.373091], [-75.471206, 6.372873], [-75.470798, 6.372832], [-75.470304, 6.372913], [-75.470162, 6.373014], [-75.470062, 6.373178], [-75.469982, 6.373697], [-75.46986, 6.373919], [-75.469636, 6.374072], [-75.46831, 6.374239], [-75.467806, 6.374541], [-75.46763, 6.374915], [-75.467635, 6.37562], [-75.467485, 6.376836], [-75.466916, 6.377008], [-75.466543, 6.377373], [-75.46548, 6.377329], [-75.464898, 6.377459], [-75.464317, 6.377251], [-75.464173, 6.377325], [-75.464045, 6.377684], [-75.463916, 6.377777], [-75.463349, 6.377873], [-75.462565, 6.37786], [-75.462149, 6.377777], [-75.461977, 6.37751], [-75.461883, 6.377108], [-75.461707, 6.376975], [-75.461468, 6.37696], [-75.461271, 6.377049], [-75.461207, 6.377454], [-75.461259, 6.377718], [-75.461549, 6.377904], [-75.461508, 6.378114], [-75.460586, 6.377933], [-75.459825, 6.378063], [-75.459708, 6.377999], [-75.459592, 6.37772], [-75.459149, 6.377635], [-75.458257, 6.377604], [-75.45795, 6.377687], [-75.457784, 6.377954], [-75.457756, 6.378437], [-75.457842, 6.378553], [-75.458281, 6.378706], [-75.458405, 6.380746], [-75.459337, 6.380865], [-75.459685, 6.381076], [-75.459748, 6.381441], [-75.459946, 6.381856], [-75.460008, 6.382448], [-75.460366, 6.38269], [-75.460504, 6.383605], [-75.461012, 6.383858], [-75.461211, 6.384873], [-75.462612, 6.385008], [-75.462962, 6.385627], [-75.463161, 6.386213], [-75.463623, 6.386695], [-75.464199, 6.386842], [-75.464405, 6.387094], [-75.464608, 6.387775], [-75.46467, 6.388413], [-75.464986, 6.388901], [-75.465121, 6.389809], [-75.465125, 6.390882], [-75.46506, 6.39164], [-75.464733, 6.391952], [-75.464595, 6.392651], [-75.464203, 6.392809], [-75.464061, 6.393023], [-75.463912, 6.393656], [-75.464016, 6.393788], [-75.464262, 6.393864], [-75.464954, 6.393789], [-75.465232, 6.393492], [-75.465962, 6.393136], [-75.466766, 6.39291], [-75.467, 6.39246], [-75.467282, 6.392151], [-75.467509, 6.391285], [-75.467755, 6.39092], [-75.467907, 6.390406], [-75.468104, 6.390196], [-75.46848, 6.390074], [-75.468556, 6.38994], [-75.468379, 6.388463], [-75.468237, 6.388322], [-75.46791, 6.388405], [-75.467766, 6.388339], [-75.467838, 6.387565], [-75.467676, 6.387157], [-75.465367, 6.387029], [-75.465248, 6.386455], [-75.464438, 6.38632], [-75.46416, 6.386153], [-75.46401, 6.384777], [-75.463881, 6.384602], [-75.463215, 6.384371], [-75.4629, 6.383212], [-75.462759, 6.383149], [-75.462434, 6.383333], [-75.462017, 6.383305], [-75.462221, 6.383109], [-75.462467, 6.382487], [-75.462698, 6.382166], [-75.462858, 6.380939], [-75.46376, 6.380353], [-75.463845, 6.379741], [-75.464012, 6.379409], [-75.464055, 6.378957], [-75.464142, 6.378818], [-75.464577, 6.378665], [-75.465734, 6.378716], [-75.466169, 6.378983], [-75.466335, 6.379329], [-75.466455, 6.380085], [-75.467975, 6.380076], [-75.468104, 6.38004], [-75.468181, 6.379891], [-75.4683, 6.378843], [-75.468658, 6.37851], [-75.468892, 6.377678], [-75.469208, 6.377489], [-75.470294, 6.377433], [-75.470857, 6.377515], [-75.471413, 6.377852], [-75.47167, 6.377609], [-75.471927, 6.377566], [-75.472085, 6.377721], [-75.472437, 6.377755], [-75.472617, 6.37794], [-75.473131, 6.378215], [-75.473956, 6.37837], [-75.474242, 6.37858], [-75.474644, 6.378707], [-75.475925, 6.378699], [-75.476361, 6.37842], [-75.476671, 6.378617], [-75.477153, 6.378749], [-75.477362, 6.378981], [-75.477319, 6.380088], [-75.47755, 6.380482], [-75.477572, 6.380701], [-75.477386, 6.381139], [-75.477738, 6.381299], [-75.477773, 6.381648], [-75.476599, 6.381777], [-75.476499, 6.382308], [-75.476313, 6.382573], [-75.475277, 6.382744], [-75.474621, 6.382684], [-75.474514, 6.380668], [-75.474286, 6.380274], [-75.472842, 6.380133], [-75.472533, 6.379828], [-75.471549, 6.379717], [-75.471309, 6.379588], [-75.47112, 6.378987], [-75.471094, 6.37778], [-75.470867, 6.377527], [-75.469794, 6.377538], [-75.469033, 6.377717], [-75.468882, 6.378077], [-75.468808, 6.378664], [-75.46882, 6.379317], [-75.469009, 6.379838], [-75.468905, 6.380085], [-75.467872, 6.380199], [-75.466444, 6.380172], [-75.466211, 6.380095], [-75.46611, 6.379493], [-75.465772, 6.379227], [-75.464677, 6.379218], [-75.464257, 6.379418], [-75.46396, 6.380228], [-75.463343, 6.380749], [-75.463007, 6.381312], [-75.46294, 6.38168], [-75.462971, 6.382803], [-75.463251, 6.38421], [-75.463386, 6.384401], [-75.463892, 6.384493], [-75.464059, 6.384623], [-75.464222, 6.386147], [-75.465148, 6.386363], [-75.46589, 6.387002], [-75.466617, 6.387064], [-75.467667, 6.386983], [-75.467827, 6.387042], [-75.46816, 6.387478], [-75.468477, 6.388108], [-75.468636, 6.390095], [-75.468535, 6.390234], [-75.468194, 6.390297], [-75.467993, 6.390453], [-75.467834, 6.391094], [-75.467533, 6.391526], [-75.467431, 6.392111], [-75.467157, 6.392492], [-75.467024, 6.392977], [-75.465403, 6.393478], [-75.465171, 6.393958], [-75.464363, 6.394139], [-75.464159, 6.39427], [-75.463739, 6.394139], [-75.463524, 6.393804], [-75.463071, 6.393579], [-75.462965, 6.393336], [-75.463063, 6.393018], [-75.464399, 6.39252], [-75.464504, 6.392359], [-75.464618, 6.391787], [-75.46489, 6.39162], [-75.464938, 6.391498], [-75.465021, 6.389552], [-75.464583, 6.388439], [-75.464519, 6.387785], [-75.464341, 6.387165], [-75.46422, 6.386999], [-75.463631, 6.386899], [-75.463345, 6.386683], [-75.463117, 6.386318], [-75.46294, 6.385746], [-75.462674, 6.385416], [-75.462294, 6.385276], [-75.461161, 6.385209], [-75.461028, 6.385082], [-75.460868, 6.384037], [-75.460119, 6.383544], [-75.460006, 6.382676], [-75.459123, 6.381816], [-75.459077, 6.381087], [-75.458468, 6.380849], [-75.458298, 6.380617], [-75.458128, 6.379085], [-75.457813, 6.37862], [-75.457666, 6.378249], [-75.457716, 6.377819], [-75.457862, 6.377661], [-75.458443, 6.377536], [-75.45957, 6.377547], [-75.461127, 6.376821], [-75.461925, 6.376934], [-75.462231, 6.377352], [-75.462511, 6.377529], [-75.463589, 6.37758], [-75.46389, 6.37748], [-75.464065, 6.376786], [-75.464505, 6.37674], [-75.464819, 6.377115], [-75.465101, 6.377124], [-75.465234, 6.377033], [-75.46532, 6.376519], [-75.465521, 6.376398], [-75.465685, 6.376482], [-75.465839, 6.376862], [-75.46608, 6.376938], [-75.466397, 6.376892], [-75.466536, 6.37676], [-75.466611, 6.376345], [-75.466938, 6.375809], [-75.467523, 6.375551], [-75.467563, 6.375327], [-75.467476, 6.374836], [-75.467784, 6.373757], [-75.468847, 6.373705], [-75.469222, 6.373589], [-75.469316, 6.373408], [-75.469236, 6.372856], [-75.469354, 6.372724], [-75.470151, 6.372743], [-75.470639, 6.372636], [-75.470847, 6.372293], [-75.470864, 6.371673], [-75.47097, 6.371485], [-75.471388, 6.371399], [-75.471643, 6.371461], [-75.471765, 6.371665], [-75.471838, 6.372083], [-75.472085, 6.372209], [-75.47343, 6.372207], [-75.4738, 6.372002], [-75.474165, 6.371296], [-75.474731, 6.371477], [-75.475161, 6.371447], [-75.47549, 6.371104], [-75.476258, 6.370902], [-75.476476, 6.370649], [-75.476923, 6.370354], [-75.477198, 6.369994], [-75.477392, 6.370068], [-75.4778, 6.370824], [-75.477703, 6.371002], [-75.4774, 6.371064], [-75.477238, 6.37128], [-75.477205, 6.372158], [-75.477358, 6.372779], [-75.477852, 6.373254], [-75.477994, 6.3738], [-75.478639, 6.373911], [-75.479144, 6.373765], [-75.479515, 6.373327], [-75.479699, 6.372321], [-75.479921, 6.372169], [-75.48043, 6.372102], [-75.480947, 6.372173], [-75.481151, 6.372389], [-75.481683, 6.372514], [-75.481872, 6.372712], [-75.482094, 6.372783], [-75.482223, 6.373437], [-75.482494, 6.373703], [-75.48309, 6.373754], [-75.483346, 6.373674], [-75.483521, 6.373515], [-75.483614, 6.373278], [-75.483692, 6.372426], [-75.484034, 6.372262], [-75.484055, 6.372112], [-75.48377, 6.371975], [-75.483357, 6.372019], [-75.483112, 6.371953], [-75.48299, 6.371745], [-75.482916, 6.370649], [-75.482074, 6.370532], [-75.481394, 6.369974], [-75.48123, 6.36953], [-75.481175, 6.368985], [-75.48121, 6.368693], [-75.481332, 6.368614], [-75.481668, 6.368673], [-75.481947, 6.368867], [-75.482205, 6.369655], [-75.482537, 6.369752], [-75.482709, 6.369912], [-75.483673, 6.370049], [-75.484081, 6.370348], [-75.484087, 6.370554], [-75.483719, 6.371089], [-75.483563, 6.370335], [-75.483244, 6.370336], [-75.483111, 6.370828], [-75.483154, 6.371702], [-75.484204, 6.37195], [-75.485254, 6.371808], [-75.485511, 6.371891], [-75.485622, 6.372042], [-75.485623, 6.372143], [-75.485386, 6.372271], [-75.484276, 6.372371]], [[-75.471222, 6.374439], [-75.471178, 6.374875], [-75.471323, 6.375164], [-75.471658, 6.375239], [-75.471912, 6.375178], [-75.47184, 6.374765], [-75.471505, 6.374682], [-75.471222, 6.374439]], [[-75.471615, 6.378268], [-75.471445, 6.378176], [-75.471271, 6.378228], [-75.471198, 6.378484], [-75.471262, 6.378632], [-75.471554, 6.378646], [-75.471615, 6.378268]], [[-75.477216, 6.380896], [-75.477218, 6.379075], [-75.477073, 6.378831], [-75.476271, 6.378751], [-75.474589, 6.378755], [-75.474169, 6.378642], [-75.4739, 6.378448], [-75.472598, 6.378168], [-75.472376, 6.378178], [-75.472196, 6.378377], [-75.471866, 6.378522], [-75.471869, 6.379199], [-75.471999, 6.379524], [-75.472634, 6.379723], [-75.472858, 6.380078], [-75.473907, 6.380155], [-75.474419, 6.380288], [-75.474536, 6.38041], [-75.474667, 6.380818], [-75.474987, 6.381111], [-75.475121, 6.381374], [-75.476266, 6.382409], [-75.476448, 6.3823], [-75.476523, 6.381591], [-75.476657, 6.381257], [-75.477064, 6.381118], [-75.477216, 6.380896]], [[-75.473442, 6.375858], [-75.473274, 6.375523], [-75.473046, 6.375506], [-75.472866, 6.375661], [-75.472891, 6.375901], [-75.473039, 6.376091], [-75.473332, 6.376069], [-75.473442, 6.375858]], [[-75.47511, 6.381755], [-75.475006, 6.381475], [-75.474791, 6.38148], [-75.474721, 6.382454], [-75.474838, 6.382645], [-75.475243, 6.382683], [-75.475428, 6.382609], [-75.475475, 6.382256], [-75.47511, 6.381755]], [[-75.481817, 6.368996], [-75.4817, 6.368906], [-75.481508, 6.368984], [-75.481412, 6.369356], [-75.481457, 6.369902], [-75.481802, 6.370084], [-75.481993, 6.370036], [-75.482055, 6.369926], [-75.481817, 6.368996]]], [[[-75.473993, 6.375971], [-75.474239, 6.37614], [-75.474259, 6.376177], [-75.474055, 6.376122], [-75.473993, 6.375971]]], [[[-75.472088, 6.377498], [-75.472197, 6.377406], [-75.472246, 6.377398], [-75.472088, 6.377498]]], [[[-75.474648, 6.383863], [-75.474833, 6.38508], [-75.474658, 6.38562], [-75.474486, 6.385715], [-75.473829, 6.385766], [-75.473512, 6.385923], [-75.473201, 6.386324], [-75.473057, 6.386858], [-75.472501, 6.387203], [-75.472318, 6.387159], [-75.472246, 6.38695], [-75.472183, 6.385535], [-75.47198, 6.384852], [-75.472207, 6.385385], [-75.472322, 6.386792], [-75.472428, 6.386958], [-75.472707, 6.386953], [-75.472995, 6.386732], [-75.473107, 6.386193], [-75.473325, 6.385869], [-75.473294, 6.385267], [-75.473394, 6.384951], [-75.473939, 6.385054], [-75.47458, 6.384964], [-75.474496, 6.38442], [-75.474331, 6.384163], [-75.473996, 6.384084], [-75.473741, 6.384155], [-75.47365, 6.384029], [-75.473692, 6.383968], [-75.474533, 6.383802], [-75.474648, 6.383863]]], [[[-75.471945, 6.384512], [-75.471964, 6.383972], [-75.472026, 6.383885], [-75.472944, 6.383924], [-75.472008, 6.384027], [-75.471945, 6.384512]]], [[[-75.475639, 6.36261], [-75.475695, 6.362122], [-75.475567, 6.361976], [-75.475078, 6.362087], [-75.47481, 6.362239], [-75.474735, 6.362417], [-75.47478, 6.362664], [-75.475168, 6.362747], [-75.474539, 6.362769], [-75.474181, 6.362861], [-75.473938, 6.363045], [-75.473808, 6.363321], [-75.473712, 6.363944], [-75.473699, 6.362555], [-75.473264, 6.362312], [-75.473202, 6.361867], [-75.472962, 6.361186], [-75.472758, 6.361052], [-75.472388, 6.360973], [-75.471866, 6.360541], [-75.471735, 6.35996], [-75.471747, 6.358969], [-75.472272, 6.359367], [-75.472476, 6.35919], [-75.472899, 6.359106], [-75.47308, 6.358916], [-75.473343, 6.358814], [-75.474089, 6.358798], [-75.474821, 6.358949], [-75.475037, 6.359362], [-75.475318, 6.359549], [-75.475458, 6.359762], [-75.475558, 6.360263], [-75.475553, 6.360915], [-75.475753, 6.361183], [-75.475828, 6.361472], [-75.475995, 6.361561], [-75.47642, 6.361568], [-75.476685, 6.361463], [-75.476927, 6.361131], [-75.477499, 6.36084], [-75.477743, 6.360307], [-75.478257, 6.360172], [-75.478292, 6.359297], [-75.479146, 6.359234], [-75.480069, 6.359378], [-75.480303, 6.359808], [-75.480654, 6.359984], [-75.480633, 6.360043], [-75.479721, 6.360029], [-75.478923, 6.359897], [-75.478785, 6.359971], [-75.478637, 6.360335], [-75.478677, 6.361253], [-75.478619, 6.361395], [-75.478214, 6.361386], [-75.478016, 6.360738], [-75.477763, 6.360626], [-75.477561, 6.361348], [-75.477454, 6.361467], [-75.476858, 6.361623], [-75.476711, 6.361926], [-75.475999, 6.362038], [-75.475639, 6.36261]], [[-75.475407, 6.360891], [-75.475438, 6.360229], [-75.475159, 6.359771], [-75.474924, 6.359531], [-75.474452, 6.359433], [-75.474197, 6.359207], [-75.473491, 6.359189], [-75.473236, 6.35948], [-75.472713, 6.359537], [-75.472503, 6.359736], [-75.472463, 6.360227], [-75.472549, 6.36058], [-75.473035, 6.360744], [-75.473381, 6.361275], [-75.473513, 6.361835], [-75.473777, 6.362047], [-75.474318, 6.362087], [-75.474714, 6.36202], [-75.475274, 6.361367], [-75.475407, 6.360891]]], [[[-75.473487, 6.364186], [-75.472994, 6.364286], [-75.472753, 6.364412], [-75.472583, 6.364646], [-75.472353, 6.366147], [-75.471901, 6.366233], [-75.471082, 6.366565], [-75.471296, 6.367202], [-75.470891, 6.3681], [-75.471072, 6.368667], [-75.470563, 6.369318], [-75.470587, 6.369516], [-75.470904, 6.370099], [-75.47089, 6.37085], [-75.470389, 6.3709], [-75.47013, 6.370612], [-75.469529, 6.370548], [-75.469155, 6.370364], [-75.468733, 6.370325], [-75.468598, 6.370068], [-75.468608, 6.369428], [-75.468332, 6.369775], [-75.468457, 6.37006], [-75.468374, 6.370326], [-75.467916, 6.370435], [-75.467446, 6.370347], [-75.467291, 6.370025], [-75.467371, 6.369462], [-75.467109, 6.369096], [-75.466983, 6.368685], [-75.466179, 6.368024], [-75.466577, 6.367391], [-75.466686, 6.365552], [-75.467164, 6.365374], [-75.467381, 6.364615], [-75.467601, 6.364303], [-75.467301, 6.363697], [-75.466622, 6.363576], [-75.466231, 6.363387], [-75.466139, 6.363213], [-75.466126, 6.362665], [-75.466328, 6.362483], [-75.467538, 6.362427], [-75.467828, 6.362204], [-75.468526, 6.361932], [-75.470041, 6.36182], [-75.470492, 6.361682], [-75.47065, 6.361275], [-75.470659, 6.360513], [-75.470404, 6.360051], [-75.469851, 6.359939], [-75.469561, 6.359775], [-75.469302, 6.359779], [-75.469, 6.359974], [-75.468617, 6.360084], [-75.468472, 6.360244], [-75.468118, 6.360303], [-75.467625, 6.360112], [-75.466037, 6.359855], [-75.46553, 6.359528], [-75.465523, 6.359229], [-75.465899, 6.359019], [-75.465993, 6.35884], [-75.465898, 6.358743], [-75.465425, 6.358616], [-75.465315, 6.358454], [-75.465359, 6.358264], [-75.465558, 6.357932], [-75.465893, 6.357635], [-75.466041, 6.357281], [-75.466892, 6.357234], [-75.467265, 6.357111], [-75.46734, 6.356985], [-75.467318, 6.356666], [-75.4671, 6.356224], [-75.467216, 6.355749], [-75.467151, 6.355611], [-75.466944, 6.355516], [-75.465441, 6.355403], [-75.463869, 6.354945], [-75.463825, 6.354756], [-75.463894, 6.354622], [-75.464962, 6.354486], [-75.465336, 6.354131], [-75.465649, 6.354049], [-75.465802, 6.353716], [-75.465778, 6.352641], [-75.46553, 6.352319], [-75.46503, 6.352251], [-75.464765, 6.352029], [-75.464235, 6.351908], [-75.464041, 6.351777], [-75.463248, 6.351646], [-75.463149, 6.351414], [-75.463288, 6.350915], [-75.463221, 6.350669], [-75.463088, 6.350577], [-75.461628, 6.350506], [-75.461319, 6.350385], [-75.461282, 6.35024], [-75.461464, 6.349985], [-75.461454, 6.349766], [-75.46125, 6.349606], [-75.460796, 6.349493], [-75.460694, 6.349328], [-75.460706, 6.34854], [-75.460845, 6.348071], [-75.460862, 6.347521], [-75.460785, 6.346815], [-75.460671, 6.346614], [-75.460507, 6.346513], [-75.460121, 6.346526], [-75.459782, 6.346659], [-75.459165, 6.34674], [-75.459003, 6.346946], [-75.458869, 6.347407], [-75.458481, 6.347481], [-75.458265, 6.347404], [-75.458167, 6.347257], [-75.458119, 6.346614], [-75.457998, 6.346276], [-75.457597, 6.346231], [-75.457376, 6.346476], [-75.457024, 6.34662], [-75.456796, 6.347478], [-75.456366, 6.347629], [-75.456152, 6.347824], [-75.455774, 6.347947], [-75.45533, 6.348234], [-75.454905, 6.348303], [-75.454115, 6.348261], [-75.453931, 6.348204], [-75.453737, 6.347918], [-75.453393, 6.347816], [-75.452132, 6.34781], [-75.451999, 6.34798], [-75.451976, 6.348797], [-75.451875, 6.34902], [-75.451713, 6.349138], [-75.451281, 6.349086], [-75.45119, 6.348665], [-75.450823, 6.348497], [-75.450637, 6.348232], [-75.450426, 6.348602], [-75.449753, 6.348432], [-75.448328, 6.348475], [-75.448192, 6.348657], [-75.448064, 6.34916], [-75.447888, 6.349365], [-75.447601, 6.34951], [-75.447267, 6.349416], [-75.447092, 6.347369], [-75.446979, 6.34699], [-75.446708, 6.346839], [-75.446936, 6.346888], [-75.447123, 6.347235], [-75.447318, 6.349242], [-75.447418, 6.349375], [-75.447593, 6.349415], [-75.447848, 6.349323], [-75.448207, 6.348513], [-75.448444, 6.348356], [-75.450295, 6.34818], [-75.450684, 6.347978], [-75.45107, 6.34796], [-75.451317, 6.348061], [-75.451389, 6.348655], [-75.451592, 6.348883], [-75.451802, 6.348904], [-75.451903, 6.348751], [-75.451945, 6.34779], [-75.452236, 6.3477], [-75.453633, 6.347733], [-75.454077, 6.348133], [-75.454416, 6.348269], [-75.455099, 6.348168], [-75.455477, 6.347953], [-75.455674, 6.347641], [-75.456133, 6.347554], [-75.456275, 6.346424], [-75.456592, 6.34617], [-75.45733, 6.346103], [-75.45742, 6.345139], [-75.457542, 6.344861], [-75.457777, 6.344675], [-75.458126, 6.344581], [-75.458589, 6.344579], [-75.45894, 6.344684], [-75.459178, 6.344897], [-75.459305, 6.345219], [-75.459363, 6.346214], [-75.459472, 6.346424], [-75.459677, 6.346452], [-75.460278, 6.346297], [-75.461472, 6.346298], [-75.461884, 6.34638], [-75.462056, 6.346499], [-75.46288, 6.346573], [-75.463142, 6.346697], [-75.463318, 6.346934], [-75.463407, 6.347284], [-75.463342, 6.34851], [-75.462873, 6.348618], [-75.461245, 6.348713], [-75.46117, 6.348898], [-75.461195, 6.34924], [-75.461357, 6.349444], [-75.461678, 6.349599], [-75.463092, 6.349766], [-75.46318, 6.349866], [-75.463205, 6.350271], [-75.463512, 6.350488], [-75.463721, 6.350904], [-75.464023, 6.351006], [-75.464317, 6.351641], [-75.464805, 6.351799], [-75.465193, 6.35207], [-75.465675, 6.352108], [-75.466035, 6.352234], [-75.466191, 6.353012], [-75.466143, 6.353826], [-75.465886, 6.354193], [-75.465511, 6.354248], [-75.465293, 6.354396], [-75.465181, 6.354708], [-75.46521, 6.355033], [-75.465356, 6.35514], [-75.465908, 6.35518], [-75.466271, 6.355345], [-75.467162, 6.355451], [-75.467364, 6.355776], [-75.467383, 6.356393], [-75.467503, 6.356612], [-75.467356, 6.356858], [-75.467502, 6.357069], [-75.467646, 6.357067], [-75.467776, 6.356935], [-75.467757, 6.356742], [-75.46765, 6.356644], [-75.467692, 6.356544], [-75.467909, 6.356378], [-75.468064, 6.356468], [-75.46808, 6.356919], [-75.467959, 6.357124], [-75.467729, 6.357263], [-75.466178, 6.357455], [-75.466073, 6.357986], [-75.465829, 6.358077], [-75.465683, 6.35831], [-75.465761, 6.358519], [-75.466285, 6.358751], [-75.466043, 6.359147], [-75.466067, 6.359574], [-75.466383, 6.35982], [-75.467525, 6.359996], [-75.46815, 6.360257], [-75.468858, 6.359902], [-75.469127, 6.359583], [-75.469666, 6.359721], [-75.470835, 6.359696], [-75.471025, 6.35983], [-75.471055, 6.360536], [-75.470907, 6.361378], [-75.470606, 6.361741], [-75.470476, 6.362117], [-75.470359, 6.362225], [-75.469457, 6.362337], [-75.468373, 6.362183], [-75.467733, 6.362603], [-75.46745, 6.362983], [-75.467393, 6.36336], [-75.467543, 6.363679], [-75.467665, 6.364302], [-75.467609, 6.365629], [-75.46732, 6.366015], [-75.46685, 6.366112], [-75.466729, 6.366352], [-75.466798, 6.366646], [-75.467325, 6.366996], [-75.467564, 6.367497], [-75.467857, 6.367529], [-75.468228, 6.367837], [-75.468529, 6.367707], [-75.46921, 6.367674], [-75.469431, 6.36776], [-75.469578, 6.367933], [-75.469655, 6.368541], [-75.46951, 6.369927], [-75.470169, 6.370026], [-75.470298, 6.370243], [-75.470328, 6.370681], [-75.470429, 6.370829], [-75.470661, 6.370849], [-75.470809, 6.370677], [-75.47076, 6.36996], [-75.470651, 6.369849], [-75.470447, 6.369823], [-75.47041, 6.369719], [-75.470349, 6.368715], [-75.470426, 6.368083], [-75.470799, 6.367445], [-75.470917, 6.366586], [-75.471042, 6.366392], [-75.471649, 6.3661], [-75.471784, 6.365953], [-75.472001, 6.365033], [-75.472337, 6.364826], [-75.472534, 6.364339], [-75.472888, 6.364219], [-75.473487, 6.364186]], [[-75.463246, 6.347793], [-75.463255, 6.34733], [-75.463152, 6.346981], [-75.462936, 6.346745], [-75.462608, 6.346622], [-75.461423, 6.34669], [-75.461407, 6.34784], [-75.46153, 6.348167], [-75.461762, 6.348385], [-75.462104, 6.348493], [-75.462556, 6.348491], [-75.462896, 6.348373], [-75.463127, 6.348141], [-75.463246, 6.347793]]], [[[-75.459194, 6.349028], [-75.459053, 6.34935], [-75.458892, 6.349499], [-75.458699, 6.350336], [-75.458561, 6.35044], [-75.458433, 6.35041], [-75.458271, 6.349881], [-75.458361, 6.34923], [-75.45819, 6.349047], [-75.458095, 6.348743], [-75.458103, 6.348406], [-75.458215, 6.348153], [-75.458559, 6.348025], [-75.458782, 6.348124], [-75.459211, 6.348637], [-75.459194, 6.349028]], [[-75.458997, 6.34907], [-75.458961, 6.348705], [-75.45884, 6.348662], [-75.458692, 6.348739], [-75.458644, 6.348929], [-75.458721, 6.34908], [-75.458881, 6.349124], [-75.458997, 6.34907]]], [[[-75.453294, 6.350544], [-75.453437, 6.350636], [-75.45346, 6.350829], [-75.452967, 6.351017], [-75.452816, 6.351255], [-75.452448, 6.351233], [-75.452283, 6.351112], [-75.452281, 6.350593], [-75.452849, 6.350496], [-75.453294, 6.350544]]], [[[-75.479069, 6.371303], [-75.478969, 6.370763], [-75.479107, 6.370549], [-75.479472, 6.370605], [-75.479855, 6.370901], [-75.479873, 6.371197], [-75.479665, 6.37161], [-75.479322, 6.371648], [-75.479069, 6.371303]], [[-75.479332, 6.370981], [-75.479231, 6.371128], [-75.479274, 6.371393], [-75.479406, 6.371534], [-75.479594, 6.371541], [-75.479723, 6.371379], [-75.479704, 6.371051], [-75.479554, 6.370946], [-75.479332, 6.370981]]], [[[-75.477908, 6.359388], [-75.477616, 6.359467], [-75.477568, 6.359079], [-75.4774, 6.358952], [-75.476521, 6.358982], [-75.475949, 6.358917], [-75.475749, 6.358811], [-75.475595, 6.358145], [-75.475568, 6.357485], [-75.475759, 6.357126], [-75.476458, 6.357029], [-75.477165, 6.357069], [-75.47734, 6.35715], [-75.477529, 6.357493], [-75.477626, 6.358263], [-75.477906, 6.358507], [-75.477677, 6.358778], [-75.477941, 6.359251], [-75.477908, 6.359388]], [[-75.476781, 6.358301], [-75.476691, 6.35753], [-75.476449, 6.357148], [-75.47604, 6.357091], [-75.475759, 6.35731], [-75.475705, 6.357787], [-75.475818, 6.35816], [-75.476309, 6.358466], [-75.47658, 6.358913], [-75.476781, 6.358301]]], [[[-75.460743, 6.385822], [-75.460944, 6.387509], [-75.460823, 6.388235], [-75.460505, 6.388544], [-75.459774, 6.388712], [-75.459518, 6.389057], [-75.459472, 6.390637], [-75.459641, 6.391536], [-75.459577, 6.391676], [-75.459288, 6.391749], [-75.458493, 6.391733], [-75.458238, 6.391611], [-75.458175, 6.39142], [-75.457868, 6.391147], [-75.457691, 6.39084], [-75.457559, 6.39001], [-75.457339, 6.389685], [-75.457123, 6.388982], [-75.456711, 6.388535], [-75.45631, 6.388421], [-75.455345, 6.388346], [-75.454978, 6.388148], [-75.454551, 6.388168], [-75.454126, 6.388752], [-75.45379, 6.388934], [-75.453581, 6.389721], [-75.453351, 6.389916], [-75.453089, 6.389951], [-75.452827, 6.389809], [-75.452661, 6.389374], [-75.452564, 6.387824], [-75.450729, 6.387675], [-75.450558, 6.387223], [-75.450736, 6.385815], [-75.45073, 6.386454], [-75.450866, 6.386714], [-75.451437, 6.386811], [-75.451933, 6.386746], [-75.452045, 6.386058], [-75.45204, 6.384942], [-75.451405, 6.384859], [-75.451983, 6.384803], [-75.45228, 6.384894], [-75.452337, 6.385479], [-75.452159, 6.386039], [-75.452146, 6.386559], [-75.452433, 6.386823], [-75.452707, 6.386874], [-75.453638, 6.386827], [-75.454236, 6.38663], [-75.454396, 6.386482], [-75.454612, 6.385872], [-75.455013, 6.385713], [-75.45591, 6.385627], [-75.456111, 6.385451], [-75.456334, 6.384967], [-75.458006, 6.38495], [-75.45809, 6.385643], [-75.457949, 6.38503], [-75.456778, 6.385019], [-75.456568, 6.385108], [-75.4562, 6.385555], [-75.455992, 6.385655], [-75.454845, 6.385827], [-75.454751, 6.386272], [-75.454329, 6.386671], [-75.453562, 6.386955], [-75.452366, 6.38705], [-75.452266, 6.387195], [-75.452268, 6.387405], [-75.452632, 6.387758], [-75.452827, 6.389572], [-75.452894, 6.389739], [-75.453054, 6.389825], [-75.453249, 6.389786], [-75.453296, 6.389659], [-75.453371, 6.388736], [-75.453493, 6.388434], [-75.453724, 6.388228], [-75.454064, 6.388118], [-75.45512, 6.388137], [-75.455471, 6.3883], [-75.456606, 6.388388], [-75.45708, 6.388585], [-75.457465, 6.389075], [-75.457548, 6.389693], [-75.457869, 6.390872], [-75.458254, 6.391129], [-75.458352, 6.391594], [-75.45869, 6.391659], [-75.458958, 6.391535], [-75.459069, 6.390117], [-75.459286, 6.389876], [-75.45941, 6.389064], [-75.459645, 6.388645], [-75.459667, 6.388401], [-75.459841, 6.388212], [-75.460574, 6.388008], [-75.460767, 6.387801], [-75.460852, 6.387531], [-75.460744, 6.386304], [-75.460563, 6.385897], [-75.460356, 6.38568], [-75.460144, 6.385612], [-75.459843, 6.385772], [-75.459237, 6.385837], [-75.458774, 6.385862], [-75.458347, 6.385805], [-75.460379, 6.385555], [-75.460619, 6.385663], [-75.460743, 6.385822]]], [[[-75.461336, 6.391595], [-75.461504, 6.391846], [-75.461382, 6.392089], [-75.460928, 6.392141], [-75.460649, 6.391996], [-75.46061, 6.39177], [-75.460699, 6.39165], [-75.461336, 6.391595]]], [[[-75.452363, 6.384585], [-75.45254, 6.382852], [-75.452688, 6.383507], [-75.453065, 6.383585], [-75.453584, 6.383428], [-75.453871, 6.382993], [-75.454211, 6.382822], [-75.45429, 6.382677], [-75.454234, 6.38236], [-75.453903, 6.38194], [-75.45361, 6.38189], [-75.453282, 6.381962], [-75.452534, 6.382397], [-75.452615, 6.382057], [-75.454368, 6.381697], [-75.454702, 6.3818], [-75.454866, 6.382323], [-75.454836, 6.382762], [-75.454392, 6.38302], [-75.454236, 6.383328], [-75.45393, 6.38365], [-75.453684, 6.384273], [-75.452654, 6.384772], [-75.452479, 6.384772], [-75.452363, 6.384585]]], [[[-75.450863, 6.384947], [-75.450814, 6.38505], [-75.450774, 6.385075], [-75.450863, 6.384947]]], [[[-75.448281, 6.333194], [-75.448287, 6.3324], [-75.448186, 6.33207], [-75.447255, 6.331917], [-75.446942, 6.331399], [-75.446905, 6.330224], [-75.44704, 6.329739], [-75.447254, 6.329604], [-75.448133, 6.329622], [-75.447494, 6.329691], [-75.447294, 6.32981], [-75.447154, 6.330032], [-75.447053, 6.330787], [-75.447132, 6.331126], [-75.447311, 6.331376], [-75.447589, 6.331537], [-75.44858, 6.331764], [-75.448736, 6.332026], [-75.449004, 6.331908], [-75.448959, 6.331504], [-75.44914, 6.33182], [-75.449381, 6.333072], [-75.44935, 6.333376], [-75.449229, 6.333579], [-75.449018, 6.333682], [-75.448492, 6.333603], [-75.448281, 6.333194]]], [[[-75.451884, 6.373757], [-75.451705, 6.37342], [-75.4517, 6.372432], [-75.451562, 6.37213], [-75.451198, 6.371965], [-75.450005, 6.371938], [-75.449808, 6.371817], [-75.450003, 6.37134], [-75.450581, 6.370882], [-75.450716, 6.370045], [-75.450855, 6.369874], [-75.45125, 6.370011], [-75.450814, 6.37033], [-75.450726, 6.370779], [-75.450788, 6.371151], [-75.45176, 6.3712], [-75.452468, 6.371084], [-75.452397, 6.37075], [-75.451449, 6.370039], [-75.451586, 6.369989], [-75.451969, 6.370049], [-75.452185, 6.370456], [-75.452439, 6.370678], [-75.453226, 6.370802], [-75.453428, 6.371007], [-75.453407, 6.371233], [-75.453279, 6.371331], [-75.452697, 6.371278], [-75.452481, 6.371433], [-75.452392, 6.371702], [-75.452312, 6.372956], [-75.452365, 6.373559], [-75.452155, 6.373828], [-75.451884, 6.373757]], [[-75.450536, 6.371375], [-75.450082, 6.371507], [-75.450011, 6.371685], [-75.450062, 6.371866], [-75.450605, 6.371897], [-75.450835, 6.371805], [-75.450903, 6.371411], [-75.450536, 6.371375]]], [[[-75.449569, 6.371878], [-75.449295, 6.372745], [-75.449157, 6.37294], [-75.448173, 6.372561], [-75.447667, 6.372015], [-75.447586, 6.3718], [-75.447608, 6.371501], [-75.447758, 6.371424], [-75.448205, 6.371575], [-75.449548, 6.371726], [-75.449569, 6.371878]], [[-75.44933, 6.372285], [-75.449378, 6.37184], [-75.44931, 6.371722], [-75.448568, 6.371664], [-75.448048, 6.371796], [-75.448178, 6.372306], [-75.44858, 6.372615], [-75.449137, 6.372647], [-75.44933, 6.372285]]], [[[-75.455949, 6.431895], [-75.455868, 6.4338], [-75.455653, 6.434237], [-75.455605, 6.435234], [-75.455487, 6.43555], [-75.45525, 6.435762], [-75.454895, 6.43587], [-75.454062, 6.435783], [-75.453818, 6.435604], [-75.453688, 6.435334], [-75.453616, 6.434377], [-75.453421, 6.434257], [-75.45338, 6.43412], [-75.453347, 6.432232], [-75.453436, 6.431828], [-75.453866, 6.431534], [-75.453989, 6.431164], [-75.454105, 6.431056], [-75.455097, 6.430942], [-75.455873, 6.431052], [-75.455949, 6.431895]], [[-75.45419, 6.431251], [-75.454048, 6.431438], [-75.453943, 6.431912], [-75.453487, 6.432368], [-75.45338, 6.432985], [-75.453406, 6.433792], [-75.453519, 6.434216], [-75.453677, 6.434422], [-75.45375, 6.43526], [-75.453863, 6.435522], [-75.454084, 6.435696], [-75.454855, 6.435779], [-75.455185, 6.435676], [-75.455405, 6.435473], [-75.455514, 6.435168], [-75.455553, 6.434204], [-75.455877, 6.432983], [-75.455904, 6.431929], [-75.455801, 6.43159], [-75.455596, 6.43136], [-75.455291, 6.431241], [-75.45419, 6.431251]]], [[[-75.452296, 6.431633], [-75.451159, 6.431597], [-75.45067, 6.431456], [-75.450539, 6.431505], [-75.450491, 6.431627], [-75.450414, 6.432513], [-75.450462, 6.433121], [-75.451696, 6.433191], [-75.451809, 6.43323], [-75.451826, 6.433363], [-75.451835, 6.435167], [-75.451164, 6.435344], [-75.451059, 6.436546], [-75.450941, 6.436834], [-75.45067, 6.436812], [-75.449995, 6.436345], [-75.44939, 6.436156], [-75.449552, 6.436028], [-75.450503, 6.435937], [-75.450758, 6.435708], [-75.450915, 6.435206], [-75.451509, 6.435091], [-75.451632, 6.434971], [-75.451709, 6.434744], [-75.451728, 6.43397], [-75.45161, 6.433641], [-75.451389, 6.433422], [-75.451064, 6.433313], [-75.450306, 6.433406], [-75.450076, 6.433587], [-75.449946, 6.433857], [-75.449816, 6.434791], [-75.448947, 6.434871], [-75.448729, 6.435767], [-75.448227, 6.435594], [-75.448088, 6.434955], [-75.447836, 6.434854], [-75.448642, 6.434753], [-75.448737, 6.434687], [-75.448839, 6.434236], [-75.449626, 6.434137], [-75.449891, 6.433779], [-75.450007, 6.433068], [-75.449957, 6.432861], [-75.449758, 6.432723], [-75.448478, 6.432589], [-75.448402, 6.431539], [-75.448503, 6.430904], [-75.448856, 6.430731], [-75.449217, 6.430699], [-75.450633, 6.430873], [-75.45076, 6.430696], [-75.450787, 6.430003], [-75.450912, 6.429782], [-75.45116, 6.429634], [-75.451532, 6.429559], [-75.452859, 6.429603], [-75.452958, 6.429783], [-75.453, 6.430901], [-75.452883, 6.431266], [-75.452648, 6.43151], [-75.452296, 6.431633]], [[-75.449856, 6.431018], [-75.449759, 6.43092], [-75.44946, 6.43088], [-75.449234, 6.430881], [-75.44912, 6.430991], [-75.449225, 6.431541], [-75.449819, 6.432619], [-75.449894, 6.432028], [-75.449856, 6.431018]], [[-75.45272, 6.429727], [-75.451563, 6.429648], [-75.451244, 6.42976], [-75.451032, 6.429981], [-75.450927, 6.430312], [-75.451021, 6.431447], [-75.45215, 6.431498], [-75.452446, 6.431389], [-75.452647, 6.431173], [-75.452752, 6.430851], [-75.45272, 6.429727]]], [[[-75.449831, 6.375074], [-75.449789, 6.375195], [-75.449732, 6.375279], [-75.44975, 6.375117], [-75.449831, 6.375074]]], [[[-75.449919, 6.346917], [-75.448936, 6.346843], [-75.448676, 6.346647], [-75.448561, 6.346244], [-75.448535, 6.345603], [-75.448658, 6.345337], [-75.448905, 6.345155], [-75.449774, 6.345044], [-75.450147, 6.345152], [-75.450396, 6.345381], [-75.450522, 6.345731], [-75.450525, 6.346203], [-75.450425, 6.346558], [-75.450223, 6.346796], [-75.449919, 6.346917]]], [[[-75.450576, 6.391205], [-75.450369, 6.391419], [-75.450116, 6.391392], [-75.450002, 6.391137], [-75.450053, 6.390862], [-75.450222, 6.39076], [-75.450491, 6.390781], [-75.450629, 6.391004], [-75.450576, 6.391205]]], [[[-75.453716, 6.379755], [-75.453557, 6.379893], [-75.453217, 6.379954], [-75.452639, 6.379925], [-75.452262, 6.379778], [-75.451752, 6.379885], [-75.451647, 6.37982], [-75.4516, 6.37963], [-75.451699, 6.379438], [-75.452159, 6.379171], [-75.452266, 6.378889], [-75.452681, 6.378321], [-75.452904, 6.378221], [-75.453202, 6.378405], [-75.453899, 6.37863], [-75.454199, 6.378875], [-75.4542, 6.379034], [-75.453829, 6.379399], [-75.453716, 6.379755]], [[-75.453938, 6.379091], [-75.453894, 6.378876], [-75.453684, 6.378703], [-75.453427, 6.378578], [-75.453088, 6.37857], [-75.452505, 6.378822], [-75.452315, 6.379059], [-75.452296, 6.379316], [-75.452373, 6.379535], [-75.452563, 6.379702], [-75.453479, 6.379755], [-75.453644, 6.379675], [-75.453938, 6.379091]]], [[[-75.453368, 6.376281], [-75.452502, 6.376229], [-75.451925, 6.376289], [-75.451748, 6.376231], [-75.451677, 6.376081], [-75.451919, 6.375819], [-75.452445, 6.375897], [-75.452934, 6.375765], [-75.453451, 6.376064], [-75.453368, 6.376281]]], [[[-75.451052, 6.376627], [-75.451115, 6.376508], [-75.451162, 6.376175], [-75.4513, 6.376295], [-75.451328, 6.376469], [-75.451205, 6.376623], [-75.451052, 6.376627]]], [[[-75.454692, 6.346054], [-75.453503, 6.346093], [-75.453145, 6.346034], [-75.454641, 6.345987], [-75.454716, 6.345593], [-75.454688, 6.344534], [-75.454535, 6.344163], [-75.45425, 6.343914], [-75.454048, 6.34323], [-75.453622, 6.342704], [-75.45349, 6.341956], [-75.453426, 6.340618], [-75.45196, 6.340547], [-75.452165, 6.340478], [-75.453065, 6.340471], [-75.453548, 6.340612], [-75.453629, 6.341942], [-75.45376, 6.342678], [-75.454272, 6.343417], [-75.454423, 6.343994], [-75.454683, 6.344269], [-75.454751, 6.344881], [-75.454731, 6.345692], [-75.454692, 6.346054]]], [[[-75.452832, 6.345821], [-75.452653, 6.345283], [-75.452068, 6.344997], [-75.451869, 6.344705], [-75.451729, 6.342972], [-75.451436, 6.342328], [-75.451455, 6.341067], [-75.45148, 6.342058], [-75.451843, 6.343142], [-75.451934, 6.34464], [-75.452073, 6.344896], [-75.452678, 6.345212], [-75.452803, 6.34547], [-75.452832, 6.345821]]], [[[-75.452722, 6.336415], [-75.451911, 6.336347], [-75.451679, 6.336197], [-75.451562, 6.33597], [-75.451635, 6.335324], [-75.45171, 6.335287], [-75.452325, 6.335503], [-75.453401, 6.336126], [-75.453415, 6.336277], [-75.4533, 6.336344], [-75.452722, 6.336415]]], [[[-75.453381, 6.393013], [-75.453248, 6.392727], [-75.453304, 6.392385], [-75.453584, 6.392186], [-75.453809, 6.39219], [-75.453965, 6.392491], [-75.453947, 6.392908], [-75.45369, 6.393051], [-75.453381, 6.393013]]], [[[-75.454489, 6.395811], [-75.45426, 6.395936], [-75.453711, 6.395928], [-75.453565, 6.39583], [-75.453532, 6.395624], [-75.453715, 6.395325], [-75.454153, 6.395329], [-75.454493, 6.395525], [-75.454489, 6.395811]]], [[[-75.454221, 6.399594], [-75.454105, 6.399391], [-75.45416, 6.39895], [-75.454338, 6.398817], [-75.454617, 6.398848], [-75.454737, 6.399066], [-75.454711, 6.399398], [-75.454466, 6.399594], [-75.454221, 6.399594]]], [[[-75.455428, 6.351259], [-75.455296, 6.351547], [-75.455106, 6.351519], [-75.455, 6.351388], [-75.455034, 6.351186], [-75.45518, 6.351046], [-75.455365, 6.351075], [-75.455428, 6.351259]]], [[[-75.456605, 6.379854], [-75.456729, 6.380138], [-75.456487, 6.380237], [-75.455919, 6.380257], [-75.455668, 6.380176], [-75.45636, 6.379812], [-75.456605, 6.379854]]], [[[-75.457273, 6.375384], [-75.457007, 6.375467], [-75.456779, 6.37524], [-75.456869, 6.374874], [-75.457093, 6.374622], [-75.457309, 6.374753], [-75.457273, 6.375384]]], [[[-75.458262, 6.372239], [-75.458009, 6.372357], [-75.457358, 6.372314], [-75.457203, 6.372207], [-75.457177, 6.371871], [-75.457447, 6.371686], [-75.458161, 6.371691], [-75.458324, 6.371866], [-75.458262, 6.372239]]], [[[-75.45929, 6.39588], [-75.459035, 6.396003], [-75.458732, 6.395915], [-75.458682, 6.395615], [-75.458759, 6.395274], [-75.458996, 6.395226], [-75.45928, 6.395299], [-75.459343, 6.395543], [-75.45929, 6.39588]]], [[[-75.460684, 6.433953], [-75.460639, 6.434345], [-75.460497, 6.434452], [-75.460684, 6.433953]]], [[[-75.46051, 6.36847], [-75.460439, 6.366972], [-75.460458, 6.36686], [-75.460698, 6.367021], [-75.460811, 6.367289], [-75.460915, 6.368353], [-75.460795, 6.368551], [-75.460575, 6.36858], [-75.46051, 6.36847]]], [[[-75.463392, 6.367275], [-75.463703, 6.368028], [-75.464097, 6.368242], [-75.463975, 6.36852], [-75.463644, 6.368864], [-75.463202, 6.368977], [-75.463, 6.368711], [-75.462648, 6.368805], [-75.46214, 6.368586], [-75.462207, 6.36836], [-75.462825, 6.368392], [-75.462972, 6.368318], [-75.462919, 6.367525], [-75.463101, 6.367255], [-75.463392, 6.367275]]], [[[-75.461105, 6.379206], [-75.461021, 6.379164], [-75.460985, 6.379122], [-75.461098, 6.379114], [-75.461105, 6.379206]]], [[[-75.470328, 6.431384], [-75.47007, 6.431204], [-75.46952, 6.431162], [-75.469134, 6.431193], [-75.468646, 6.43146], [-75.468532, 6.432001], [-75.468618, 6.432227], [-75.468799, 6.432372], [-75.469076, 6.432439], [-75.469727, 6.432391], [-75.470006, 6.432254], [-75.470057, 6.432028], [-75.470226, 6.432021], [-75.470277, 6.432134], [-75.469686, 6.432896], [-75.468874, 6.43326], [-75.468748, 6.433416], [-75.468672, 6.43388], [-75.46855, 6.434074], [-75.467965, 6.434269], [-75.467503, 6.434272], [-75.467155, 6.434155], [-75.466923, 6.433919], [-75.466805, 6.433564], [-75.466803, 6.43309], [-75.467002, 6.432493], [-75.467204, 6.43237], [-75.467925, 6.432309], [-75.468, 6.432067], [-75.467869, 6.431882], [-75.466169, 6.431865], [-75.465746, 6.431604], [-75.465388, 6.431887], [-75.46471, 6.43171], [-75.463366, 6.4317], [-75.463249, 6.432851], [-75.463122, 6.433165], [-75.46288, 6.433376], [-75.462522, 6.433482], [-75.462048, 6.433484], [-75.461691, 6.433365], [-75.461453, 6.433123], [-75.461333, 6.432759], [-75.461331, 6.432274], [-75.461466, 6.431904], [-75.461738, 6.431651], [-75.462148, 6.431515], [-75.463115, 6.431444], [-75.463574, 6.431253], [-75.463703, 6.429848], [-75.463847, 6.429433], [-75.464152, 6.429336], [-75.465506, 6.429327], [-75.465687, 6.429932], [-75.467473, 6.430009], [-75.46774, 6.430138], [-75.467874, 6.430338], [-75.467914, 6.43098], [-75.468052, 6.431152], [-75.468399, 6.431076], [-75.468522, 6.430733], [-75.468895, 6.430551], [-75.470439, 6.430528], [-75.470477, 6.431177], [-75.470449, 6.431335], [-75.470328, 6.431384]], [[-75.462518, 6.431585], [-75.462078, 6.431587], [-75.461748, 6.431702], [-75.461529, 6.431929], [-75.461421, 6.432268], [-75.461423, 6.432719], [-75.461535, 6.433058], [-75.461756, 6.433282], [-75.462087, 6.433394], [-75.462527, 6.433392], [-75.462856, 6.433277], [-75.463075, 6.43305], [-75.463184, 6.432711], [-75.463181, 6.432259], [-75.46307, 6.431921], [-75.462849, 6.431697], [-75.462518, 6.431585]], [[-75.464887, 6.429778], [-75.464281, 6.429833], [-75.464151, 6.429912], [-75.464138, 6.430027], [-75.465033, 6.431015], [-75.465306, 6.431637], [-75.465483, 6.431649], [-75.465715, 6.431453], [-75.466343, 6.431802], [-75.466744, 6.431806], [-75.466905, 6.431687], [-75.467011, 6.431461], [-75.46706, 6.430687], [-75.466855, 6.430137], [-75.466651, 6.430028], [-75.466172, 6.430042], [-75.465697, 6.430235], [-75.465364, 6.42984], [-75.464887, 6.429778]]], [[[-75.462587, 6.363717], [-75.462585, 6.36418], [-75.462445, 6.364317], [-75.462194, 6.364276], [-75.462069, 6.364142], [-75.462105, 6.363878], [-75.462324, 6.363671], [-75.462587, 6.363717]]], [[[-75.462546, 6.363165], [-75.462545, 6.362784], [-75.46267, 6.362728], [-75.462893, 6.362773], [-75.463005, 6.362943], [-75.462921, 6.363124], [-75.462694, 6.363209], [-75.462546, 6.363165]]], [[[-75.463946, 6.344863], [-75.463942, 6.344377], [-75.464025, 6.344013], [-75.464197, 6.343769], [-75.464457, 6.343646], [-75.465098, 6.34366], [-75.465516, 6.343742], [-75.465737, 6.343965], [-75.465836, 6.344955], [-75.46572, 6.345269], [-75.465485, 6.345479], [-75.465132, 6.345586], [-75.464661, 6.345588], [-75.464306, 6.345468], [-75.464068, 6.345227], [-75.463946, 6.344863]]], [[[-75.465824, 6.370572], [-75.466003, 6.370687], [-75.466027, 6.370883], [-75.46591, 6.371103], [-75.465718, 6.371159], [-75.465545, 6.370981], [-75.465488, 6.370706], [-75.465606, 6.37058], [-75.465824, 6.370572]]], [[[-75.466948, 6.3825], [-75.466674, 6.382863], [-75.466019, 6.3831], [-75.465824, 6.383261], [-75.46561, 6.38324], [-75.465475, 6.382688], [-75.465619, 6.381756], [-75.465794, 6.381673], [-75.465969, 6.38176], [-75.466032, 6.382236], [-75.46653, 6.382158], [-75.466773, 6.382239], [-75.466948, 6.3825]], [[-75.466675, 6.382599], [-75.466573, 6.382343], [-75.465842, 6.382344], [-75.46559, 6.382453], [-75.465545, 6.382854], [-75.465634, 6.383005], [-75.465744, 6.383014], [-75.466519, 6.382827], [-75.466675, 6.382599]]], [[[-75.47071, 6.416466], [-75.470236, 6.41646], [-75.46988, 6.416337], [-75.469642, 6.416096], [-75.469521, 6.415739], [-75.469519, 6.415265], [-75.469636, 6.414909], [-75.469872, 6.41467], [-75.470227, 6.41455], [-75.470701, 6.414548], [-75.471057, 6.414667], [-75.471295, 6.414907], [-75.471415, 6.415269], [-75.471418, 6.415752], [-75.471301, 6.416112], [-75.471065, 6.416351], [-75.47071, 6.416466]]], [[[-75.473622, 6.3558], [-75.47328, 6.355734], [-75.473065, 6.35527], [-75.471939, 6.355241], [-75.471617, 6.355138], [-75.471392, 6.354909], [-75.471131, 6.35371], [-75.470954, 6.353463], [-75.470705, 6.353331], [-75.46956, 6.353182], [-75.469389, 6.352796], [-75.469371, 6.351675], [-75.469477, 6.3513], [-75.46963, 6.351199], [-75.469728, 6.350819], [-75.469855, 6.350695], [-75.470445, 6.350546], [-75.471072, 6.350576], [-75.470039, 6.350716], [-75.469828, 6.350815], [-75.469628, 6.351717], [-75.469646, 6.352799], [-75.46975, 6.353147], [-75.470851, 6.35317], [-75.471396, 6.352978], [-75.471573, 6.352434], [-75.471602, 6.351228], [-75.471637, 6.352247], [-75.471493, 6.352943], [-75.471526, 6.353192], [-75.47196, 6.353831], [-75.473038, 6.354079], [-75.473222, 6.354729], [-75.473774, 6.354694], [-75.473839, 6.355342], [-75.473731, 6.355723], [-75.473622, 6.3558]]], [[[-75.47432, 6.396116], [-75.474223, 6.397342], [-75.474096, 6.397478], [-75.472822, 6.39751], [-75.47215, 6.397359], [-75.472022, 6.397185], [-75.472115, 6.396873], [-75.47367, 6.396708], [-75.473872, 6.396149], [-75.474027, 6.396051], [-75.47432, 6.396116]]], [[[-75.47093, 6.397344], [-75.470817, 6.397026], [-75.470925, 6.396652], [-75.471458, 6.396637], [-75.47167, 6.396784], [-75.471714, 6.397086], [-75.471584, 6.397312], [-75.471277, 6.397385], [-75.47093, 6.397344]]], [[[-75.477685, 6.423988], [-75.475952, 6.424152], [-75.475805, 6.424979], [-75.475546, 6.425163], [-75.473639, 6.425076], [-75.47358, 6.425234], [-75.473609, 6.426222], [-75.473565, 6.426458], [-75.473375, 6.426694], [-75.47302, 6.426654], [-75.472672, 6.426419], [-75.472045, 6.42647], [-75.471893, 6.426385], [-75.471791, 6.426182], [-75.471737, 6.42542], [-75.471837, 6.425084], [-75.472037, 6.424852], [-75.47234, 6.424725], [-75.473387, 6.424597], [-75.473476, 6.423471], [-75.47363, 6.423157], [-75.47423, 6.422998], [-75.475702, 6.422897], [-75.475816, 6.422287], [-75.476186, 6.422031], [-75.477018, 6.421976], [-75.477374, 6.422098], [-75.477613, 6.422344], [-75.477733, 6.422714], [-75.477685, 6.423988]], [[-75.477662, 6.423238], [-75.477671, 6.422786], [-75.477565, 6.422448], [-75.477344, 6.422223], [-75.477007, 6.422112], [-75.476214, 6.422167], [-75.475861, 6.422422], [-75.475748, 6.423033], [-75.474515, 6.42314], [-75.474158, 6.423236], [-75.473916, 6.423408], [-75.473791, 6.423658], [-75.473807, 6.42442], [-75.473986, 6.424809], [-75.474157, 6.424917], [-75.475061, 6.425074], [-75.475545, 6.425045], [-75.475795, 6.424854], [-75.475905, 6.424033], [-75.477009, 6.423933], [-75.477331, 6.423811], [-75.477549, 6.423579], [-75.477662, 6.423238]]], [[[-75.476676, 6.430359], [-75.475045, 6.430438], [-75.474691, 6.430364], [-75.474454, 6.430212], [-75.474335, 6.429984], [-75.474382, 6.429309], [-75.474902, 6.429109], [-75.475157, 6.428447], [-75.475649, 6.428349], [-75.47589, 6.428215], [-75.476539, 6.428172], [-75.476743, 6.428305], [-75.476878, 6.428572], [-75.476946, 6.428974], [-75.476902, 6.429919], [-75.476676, 6.430359]], [[-75.476858, 6.429553], [-75.476853, 6.42909], [-75.476743, 6.428749], [-75.476528, 6.42853], [-75.476207, 6.428433], [-75.47578, 6.428458], [-75.475452, 6.428525], [-75.475091, 6.428788], [-75.475012, 6.429889], [-75.475129, 6.430072], [-75.475361, 6.430194], [-75.476171, 6.430252], [-75.476517, 6.430134], [-75.476746, 6.429901], [-75.476858, 6.429553]]], [[[-75.474501, 6.369552], [-75.474568, 6.369614], [-75.474404, 6.369553], [-75.474501, 6.369552]]], [[[-75.482104, 6.364974], [-75.480532, 6.365083], [-75.480289, 6.365174], [-75.480167, 6.365307], [-75.480114, 6.36578], [-75.479993, 6.366007], [-75.479756, 6.36615], [-75.479248, 6.366262], [-75.479165, 6.366366], [-75.479175, 6.367], [-75.478951, 6.367236], [-75.478372, 6.36715], [-75.477911, 6.366918], [-75.477717, 6.366923], [-75.477387, 6.36713], [-75.477004, 6.366964], [-75.476565, 6.367014], [-75.475664, 6.36689], [-75.475523, 6.366772], [-75.475327, 6.365957], [-75.475304, 6.365304], [-75.475368, 6.365099], [-75.475674, 6.364877], [-75.476368, 6.364746], [-75.476071, 6.364283], [-75.476157, 6.364098], [-75.476327, 6.363985], [-75.4765, 6.363958], [-75.476657, 6.364081], [-75.476747, 6.364488], [-75.476627, 6.364711], [-75.476783, 6.364783], [-75.477197, 6.364736], [-75.477306, 6.364468], [-75.47748, 6.364393], [-75.477797, 6.364408], [-75.478426, 6.364613], [-75.478809, 6.364439], [-75.47936, 6.364399], [-75.479665, 6.364258], [-75.479877, 6.363705], [-75.47988, 6.36286], [-75.48008, 6.362019], [-75.480805, 6.361667], [-75.481295, 6.360855], [-75.481439, 6.361136], [-75.481337, 6.361837], [-75.480354, 6.361995], [-75.480244, 6.362041], [-75.480151, 6.36224], [-75.480012, 6.3631], [-75.479947, 6.364617], [-75.479972, 6.364816], [-75.480181, 6.364891], [-75.482104, 6.364974]], [[-75.479102, 6.364768], [-75.479025, 6.36454], [-75.478875, 6.364486], [-75.478442, 6.364822], [-75.47742, 6.364817], [-75.476751, 6.364996], [-75.476662, 6.365168], [-75.476646, 6.365672], [-75.476814, 6.366539], [-75.477209, 6.366633], [-75.478269, 6.366598], [-75.478431, 6.366519], [-75.478587, 6.366047], [-75.479927, 6.365841], [-75.479974, 6.365456], [-75.479894, 6.364974], [-75.479251, 6.364889], [-75.479102, 6.364768]]], [[[-75.490418, 6.422635], [-75.490087, 6.422923], [-75.489842, 6.422998], [-75.490021, 6.422869], [-75.490154, 6.422606], [-75.490143, 6.421466], [-75.490021, 6.42117], [-75.489801, 6.420973], [-75.489484, 6.420876], [-75.488503, 6.420906], [-75.488178, 6.42099], [-75.488049, 6.420917], [-75.487995, 6.420754], [-75.487662, 6.420675], [-75.486909, 6.420663], [-75.486582, 6.420774], [-75.486357, 6.420995], [-75.486233, 6.421326], [-75.486143, 6.422351], [-75.485983, 6.422565], [-75.485791, 6.422497], [-75.485737, 6.42239], [-75.485583, 6.421326], [-75.485026, 6.421079], [-75.484889, 6.420469], [-75.484876, 6.418235], [-75.484669, 6.417655], [-75.484758, 6.41751], [-75.485011, 6.417439], [-75.485137, 6.417114], [-75.485105, 6.415704], [-75.484964, 6.415599], [-75.484214, 6.415497], [-75.483964, 6.41538], [-75.483685, 6.414872], [-75.483583, 6.414186], [-75.483313, 6.413874], [-75.482855, 6.413707], [-75.482544, 6.412812], [-75.482708, 6.412628], [-75.483225, 6.4126], [-75.483436, 6.412675], [-75.483586, 6.412916], [-75.484718, 6.413169], [-75.484842, 6.413907], [-75.48497, 6.414104], [-75.485201, 6.414239], [-75.485973, 6.41432], [-75.486302, 6.414214], [-75.486521, 6.413993], [-75.48663, 6.413656], [-75.486598, 6.412863], [-75.486432, 6.412513], [-75.486114, 6.412424], [-75.485828, 6.411963], [-75.485754, 6.411316], [-75.485506, 6.41081], [-75.485432, 6.410133], [-75.485151, 6.409681], [-75.485052, 6.409094], [-75.484932, 6.408913], [-75.484371, 6.408723], [-75.483595, 6.408748], [-75.483237, 6.408945], [-75.483112, 6.409395], [-75.482615, 6.409511], [-75.482438, 6.409761], [-75.48175, 6.409535], [-75.480689, 6.409566], [-75.480343, 6.409764], [-75.480201, 6.410233], [-75.479113, 6.410296], [-75.478563, 6.410427], [-75.478212, 6.410935], [-75.477668, 6.411122], [-75.477501, 6.411632], [-75.477058, 6.411707], [-75.476938, 6.411824], [-75.476809, 6.412393], [-75.4768, 6.412844], [-75.476892, 6.413183], [-75.477085, 6.413407], [-75.477379, 6.413519], [-75.478451, 6.413485], [-75.478717, 6.413053], [-75.479617, 6.412816], [-75.479844, 6.412512], [-75.480113, 6.412558], [-75.48072, 6.413133], [-75.480773, 6.413535], [-75.480944, 6.413854], [-75.480992, 6.414524], [-75.481122, 6.414878], [-75.481661, 6.414975], [-75.481804, 6.415092], [-75.481793, 6.415523], [-75.481613, 6.415747], [-75.481346, 6.415695], [-75.481036, 6.415436], [-75.479992, 6.415435], [-75.479705, 6.415552], [-75.479514, 6.415771], [-75.47942, 6.416095], [-75.479421, 6.416521], [-75.479544, 6.417091], [-75.480033, 6.417498], [-75.480142, 6.418012], [-75.480361, 6.418163], [-75.480772, 6.418189], [-75.480917, 6.418295], [-75.480913, 6.41859], [-75.480672, 6.418876], [-75.480642, 6.419895], [-75.480764, 6.42023], [-75.480995, 6.420461], [-75.481335, 6.420586], [-75.48358, 6.420529], [-75.483767, 6.420635], [-75.483712, 6.420987], [-75.483397, 6.421245], [-75.483352, 6.421773], [-75.483251, 6.422003], [-75.48287, 6.422184], [-75.482161, 6.422273], [-75.48202, 6.422393], [-75.481942, 6.423567], [-75.482031, 6.423889], [-75.482207, 6.424102], [-75.482469, 6.424208], [-75.483564, 6.424118], [-75.483905, 6.423923], [-75.484068, 6.423541], [-75.485308, 6.423351], [-75.485466, 6.423541], [-75.485568, 6.424741], [-75.485733, 6.425018], [-75.486281, 6.425122], [-75.487029, 6.425083], [-75.487717, 6.42486], [-75.487428, 6.425119], [-75.486887, 6.425408], [-75.485809, 6.425458], [-75.485461, 6.425361], [-75.485228, 6.425164], [-75.485109, 6.424869], [-75.485018, 6.423813], [-75.484758, 6.423716], [-75.48417, 6.423793], [-75.483912, 6.42411], [-75.483272, 6.424394], [-75.482188, 6.424436], [-75.48184, 6.424316], [-75.481608, 6.424074], [-75.48149, 6.423711], [-75.481544, 6.42261], [-75.481602, 6.42248], [-75.482102, 6.422151], [-75.482725, 6.421955], [-75.482882, 6.421567], [-75.482834, 6.42075], [-75.482609, 6.420674], [-75.480745, 6.420615], [-75.48042, 6.420375], [-75.479896, 6.420295], [-75.479735, 6.420176], [-75.479572, 6.419595], [-75.47959, 6.418773], [-75.479695, 6.418367], [-75.47989, 6.418136], [-75.479896, 6.417579], [-75.479767, 6.417401], [-75.479362, 6.417302], [-75.479235, 6.417161], [-75.479106, 6.416535], [-75.479103, 6.416049], [-75.479208, 6.41568], [-75.479418, 6.415428], [-75.479735, 6.415293], [-75.48048, 6.415173], [-75.480699, 6.414991], [-75.480816, 6.414727], [-75.480797, 6.413908], [-75.480591, 6.413544], [-75.480522, 6.413153], [-75.4804, 6.412987], [-75.479998, 6.412888], [-75.479629, 6.413138], [-75.478846, 6.413277], [-75.478408, 6.413713], [-75.477154, 6.413791], [-75.47679, 6.413677], [-75.476546, 6.413447], [-75.476423, 6.4131], [-75.476441, 6.41227], [-75.476552, 6.411824], [-75.476864, 6.411643], [-75.477452, 6.411556], [-75.477703, 6.410457], [-75.477983, 6.41032], [-75.478231, 6.410011], [-75.479953, 6.40976], [-75.480124, 6.409676], [-75.480323, 6.409291], [-75.480445, 6.409251], [-75.481842, 6.409216], [-75.482699, 6.409382], [-75.482976, 6.409308], [-75.483088, 6.40883], [-75.48347, 6.408654], [-75.48436, 6.408633], [-75.485005, 6.408813], [-75.485142, 6.408984], [-75.485231, 6.409534], [-75.485502, 6.409885], [-75.48572, 6.410477], [-75.486176, 6.410538], [-75.486287, 6.410643], [-75.486401, 6.411165], [-75.486445, 6.412263], [-75.486682, 6.412459], [-75.486762, 6.41339], [-75.487025, 6.413871], [-75.487093, 6.41448], [-75.487095, 6.414941], [-75.487016, 6.415288], [-75.486853, 6.415521], [-75.486608, 6.41564], [-75.485687, 6.415738], [-75.485529, 6.417524], [-75.48544, 6.417641], [-75.485079, 6.417719], [-75.485001, 6.417942], [-75.484964, 6.419227], [-75.485142, 6.420044], [-75.485322, 6.420306], [-75.485912, 6.420649], [-75.488748, 6.420591], [-75.490032, 6.420786], [-75.49029, 6.420974], [-75.490337, 6.421568], [-75.490505, 6.421914], [-75.490504, 6.422436], [-75.490418, 6.422635]], [[-75.485111, 6.415393], [-75.485181, 6.414988], [-75.485091, 6.414518], [-75.484809, 6.414343], [-75.484693, 6.414045], [-75.484274, 6.41396], [-75.484009, 6.413598], [-75.483775, 6.413614], [-75.483705, 6.413802], [-75.483843, 6.41478], [-75.484299, 6.414871], [-75.484505, 6.415411], [-75.485111, 6.415393]]], [[[-75.488126, 6.422466], [-75.48832, 6.422937], [-75.488537, 6.423119], [-75.48913, 6.423233], [-75.489187, 6.423317], [-75.489013, 6.423588], [-75.48837, 6.423803], [-75.487846, 6.423711], [-75.487677, 6.42355], [-75.487571, 6.423313], [-75.487517, 6.422492], [-75.488126, 6.422466]], [[-75.48815, 6.422652], [-75.487897, 6.422523], [-75.487715, 6.422681], [-75.48771, 6.423482], [-75.487896, 6.423661], [-75.488271, 6.423652], [-75.488417, 6.423504], [-75.488395, 6.423354], [-75.488255, 6.423216], [-75.48815, 6.422652]]], [[[-75.481092, 6.395206], [-75.480853, 6.395308], [-75.479482, 6.395372], [-75.478689, 6.395356], [-75.478361, 6.395244], [-75.478271, 6.395021], [-75.478301, 6.39468], [-75.478669, 6.394403], [-75.478947, 6.39405], [-75.479082, 6.393171], [-75.479339, 6.393109], [-75.479707, 6.393441], [-75.480102, 6.394464], [-75.481023, 6.394725], [-75.481132, 6.394942], [-75.481092, 6.395206]], [[-75.478977, 6.394906], [-75.479042, 6.394638], [-75.478987, 6.394546], [-75.478777, 6.394495], [-75.47861, 6.394575], [-75.478557, 6.394817], [-75.478643, 6.395038], [-75.478833, 6.395078], [-75.478977, 6.394906]], [[-75.479563, 6.394392], [-75.479312, 6.394453], [-75.479247, 6.394608], [-75.479308, 6.394741], [-75.479731, 6.394702], [-75.479714, 6.394476], [-75.479563, 6.394392]]], [[[-75.482733, 6.375644], [-75.482273, 6.375871], [-75.481735, 6.375748], [-75.481308, 6.375983], [-75.481217, 6.376201], [-75.48082, 6.376349], [-75.479978, 6.376182], [-75.479605, 6.375831], [-75.47922, 6.375742], [-75.479085, 6.375523], [-75.47942, 6.37545], [-75.479709, 6.375522], [-75.480012, 6.375794], [-75.480208, 6.376119], [-75.480602, 6.37625], [-75.480988, 6.376169], [-75.481342, 6.375715], [-75.482733, 6.375644]]], [[[-75.481312, 6.401931], [-75.481049, 6.401798], [-75.48083, 6.401482], [-75.480385, 6.401287], [-75.480245, 6.400909], [-75.479982, 6.400734], [-75.479808, 6.400425], [-75.479777, 6.400251], [-75.479872, 6.400077], [-75.480256, 6.400019], [-75.480687, 6.400144], [-75.480975, 6.400888], [-75.481454, 6.40101], [-75.481575, 6.401292], [-75.481906, 6.401431], [-75.481895, 6.401744], [-75.481793, 6.40189], [-75.481312, 6.401931]]], [[[-75.489353, 6.397142], [-75.488914, 6.396936], [-75.488447, 6.396961], [-75.48836, 6.397517], [-75.488452, 6.397875], [-75.489077, 6.397934], [-75.48924, 6.398051], [-75.489202, 6.398587], [-75.488837, 6.398739], [-75.488296, 6.39863], [-75.488217, 6.39755], [-75.488298, 6.396894], [-75.488826, 6.396834], [-75.489441, 6.397001], [-75.489353, 6.397142]]], [[[-75.487732, 6.398526], [-75.487319, 6.398865], [-75.487217, 6.399453], [-75.487078, 6.399654], [-75.486223, 6.399871], [-75.486102, 6.400366], [-75.485662, 6.400404], [-75.485528, 6.400336], [-75.485134, 6.399435], [-75.484737, 6.399292], [-75.48457, 6.399065], [-75.484248, 6.39888], [-75.484286, 6.397108], [-75.484576, 6.395931], [-75.484918, 6.395822], [-75.485956, 6.395751], [-75.48619, 6.395607], [-75.486452, 6.395235], [-75.486615, 6.395262], [-75.486976, 6.395518], [-75.48708, 6.395788], [-75.487055, 6.396086], [-75.486269, 6.396197], [-75.486086, 6.396277], [-75.486027, 6.396416], [-75.48601, 6.398067], [-75.486292, 6.398235], [-75.487609, 6.398401], [-75.487732, 6.398526]], [[-75.484385, 6.398795], [-75.484809, 6.398873], [-75.485392, 6.3988], [-75.485471, 6.398495], [-75.485399, 6.398109], [-75.484976, 6.398031], [-75.484392, 6.398104], [-75.484314, 6.398409], [-75.484385, 6.398795]], [[-75.487014, 6.399284], [-75.487107, 6.399106], [-75.48704, 6.398976], [-75.486721, 6.398894], [-75.485627, 6.398916], [-75.485463, 6.398994], [-75.485401, 6.39916], [-75.485467, 6.399376], [-75.4856, 6.399435], [-75.487014, 6.399284]], [[-75.486516, 6.396112], [-75.486674, 6.396038], [-75.486716, 6.395915], [-75.486664, 6.39571], [-75.486512, 6.395635], [-75.486348, 6.395705], [-75.486269, 6.395851], [-75.486362, 6.396031], [-75.486516, 6.396112]]], [[[-75.483215, 6.395883], [-75.483114, 6.395736], [-75.483041, 6.395093], [-75.482897, 6.394746], [-75.482354, 6.394616], [-75.482188, 6.394473], [-75.482221, 6.394306], [-75.482593, 6.393949], [-75.483671, 6.393957], [-75.483982, 6.394013], [-75.484062, 6.39412], [-75.484165, 6.394844], [-75.483987, 6.395859], [-75.483665, 6.395946], [-75.483215, 6.395883]]], [[[-75.482082, 6.426738], [-75.482066, 6.426252], [-75.482172, 6.425887], [-75.482401, 6.425643], [-75.482753, 6.42552], [-75.483227, 6.425518], [-75.483586, 6.425637], [-75.483829, 6.425879], [-75.483958, 6.426242], [-75.483972, 6.426728], [-75.483864, 6.427092], [-75.483635, 6.427336], [-75.483285, 6.42746], [-75.482813, 6.427462], [-75.482456, 6.427343], [-75.482212, 6.427101], [-75.482082, 6.426738]]], [[[-75.482447, 6.367722], [-75.482345, 6.367519], [-75.482425, 6.367212], [-75.482626, 6.367706], [-75.482581, 6.367771], [-75.482447, 6.367722]]], [[[-75.485705, 6.427421], [-75.485417, 6.427533], [-75.485266, 6.427919], [-75.485257, 6.427504], [-75.485468, 6.427405], [-75.485705, 6.427421]]], [[[-75.487999, 6.418253], [-75.487536, 6.418258], [-75.487188, 6.418146], [-75.486956, 6.417917], [-75.486838, 6.417571], [-75.486836, 6.417108], [-75.48695, 6.41676], [-75.48718, 6.416528], [-75.487527, 6.41641], [-75.48799, 6.416408], [-75.488337, 6.416521], [-75.48857, 6.41675], [-75.488687, 6.417095], [-75.48869, 6.417555], [-75.488576, 6.417902], [-75.488346, 6.418134], [-75.487999, 6.418253]]], [[[-75.48924, 6.399427], [-75.489316, 6.39961], [-75.489325, 6.399765], [-75.48921, 6.399587], [-75.48924, 6.399427]]], [[[-75.420931, 6.371219], [-75.420839, 6.371461], [-75.420482, 6.371348], [-75.420575, 6.371126], [-75.420787, 6.371124], [-75.420931, 6.371219]]], [[[-75.465824, 6.361933], [-75.465948, 6.362194], [-75.465906, 6.362399], [-75.465773, 6.362603], [-75.465601, 6.362637], [-75.465352, 6.362394], [-75.465367, 6.362078], [-75.465568, 6.361829], [-75.465824, 6.361933]]], [[[-75.46981, 6.371617], [-75.470138, 6.371774], [-75.470245, 6.372056], [-75.470061, 6.372228], [-75.469751, 6.372296], [-75.469572, 6.372223], [-75.469504, 6.372084], [-75.469639, 6.371763], [-75.46981, 6.371617]]], [[[-75.428443, 6.327968], [-75.428557, 6.328132], [-75.428461, 6.328494], [-75.428299, 6.328646], [-75.428067, 6.328635], [-75.427955, 6.328455], [-75.428023, 6.328191], [-75.428238, 6.327971], [-75.428443, 6.327968]]]]}, "properties": {"clase": 2, "area_ha": 1239.9024728075553}}, {"type": "Feature", "geometry": {"type": "MultiPolygon", "coordinates": [[[[-75.40226, 6.358028], [-75.402052, 6.358159], [-75.401955, 6.358313], [-75.402013, 6.359059], [-75.401808, 6.359807], [-75.40155, 6.359383], [-75.400574, 6.359204], [-75.400314, 6.359038], [-75.400118, 6.358765], [-75.400104, 6.358346], [-75.400196, 6.358066], [-75.400746, 6.357528], [-75.401161, 6.357301], [-75.401616, 6.357346], [-75.401891, 6.358005], [-75.40226, 6.358028]]], [[[-75.412445, 6.361866], [-75.411288, 6.361934], [-75.410993, 6.361864], [-75.410795, 6.361724], [-75.410695, 6.361512], [-75.410665, 6.360989], [-75.410536, 6.360638], [-75.410253, 6.360443], [-75.409646, 6.360356], [-75.408661, 6.360366], [-75.408487, 6.360406], [-75.408378, 6.360595], [-75.408069, 6.360604], [-75.407784, 6.360742], [-75.407735, 6.360892], [-75.407826, 6.361043], [-75.408088, 6.361139], [-75.408398, 6.361116], [-75.408541, 6.36122], [-75.408509, 6.361947], [-75.408622, 6.362635], [-75.408465, 6.362862], [-75.407739, 6.363054], [-75.407702, 6.363316], [-75.407792, 6.363489], [-75.40867, 6.363712], [-75.408829, 6.364142], [-75.409015, 6.364312], [-75.409968, 6.364211], [-75.412206, 6.364229], [-75.412295, 6.365097], [-75.412145, 6.365514], [-75.411442, 6.365704], [-75.411355, 6.365947], [-75.411121, 6.36605], [-75.409938, 6.36619], [-75.409404, 6.366382], [-75.408313, 6.366367], [-75.407539, 6.366228], [-75.407023, 6.365821], [-75.406982, 6.364528], [-75.406903, 6.36424], [-75.406695, 6.36414], [-75.406394, 6.364309], [-75.406079, 6.364314], [-75.406036, 6.363517], [-75.406402, 6.363171], [-75.406437, 6.362833], [-75.406331, 6.362585], [-75.405939, 6.362557], [-75.405814, 6.362777], [-75.405774, 6.363264], [-75.405541, 6.363222], [-75.405367, 6.363004], [-75.405242, 6.362301], [-75.40496, 6.362227], [-75.404339, 6.361844], [-75.403927, 6.361724], [-75.403872, 6.360947], [-75.403795, 6.360849], [-75.40344, 6.360739], [-75.403401, 6.360046], [-75.403557, 6.359803], [-75.403779, 6.359656], [-75.403969, 6.359006], [-75.404237, 6.358833], [-75.404288, 6.35866], [-75.404132, 6.358435], [-75.402992, 6.358062], [-75.402833, 6.357605], [-75.402896, 6.356987], [-75.402992, 6.3568], [-75.403132, 6.356694], [-75.403517, 6.356656], [-75.404232, 6.356661], [-75.404434, 6.35675], [-75.404669, 6.357164], [-75.404807, 6.358012], [-75.405107, 6.358079], [-75.405467, 6.358063], [-75.40565, 6.357935], [-75.405668, 6.357233], [-75.405406, 6.357045], [-75.405638, 6.356847], [-75.405779, 6.356792], [-75.406595, 6.356848], [-75.40702, 6.356965], [-75.407054, 6.357043], [-75.406894, 6.357143], [-75.40592, 6.357256], [-75.405775, 6.358328], [-75.405453, 6.358532], [-75.405255, 6.359096], [-75.405403, 6.359756], [-75.405229, 6.360348], [-75.405292, 6.360599], [-75.405399, 6.360689], [-75.405746, 6.360612], [-75.405815, 6.360247], [-75.405973, 6.360053], [-75.406741, 6.359935], [-75.407273, 6.359596], [-75.407269, 6.359393], [-75.406885, 6.358977], [-75.406796, 6.358322], [-75.406939, 6.358223], [-75.407275, 6.358202], [-75.407516, 6.35829], [-75.407603, 6.358677], [-75.407758, 6.358801], [-75.408386, 6.358846], [-75.408656, 6.358783], [-75.408832, 6.359707], [-75.409131, 6.359796], [-75.409551, 6.359776], [-75.409734, 6.359685], [-75.409956, 6.359283], [-75.409993, 6.358972], [-75.410135, 6.358735], [-75.410379, 6.358573], [-75.411179, 6.358472], [-75.411516, 6.358549], [-75.411739, 6.358717], [-75.411848, 6.358975], [-75.411859, 6.35961], [-75.411962, 6.359993], [-75.412135, 6.36016], [-75.412405, 6.360193], [-75.412474, 6.360283], [-75.412547, 6.361204], [-75.412445, 6.361866]], [[-75.404314, 6.357613], [-75.404587, 6.357281], [-75.404556, 6.357184], [-75.404356, 6.3571], [-75.40417, 6.357149], [-75.404096, 6.357348], [-75.404163, 6.357546], [-75.404314, 6.357613]], [[-75.40504, 6.361398], [-75.405141, 6.361146], [-75.404952, 6.360933], [-75.404376, 6.360903], [-75.404212, 6.360993], [-75.404159, 6.361373], [-75.404219, 6.361559], [-75.404524, 6.361566], [-75.40504, 6.361398]], [[-75.408284, 6.364938], [-75.40831, 6.365436], [-75.408621, 6.36562], [-75.408785, 6.365924], [-75.408945, 6.365053], [-75.409183, 6.365022], [-75.409321, 6.365319], [-75.40946, 6.364826], [-75.410067, 6.364759], [-75.410146, 6.364438], [-75.408768, 6.364433], [-75.408371, 6.364666], [-75.408284, 6.364938]]], [[[-75.403718, 6.36766], [-75.403606, 6.367869], [-75.403483, 6.367867], [-75.40344, 6.367563], [-75.403589, 6.367449], [-75.403627, 6.367125], [-75.40353, 6.366939], [-75.403214, 6.366814], [-75.403165, 6.366671], [-75.403243, 6.365977], [-75.40343, 6.365769], [-75.40356, 6.365769], [-75.403659, 6.365878], [-75.403726, 6.366097], [-75.403718, 6.36766]]], [[[-75.405893, 6.368515], [-75.405166, 6.368485], [-75.404852, 6.368324], [-75.404714, 6.367514], [-75.404714, 6.367302], [-75.404826, 6.367143], [-75.405051, 6.367036], [-75.405841, 6.366979], [-75.406179, 6.367074], [-75.406405, 6.367264], [-75.406517, 6.367552], [-75.406516, 6.367936], [-75.406412, 6.368224], [-75.406204, 6.368417], [-75.405893, 6.368515]]], [[[-75.407938, 6.371896], [-75.407826, 6.371996], [-75.40777, 6.372327], [-75.407639, 6.372497], [-75.406919, 6.372621], [-75.406718, 6.373523], [-75.405697, 6.373578], [-75.405403, 6.373464], [-75.40521, 6.373233], [-75.405119, 6.372887], [-75.405196, 6.372071], [-75.405323, 6.371828], [-75.40551, 6.371696], [-75.405954, 6.3716], [-75.406106, 6.371475], [-75.406418, 6.370899], [-75.406983, 6.370726], [-75.407714, 6.370793], [-75.407924, 6.370931], [-75.408029, 6.371141], [-75.407938, 6.371896]]], [[[-75.407287, 6.376732], [-75.407186, 6.377185], [-75.406721, 6.37729], [-75.406466, 6.377553], [-75.406459, 6.377807], [-75.406581, 6.378081], [-75.406432, 6.379077], [-75.406165, 6.379252], [-75.405586, 6.379339], [-75.405419, 6.379659], [-75.405297, 6.379316], [-75.405678, 6.378327], [-75.405692, 6.37781], [-75.405866, 6.377272], [-75.405768, 6.37663], [-75.406075, 6.376542], [-75.40671, 6.376631], [-75.40688, 6.376496], [-75.406378, 6.376274], [-75.406239, 6.375905], [-75.406004, 6.375786], [-75.405924, 6.375575], [-75.405721, 6.375388], [-75.405664, 6.375097], [-75.405293, 6.374996], [-75.405313, 6.374486], [-75.405923, 6.374485], [-75.406438, 6.375154], [-75.406781, 6.375296], [-75.407001, 6.376178], [-75.407222, 6.376437], [-75.407287, 6.376732]]], [[[-75.408084, 6.352757], [-75.407528, 6.353486], [-75.407273, 6.353514], [-75.406957, 6.353424], [-75.406897, 6.353146], [-75.406656, 6.352978], [-75.40646, 6.352695], [-75.405721, 6.352497], [-75.405131, 6.351553], [-75.405108, 6.35132], [-75.405561, 6.35136], [-75.406088, 6.351048], [-75.406541, 6.351147], [-75.406692, 6.351447], [-75.406826, 6.3522], [-75.407536, 6.35242], [-75.407744, 6.352603], [-75.408042, 6.352618], [-75.408084, 6.352757]]], [[[-75.406877, 6.353674], [-75.406792, 6.354006], [-75.406708, 6.354043], [-75.406622, 6.353669], [-75.406792, 6.353505], [-75.406877, 6.353674]]], [[[-75.489446, 6.400538], [-75.489145, 6.401746], [-75.488924, 6.401942], [-75.488469, 6.401983], [-75.488133, 6.401837], [-75.487935, 6.401171], [-75.487524, 6.401197], [-75.487154, 6.401586], [-75.487094, 6.402357], [-75.486866, 6.40249], [-75.486269, 6.402556], [-75.486165, 6.402957], [-75.48587, 6.403238], [-75.485678, 6.403911], [-75.485668, 6.404552], [-75.485917, 6.404922], [-75.485642, 6.405109], [-75.485475, 6.406671], [-75.48429, 6.406676], [-75.483739, 6.406588], [-75.483433, 6.406237], [-75.483075, 6.406072], [-75.482907, 6.406183], [-75.482831, 6.406564], [-75.482707, 6.406684], [-75.482131, 6.406805], [-75.481679, 6.406807], [-75.481334, 6.406693], [-75.481095, 6.406463], [-75.480962, 6.406117], [-75.480846, 6.404898], [-75.480594, 6.404786], [-75.480296, 6.40497], [-75.480129, 6.405577], [-75.480097, 6.406452], [-75.479988, 6.406724], [-75.479769, 6.406907], [-75.479003, 6.407002], [-75.478673, 6.406901], [-75.478452, 6.406696], [-75.478338, 6.406389], [-75.478278, 6.405309], [-75.477913, 6.405179], [-75.477826, 6.405057], [-75.477737, 6.404497], [-75.477734, 6.404059], [-75.477922, 6.403488], [-75.478771, 6.403129], [-75.478768, 6.402835], [-75.47862, 6.402561], [-75.477736, 6.402153], [-75.47594, 6.402059], [-75.473645, 6.401739], [-75.473548, 6.401425], [-75.473512, 6.399962], [-75.472255, 6.399905], [-75.471688, 6.400048], [-75.471562, 6.400186], [-75.471516, 6.401376], [-75.471359, 6.401925], [-75.471426, 6.4021], [-75.47166, 6.402272], [-75.4717, 6.403358], [-75.471519, 6.403107], [-75.471297, 6.403086], [-75.470838, 6.403678], [-75.470774, 6.404111], [-75.471043, 6.404795], [-75.471312, 6.404924], [-75.472052, 6.404871], [-75.472353, 6.404674], [-75.472474, 6.404154], [-75.472697, 6.403954], [-75.474111, 6.403772], [-75.474268, 6.403915], [-75.474367, 6.404627], [-75.475192, 6.404753], [-75.475399, 6.404887], [-75.475759, 6.404934], [-75.475867, 6.405049], [-75.475978, 6.405616], [-75.475892, 6.406413], [-75.475712, 6.406651], [-75.475442, 6.406783], [-75.474486, 6.406884], [-75.474367, 6.407079], [-75.474201, 6.407147], [-75.473564, 6.407125], [-75.472649, 6.406777], [-75.472108, 6.406815], [-75.471832, 6.406996], [-75.471495, 6.407477], [-75.47079, 6.407989], [-75.470329, 6.408128], [-75.470153, 6.408565], [-75.470032, 6.408672], [-75.46983, 6.408556], [-75.469736, 6.407999], [-75.469179, 6.407735], [-75.469208, 6.407335], [-75.468988, 6.406671], [-75.468691, 6.406597], [-75.468483, 6.406696], [-75.468345, 6.407037], [-75.468357, 6.408405], [-75.46787, 6.408499], [-75.467782, 6.409084], [-75.467622, 6.409357], [-75.466917, 6.409474], [-75.466741, 6.409843], [-75.465926, 6.409976], [-75.465773, 6.410271], [-75.464776, 6.410391], [-75.464644, 6.410659], [-75.464528, 6.410719], [-75.463289, 6.410776], [-75.462645, 6.410674], [-75.462472, 6.411502], [-75.462518, 6.412279], [-75.46358, 6.412464], [-75.46375, 6.412543], [-75.464074, 6.412934], [-75.464639, 6.413024], [-75.464809, 6.413213], [-75.464899, 6.413682], [-75.465766, 6.413773], [-75.466134, 6.413999], [-75.466547, 6.414064], [-75.466759, 6.414348], [-75.466802, 6.414628], [-75.466804, 6.415], [-75.466665, 6.415469], [-75.466524, 6.415566], [-75.465992, 6.415623], [-75.465835, 6.415884], [-75.465254, 6.416044], [-75.465212, 6.416516], [-75.465313, 6.417241], [-75.465867, 6.417384], [-75.463394, 6.417472], [-75.462636, 6.41745], [-75.462422, 6.417355], [-75.462278, 6.417177], [-75.462203, 6.416566], [-75.462333, 6.415432], [-75.462287, 6.415109], [-75.462124, 6.414943], [-75.461885, 6.414935], [-75.46178, 6.415445], [-75.461679, 6.415538], [-75.461542, 6.414367], [-75.461263, 6.414213], [-75.461204, 6.414089], [-75.460987, 6.412494], [-75.460544, 6.411991], [-75.460249, 6.411072], [-75.459874, 6.410881], [-75.459307, 6.410137], [-75.458774, 6.409921], [-75.458753, 6.409649], [-75.458976, 6.409271], [-75.458876, 6.408748], [-75.458211, 6.408577], [-75.458046, 6.408267], [-75.458011, 6.408019], [-75.458112, 6.407672], [-75.458591, 6.407424], [-75.458695, 6.407271], [-75.45877, 6.40681], [-75.458731, 6.406375], [-75.458084, 6.406212], [-75.458229, 6.405971], [-75.458171, 6.405494], [-75.45732, 6.405331], [-75.457076, 6.405095], [-75.456916, 6.404683], [-75.456845, 6.404081], [-75.456897, 6.403521], [-75.457081, 6.403437], [-75.45785, 6.403397], [-75.458602, 6.403504], [-75.45869, 6.403844], [-75.458649, 6.404349], [-75.458849, 6.404662], [-75.459348, 6.40481], [-75.459649, 6.404728], [-75.459737, 6.404501], [-75.459769, 6.4039], [-75.459723, 6.402727], [-75.457039, 6.402596], [-75.456519, 6.402428], [-75.456196, 6.402643], [-75.456075, 6.403251], [-75.455775, 6.403577], [-75.455498, 6.40365], [-75.454476, 6.403649], [-75.454295, 6.403541], [-75.454088, 6.40304], [-75.453978, 6.401563], [-75.453725, 6.401419], [-75.453638, 6.401186], [-75.453358, 6.401058], [-75.452185, 6.401062], [-75.452023, 6.401727], [-75.451621, 6.401893], [-75.451501, 6.402881], [-75.451548, 6.403028], [-75.451826, 6.403236], [-75.452002, 6.404849], [-75.452299, 6.405341], [-75.452777, 6.405569], [-75.452988, 6.406224], [-75.453077, 6.407108], [-75.452975, 6.407332], [-75.452736, 6.407474], [-75.452673, 6.407834], [-75.453228, 6.408186], [-75.453749, 6.408652], [-75.454967, 6.408475], [-75.45517, 6.408474], [-75.455323, 6.408583], [-75.455478, 6.409133], [-75.455454, 6.409912], [-75.455315, 6.410284], [-75.455055, 6.410463], [-75.45501, 6.410827], [-75.455153, 6.411088], [-75.45553, 6.411128], [-75.455712, 6.41145], [-75.456073, 6.411331], [-75.456694, 6.410838], [-75.4571, 6.410631], [-75.457723, 6.410612], [-75.457994, 6.410839], [-75.458059, 6.412132], [-75.457896, 6.41274], [-75.457097, 6.412982], [-75.457135, 6.413313], [-75.457058, 6.413402], [-75.45525, 6.413486], [-75.455182, 6.413702], [-75.455233, 6.414197], [-75.455308, 6.414294], [-75.455792, 6.414402], [-75.456014, 6.414551], [-75.456143, 6.415097], [-75.456349, 6.415342], [-75.457176, 6.415418], [-75.457348, 6.415316], [-75.457416, 6.415157], [-75.457312, 6.413425], [-75.45794, 6.413378], [-75.458306, 6.413488], [-75.458509, 6.413834], [-75.45904, 6.414015], [-75.459183, 6.414277], [-75.459394, 6.415221], [-75.459283, 6.41538], [-75.45874, 6.415634], [-75.458609, 6.416002], [-75.458758, 6.416341], [-75.459291, 6.416712], [-75.458623, 6.416864], [-75.458555, 6.417985], [-75.458469, 6.418307], [-75.458298, 6.418522], [-75.458044, 6.41863], [-75.457281, 6.418558], [-75.457195, 6.418482], [-75.45713, 6.41814], [-75.456535, 6.418036], [-75.456273, 6.417906], [-75.456249, 6.417435], [-75.456125, 6.417257], [-75.455544, 6.417051], [-75.454593, 6.416993], [-75.45407, 6.416786], [-75.453955, 6.416589], [-75.453852, 6.415972], [-75.453538, 6.415584], [-75.453325, 6.414944], [-75.453178, 6.41472], [-75.452981, 6.414683], [-75.452872, 6.414834], [-75.452827, 6.415528], [-75.452603, 6.416016], [-75.452599, 6.416324], [-75.4528, 6.416591], [-75.452948, 6.417315], [-75.453206, 6.417534], [-75.453324, 6.41781], [-75.453758, 6.418116], [-75.453882, 6.419114], [-75.45379, 6.419403], [-75.453594, 6.419596], [-75.453292, 6.419693], [-75.452371, 6.419648], [-75.452008, 6.419292], [-75.451821, 6.418812], [-75.451503, 6.418525], [-75.451393, 6.418158], [-75.45139, 6.417718], [-75.451472, 6.417481], [-75.451726, 6.417211], [-75.452048, 6.417174], [-75.452457, 6.41697], [-75.452554, 6.41679], [-75.452518, 6.416651], [-75.452306, 6.416564], [-75.451505, 6.416593], [-75.451068, 6.416462], [-75.450849, 6.41572], [-75.450591, 6.415366], [-75.45012, 6.415119], [-75.450027, 6.414329], [-75.449931, 6.414115], [-75.449459, 6.414032], [-75.448922, 6.414127], [-75.448831, 6.415511], [-75.44841, 6.415665], [-75.448353, 6.416257], [-75.448166, 6.416531], [-75.448068, 6.417217], [-75.447892, 6.417501], [-75.448157, 6.417744], [-75.449524, 6.417678], [-75.449881, 6.417792], [-75.450124, 6.418023], [-75.450252, 6.418369], [-75.450248, 6.419561], [-75.448342, 6.419616], [-75.448238, 6.419986], [-75.44793, 6.420404], [-75.447505, 6.420624], [-75.447319, 6.420847], [-75.447032, 6.42203], [-75.446734, 6.422547], [-75.446541, 6.423236], [-75.446504, 6.423776], [-75.446399, 6.423944], [-75.44619, 6.424057], [-75.445878, 6.424114], [-75.444806, 6.424081], [-75.444693, 6.422883], [-75.443377, 6.422847], [-75.442745, 6.422678], [-75.442618, 6.422499], [-75.442589, 6.421918], [-75.442474, 6.421746], [-75.442067, 6.421764], [-75.441871, 6.421941], [-75.441568, 6.422027], [-75.440983, 6.422029], [-75.440566, 6.421867], [-75.440358, 6.421243], [-75.440046, 6.421031], [-75.439959, 6.419524], [-75.439622, 6.418974], [-75.439448, 6.418381], [-75.439243, 6.418219], [-75.438094, 6.417907], [-75.437986, 6.417681], [-75.438031, 6.417275], [-75.438288, 6.41713], [-75.438357, 6.416982], [-75.438295, 6.416837], [-75.438041, 6.416652], [-75.43798, 6.416393], [-75.438207, 6.416248], [-75.43969, 6.415999], [-75.439925, 6.415755], [-75.439863, 6.415443], [-75.439029, 6.415147], [-75.438387, 6.415244], [-75.437088, 6.415154], [-75.436621, 6.415297], [-75.436176, 6.415194], [-75.436062, 6.415345], [-75.436069, 6.415491], [-75.436478, 6.415939], [-75.436481, 6.416368], [-75.436169, 6.416626], [-75.435784, 6.416784], [-75.435813, 6.417017], [-75.436005, 6.417267], [-75.435964, 6.417436], [-75.435356, 6.417448], [-75.43504, 6.417321], [-75.434593, 6.416762], [-75.434388, 6.416648], [-75.434293, 6.416437], [-75.434331, 6.415671], [-75.434687, 6.415406], [-75.434846, 6.415119], [-75.43467, 6.414757], [-75.434204, 6.414529], [-75.433968, 6.41414], [-75.433669, 6.413937], [-75.432969, 6.413855], [-75.432533, 6.413662], [-75.431981, 6.413631], [-75.431724, 6.413479], [-75.432038, 6.413115], [-75.43269, 6.412732], [-75.433409, 6.412669], [-75.433801, 6.412734], [-75.433994, 6.412887], [-75.434129, 6.413543], [-75.434079, 6.413654], [-75.433763, 6.413809], [-75.434399, 6.413986], [-75.434607, 6.414161], [-75.434738, 6.414463], [-75.434988, 6.41466], [-75.435151, 6.414628], [-75.435033, 6.414097], [-75.434541, 6.413542], [-75.434709, 6.413175], [-75.434569, 6.412692], [-75.434651, 6.411834], [-75.434411, 6.411205], [-75.434751, 6.410965], [-75.436175, 6.410976], [-75.436774, 6.410748], [-75.436873, 6.410271], [-75.437104, 6.409863], [-75.437313, 6.408939], [-75.438112, 6.40876], [-75.438234, 6.408503], [-75.43824, 6.408228], [-75.438049, 6.407662], [-75.437989, 6.40686], [-75.437687, 6.406675], [-75.435752, 6.406503], [-75.435216, 6.406543], [-75.434968, 6.406637], [-75.434626, 6.407051], [-75.434186, 6.407213], [-75.433637, 6.407655], [-75.433116, 6.407588], [-75.433048, 6.407383], [-75.433288, 6.406908], [-75.433269, 6.406035], [-75.433496, 6.405847], [-75.433482, 6.405387], [-75.433694, 6.405199], [-75.433985, 6.405117], [-75.434251, 6.404561], [-75.434667, 6.404252], [-75.434591, 6.403939], [-75.43467, 6.403726], [-75.435742, 6.403507], [-75.435792, 6.403287], [-75.435535, 6.402621], [-75.435507, 6.402224], [-75.435714, 6.401899], [-75.436034, 6.401627], [-75.43694, 6.401575], [-75.437078, 6.401648], [-75.437169, 6.401835], [-75.437482, 6.40195], [-75.439428, 6.40211], [-75.439513, 6.40229], [-75.439433, 6.402442], [-75.438638, 6.402664], [-75.439199, 6.403077], [-75.439307, 6.403311], [-75.43919, 6.403675], [-75.438762, 6.40401], [-75.438764, 6.404376], [-75.439348, 6.404685], [-75.439423, 6.404962], [-75.439349, 6.405183], [-75.438878, 6.405316], [-75.438758, 6.405516], [-75.43889, 6.405639], [-75.439508, 6.405771], [-75.439671, 6.405973], [-75.439584, 6.406176], [-75.439068, 6.406364], [-75.438956, 6.406573], [-75.439044, 6.407306], [-75.439678, 6.407933], [-75.439364, 6.408291], [-75.439298, 6.408492], [-75.440209, 6.408652], [-75.440402, 6.408786], [-75.440484, 6.409], [-75.44041, 6.409444], [-75.440012, 6.409794], [-75.439801, 6.410118], [-75.43976, 6.410598], [-75.439834, 6.410968], [-75.440315, 6.41147], [-75.441804, 6.411902], [-75.442225, 6.412449], [-75.442821, 6.412561], [-75.443354, 6.412429], [-75.443592, 6.412523], [-75.443785, 6.411988], [-75.443293, 6.411892], [-75.443146, 6.410902], [-75.442933, 6.410629], [-75.442701, 6.410026], [-75.442794, 6.40964], [-75.442954, 6.409457], [-75.443261, 6.409322], [-75.443512, 6.409331], [-75.44373, 6.409482], [-75.443896, 6.409743], [-75.443957, 6.410097], [-75.443885, 6.410514], [-75.444216, 6.411021], [-75.444023, 6.411355], [-75.444063, 6.411665], [-75.44423, 6.411655], [-75.444314, 6.411018], [-75.444493, 6.41082], [-75.444798, 6.410803], [-75.445164, 6.411024], [-75.445728, 6.41108], [-75.4458, 6.411237], [-75.445678, 6.411449], [-75.445597, 6.412388], [-75.445698, 6.413221], [-75.445976, 6.413642], [-75.446833, 6.413802], [-75.446956, 6.413903], [-75.447068, 6.414665], [-75.447388, 6.41524], [-75.447361, 6.415703], [-75.446798, 6.416384], [-75.446748, 6.416993], [-75.446072, 6.417072], [-75.445938, 6.417174], [-75.446277, 6.417466], [-75.446859, 6.417123], [-75.447016, 6.417162], [-75.447095, 6.417344], [-75.446777, 6.418109], [-75.446362, 6.418321], [-75.445945, 6.418712], [-75.446105, 6.419162], [-75.445723, 6.42045], [-75.44585, 6.42102], [-75.445777, 6.421188], [-75.445437, 6.421297], [-75.445371, 6.421455], [-75.445405, 6.42175], [-75.445578, 6.421951], [-75.445379, 6.422282], [-75.445679, 6.422345], [-75.446292, 6.422299], [-75.446168, 6.422006], [-75.446201, 6.421863], [-75.446812, 6.421687], [-75.447261, 6.420574], [-75.447766, 6.42002], [-75.448097, 6.419389], [-75.448126, 6.418695], [-75.447926, 6.418257], [-75.44766, 6.417987], [-75.4477, 6.417114], [-75.447471, 6.416813], [-75.447451, 6.416582], [-75.447664, 6.416272], [-75.448075, 6.41608], [-75.448322, 6.415309], [-75.448725, 6.415103], [-75.44889, 6.41365], [-75.449217, 6.413389], [-75.448651, 6.41228], [-75.448411, 6.412275], [-75.448059, 6.412523], [-75.447776, 6.412443], [-75.447516, 6.411407], [-75.447388, 6.411179], [-75.446849, 6.411431], [-75.446285, 6.411446], [-75.445978, 6.411355], [-75.445946, 6.411161], [-75.446079, 6.410947], [-75.445964, 6.410807], [-75.446003, 6.410426], [-75.44587, 6.410137], [-75.446043, 6.409831], [-75.446109, 6.409467], [-75.446022, 6.408993], [-75.445854, 6.408693], [-75.445564, 6.408563], [-75.444535, 6.408394], [-75.444046, 6.408472], [-75.44389, 6.408392], [-75.443643, 6.407657], [-75.443657, 6.407262], [-75.44337, 6.407053], [-75.443104, 6.406677], [-75.442974, 6.405572], [-75.442792, 6.405187], [-75.442891, 6.404702], [-75.442344, 6.404027], [-75.442493, 6.40388], [-75.442963, 6.403773], [-75.442226, 6.403543], [-75.441945, 6.403177], [-75.442085, 6.402912], [-75.442697, 6.402828], [-75.442867, 6.402722], [-75.442239, 6.402724], [-75.442007, 6.402643], [-75.441734, 6.40227], [-75.441636, 6.401851], [-75.441789, 6.401622], [-75.44256, 6.401634], [-75.443073, 6.401895], [-75.443552, 6.401884], [-75.443898, 6.401973], [-75.444459, 6.402281], [-75.44445, 6.402504], [-75.443873, 6.402665], [-75.443762, 6.402837], [-75.443856, 6.403217], [-75.444083, 6.403628], [-75.444156, 6.404138], [-75.444387, 6.404373], [-75.444921, 6.404435], [-75.445304, 6.404373], [-75.445515, 6.403913], [-75.445399, 6.40351], [-75.445639, 6.403253], [-75.445932, 6.403167], [-75.446307, 6.403472], [-75.446442, 6.403866], [-75.446708, 6.404011], [-75.447359, 6.404169], [-75.447673, 6.404711], [-75.447706, 6.405054], [-75.447801, 6.405202], [-75.449684, 6.40533], [-75.449817, 6.406318], [-75.450168, 6.406535], [-75.450261, 6.407122], [-75.450421, 6.406686], [-75.451674, 6.406577], [-75.451902, 6.406669], [-75.451994, 6.405727], [-75.451877, 6.405556], [-75.451651, 6.405455], [-75.451413, 6.404717], [-75.451022, 6.40457], [-75.450632, 6.404124], [-75.45029, 6.404199], [-75.449896, 6.404529], [-75.449603, 6.404529], [-75.449483, 6.404361], [-75.449456, 6.40361], [-75.449261, 6.403382], [-75.449167, 6.403395], [-75.449198, 6.40364], [-75.449102, 6.403741], [-75.448109, 6.403953], [-75.44793, 6.40354], [-75.447684, 6.403237], [-75.447735, 6.403054], [-75.448097, 6.402827], [-75.448375, 6.402461], [-75.448765, 6.402245], [-75.44965, 6.402367], [-75.449886, 6.402129], [-75.449799, 6.401679], [-75.449168, 6.401494], [-75.449045, 6.401341], [-75.449047, 6.400753], [-75.449473, 6.400601], [-75.449135, 6.400398], [-75.448914, 6.400063], [-75.449041, 6.399536], [-75.448742, 6.399418], [-75.448642, 6.399287], [-75.448688, 6.398959], [-75.449022, 6.39873], [-75.44884, 6.398431], [-75.448693, 6.397877], [-75.448418, 6.397757], [-75.448356, 6.397544], [-75.448404, 6.397411], [-75.448721, 6.39727], [-75.448733, 6.397183], [-75.448412, 6.397159], [-75.44804, 6.397262], [-75.447497, 6.397807], [-75.446999, 6.398002], [-75.446889, 6.398523], [-75.446716, 6.398798], [-75.446273, 6.399132], [-75.44583, 6.39931], [-75.445594, 6.399235], [-75.44485, 6.398719], [-75.444703, 6.398416], [-75.444712, 6.397947], [-75.44446, 6.397596], [-75.443204, 6.397505], [-75.442871, 6.397367], [-75.442703, 6.397114], [-75.442562, 6.397077], [-75.442369, 6.39733], [-75.442413, 6.397823], [-75.442331, 6.398106], [-75.441815, 6.39835], [-75.441753, 6.398462], [-75.441769, 6.398668], [-75.442213, 6.398929], [-75.442208, 6.399198], [-75.442029, 6.399286], [-75.441629, 6.399252], [-75.441299, 6.399356], [-75.440652, 6.399223], [-75.440551, 6.399068], [-75.440663, 6.398391], [-75.44062, 6.398092], [-75.440813, 6.397482], [-75.44108, 6.397136], [-75.441156, 6.396795], [-75.441079, 6.395934], [-75.440799, 6.39552], [-75.440239, 6.395405], [-75.440058, 6.395188], [-75.440076, 6.394948], [-75.440372, 6.39476], [-75.440403, 6.394202], [-75.440326, 6.393973], [-75.439288, 6.393956], [-75.439025, 6.393781], [-75.438751, 6.393418], [-75.438658, 6.393416], [-75.438419, 6.393838], [-75.43804, 6.394056], [-75.437923, 6.394233], [-75.437695, 6.394773], [-75.437692, 6.395509], [-75.437431, 6.396014], [-75.437123, 6.396073], [-75.436664, 6.396475], [-75.435853, 6.396605], [-75.434846, 6.396932], [-75.434891, 6.39701], [-75.435492, 6.396978], [-75.435675, 6.397122], [-75.435206, 6.398068], [-75.434716, 6.398224], [-75.433801, 6.398273], [-75.433494, 6.398496], [-75.43303, 6.398638], [-75.43201, 6.398751], [-75.431627, 6.399202], [-75.431058, 6.39942], [-75.430856, 6.399644], [-75.430807, 6.399881], [-75.430953, 6.400586], [-75.430077, 6.401049], [-75.429712, 6.401447], [-75.429608, 6.401903], [-75.429178, 6.402699], [-75.429178, 6.403244], [-75.42932, 6.403396], [-75.429615, 6.403276], [-75.429988, 6.402561], [-75.430441, 6.402137], [-75.430883, 6.40211], [-75.432282, 6.402424], [-75.432653, 6.402382], [-75.432797, 6.402118], [-75.432656, 6.401679], [-75.432558, 6.400845], [-75.432591, 6.400716], [-75.432991, 6.400446], [-75.432826, 6.400189], [-75.432842, 6.399995], [-75.433321, 6.399511], [-75.433964, 6.399311], [-75.434402, 6.398755], [-75.434785, 6.398772], [-75.435122, 6.399155], [-75.435156, 6.399586], [-75.43491, 6.399725], [-75.434748, 6.400084], [-75.43429, 6.400424], [-75.434116, 6.400765], [-75.433728, 6.400973], [-75.433596, 6.401977], [-75.433458, 6.402256], [-75.433139, 6.40255], [-75.433254, 6.402938], [-75.4332, 6.403353], [-75.43306, 6.403758], [-75.432776, 6.404142], [-75.432054, 6.404563], [-75.432146, 6.404272], [-75.432837, 6.403731], [-75.43308, 6.403124], [-75.433048, 6.402862], [-75.432794, 6.40272], [-75.432453, 6.402754], [-75.43175, 6.402607], [-75.431314, 6.402622], [-75.43104, 6.402856], [-75.430872, 6.403245], [-75.43093, 6.403565], [-75.431081, 6.403813], [-75.431023, 6.404206], [-75.431179, 6.404399], [-75.431205, 6.404597], [-75.430431, 6.404297], [-75.430111, 6.405109], [-75.428373, 6.405666], [-75.42816, 6.405596], [-75.427999, 6.405231], [-75.427744, 6.405582], [-75.427263, 6.405967], [-75.426517, 6.407232], [-75.426225, 6.407466], [-75.425916, 6.407539], [-75.42536, 6.407436], [-75.425126, 6.40725], [-75.425047, 6.407023], [-75.425169, 6.406901], [-75.425509, 6.406803], [-75.426145, 6.406327], [-75.426391, 6.405927], [-75.427209, 6.405522], [-75.42743, 6.40529], [-75.427613, 6.40487], [-75.427973, 6.404606], [-75.428882, 6.40442], [-75.429019, 6.40247], [-75.429418, 6.40186], [-75.429537, 6.401492], [-75.430101, 6.40079], [-75.430233, 6.400403], [-75.430271, 6.399898], [-75.430512, 6.399323], [-75.430817, 6.399113], [-75.430919, 6.398899], [-75.431311, 6.398724], [-75.432987, 6.398324], [-75.433076, 6.397701], [-75.433183, 6.397523], [-75.433755, 6.396995], [-75.43458, 6.396689], [-75.434799, 6.396425], [-75.435098, 6.396247], [-75.435518, 6.395462], [-75.436101, 6.3952], [-75.4369, 6.395009], [-75.437365, 6.394703], [-75.437618, 6.394095], [-75.437716, 6.393488], [-75.437913, 6.393315], [-75.438192, 6.393283], [-75.438653, 6.392984], [-75.440475, 6.392852], [-75.440894, 6.392698], [-75.441658, 6.393291], [-75.442117, 6.393064], [-75.44334, 6.392926], [-75.443579, 6.392663], [-75.443733, 6.39205], [-75.445617, 6.391879], [-75.446069, 6.391732], [-75.446189, 6.391478], [-75.446462, 6.391311], [-75.446703, 6.390824], [-75.446859, 6.390021], [-75.446828, 6.389333], [-75.446514, 6.388741], [-75.446605, 6.38848], [-75.446809, 6.388801], [-75.447522, 6.388937], [-75.447745, 6.389173], [-75.447628, 6.389376], [-75.447317, 6.389501], [-75.447221, 6.389793], [-75.447301, 6.38994], [-75.447709, 6.389985], [-75.447833, 6.39022], [-75.447667, 6.390371], [-75.447222, 6.390389], [-75.447054, 6.391392], [-75.446696, 6.39161], [-75.44656, 6.391944], [-75.445524, 6.392194], [-75.445046, 6.392558], [-75.444031, 6.392817], [-75.443343, 6.393411], [-75.442313, 6.393675], [-75.442133, 6.394024], [-75.442193, 6.394684], [-75.442562, 6.394901], [-75.443051, 6.394658], [-75.443248, 6.394869], [-75.443328, 6.395245], [-75.44368, 6.39532], [-75.4439, 6.395235], [-75.444019, 6.394894], [-75.44476, 6.394821], [-75.446244, 6.394139], [-75.446823, 6.394011], [-75.44703, 6.393909], [-75.447348, 6.393512], [-75.447626, 6.392573], [-75.447528, 6.391898], [-75.447952, 6.391645], [-75.447983, 6.39134], [-75.448858, 6.391064], [-75.449682, 6.391034], [-75.450044, 6.390689], [-75.450557, 6.390697], [-75.450676, 6.390853], [-75.450697, 6.391147], [-75.450421, 6.392099], [-75.450224, 6.392228], [-75.449793, 6.392279], [-75.44947, 6.393231], [-75.448587, 6.393887], [-75.448214, 6.39399], [-75.448134, 6.394373], [-75.448227, 6.394643], [-75.448607, 6.395096], [-75.448765, 6.395855], [-75.449159, 6.396077], [-75.44935, 6.396323], [-75.449287, 6.397129], [-75.449536, 6.397243], [-75.450539, 6.397392], [-75.450696, 6.397832], [-75.450806, 6.397915], [-75.450993, 6.397821], [-75.451135, 6.397437], [-75.45144, 6.397413], [-75.451587, 6.397845], [-75.451663, 6.398669], [-75.451817, 6.398814], [-75.452151, 6.398763], [-75.452536, 6.398544], [-75.453157, 6.398672], [-75.453839, 6.398449], [-75.454523, 6.398446], [-75.454983, 6.398541], [-75.455277, 6.398441], [-75.455351, 6.398359], [-75.455348, 6.398086], [-75.455553, 6.397878], [-75.455826, 6.39783], [-75.456184, 6.398044], [-75.456978, 6.397766], [-75.457201, 6.39748], [-75.457246, 6.396996], [-75.457376, 6.396846], [-75.457662, 6.396924], [-75.457746, 6.397389], [-75.45782, 6.396977], [-75.457945, 6.396915], [-75.458904, 6.396866], [-75.459194, 6.396939], [-75.459392, 6.397105], [-75.459513, 6.396605], [-75.459757, 6.396511], [-75.460689, 6.396665], [-75.461007, 6.396847], [-75.4614, 6.396848], [-75.461584, 6.396973], [-75.461722, 6.39739], [-75.462304, 6.398078], [-75.462776, 6.39819], [-75.462919, 6.398367], [-75.463006, 6.398918], [-75.462726, 6.399534], [-75.462791, 6.400325], [-75.463864, 6.400813], [-75.464373, 6.401627], [-75.464525, 6.402066], [-75.465296, 6.40225], [-75.465444, 6.402956], [-75.46557, 6.403023], [-75.466127, 6.402785], [-75.466428, 6.40188], [-75.466637, 6.401668], [-75.467043, 6.401507], [-75.467012, 6.401115], [-75.467162, 6.40037], [-75.467402, 6.399921], [-75.467508, 6.399402], [-75.467619, 6.399323], [-75.468427, 6.399238], [-75.468726, 6.399489], [-75.468634, 6.399773], [-75.468356, 6.399984], [-75.468248, 6.400298], [-75.468261, 6.4012], [-75.468419, 6.401576], [-75.468543, 6.401668], [-75.469015, 6.401823], [-75.469711, 6.401797], [-75.470254, 6.401652], [-75.470814, 6.401189], [-75.471198, 6.400127], [-75.471191, 6.39986], [-75.470499, 6.399758], [-75.47018, 6.399622], [-75.47013, 6.399084], [-75.46997, 6.398651], [-75.469684, 6.39839], [-75.469778, 6.397776], [-75.470399, 6.397704], [-75.470516, 6.397505], [-75.470406, 6.397438], [-75.469793, 6.397548], [-75.46957, 6.397412], [-75.469491, 6.397221], [-75.469658, 6.39691], [-75.470262, 6.39687], [-75.470495, 6.396628], [-75.470496, 6.396347], [-75.470323, 6.396045], [-75.470266, 6.395719], [-75.470257, 6.395147], [-75.470353, 6.394868], [-75.470684, 6.394713], [-75.471403, 6.394591], [-75.471755, 6.394662], [-75.471863, 6.394807], [-75.471811, 6.395314], [-75.472003, 6.395869], [-75.472346, 6.396191], [-75.472244, 6.396481], [-75.473031, 6.396514], [-75.473547, 6.39639], [-75.473803, 6.395965], [-75.473969, 6.395384], [-75.47414, 6.395191], [-75.474118, 6.394787], [-75.474217, 6.394408], [-75.475145, 6.394365], [-75.475343, 6.394471], [-75.475437, 6.394647], [-75.475386, 6.395084], [-75.475257, 6.395192], [-75.474853, 6.395215], [-75.47453, 6.395432], [-75.474467, 6.39561], [-75.474528, 6.395962], [-75.474863, 6.396327], [-75.474896, 6.396663], [-75.474824, 6.39691], [-75.474558, 6.397046], [-75.47421, 6.397508], [-75.473109, 6.397701], [-75.472941, 6.397818], [-75.472765, 6.398364], [-75.472811, 6.399112], [-75.472931, 6.399321], [-75.473116, 6.39942], [-75.473945, 6.399515], [-75.474198, 6.399712], [-75.474373, 6.40005], [-75.474473, 6.400692], [-75.47414, 6.401054], [-75.474072, 6.40168], [-75.47469, 6.40171], [-75.475527, 6.401904], [-75.476396, 6.40195], [-75.476605, 6.401889], [-75.476599, 6.401443], [-75.476794, 6.401175], [-75.477077, 6.401202], [-75.477324, 6.401465], [-75.477595, 6.401271], [-75.477814, 6.401274], [-75.478122, 6.40167], [-75.478857, 6.40203], [-75.47921, 6.402722], [-75.479467, 6.402971], [-75.479571, 6.403323], [-75.479757, 6.403311], [-75.47992, 6.403416], [-75.479945, 6.403782], [-75.480149, 6.403982], [-75.48065, 6.403915], [-75.481039, 6.404188], [-75.481243, 6.40396], [-75.481816, 6.403831], [-75.48198, 6.403616], [-75.482203, 6.403567], [-75.482571, 6.403606], [-75.48294, 6.403855], [-75.483247, 6.403939], [-75.483325, 6.404064], [-75.483265, 6.404622], [-75.483315, 6.405692], [-75.483437, 6.406086], [-75.483721, 6.40648], [-75.484384, 6.406613], [-75.485114, 6.406525], [-75.485322, 6.406355], [-75.485426, 6.4061], [-75.485525, 6.405011], [-75.485565, 6.403625], [-75.485259, 6.403021], [-75.485202, 6.402694], [-75.485248, 6.402507], [-75.485528, 6.40227], [-75.485523, 6.401196], [-75.485331, 6.400547], [-75.484834, 6.400273], [-75.484654, 6.399905], [-75.484196, 6.399653], [-75.48408, 6.399432], [-75.483759, 6.399151], [-75.483756, 6.398928], [-75.484015, 6.398577], [-75.484157, 6.39765], [-75.484148, 6.397124], [-75.483981, 6.396771], [-75.483935, 6.396397], [-75.483772, 6.396189], [-75.483028, 6.395968], [-75.482922, 6.395192], [-75.482819, 6.395022], [-75.482641, 6.395093], [-75.482496, 6.395954], [-75.482221, 6.396071], [-75.481796, 6.396031], [-75.48146, 6.395554], [-75.481043, 6.395646], [-75.480401, 6.39563], [-75.479286, 6.3954], [-75.478459, 6.39557], [-75.477888, 6.395414], [-75.477271, 6.395391], [-75.477116, 6.394671], [-75.477163, 6.394287], [-75.477349, 6.394143], [-75.478087, 6.39399], [-75.478242, 6.393726], [-75.478187, 6.393286], [-75.477821, 6.393234], [-75.477588, 6.392889], [-75.477963, 6.392607], [-75.478094, 6.392323], [-75.478135, 6.391971], [-75.478259, 6.39175], [-75.478105, 6.391512], [-75.478086, 6.391313], [-75.478476, 6.391149], [-75.478769, 6.391241], [-75.478926, 6.391725], [-75.479407, 6.39181], [-75.479431, 6.392044], [-75.479169, 6.392564], [-75.479529, 6.392519], [-75.479781, 6.392667], [-75.480199, 6.393548], [-75.48016, 6.394015], [-75.480622, 6.394323], [-75.480816, 6.394275], [-75.480847, 6.393917], [-75.481208, 6.393846], [-75.481897, 6.393883], [-75.482039, 6.393519], [-75.482399, 6.393329], [-75.482869, 6.393338], [-75.483179, 6.393151], [-75.483932, 6.393083], [-75.484229, 6.393334], [-75.484508, 6.395317], [-75.484746, 6.395604], [-75.484984, 6.395654], [-75.485303, 6.395641], [-75.485712, 6.395445], [-75.48589, 6.394683], [-75.486277, 6.394103], [-75.48667, 6.39405], [-75.486955, 6.394199], [-75.487169, 6.395197], [-75.487401, 6.395458], [-75.487815, 6.395606], [-75.487904, 6.396084], [-75.487714, 6.396214], [-75.486231, 6.39631], [-75.486149, 6.398005], [-75.487294, 6.398164], [-75.487993, 6.398131], [-75.48819, 6.397023], [-75.488299, 6.396824], [-75.488456, 6.396686], [-75.488965, 6.396554], [-75.489424, 6.396748], [-75.489383, 6.396868], [-75.488623, 6.396826], [-75.488352, 6.396887], [-75.488217, 6.397333], [-75.488324, 6.398659], [-75.489008, 6.398814], [-75.489161, 6.399082], [-75.489446, 6.400538]], [[-75.435035, 6.405786], [-75.435061, 6.405136], [-75.434646, 6.405037], [-75.434142, 6.40535], [-75.433881, 6.4059], [-75.43388, 6.406128], [-75.434083, 6.406319], [-75.434796, 6.406246], [-75.434923, 6.40619], [-75.435035, 6.405786]], [[-75.44137, 6.412663], [-75.441066, 6.412227], [-75.440627, 6.411836], [-75.439758, 6.411689], [-75.43951, 6.411565], [-75.43934, 6.411332], [-75.439234, 6.410538], [-75.439326, 6.409949], [-75.43943, 6.409812], [-75.439773, 6.409668], [-75.439958, 6.409369], [-75.440282, 6.409215], [-75.440355, 6.408962], [-75.440173, 6.408726], [-75.439152, 6.408656], [-75.439053, 6.408293], [-75.438947, 6.408213], [-75.438659, 6.408318], [-75.438591, 6.409811], [-75.438474, 6.409977], [-75.437507, 6.410159], [-75.437326, 6.410295], [-75.437165, 6.410749], [-75.436989, 6.410934], [-75.436683, 6.411048], [-75.434933, 6.411056], [-75.43475, 6.411085], [-75.434664, 6.411193], [-75.434784, 6.411495], [-75.435217, 6.411742], [-75.435391, 6.412584], [-75.435846, 6.413018], [-75.436066, 6.414358], [-75.436466, 6.414573], [-75.436785, 6.414896], [-75.43697, 6.41482], [-75.437063, 6.413934], [-75.437169, 6.413685], [-75.437382, 6.413515], [-75.437701, 6.413423], [-75.438453, 6.41341], [-75.438803, 6.413454], [-75.438965, 6.413594], [-75.439371, 6.413387], [-75.439638, 6.413739], [-75.440065, 6.413757], [-75.440184, 6.413663], [-75.44023, 6.41347], [-75.440043, 6.413044], [-75.441354, 6.412852], [-75.44137, 6.412663]], [[-75.436564, 6.395395], [-75.436525, 6.395589], [-75.436599, 6.395659], [-75.436863, 6.395579], [-75.436975, 6.395443], [-75.436749, 6.395276], [-75.436564, 6.395395]], [[-75.438508, 6.403669], [-75.438417, 6.402732], [-75.43823, 6.402271], [-75.437172, 6.402055], [-75.436679, 6.402161], [-75.4366, 6.403053], [-75.436678, 6.404207], [-75.436845, 6.404354], [-75.437189, 6.404409], [-75.437291, 6.404818], [-75.437242, 6.405126], [-75.437043, 6.405421], [-75.436906, 6.406409], [-75.437442, 6.406481], [-75.438373, 6.406419], [-75.438511, 6.405181], [-75.438508, 6.403669]], [[-75.441127, 6.415545], [-75.440456, 6.417494], [-75.440189, 6.417486], [-75.439749, 6.41726], [-75.439492, 6.417257], [-75.439341, 6.417494], [-75.439417, 6.417849], [-75.439717, 6.417959], [-75.440576, 6.417898], [-75.441044, 6.418389], [-75.441281, 6.418435], [-75.441405, 6.418111], [-75.441207, 6.417555], [-75.441203, 6.417257], [-75.44129, 6.417083], [-75.441477, 6.417003], [-75.442079, 6.417205], [-75.442381, 6.417999], [-75.44249, 6.417584], [-75.442717, 6.417216], [-75.442477, 6.41654], [-75.442368, 6.416434], [-75.442099, 6.416481], [-75.441406, 6.416369], [-75.44136, 6.415911], [-75.441749, 6.415715], [-75.44184, 6.415373], [-75.441962, 6.415264], [-75.442208, 6.415313], [-75.442383, 6.415789], [-75.442659, 6.415901], [-75.442874, 6.415703], [-75.44293, 6.41517], [-75.443071, 6.41499], [-75.443249, 6.41497], [-75.443668, 6.415109], [-75.444152, 6.415012], [-75.44424, 6.414157], [-75.444533, 6.41368], [-75.444533, 6.413333], [-75.444417, 6.413077], [-75.443972, 6.412992], [-75.442856, 6.413342], [-75.442502, 6.414275], [-75.442095, 6.414594], [-75.44175, 6.415027], [-75.441407, 6.415154], [-75.441127, 6.415545]], [[-75.441573, 6.420387], [-75.441001, 6.420529], [-75.440938, 6.42077], [-75.441224, 6.420923], [-75.442514, 6.42095], [-75.442701, 6.421602], [-75.442965, 6.421714], [-75.44339, 6.421594], [-75.443362, 6.421117], [-75.443509, 6.420676], [-75.443554, 6.419945], [-75.44351, 6.419543], [-75.443342, 6.4193], [-75.442523, 6.419113], [-75.442387, 6.419598], [-75.442088, 6.419878], [-75.441978, 6.420181], [-75.441573, 6.420387]], [[-75.441412, 6.419086], [-75.441267, 6.418894], [-75.441189, 6.418934], [-75.440984, 6.419456], [-75.44107, 6.419647], [-75.441367, 6.419757], [-75.441477, 6.41993], [-75.44151, 6.419577], [-75.441412, 6.419086]], [[-75.446831, 6.396961], [-75.446126, 6.396614], [-75.446018, 6.395983], [-75.445675, 6.395396], [-75.44513, 6.395298], [-75.444178, 6.39534], [-75.443914, 6.395465], [-75.443748, 6.395773], [-75.443137, 6.395806], [-75.442787, 6.395501], [-75.442192, 6.395282], [-75.441793, 6.394822], [-75.441623, 6.394782], [-75.441463, 6.394883], [-75.441412, 6.395363], [-75.441495, 6.395952], [-75.441627, 6.396346], [-75.441838, 6.396514], [-75.442167, 6.396426], [-75.442351, 6.396049], [-75.442519, 6.395928], [-75.442711, 6.396554], [-75.442942, 6.396812], [-75.44431, 6.397052], [-75.444748, 6.397503], [-75.445776, 6.397946], [-75.446474, 6.397847], [-75.446824, 6.39761], [-75.446901, 6.397243], [-75.446831, 6.396961]], [[-75.442087, 6.41895], [-75.442098, 6.418781], [-75.441984, 6.418651], [-75.441739, 6.418592], [-75.441578, 6.418676], [-75.441547, 6.418999], [-75.441677, 6.419154], [-75.44188, 6.419166], [-75.442087, 6.41895]], [[-75.444034, 6.417786], [-75.44404, 6.41722], [-75.443706, 6.417231], [-75.443801, 6.417822], [-75.444034, 6.417786]], [[-75.448892, 6.407174], [-75.448731, 6.407026], [-75.447987, 6.406888], [-75.44759, 6.406659], [-75.447402, 6.40585], [-75.447187, 6.405653], [-75.445088, 6.405505], [-75.444263, 6.405168], [-75.443897, 6.405171], [-75.443737, 6.405309], [-75.443749, 6.40544], [-75.44404, 6.405803], [-75.444138, 6.407024], [-75.444684, 6.407258], [-75.444781, 6.407501], [-75.445164, 6.407906], [-75.446093, 6.408005], [-75.446445, 6.408148], [-75.446607, 6.409141], [-75.446872, 6.409441], [-75.447064, 6.409447], [-75.44719, 6.40933], [-75.447275, 6.408775], [-75.447462, 6.408479], [-75.448182, 6.408371], [-75.448781, 6.408116], [-75.448922, 6.40762], [-75.448892, 6.407174]], [[-75.446888, 6.41525], [-75.446867, 6.414035], [-75.446669, 6.413867], [-75.445721, 6.413818], [-75.44516, 6.41407], [-75.444727, 6.414146], [-75.444634, 6.414281], [-75.444561, 6.414911], [-75.44423, 6.415189], [-75.444235, 6.415554], [-75.444358, 6.41595], [-75.444502, 6.416052], [-75.4451, 6.416057], [-75.446236, 6.415799], [-75.44647, 6.415407], [-75.446888, 6.41525]], [[-75.445239, 6.421639], [-75.445253, 6.420695], [-75.444982, 6.420631], [-75.444512, 6.420699], [-75.444436, 6.421882], [-75.444513, 6.422283], [-75.444711, 6.422328], [-75.445013, 6.422213], [-75.445239, 6.421639]], [[-75.444889, 6.417828], [-75.445142, 6.417714], [-75.445148, 6.41732], [-75.44505, 6.417202], [-75.444872, 6.417284], [-75.444768, 6.417752], [-75.444889, 6.417828]], [[-75.445535, 6.419803], [-75.44557, 6.418971], [-75.445532, 6.418858], [-75.445313, 6.418798], [-75.44509, 6.418994], [-75.445019, 6.419307], [-75.444986, 6.420284], [-75.445076, 6.420487], [-75.445216, 6.420522], [-75.445409, 6.420409], [-75.445535, 6.419803]], [[-75.448555, 6.396103], [-75.448182, 6.395737], [-75.44791, 6.395258], [-75.447886, 6.394212], [-75.447779, 6.393998], [-75.447137, 6.394115], [-75.446218, 6.394499], [-75.446266, 6.394752], [-75.446915, 6.394967], [-75.447076, 6.395378], [-75.447181, 6.396216], [-75.447741, 6.396351], [-75.447796, 6.396655], [-75.448281, 6.396738], [-75.448524, 6.396635], [-75.448555, 6.396103]], [[-75.449155, 6.409636], [-75.449029, 6.410033], [-75.448705, 6.410188], [-75.447625, 6.410218], [-75.446987, 6.410131], [-75.446867, 6.410366], [-75.446903, 6.410806], [-75.447035, 6.410927], [-75.447892, 6.41116], [-75.448555, 6.411157], [-75.449067, 6.411027], [-75.449206, 6.410914], [-75.449286, 6.410424], [-75.449502, 6.41029], [-75.44955, 6.410093], [-75.44947, 6.409697], [-75.449155, 6.409636]], [[-75.449532, 6.418854], [-75.448957, 6.418975], [-75.448913, 6.419251], [-75.449001, 6.419369], [-75.449721, 6.419484], [-75.450194, 6.419346], [-75.450023, 6.418953], [-75.449532, 6.418854]], [[-75.449205, 6.411067], [-75.449141, 6.411232], [-75.44921, 6.411483], [-75.449554, 6.411553], [-75.449738, 6.411458], [-75.449774, 6.411239], [-75.449676, 6.411074], [-75.449205, 6.411067]], [[-75.452154, 6.399005], [-75.451275, 6.398707], [-75.449254, 6.398941], [-75.449175, 6.399113], [-75.449255, 6.39937], [-75.450009, 6.399586], [-75.449354, 6.399755], [-75.449253, 6.39997], [-75.449449, 6.400227], [-75.449868, 6.400497], [-75.450039, 6.400832], [-75.450253, 6.400915], [-75.450629, 6.400903], [-75.450903, 6.400473], [-75.45169, 6.400356], [-75.452123, 6.400096], [-75.452211, 6.399854], [-75.452154, 6.399005]], [[-75.449866, 6.397785], [-75.449547, 6.397844], [-75.449397, 6.39813], [-75.449423, 6.398531], [-75.449656, 6.398712], [-75.449995, 6.398666], [-75.450139, 6.398376], [-75.450092, 6.397962], [-75.449866, 6.397785]], [[-75.449899, 6.407803], [-75.449567, 6.408614], [-75.449843, 6.408772], [-75.449923, 6.409104], [-75.450469, 6.409289], [-75.450603, 6.409448], [-75.450987, 6.409614], [-75.451068, 6.409767], [-75.451028, 6.410165], [-75.450884, 6.410509], [-75.450287, 6.411189], [-75.45031, 6.41171], [-75.450608, 6.411918], [-75.451153, 6.412104], [-75.451303, 6.412401], [-75.451666, 6.412547], [-75.451872, 6.413093], [-75.451999, 6.413778], [-75.45213, 6.413884], [-75.452295, 6.413869], [-75.452237, 6.413293], [-75.452308, 6.41279], [-75.452042, 6.412576], [-75.452013, 6.412446], [-75.452062, 6.412279], [-75.452312, 6.412036], [-75.451956, 6.411985], [-75.451735, 6.412196], [-75.451555, 6.412231], [-75.451378, 6.412171], [-75.451322, 6.411964], [-75.451576, 6.411414], [-75.451849, 6.411147], [-75.452032, 6.411121], [-75.452473, 6.411291], [-75.453447, 6.410843], [-75.453469, 6.41052], [-75.453112, 6.410098], [-75.45317, 6.409574], [-75.452915, 6.409349], [-75.452547, 6.40921], [-75.452065, 6.409434], [-75.451505, 6.409344], [-75.451, 6.409412], [-75.450817, 6.409175], [-75.450479, 6.409046], [-75.45041, 6.408866], [-75.450552, 6.408633], [-75.450858, 6.408546], [-75.451163, 6.408143], [-75.450208, 6.407715], [-75.449899, 6.407803]], [[-75.450366, 6.390745], [-75.450131, 6.390777], [-75.449999, 6.391005], [-75.450081, 6.39131], [-75.450248, 6.391429], [-75.4505, 6.391333], [-75.450626, 6.39108], [-75.450568, 6.390845], [-75.450366, 6.390745]], [[-75.450684, 6.413841], [-75.450537, 6.414584], [-75.450575, 6.414862], [-75.450799, 6.415354], [-75.451819, 6.415208], [-75.451981, 6.415072], [-75.451915, 6.414818], [-75.451588, 6.414362], [-75.451114, 6.413839], [-75.450834, 6.413654], [-75.450684, 6.413841]], [[-75.450862, 6.407352], [-75.450997, 6.407407], [-75.451222, 6.407373], [-75.451087, 6.407318], [-75.450862, 6.407352]], [[-75.452153, 6.408155], [-75.452509, 6.408265], [-75.452627, 6.40827], [-75.452153, 6.408155]], [[-75.45612, 6.401724], [-75.45599, 6.400556], [-75.455858, 6.400331], [-75.45627, 6.399861], [-75.456286, 6.399684], [-75.456184, 6.399634], [-75.455203, 6.399647], [-75.454688, 6.399853], [-75.454083, 6.399712], [-75.453299, 6.399695], [-75.453082, 6.39975], [-75.452877, 6.399985], [-75.453032, 6.400394], [-75.45357, 6.400491], [-75.453966, 6.40081], [-75.454215, 6.401762], [-75.454136, 6.402178], [-75.454194, 6.402537], [-75.454794, 6.402577], [-75.455716, 6.402821], [-75.455956, 6.402487], [-75.456433, 6.402318], [-75.456461, 6.402121], [-75.456252, 6.401961], [-75.45612, 6.401724]], [[-75.455281, 6.412033], [-75.455134, 6.411739], [-75.454559, 6.411642], [-75.454199, 6.411782], [-75.45397, 6.412081], [-75.453114, 6.412321], [-75.453076, 6.412862], [-75.453197, 6.413527], [-75.45347, 6.413567], [-75.453592, 6.413817], [-75.45376, 6.413892], [-75.454033, 6.413889], [-75.454554, 6.413666], [-75.455056, 6.412979], [-75.455281, 6.412033]], [[-75.454682, 6.399529], [-75.454705, 6.398946], [-75.454581, 6.398832], [-75.454297, 6.39884], [-75.454111, 6.399127], [-75.454125, 6.399526], [-75.454321, 6.399635], [-75.454682, 6.399529]], [[-75.457296, 6.416272], [-75.456358, 6.416086], [-75.456095, 6.41596], [-75.45611, 6.415409], [-75.455979, 6.41522], [-75.455769, 6.41525], [-75.455538, 6.415417], [-75.4555, 6.415586], [-75.455604, 6.41584], [-75.45656, 6.416597], [-75.457007, 6.416702], [-75.457243, 6.416566], [-75.457343, 6.416363], [-75.457296, 6.416272]], [[-75.456169, 6.398741], [-75.456184, 6.39846], [-75.456155, 6.398261], [-75.456032, 6.39868], [-75.45604, 6.398968], [-75.456169, 6.398741]], [[-75.456474, 6.412603], [-75.456701, 6.412652], [-75.45676, 6.412585], [-75.456498, 6.412519], [-75.456474, 6.412603]], [[-75.458345, 6.400917], [-75.458294, 6.400567], [-75.457956, 6.40043], [-75.457725, 6.400147], [-75.457534, 6.398981], [-75.457216, 6.398953], [-75.456828, 6.399078], [-75.456695, 6.399994], [-75.456451, 6.400342], [-75.456569, 6.400505], [-75.456974, 6.400604], [-75.456736, 6.400963], [-75.456967, 6.401278], [-75.457067, 6.401856], [-75.457246, 6.40215], [-75.457781, 6.402189], [-75.457965, 6.402037], [-75.45809, 6.401743], [-75.458498, 6.401582], [-75.458532, 6.401312], [-75.458345, 6.400917]], [[-75.457608, 6.417204], [-75.45755, 6.417967], [-75.457933, 6.417978], [-75.458051, 6.417879], [-75.457974, 6.41767], [-75.45767, 6.41746], [-75.457608, 6.417204]], [[-75.458086, 6.40487], [-75.458364, 6.404937], [-75.458357, 6.40459], [-75.458174, 6.404481], [-75.457923, 6.404499], [-75.457865, 6.404651], [-75.458086, 6.40487]], [[-75.462663, 6.398553], [-75.462546, 6.398447], [-75.462299, 6.398412], [-75.462021, 6.398174], [-75.461868, 6.397764], [-75.461536, 6.397372], [-75.460963, 6.397177], [-75.460607, 6.39693], [-75.460298, 6.396882], [-75.460005, 6.396933], [-75.459767, 6.397096], [-75.459504, 6.397827], [-75.459093, 6.397967], [-75.458173, 6.398006], [-75.457983, 6.398111], [-75.457869, 6.398324], [-75.457905, 6.398493], [-75.458067, 6.398658], [-75.459048, 6.398849], [-75.459934, 6.399335], [-75.460632, 6.399407], [-75.462162, 6.39944], [-75.462269, 6.399315], [-75.46232, 6.398977], [-75.462658, 6.398796], [-75.462663, 6.398553]], [[-75.461878, 6.401112], [-75.461794, 6.399706], [-75.460797, 6.399708], [-75.460529, 6.399868], [-75.459953, 6.400805], [-75.459231, 6.400844], [-75.459056, 6.400983], [-75.459134, 6.40106], [-75.459474, 6.401073], [-75.459602, 6.401194], [-75.459501, 6.40201], [-75.459735, 6.402019], [-75.460058, 6.401895], [-75.460327, 6.401979], [-75.460542, 6.401666], [-75.460804, 6.401605], [-75.46106, 6.401374], [-75.461819, 6.401243], [-75.461878, 6.401112]], [[-75.463952, 6.401734], [-75.463852, 6.401367], [-75.463695, 6.40125], [-75.463167, 6.401152], [-75.462766, 6.400899], [-75.462515, 6.399986], [-75.462339, 6.399855], [-75.462075, 6.399849], [-75.461966, 6.401125], [-75.462012, 6.40175], [-75.462214, 6.402399], [-75.462143, 6.403287], [-75.461768, 6.403637], [-75.461483, 6.404441], [-75.460911, 6.404593], [-75.460662, 6.404856], [-75.460212, 6.404974], [-75.460105, 6.405114], [-75.460227, 6.405346], [-75.460614, 6.405526], [-75.460765, 6.406744], [-75.461058, 6.406947], [-75.461033, 6.407293], [-75.460854, 6.407378], [-75.460782, 6.407527], [-75.460785, 6.408236], [-75.460899, 6.408497], [-75.461662, 6.408748], [-75.461784, 6.408647], [-75.461953, 6.40808], [-75.462331, 6.40794], [-75.463022, 6.407909], [-75.463201, 6.407795], [-75.463244, 6.40733], [-75.463093, 6.407145], [-75.462895, 6.407087], [-75.462807, 6.406759], [-75.4628, 6.405312], [-75.463486, 6.405039], [-75.463952, 6.401734]], [[-75.461741, 6.402616], [-75.46148, 6.4025], [-75.46052, 6.402486], [-75.460365, 6.402196], [-75.460344, 6.403462], [-75.460519, 6.403923], [-75.460669, 6.404015], [-75.461232, 6.403956], [-75.461652, 6.403223], [-75.461741, 6.402616]], [[-75.462295, 6.411111], [-75.46219, 6.410456], [-75.461768, 6.410321], [-75.461437, 6.40912], [-75.461358, 6.408941], [-75.4612, 6.408852], [-75.461127, 6.408955], [-75.461202, 6.409446], [-75.461159, 6.409826], [-75.461031, 6.409915], [-75.460438, 6.409995], [-75.460465, 6.410455], [-75.460747, 6.410898], [-75.460978, 6.411098], [-75.461072, 6.411604], [-75.461304, 6.41187], [-75.461802, 6.411921], [-75.462171, 6.41185], [-75.462281, 6.411687], [-75.462295, 6.411111]], [[-75.462161, 6.412464], [-75.461653, 6.412533], [-75.461585, 6.412666], [-75.462021, 6.413517], [-75.461966, 6.414046], [-75.462112, 6.414179], [-75.462743, 6.414355], [-75.463235, 6.414842], [-75.463567, 6.414857], [-75.463665, 6.414687], [-75.463683, 6.414383], [-75.463479, 6.413585], [-75.462959, 6.412867], [-75.462452, 6.41253], [-75.462161, 6.412464]], [[-75.465535, 6.408338], [-75.465451, 6.407243], [-75.465127, 6.40709], [-75.464964, 6.406562], [-75.464671, 6.406347], [-75.46469, 6.405945], [-75.465014, 6.405707], [-75.465012, 6.405397], [-75.464913, 6.405265], [-75.464492, 6.405088], [-75.46444, 6.404971], [-75.464528, 6.404449], [-75.465002, 6.40411], [-75.46501, 6.403708], [-75.464807, 6.403591], [-75.464477, 6.403806], [-75.463862, 6.403907], [-75.463686, 6.404295], [-75.463576, 6.405129], [-75.463247, 6.4053], [-75.463206, 6.406142], [-75.463273, 6.406337], [-75.463424, 6.406337], [-75.463541, 6.406451], [-75.463506, 6.406905], [-75.463741, 6.407777], [-75.46367, 6.408002], [-75.463508, 6.408168], [-75.462515, 6.408478], [-75.462484, 6.409573], [-75.462647, 6.41007], [-75.462903, 6.410444], [-75.46309, 6.410604], [-75.46322, 6.41056], [-75.463508, 6.409919], [-75.463803, 6.409778], [-75.463967, 6.409896], [-75.464154, 6.410545], [-75.464512, 6.410496], [-75.464568, 6.410253], [-75.4644, 6.410185], [-75.464314, 6.410021], [-75.46437, 6.409151], [-75.465149, 6.409003], [-75.465349, 6.40888], [-75.465535, 6.408338]], [[-75.463561, 6.416519], [-75.463851, 6.416429], [-75.463875, 6.416137], [-75.463715, 6.41613], [-75.46341, 6.416324], [-75.463405, 6.416477], [-75.463561, 6.416519]], [[-75.46941, 6.403197], [-75.469434, 6.402971], [-75.469349, 6.40283], [-75.468668, 6.402686], [-75.468469, 6.402485], [-75.468293, 6.402097], [-75.46778, 6.4018], [-75.467586, 6.401551], [-75.467385, 6.401522], [-75.467134, 6.402903], [-75.46702, 6.402996], [-75.466645, 6.403046], [-75.46616, 6.403319], [-75.465789, 6.403919], [-75.46564, 6.404497], [-75.465456, 6.405679], [-75.465439, 6.406962], [-75.465699, 6.408271], [-75.465891, 6.408293], [-75.466392, 6.407965], [-75.466532, 6.406684], [-75.466769, 6.406481], [-75.466826, 6.404962], [-75.466934, 6.404514], [-75.467215, 6.404413], [-75.468151, 6.40441], [-75.468454, 6.404517], [-75.468614, 6.404796], [-75.468958, 6.404862], [-75.469167, 6.404657], [-75.469283, 6.404299], [-75.469237, 6.403931], [-75.469056, 6.403552], [-75.46941, 6.403197]], [[-75.468022, 6.404931], [-75.467549, 6.405015], [-75.467414, 6.405178], [-75.467347, 6.405422], [-75.467387, 6.406558], [-75.467511, 6.406634], [-75.46811, 6.406592], [-75.468378, 6.406077], [-75.46843, 6.40537], [-75.468361, 6.40515], [-75.468022, 6.404931]], [[-75.47138, 6.405616], [-75.470462, 6.405581], [-75.470042, 6.405844], [-75.469395, 6.406078], [-75.469296, 6.406518], [-75.46939, 6.407074], [-75.470126, 6.407312], [-75.470538, 6.407335], [-75.470834, 6.407027], [-75.471585, 6.406751], [-75.471755, 6.406451], [-75.471893, 6.405773], [-75.47138, 6.405616]], [[-75.471012, 6.399219], [-75.470522, 6.399243], [-75.470454, 6.399404], [-75.470497, 6.399564], [-75.47067, 6.399682], [-75.470919, 6.399709], [-75.471387, 6.399594], [-75.471399, 6.39935], [-75.471012, 6.399219]], [[-75.471699, 6.396683], [-75.471342, 6.396611], [-75.47087, 6.396705], [-75.470802, 6.397011], [-75.470896, 6.397349], [-75.471264, 6.397396], [-75.471717, 6.397316], [-75.471771, 6.397041], [-75.471699, 6.396683]], [[-75.474346, 6.39623], [-75.474221, 6.396078], [-75.473944, 6.39609], [-75.473726, 6.39664], [-75.473539, 6.39676], [-75.472115, 6.396873], [-75.472031, 6.397007], [-75.472047, 6.397271], [-75.472152, 6.397367], [-75.472938, 6.397532], [-75.473713, 6.397546], [-75.474154, 6.39745], [-75.474313, 6.397135], [-75.474346, 6.39623]], [[-75.473174, 6.405815], [-75.473622, 6.406484], [-75.474089, 6.40648], [-75.474242, 6.406241], [-75.474319, 6.405786], [-75.4745, 6.405683], [-75.475185, 6.406274], [-75.475301, 6.405816], [-75.475239, 6.405204], [-75.474942, 6.404943], [-75.474501, 6.404961], [-75.473982, 6.405143], [-75.473483, 6.405133], [-75.472545, 6.405519], [-75.472593, 6.405608], [-75.473174, 6.405815]], [[-75.481008, 6.395294], [-75.481146, 6.395017], [-75.481053, 6.39471], [-75.48011, 6.394483], [-75.47954, 6.393188], [-75.479359, 6.393102], [-75.479095, 6.393164], [-75.478947, 6.394052], [-75.478324, 6.394733], [-75.478319, 6.395028], [-75.478433, 6.395314], [-75.479466, 6.395371], [-75.481008, 6.395294]], [[-75.478436, 6.40449], [-75.478488, 6.404986], [-75.478615, 6.405133], [-75.479067, 6.405221], [-75.479273, 6.405134], [-75.478741, 6.404573], [-75.478507, 6.4041], [-75.478436, 6.40449]], [[-75.479304, 6.404023], [-75.479539, 6.404002], [-75.479593, 6.403865], [-75.479574, 6.403665], [-75.479456, 6.403555], [-75.4793, 6.403652], [-75.479304, 6.404023]], [[-75.483199, 6.404924], [-75.483074, 6.404191], [-75.482947, 6.404045], [-75.482249, 6.403821], [-75.482075, 6.403916], [-75.481977, 6.404179], [-75.481232, 6.404419], [-75.481153, 6.404706], [-75.481198, 6.404842], [-75.481363, 6.404919], [-75.482467, 6.404962], [-75.483058, 6.405084], [-75.483199, 6.404924]], [[-75.482079, 6.406625], [-75.482335, 6.406525], [-75.482442, 6.40603], [-75.482402, 6.405339], [-75.482218, 6.405044], [-75.481902, 6.405089], [-75.481805, 6.405627], [-75.481913, 6.406545], [-75.482079, 6.406625]], [[-75.484035, 6.394101], [-75.483722, 6.393977], [-75.482663, 6.393909], [-75.482431, 6.394042], [-75.482207, 6.394325], [-75.482253, 6.394578], [-75.48275, 6.394664], [-75.482985, 6.394886], [-75.483161, 6.395872], [-75.483632, 6.39594], [-75.483987, 6.395859], [-75.484171, 6.394742], [-75.484035, 6.394101]], [[-75.487604, 6.398345], [-75.486292, 6.398235], [-75.486032, 6.398101], [-75.485992, 6.397938], [-75.486027, 6.396416], [-75.486086, 6.396277], [-75.486269, 6.396197], [-75.487055, 6.396086], [-75.487067, 6.395778], [-75.48695, 6.395497], [-75.486452, 6.395235], [-75.48619, 6.395607], [-75.485956, 6.395751], [-75.484918, 6.395822], [-75.484576, 6.395931], [-75.484286, 6.397108], [-75.484248, 6.39888], [-75.48457, 6.399065], [-75.484737, 6.399292], [-75.485136, 6.399437], [-75.48556, 6.400352], [-75.485696, 6.400411], [-75.485983, 6.400359], [-75.486214, 6.399891], [-75.486964, 6.399695], [-75.487193, 6.399549], [-75.487309, 6.398874], [-75.487668, 6.398719], [-75.487758, 6.398548], [-75.487604, 6.398345]]], [[[-75.43149, 6.413205], [-75.431316, 6.41279], [-75.431281, 6.411509], [-75.431097, 6.411203], [-75.430791, 6.411109], [-75.430573, 6.411162], [-75.430401, 6.412425], [-75.43039, 6.411711], [-75.430294, 6.411329], [-75.430354, 6.41117], [-75.430539, 6.41103], [-75.431131, 6.41106], [-75.431626, 6.411256], [-75.431654, 6.411588], [-75.431315, 6.412001], [-75.431573, 6.412852], [-75.431575, 6.413193], [-75.43149, 6.413205]]], [[[-75.437032, 6.408854], [-75.43713, 6.409004], [-75.436992, 6.409201], [-75.436522, 6.409247], [-75.436247, 6.409048], [-75.436376, 6.40883], [-75.437032, 6.408854]]], [[[-75.445952, 6.40156], [-75.445375, 6.399875], [-75.445496, 6.399681], [-75.445977, 6.39986], [-75.446211, 6.400322], [-75.446868, 6.400914], [-75.447001, 6.40119], [-75.44702, 6.401592], [-75.446727, 6.401755], [-75.446134, 6.401707], [-75.445952, 6.40156]]], [[[-75.444759, 6.39986], [-75.44414, 6.400134], [-75.443822, 6.399901], [-75.442947, 6.399667], [-75.442798, 6.39953], [-75.442738, 6.399318], [-75.442884, 6.399201], [-75.443445, 6.399148], [-75.443685, 6.39889], [-75.444049, 6.398892], [-75.444533, 6.399316], [-75.444908, 6.399418], [-75.444967, 6.399681], [-75.444759, 6.39986]]], [[[-75.438321, 6.397821], [-75.43847, 6.397478], [-75.438683, 6.397342], [-75.438754, 6.396406], [-75.438864, 6.39627], [-75.439038, 6.396259], [-75.439202, 6.396508], [-75.439162, 6.396845], [-75.439401, 6.397593], [-75.439379, 6.398104], [-75.439259, 6.398224], [-75.438537, 6.3985], [-75.438342, 6.398211], [-75.438321, 6.397821]]], [[[-75.436161, 6.399034], [-75.436318, 6.399258], [-75.436201, 6.399586], [-75.435831, 6.399627], [-75.435393, 6.399465], [-75.43538, 6.3993], [-75.435517, 6.399145], [-75.435943, 6.398995], [-75.436161, 6.399034]]], [[[-75.43126, 6.407625], [-75.431304, 6.408651], [-75.431059, 6.40875], [-75.430891, 6.408599], [-75.430683, 6.40759], [-75.429456, 6.40708], [-75.429237, 6.406862], [-75.429218, 6.406673], [-75.4295, 6.406488], [-75.430092, 6.40652], [-75.430331, 6.406979], [-75.431004, 6.40699], [-75.431116, 6.407112], [-75.43126, 6.407625]]], [[[-75.426559, 6.408007], [-75.426707, 6.408429], [-75.426644, 6.408669], [-75.42605, 6.4083], [-75.425935, 6.408123], [-75.425961, 6.40786], [-75.426106, 6.407755], [-75.426327, 6.407756], [-75.426559, 6.408007]]], [[[-75.458779, 6.396134], [-75.458606, 6.395833], [-75.458648, 6.395208], [-75.459074, 6.395096], [-75.459411, 6.395209], [-75.459642, 6.395629], [-75.459561, 6.395986], [-75.45908, 6.396242], [-75.458779, 6.396134]], [[-75.459266, 6.395296], [-75.459092, 6.395233], [-75.458813, 6.395307], [-75.458735, 6.395702], [-75.458837, 6.395917], [-75.459072, 6.395963], [-75.459251, 6.39585], [-75.459266, 6.395296]]], [[[-75.458125, 6.393869], [-75.458365, 6.393733], [-75.458679, 6.393787], [-75.458858, 6.394239], [-75.459246, 6.394562], [-75.459262, 6.394773], [-75.459162, 6.394936], [-75.458748, 6.39503], [-75.458558, 6.394942], [-75.458363, 6.394531], [-75.458104, 6.394247], [-75.458125, 6.393869]]], [[[-75.457597, 6.39086], [-75.457215, 6.389564], [-75.456805, 6.388843], [-75.456566, 6.388598], [-75.455533, 6.388535], [-75.45484, 6.388657], [-75.454647, 6.388941], [-75.454628, 6.389471], [-75.454438, 6.390284], [-75.453695, 6.390381], [-75.451762, 6.389868], [-75.451513, 6.389716], [-75.45137, 6.38912], [-75.45139, 6.38796], [-75.448393, 6.387879], [-75.44659, 6.388206], [-75.446537, 6.387729], [-75.446617, 6.387052], [-75.447887, 6.386893], [-75.447812, 6.385469], [-75.448042, 6.385896], [-75.448279, 6.385628], [-75.448825, 6.385487], [-75.448898, 6.385887], [-75.448699, 6.386229], [-75.448667, 6.386572], [-75.448987, 6.386742], [-75.450378, 6.386772], [-75.450573, 6.386157], [-75.45043, 6.385903], [-75.449614, 6.385739], [-75.449106, 6.385207], [-75.449019, 6.384819], [-75.449036, 6.383766], [-75.448796, 6.383628], [-75.448658, 6.383403], [-75.448278, 6.383282], [-75.447103, 6.383324], [-75.446587, 6.383259], [-75.446177, 6.382738], [-75.444917, 6.383121], [-75.444414, 6.383423], [-75.443899, 6.383181], [-75.443236, 6.383352], [-75.442657, 6.383206], [-75.442488, 6.383288], [-75.442366, 6.383517], [-75.4423, 6.383837], [-75.442479, 6.383606], [-75.442723, 6.383487], [-75.443705, 6.383523], [-75.443851, 6.383757], [-75.444112, 6.383816], [-75.443901, 6.384077], [-75.443734, 6.384022], [-75.443458, 6.383725], [-75.442944, 6.383661], [-75.442678, 6.383792], [-75.442407, 6.384296], [-75.441929, 6.384439], [-75.441565, 6.384262], [-75.440814, 6.384156], [-75.440427, 6.38385], [-75.439484, 6.384061], [-75.438546, 6.384843], [-75.438265, 6.384982], [-75.43733, 6.385085], [-75.436051, 6.3848], [-75.435526, 6.385153], [-75.434945, 6.38525], [-75.434201, 6.386375], [-75.433356, 6.386686], [-75.432729, 6.386664], [-75.432508, 6.386483], [-75.432428, 6.38582], [-75.432479, 6.384936], [-75.432385, 6.384396], [-75.431745, 6.384412], [-75.431584, 6.384638], [-75.431513, 6.384945], [-75.431305, 6.385078], [-75.430955, 6.384969], [-75.430884, 6.384499], [-75.430774, 6.384359], [-75.430433, 6.384331], [-75.42998, 6.384495], [-75.429588, 6.384413], [-75.429457, 6.384541], [-75.429368, 6.384958], [-75.429171, 6.384973], [-75.428973, 6.385172], [-75.428523, 6.385253], [-75.428391, 6.385351], [-75.428149, 6.386245], [-75.428202, 6.38662], [-75.428446, 6.386992], [-75.428784, 6.387229], [-75.430229, 6.386576], [-75.431024, 6.386583], [-75.431176, 6.388421], [-75.431589, 6.388563], [-75.43175, 6.388935], [-75.431768, 6.389732], [-75.431587, 6.390382], [-75.431416, 6.390581], [-75.430833, 6.390821], [-75.428502, 6.390901], [-75.428335, 6.390955], [-75.428149, 6.391331], [-75.427145, 6.391586], [-75.426786, 6.392259], [-75.425295, 6.393775], [-75.424962, 6.394405], [-75.425005, 6.394626], [-75.425173, 6.394773], [-75.425335, 6.394734], [-75.425713, 6.394414], [-75.426102, 6.394575], [-75.426287, 6.395806], [-75.42617, 6.396359], [-75.425894, 6.396546], [-75.424683, 6.396705], [-75.424511, 6.397465], [-75.423726, 6.398103], [-75.423604, 6.398942], [-75.423271, 6.398966], [-75.422958, 6.399352], [-75.422426, 6.399563], [-75.421138, 6.40079], [-75.420567, 6.400889], [-75.420591, 6.400736], [-75.420927, 6.400486], [-75.421007, 6.399794], [-75.421882, 6.399162], [-75.422077, 6.39851], [-75.4219, 6.397955], [-75.420924, 6.397584], [-75.42108, 6.396893], [-75.421043, 6.396032], [-75.420824, 6.395555], [-75.420457, 6.395167], [-75.420429, 6.394956], [-75.421069, 6.394597], [-75.421191, 6.394198], [-75.421362, 6.394047], [-75.422349, 6.394085], [-75.423103, 6.394424], [-75.423709, 6.394268], [-75.423908, 6.394081], [-75.42402, 6.393801], [-75.42404, 6.39342], [-75.423886, 6.39309], [-75.42336, 6.392757], [-75.422916, 6.392222], [-75.422685, 6.392119], [-75.422086, 6.392261], [-75.421692, 6.392896], [-75.421061, 6.39309], [-75.420486, 6.393423], [-75.420037, 6.393318], [-75.419805, 6.392988], [-75.419346, 6.392581], [-75.419077, 6.392478], [-75.41888, 6.392507], [-75.418796, 6.392557], [-75.418836, 6.392628], [-75.419412, 6.392864], [-75.419558, 6.393133], [-75.41942, 6.39346], [-75.419166, 6.393629], [-75.418378, 6.393661], [-75.41844, 6.393745], [-75.418819, 6.3938], [-75.418947, 6.394305], [-75.418907, 6.394518], [-75.418575, 6.394523], [-75.417179, 6.394837], [-75.416298, 6.395321], [-75.416124, 6.395239], [-75.416033, 6.394434], [-75.415763, 6.394338], [-75.415384, 6.394348], [-75.415277, 6.394499], [-75.415489, 6.394902], [-75.415454, 6.395477], [-75.415327, 6.395563], [-75.414937, 6.395591], [-75.414155, 6.396531], [-75.413754, 6.396513], [-75.413693, 6.396414], [-75.413742, 6.396293], [-75.414298, 6.396242], [-75.414316, 6.396124], [-75.413924, 6.395896], [-75.413732, 6.395632], [-75.412526, 6.395596], [-75.412452, 6.395451], [-75.412435, 6.39503], [-75.412684, 6.394712], [-75.413714, 6.394572], [-75.413874, 6.394484], [-75.413925, 6.394329], [-75.413912, 6.393992], [-75.413728, 6.393447], [-75.413313, 6.392981], [-75.412994, 6.392817], [-75.412863, 6.391785], [-75.412742, 6.391452], [-75.41211, 6.391213], [-75.411944, 6.390918], [-75.411599, 6.390681], [-75.411411, 6.390746], [-75.411343, 6.390962], [-75.411042, 6.391073], [-75.410062, 6.391083], [-75.409723, 6.391], [-75.409663, 6.390879], [-75.409856, 6.390443], [-75.410266, 6.390148], [-75.410369, 6.389491], [-75.410825, 6.389368], [-75.409971, 6.389281], [-75.409522, 6.389041], [-75.409198, 6.388988], [-75.409091, 6.388805], [-75.409103, 6.388548], [-75.409399, 6.388437], [-75.409595, 6.388522], [-75.40984, 6.388872], [-75.410399, 6.388866], [-75.410594, 6.388465], [-75.410878, 6.388236], [-75.410931, 6.388038], [-75.410961, 6.386754], [-75.410198, 6.38663], [-75.410043, 6.386432], [-75.409971, 6.385972], [-75.409788, 6.385879], [-75.409384, 6.385951], [-75.409302, 6.386444], [-75.409124, 6.386538], [-75.409013, 6.386334], [-75.408874, 6.385401], [-75.408334, 6.385286], [-75.408231, 6.385105], [-75.40823, 6.384961], [-75.408371, 6.384772], [-75.409023, 6.384639], [-75.409033, 6.384221], [-75.408766, 6.384084], [-75.408328, 6.384236], [-75.408032, 6.384032], [-75.407286, 6.383885], [-75.407958, 6.383847], [-75.408422, 6.38401], [-75.40876, 6.383816], [-75.408987, 6.383823], [-75.409159, 6.384037], [-75.409172, 6.384721], [-75.409284, 6.384992], [-75.410002, 6.385096], [-75.410166, 6.38523], [-75.410198, 6.385449], [-75.410091, 6.385686], [-75.410259, 6.38597], [-75.410354, 6.386463], [-75.411065, 6.386648], [-75.411156, 6.38821], [-75.411468, 6.388476], [-75.411348, 6.389269], [-75.411542, 6.38958], [-75.411625, 6.390339], [-75.411756, 6.390574], [-75.412114, 6.390834], [-75.412575, 6.39095], [-75.412722, 6.391125], [-75.413218, 6.391176], [-75.413493, 6.390994], [-75.413648, 6.390142], [-75.413914, 6.389965], [-75.414184, 6.389915], [-75.414635, 6.390002], [-75.415293, 6.390309], [-75.415365, 6.390429], [-75.415305, 6.390785], [-75.414718, 6.390916], [-75.414545, 6.391652], [-75.413977, 6.391984], [-75.413815, 6.392412], [-75.413574, 6.392625], [-75.413568, 6.392836], [-75.413828, 6.393093], [-75.413957, 6.393559], [-75.41428, 6.393704], [-75.415018, 6.393784], [-75.417092, 6.393757], [-75.417196, 6.393676], [-75.417183, 6.392824], [-75.417111, 6.392613], [-75.417212, 6.392204], [-75.417123, 6.391454], [-75.417201, 6.391132], [-75.417312, 6.391015], [-75.418009, 6.390888], [-75.418803, 6.391016], [-75.419501, 6.390934], [-75.419872, 6.391125], [-75.420065, 6.391092], [-75.420317, 6.390866], [-75.42052, 6.389524], [-75.420699, 6.389292], [-75.421027, 6.389135], [-75.421242, 6.389235], [-75.421443, 6.38996], [-75.421701, 6.390051], [-75.421843, 6.389974], [-75.421809, 6.389425], [-75.421545, 6.388972], [-75.421688, 6.388533], [-75.42221, 6.387657], [-75.42223, 6.387483], [-75.422085, 6.387164], [-75.42171, 6.386974], [-75.420837, 6.386928], [-75.420237, 6.386751], [-75.420024, 6.387405], [-75.41981, 6.387649], [-75.4194, 6.387462], [-75.419239, 6.387198], [-75.419279, 6.386613], [-75.4197, 6.386268], [-75.419766, 6.386117], [-75.419867, 6.385267], [-75.42019, 6.385048], [-75.42154, 6.384795], [-75.421744, 6.385136], [-75.421796, 6.385797], [-75.422074, 6.38514], [-75.422275, 6.38501], [-75.422504, 6.385009], [-75.422695, 6.385353], [-75.422638, 6.385795], [-75.422861, 6.385924], [-75.423111, 6.386286], [-75.42392, 6.386308], [-75.424376, 6.386616], [-75.424431, 6.386807], [-75.424342, 6.387152], [-75.424403, 6.387302], [-75.424674, 6.387411], [-75.42501, 6.387418], [-75.425296, 6.386976], [-75.425799, 6.386959], [-75.425907, 6.387421], [-75.426501, 6.387666], [-75.426971, 6.388511], [-75.427681, 6.388899], [-75.427714, 6.389053], [-75.427599, 6.389168], [-75.427097, 6.38931], [-75.426548, 6.389603], [-75.426299, 6.389637], [-75.425402, 6.389503], [-75.425286, 6.391447], [-75.425404, 6.391817], [-75.425785, 6.3918], [-75.426021, 6.391668], [-75.426752, 6.390619], [-75.427543, 6.39016], [-75.428046, 6.389682], [-75.42884, 6.389244], [-75.429144, 6.389163], [-75.4302, 6.389133], [-75.4309, 6.388854], [-75.430969, 6.388691], [-75.43044, 6.388574], [-75.430289, 6.388404], [-75.430235, 6.387678], [-75.430457, 6.387229], [-75.430321, 6.387104], [-75.429926, 6.38703], [-75.429689, 6.387104], [-75.428711, 6.388093], [-75.427951, 6.388287], [-75.427602, 6.388198], [-75.427337, 6.388024], [-75.426985, 6.387635], [-75.426848, 6.387352], [-75.42659, 6.387178], [-75.426533, 6.386955], [-75.42674, 6.386543], [-75.426812, 6.385497], [-75.426945, 6.385291], [-75.427494, 6.38489], [-75.427703, 6.384259], [-75.427655, 6.384183], [-75.427247, 6.384253], [-75.427125, 6.384111], [-75.427142, 6.383933], [-75.427274, 6.383684], [-75.427504, 6.383504], [-75.42798, 6.383438], [-75.428441, 6.383512], [-75.428677, 6.383343], [-75.429313, 6.383215], [-75.429486, 6.383056], [-75.429561, 6.382769], [-75.429702, 6.382677], [-75.42991, 6.382833], [-75.430054, 6.383526], [-75.430382, 6.383783], [-75.432033, 6.383751], [-75.432072, 6.383345], [-75.431875, 6.382955], [-75.432214, 6.382562], [-75.432164, 6.382025], [-75.43229, 6.381678], [-75.432338, 6.380951], [-75.433194, 6.380528], [-75.433269, 6.380416], [-75.433365, 6.379909], [-75.433383, 6.378869], [-75.433083, 6.37872], [-75.432726, 6.378359], [-75.432458, 6.37831], [-75.432223, 6.378157], [-75.432151, 6.378397], [-75.43244, 6.378659], [-75.432491, 6.379238], [-75.432402, 6.379725], [-75.432125, 6.379817], [-75.431962, 6.379596], [-75.431928, 6.378594], [-75.431609, 6.378375], [-75.431462, 6.377635], [-75.431309, 6.377416], [-75.431007, 6.377255], [-75.43045, 6.377191], [-75.430096, 6.377035], [-75.428495, 6.376943], [-75.428294, 6.377832], [-75.427984, 6.378045], [-75.427446, 6.378136], [-75.427349, 6.378259], [-75.427392, 6.378371], [-75.427911, 6.378979], [-75.428493, 6.379491], [-75.428373, 6.379943], [-75.43015, 6.380298], [-75.430275, 6.380345], [-75.430266, 6.380513], [-75.429496, 6.380843], [-75.429794, 6.381087], [-75.429785, 6.381279], [-75.429181, 6.381453], [-75.428534, 6.381374], [-75.428284, 6.380841], [-75.427741, 6.380792], [-75.427005, 6.380558], [-75.426247, 6.380491], [-75.424653, 6.380845], [-75.424448, 6.381228], [-75.424455, 6.381755], [-75.424656, 6.381949], [-75.425211, 6.381923], [-75.425484, 6.382404], [-75.425645, 6.382925], [-75.426172, 6.383105], [-75.426241, 6.384034], [-75.425973, 6.384313], [-75.425298, 6.38472], [-75.424978, 6.384454], [-75.424658, 6.384557], [-75.424327, 6.384298], [-75.42385, 6.384764], [-75.423589, 6.384776], [-75.423079, 6.384347], [-75.423026, 6.384125], [-75.42312, 6.383661], [-75.422908, 6.383624], [-75.422814, 6.383512], [-75.422908, 6.383282], [-75.423423, 6.382986], [-75.423492, 6.382413], [-75.423255, 6.381705], [-75.422985, 6.381254], [-75.422815, 6.380259], [-75.422612, 6.380157], [-75.421716, 6.380052], [-75.421358, 6.379775], [-75.421013, 6.379345], [-75.421186, 6.379095], [-75.421239, 6.378383], [-75.421395, 6.377955], [-75.421735, 6.37778], [-75.422464, 6.377717], [-75.422565, 6.377524], [-75.422331, 6.377393], [-75.42155, 6.377285], [-75.421295, 6.377159], [-75.421207, 6.376949], [-75.420931, 6.376771], [-75.420798, 6.375311], [-75.420713, 6.375209], [-75.420502, 6.375268], [-75.420628, 6.375697], [-75.420561, 6.376013], [-75.420377, 6.376091], [-75.420128, 6.376062], [-75.419891, 6.375814], [-75.419806, 6.375081], [-75.419423, 6.374796], [-75.419511, 6.374521], [-75.419821, 6.374415], [-75.419961, 6.374517], [-75.420078, 6.374796], [-75.420214, 6.374853], [-75.420329, 6.374387], [-75.42059, 6.374086], [-75.42065, 6.37387], [-75.420589, 6.373522], [-75.420353, 6.373279], [-75.420294, 6.372741], [-75.42014, 6.372366], [-75.420072, 6.372353], [-75.420001, 6.372592], [-75.4198, 6.372728], [-75.419528, 6.372692], [-75.419421, 6.372558], [-75.419339, 6.371245], [-75.419483, 6.370783], [-75.419093, 6.370677], [-75.418839, 6.370834], [-75.418085, 6.371005], [-75.417946, 6.370932], [-75.417794, 6.37063], [-75.41748, 6.370793], [-75.417258, 6.371033], [-75.417074, 6.37105], [-75.41686, 6.370856], [-75.416776, 6.370574], [-75.417093, 6.36957], [-75.416903, 6.369714], [-75.416228, 6.36985], [-75.416067, 6.370053], [-75.415968, 6.37059], [-75.416047, 6.370909], [-75.415969, 6.371686], [-75.41567, 6.371951], [-75.41499, 6.372036], [-75.414816, 6.372587], [-75.414874, 6.372634], [-75.415109, 6.372442], [-75.415385, 6.372389], [-75.415787, 6.372535], [-75.415849, 6.372824], [-75.415775, 6.373048], [-75.415355, 6.373207], [-75.415272, 6.373376], [-75.415786, 6.373544], [-75.416161, 6.373859], [-75.416729, 6.374981], [-75.416963, 6.375272], [-75.41707, 6.37527], [-75.417233, 6.375035], [-75.417427, 6.374924], [-75.417765, 6.374839], [-75.417923, 6.374884], [-75.41801, 6.375212], [-75.417869, 6.375889], [-75.417461, 6.375964], [-75.417301, 6.376075], [-75.417205, 6.376551], [-75.416978, 6.376869], [-75.416856, 6.377445], [-75.416619, 6.377435], [-75.416174, 6.377083], [-75.41578, 6.377136], [-75.415638, 6.377441], [-75.415504, 6.378247], [-75.415241, 6.378388], [-75.414751, 6.378457], [-75.414441, 6.378664], [-75.414179, 6.379543], [-75.413815, 6.379744], [-75.4136, 6.380038], [-75.412904, 6.380185], [-75.412745, 6.380421], [-75.41215, 6.380464], [-75.411662, 6.380427], [-75.411009, 6.380201], [-75.410661, 6.380233], [-75.410358, 6.380369], [-75.410037, 6.37998], [-75.410056, 6.380233], [-75.410356, 6.380727], [-75.410356, 6.380895], [-75.410116, 6.381105], [-75.409479, 6.38118], [-75.409726, 6.381481], [-75.40982, 6.381868], [-75.410111, 6.382046], [-75.411242, 6.382047], [-75.411918, 6.382244], [-75.412334, 6.38202], [-75.412595, 6.382145], [-75.412953, 6.382625], [-75.413513, 6.382587], [-75.413741, 6.383004], [-75.413504, 6.383185], [-75.413189, 6.383084], [-75.413148, 6.383284], [-75.413237, 6.383321], [-75.413869, 6.383265], [-75.413871, 6.382828], [-75.414005, 6.382267], [-75.413935, 6.381948], [-75.41412, 6.381605], [-75.414865, 6.381185], [-75.415143, 6.381272], [-75.415412, 6.381497], [-75.415594, 6.383442], [-75.415044, 6.383799], [-75.415098, 6.384657], [-75.415003, 6.385278], [-75.415332, 6.38566], [-75.415867, 6.385812], [-75.416176, 6.38611], [-75.416392, 6.386107], [-75.416532, 6.386219], [-75.416566, 6.386781], [-75.416075, 6.38711], [-75.416473, 6.38718], [-75.416568, 6.387284], [-75.416644, 6.388079], [-75.416553, 6.388205], [-75.416156, 6.38825], [-75.415274, 6.388082], [-75.414019, 6.388033], [-75.413759, 6.387506], [-75.413863, 6.386589], [-75.413983, 6.386427], [-75.414449, 6.38626], [-75.4148, 6.385323], [-75.414351, 6.384406], [-75.41386, 6.384568], [-75.41318, 6.385299], [-75.412536, 6.385219], [-75.412211, 6.385094], [-75.411967, 6.38487], [-75.411096, 6.384713], [-75.411083, 6.383844], [-75.410985, 6.383412], [-75.410686, 6.383216], [-75.410088, 6.383134], [-75.410018, 6.382672], [-75.409856, 6.382676], [-75.409812, 6.383125], [-75.409551, 6.383396], [-75.409081, 6.383464], [-75.408792, 6.383337], [-75.40875, 6.38267], [-75.409075, 6.382295], [-75.408762, 6.382201], [-75.408305, 6.381884], [-75.408172, 6.380955], [-75.407448, 6.381518], [-75.407276, 6.38196], [-75.406956, 6.382102], [-75.406806, 6.382524], [-75.406856, 6.381259], [-75.407293, 6.380062], [-75.407507, 6.379928], [-75.40852, 6.379719], [-75.408729, 6.379599], [-75.408841, 6.37944], [-75.408857, 6.379067], [-75.408714, 6.378403], [-75.40884, 6.3782], [-75.409195, 6.37819], [-75.409747, 6.378396], [-75.410135, 6.378359], [-75.410281, 6.378209], [-75.410278, 6.377832], [-75.410111, 6.377513], [-75.409418, 6.377258], [-75.409432, 6.376622], [-75.409324, 6.376389], [-75.408377, 6.376185], [-75.408142, 6.37591], [-75.408233, 6.374571], [-75.408613, 6.374423], [-75.409532, 6.374333], [-75.409679, 6.374121], [-75.409786, 6.372412], [-75.410029, 6.371074], [-75.410146, 6.371141], [-75.410176, 6.371276], [-75.410217, 6.372424], [-75.410361, 6.372907], [-75.411406, 6.372962], [-75.411667, 6.373115], [-75.411855, 6.373428], [-75.412093, 6.373508], [-75.412256, 6.373854], [-75.41236, 6.375249], [-75.413042, 6.375309], [-75.413328, 6.375426], [-75.413457, 6.375931], [-75.413718, 6.376204], [-75.413749, 6.376901], [-75.414008, 6.377199], [-75.414117, 6.377828], [-75.413992, 6.378158], [-75.41328, 6.378238], [-75.413168, 6.37833], [-75.413238, 6.379448], [-75.413517, 6.379532], [-75.414028, 6.3795], [-75.414195, 6.378815], [-75.414211, 6.37829], [-75.414536, 6.378196], [-75.414682, 6.377332], [-75.414876, 6.377103], [-75.415229, 6.376971], [-75.415343, 6.376739], [-75.41525, 6.376222], [-75.414924, 6.375821], [-75.414518, 6.374305], [-75.414142, 6.37419], [-75.41393, 6.373936], [-75.413775, 6.372462], [-75.413678, 6.37225], [-75.413406, 6.372038], [-75.41321, 6.371016], [-75.412565, 6.371191], [-75.411404, 6.371198], [-75.411056, 6.37101], [-75.410974, 6.370514], [-75.409097, 6.370267], [-75.408974, 6.370169], [-75.408886, 6.369738], [-75.408215, 6.369618], [-75.408029, 6.369497], [-75.407903, 6.369273], [-75.40784, 6.368947], [-75.407872, 6.367839], [-75.409399, 6.367784], [-75.409763, 6.367996], [-75.409907, 6.368414], [-75.410323, 6.368496], [-75.410465, 6.368354], [-75.4105, 6.36799], [-75.410606, 6.367793], [-75.41097, 6.367683], [-75.411262, 6.36735], [-75.411926, 6.367267], [-75.412289, 6.367367], [-75.412538, 6.36794], [-75.413221, 6.368114], [-75.413846, 6.367995], [-75.414185, 6.368271], [-75.414457, 6.368661], [-75.415303, 6.368822], [-75.415611, 6.369007], [-75.416695, 6.368792], [-75.416965, 6.368547], [-75.417105, 6.368164], [-75.417398, 6.368458], [-75.41764, 6.368455], [-75.418044, 6.368033], [-75.418459, 6.367871], [-75.41857, 6.367618], [-75.418681, 6.367568], [-75.419604, 6.367559], [-75.419919, 6.367646], [-75.420143, 6.3678], [-75.420276, 6.36802], [-75.4205, 6.368704], [-75.421374, 6.369159], [-75.421526, 6.369861], [-75.422792, 6.370047], [-75.423158, 6.370184], [-75.423404, 6.370418], [-75.423527, 6.37075], [-75.423529, 6.371179], [-75.42343, 6.371504], [-75.423229, 6.371727], [-75.422927, 6.371846], [-75.421881, 6.371967], [-75.421842, 6.373197], [-75.421665, 6.37338], [-75.421305, 6.373343], [-75.421082, 6.373424], [-75.420933, 6.374076], [-75.420697, 6.374512], [-75.420504, 6.374694], [-75.42054, 6.375045], [-75.420993, 6.37515], [-75.421123, 6.375271], [-75.421271, 6.375816], [-75.421331, 6.376562], [-75.42148, 6.376898], [-75.421851, 6.376851], [-75.421964, 6.37527], [-75.422245, 6.374986], [-75.422395, 6.374684], [-75.422399, 6.374364], [-75.422233, 6.373899], [-75.422406, 6.373494], [-75.423146, 6.373423], [-75.423323, 6.373495], [-75.423368, 6.373655], [-75.423524, 6.373769], [-75.424132, 6.373821], [-75.424522, 6.374025], [-75.425064, 6.374074], [-75.42529, 6.373936], [-75.4254, 6.373757], [-75.425436, 6.372904], [-75.42554, 6.372675], [-75.425748, 6.372523], [-75.426061, 6.372445], [-75.426793, 6.37247], [-75.427112, 6.372607], [-75.427469, 6.373888], [-75.428595, 6.374326], [-75.428846, 6.375659], [-75.430092, 6.37576], [-75.430204, 6.376548], [-75.430384, 6.376762], [-75.430656, 6.376836], [-75.430917, 6.376798], [-75.431055, 6.376618], [-75.4311, 6.376222], [-75.431439, 6.376067], [-75.432229, 6.376033], [-75.432786, 6.376225], [-75.432891, 6.37642], [-75.432895, 6.377064], [-75.433105, 6.378218], [-75.433732, 6.378937], [-75.433648, 6.379703], [-75.433923, 6.379825], [-75.434335, 6.379829], [-75.434494, 6.379715], [-75.434593, 6.379375], [-75.434573, 6.379078], [-75.434373, 6.378559], [-75.434342, 6.377234], [-75.434412, 6.376485], [-75.43464, 6.375825], [-75.43468, 6.374077], [-75.434616, 6.373894], [-75.434103, 6.373664], [-75.434078, 6.373311], [-75.434169, 6.372961], [-75.434064, 6.372516], [-75.433339, 6.372395], [-75.432847, 6.372049], [-75.432721, 6.371839], [-75.432535, 6.371788], [-75.432341, 6.371952], [-75.432256, 6.372609], [-75.431874, 6.372948], [-75.430765, 6.372993], [-75.430473, 6.372917], [-75.430348, 6.37274], [-75.430022, 6.372602], [-75.429639, 6.372567], [-75.429233, 6.372651], [-75.428757, 6.371691], [-75.428442, 6.371342], [-75.427939, 6.37108], [-75.427404, 6.370357], [-75.426391, 6.370211], [-75.426128, 6.370084], [-75.425988, 6.369646], [-75.42596, 6.368987], [-75.426026, 6.368496], [-75.426655, 6.368242], [-75.426786, 6.367816], [-75.427103, 6.367738], [-75.427326, 6.367737], [-75.427642, 6.367931], [-75.427887, 6.368775], [-75.428089, 6.369086], [-75.428341, 6.369037], [-75.428466, 6.36841], [-75.42857, 6.368468], [-75.428674, 6.368797], [-75.429284, 6.368765], [-75.42931, 6.368377], [-75.428933, 6.368095], [-75.428873, 6.367899], [-75.428859, 6.366463], [-75.428903, 6.36632], [-75.429034, 6.366304], [-75.430063, 6.366306], [-75.430625, 6.366496], [-75.430739, 6.366676], [-75.430791, 6.367435], [-75.430925, 6.367701], [-75.431281, 6.367877], [-75.431496, 6.368159], [-75.431947, 6.368425], [-75.432286, 6.368425], [-75.43239, 6.368241], [-75.432406, 6.367403], [-75.432511, 6.367119], [-75.432544, 6.366398], [-75.432651, 6.366165], [-75.432864, 6.365998], [-75.433184, 6.365898], [-75.434287, 6.365725], [-75.434556, 6.365439], [-75.434637, 6.365091], [-75.434943, 6.364666], [-75.434928, 6.364314], [-75.434779, 6.364204], [-75.434203, 6.364118], [-75.434045, 6.363819], [-75.433925, 6.363125], [-75.433648, 6.362935], [-75.433474, 6.363151], [-75.433368, 6.364493], [-75.433127, 6.364759], [-75.43295, 6.365247], [-75.432495, 6.36536], [-75.431857, 6.365343], [-75.431554, 6.365244], [-75.431379, 6.365039], [-75.431101, 6.364963], [-75.430905, 6.364576], [-75.430864, 6.364221], [-75.430881, 6.363407], [-75.43098, 6.363038], [-75.431598, 6.362754], [-75.432503, 6.362663], [-75.432677, 6.362514], [-75.432478, 6.362112], [-75.432431, 6.361102], [-75.432469, 6.360527], [-75.432677, 6.360149], [-75.432555, 6.359986], [-75.432265, 6.359944], [-75.432023, 6.35997], [-75.431838, 6.360168], [-75.43147, 6.360242], [-75.430693, 6.36026], [-75.430129, 6.360174], [-75.429878, 6.359797], [-75.429576, 6.359595], [-75.429482, 6.35864], [-75.42953, 6.358051], [-75.429647, 6.357784], [-75.429994, 6.357665], [-75.431211, 6.357578], [-75.431302, 6.357464], [-75.431285, 6.357333], [-75.431024, 6.357152], [-75.430843, 6.356835], [-75.430564, 6.356606], [-75.429106, 6.356451], [-75.428813, 6.356045], [-75.428425, 6.355872], [-75.427936, 6.355904], [-75.427738, 6.35617], [-75.427427, 6.356314], [-75.426495, 6.35633], [-75.426218, 6.356247], [-75.426217, 6.35618], [-75.427194, 6.35593], [-75.427351, 6.355743], [-75.427497, 6.354848], [-75.427678, 6.35458], [-75.428001, 6.354673], [-75.42821, 6.355049], [-75.428627, 6.355023], [-75.428713, 6.354824], [-75.42861, 6.354292], [-75.428862, 6.354122], [-75.430329, 6.354357], [-75.430611, 6.354647], [-75.43125, 6.354903], [-75.431462, 6.355073], [-75.431922, 6.354836], [-75.432896, 6.354781], [-75.433472, 6.354869], [-75.433988, 6.355308], [-75.43427, 6.355371], [-75.434463, 6.355318], [-75.434637, 6.354917], [-75.435029, 6.354626], [-75.435225, 6.354352], [-75.435831, 6.354159], [-75.436074, 6.353721], [-75.436641, 6.353555], [-75.436777, 6.353341], [-75.436619, 6.353096], [-75.43593, 6.353055], [-75.435664, 6.353112], [-75.435515, 6.353426], [-75.435147, 6.353566], [-75.434036, 6.353594], [-75.433625, 6.353545], [-75.433565, 6.35241], [-75.433629, 6.351698], [-75.434639, 6.351494], [-75.434791, 6.351386], [-75.435036, 6.350896], [-75.435253, 6.350804], [-75.436508, 6.350799], [-75.436787, 6.350937], [-75.436914, 6.351242], [-75.437029, 6.352463], [-75.437586, 6.352645], [-75.437499, 6.352808], [-75.437129, 6.352942], [-75.437052, 6.353258], [-75.437176, 6.353372], [-75.437533, 6.353419], [-75.437788, 6.353571], [-75.437966, 6.354245], [-75.438117, 6.354359], [-75.438381, 6.354226], [-75.438506, 6.353314], [-75.439756, 6.353177], [-75.439962, 6.352922], [-75.440365, 6.352774], [-75.440575, 6.352363], [-75.440973, 6.352046], [-75.441297, 6.352045], [-75.441639, 6.352262], [-75.441811, 6.35219], [-75.44193, 6.351935], [-75.441962, 6.351316], [-75.442073, 6.351125], [-75.442293, 6.350994], [-75.443425, 6.350919], [-75.444386, 6.351213], [-75.445835, 6.351339], [-75.446725, 6.351288], [-75.446907, 6.351022], [-75.447024, 6.350512], [-75.446532, 6.350259], [-75.445513, 6.350084], [-75.445327, 6.349729], [-75.445237, 6.349033], [-75.444995, 6.348578], [-75.444896, 6.347851], [-75.444413, 6.347636], [-75.444752, 6.347096], [-75.445294, 6.34676], [-75.445674, 6.346706], [-75.446626, 6.34683], [-75.446979, 6.34699], [-75.447121, 6.347531], [-75.447267, 6.349416], [-75.447601, 6.34951], [-75.447888, 6.349365], [-75.448064, 6.34916], [-75.448192, 6.348657], [-75.448328, 6.348475], [-75.449753, 6.348432], [-75.450426, 6.348602], [-75.450637, 6.348232], [-75.450823, 6.348497], [-75.45119, 6.348665], [-75.451281, 6.349086], [-75.451713, 6.349138], [-75.451875, 6.34902], [-75.451976, 6.348797], [-75.451999, 6.34798], [-75.452132, 6.34781], [-75.453393, 6.347816], [-75.453737, 6.347918], [-75.453931, 6.348204], [-75.45406, 6.348244], [-75.45533, 6.348234], [-75.455774, 6.347947], [-75.456152, 6.347824], [-75.456366, 6.347629], [-75.456796, 6.347478], [-75.457024, 6.34662], [-75.457376, 6.346476], [-75.457597, 6.346231], [-75.457998, 6.346276], [-75.458119, 6.346614], [-75.458167, 6.347257], [-75.458265, 6.347404], [-75.458481, 6.347481], [-75.458869, 6.347407], [-75.459003, 6.346946], [-75.459165, 6.34674], [-75.460507, 6.346513], [-75.460785, 6.346815], [-75.460848, 6.347117], [-75.460845, 6.348071], [-75.460706, 6.34854], [-75.460694, 6.349328], [-75.460796, 6.349493], [-75.46125, 6.349606], [-75.461454, 6.349766], [-75.461464, 6.349985], [-75.461282, 6.35024], [-75.461319, 6.350385], [-75.461628, 6.350506], [-75.463088, 6.350577], [-75.463221, 6.350669], [-75.463288, 6.350915], [-75.463149, 6.351414], [-75.463248, 6.351646], [-75.464041, 6.351777], [-75.464235, 6.351908], [-75.464765, 6.352029], [-75.46503, 6.352251], [-75.46553, 6.352319], [-75.465778, 6.352641], [-75.465802, 6.353716], [-75.465649, 6.354049], [-75.465336, 6.354131], [-75.464962, 6.354486], [-75.463894, 6.354622], [-75.463825, 6.354756], [-75.463869, 6.354945], [-75.465441, 6.355403], [-75.466944, 6.355513], [-75.467151, 6.355602], [-75.467215, 6.355731], [-75.467039, 6.356224], [-75.467321, 6.356675], [-75.46734, 6.356985], [-75.467265, 6.357111], [-75.466892, 6.357234], [-75.466041, 6.357281], [-75.465893, 6.357635], [-75.465558, 6.357932], [-75.465359, 6.358264], [-75.465315, 6.358454], [-75.465425, 6.358616], [-75.465898, 6.358743], [-75.465993, 6.35884], [-75.465899, 6.359019], [-75.465523, 6.359229], [-75.46553, 6.359528], [-75.466037, 6.359855], [-75.467625, 6.360112], [-75.468118, 6.360303], [-75.468472, 6.360244], [-75.468617, 6.360084], [-75.469, 6.359974], [-75.469302, 6.359779], [-75.469561, 6.359775], [-75.469851, 6.359939], [-75.470404, 6.360051], [-75.470659, 6.360513], [-75.47065, 6.361275], [-75.470492, 6.361682], [-75.470041, 6.36182], [-75.468526, 6.361932], [-75.467828, 6.362204], [-75.467538, 6.362427], [-75.466329, 6.362475], [-75.466163, 6.362543], [-75.466097, 6.362678], [-75.46613, 6.363366], [-75.46639, 6.363533], [-75.467301, 6.363697], [-75.4676, 6.364296], [-75.467381, 6.364615], [-75.467164, 6.365374], [-75.466686, 6.365552], [-75.466568, 6.367414], [-75.466185, 6.368089], [-75.466988, 6.368691], [-75.467109, 6.369096], [-75.467371, 6.369462], [-75.467285, 6.369986], [-75.46735, 6.370257], [-75.467782, 6.370425], [-75.468293, 6.370382], [-75.468452, 6.370149], [-75.468359, 6.369688], [-75.468616, 6.369429], [-75.468621, 6.370092], [-75.468806, 6.370323], [-75.469131, 6.370357], [-75.469529, 6.370548], [-75.47013, 6.370612], [-75.470394, 6.370898], [-75.470917, 6.370821], [-75.470909, 6.370083], [-75.470632, 6.369615], [-75.470563, 6.369318], [-75.471072, 6.368667], [-75.470891, 6.3681], [-75.471296, 6.367202], [-75.471082, 6.366565], [-75.471901, 6.366233], [-75.472353, 6.366147], [-75.472583, 6.364646], [-75.472753, 6.364412], [-75.472994, 6.364286], [-75.473542, 6.364162], [-75.473704, 6.363969], [-75.473808, 6.363321], [-75.473938, 6.363045], [-75.474181, 6.362861], [-75.474539, 6.362769], [-75.475373, 6.362719], [-75.475627, 6.362622], [-75.475999, 6.362038], [-75.476711, 6.361926], [-75.476858, 6.361623], [-75.477454, 6.361467], [-75.477561, 6.361348], [-75.477763, 6.360626], [-75.478016, 6.360738], [-75.478221, 6.361382], [-75.478644, 6.361381], [-75.478637, 6.360335], [-75.478785, 6.359971], [-75.478923, 6.359897], [-75.479723, 6.360029], [-75.480444, 6.360002], [-75.48065, 6.360076], [-75.481275, 6.360829], [-75.48094, 6.361581], [-75.480182, 6.362026], [-75.480028, 6.36225], [-75.47988, 6.36286], [-75.479887, 6.363645], [-75.479713, 6.364264], [-75.479549, 6.364352], [-75.478833, 6.364436], [-75.478511, 6.364613], [-75.47748, 6.364393], [-75.477306, 6.364468], [-75.477197, 6.364736], [-75.476783, 6.364783], [-75.476633, 6.364737], [-75.476744, 6.364395], [-75.476652, 6.364073], [-75.476521, 6.36396], [-75.476367, 6.363979], [-75.476073, 6.364357], [-75.476353, 6.364659], [-75.476332, 6.364782], [-75.475444, 6.364875], [-75.475284, 6.365043], [-75.475299, 6.365848], [-75.475513, 6.36674], [-75.475757, 6.366904], [-75.476565, 6.367014], [-75.477004, 6.366964], [-75.477387, 6.36713], [-75.477717, 6.366923], [-75.477973, 6.366926], [-75.478372, 6.36715], [-75.478951, 6.367236], [-75.479175, 6.367], [-75.479167, 6.366364], [-75.479253, 6.366257], [-75.48001, 6.365989], [-75.480195, 6.365279], [-75.480323, 6.365141], [-75.480567, 6.36505], [-75.481404, 6.365014], [-75.481778, 6.365052], [-75.482217, 6.365228], [-75.482328, 6.365686], [-75.482243, 6.366265], [-75.482396, 6.367122], [-75.482341, 6.367606], [-75.482433, 6.367744], [-75.482655, 6.367828], [-75.483034, 6.368439], [-75.483395, 6.368697], [-75.48336, 6.369004], [-75.483128, 6.369479], [-75.483353, 6.369878], [-75.483184, 6.369956], [-75.48282, 6.369942], [-75.482203, 6.369649], [-75.481952, 6.368875], [-75.481743, 6.368676], [-75.481446, 6.368598], [-75.481288, 6.368641], [-75.481166, 6.368797], [-75.481274, 6.369737], [-75.481487, 6.370045], [-75.482074, 6.370532], [-75.482916, 6.370649], [-75.48308, 6.371925], [-75.48329, 6.372004], [-75.483719, 6.371974], [-75.484045, 6.372088], [-75.484087, 6.372184], [-75.483732, 6.37249], [-75.483523, 6.373507], [-75.483347, 6.373671], [-75.48309, 6.373754], [-75.482751, 6.373756], [-75.482317, 6.373597], [-75.482223, 6.373437], [-75.482152, 6.372848], [-75.481683, 6.372514], [-75.481241, 6.372434], [-75.480816, 6.372129], [-75.48043, 6.372102], [-75.479921, 6.372169], [-75.479699, 6.372321], [-75.479515, 6.373327], [-75.479144, 6.373765], [-75.47887, 6.373886], [-75.478131, 6.373875], [-75.477935, 6.373686], [-75.477852, 6.373254], [-75.47744, 6.372894], [-75.477319, 6.372667], [-75.477191, 6.371993], [-75.477238, 6.37128], [-75.4774, 6.371064], [-75.477703, 6.371002], [-75.4778, 6.370824], [-75.477392, 6.370068], [-75.477198, 6.369994], [-75.476923, 6.370354], [-75.476476, 6.370649], [-75.476258, 6.370902], [-75.47549, 6.371104], [-75.475161, 6.371447], [-75.474731, 6.371477], [-75.474165, 6.371296], [-75.4738, 6.372002], [-75.47343, 6.372207], [-75.472085, 6.372209], [-75.471838, 6.372083], [-75.471765, 6.371665], [-75.471643, 6.371461], [-75.471388, 6.371399], [-75.47097, 6.371485], [-75.470864, 6.371673], [-75.470847, 6.372293], [-75.470639, 6.372636], [-75.470151, 6.372743], [-75.469354, 6.372724], [-75.469236, 6.372856], [-75.469316, 6.373408], [-75.469222, 6.373589], [-75.468847, 6.373705], [-75.467784, 6.373757], [-75.467476, 6.374836], [-75.467563, 6.375327], [-75.467523, 6.375551], [-75.466938, 6.375809], [-75.466611, 6.376345], [-75.466536, 6.37676], [-75.466397, 6.376892], [-75.46608, 6.376938], [-75.465839, 6.376862], [-75.465685, 6.376482], [-75.465521, 6.376398], [-75.46532, 6.376519], [-75.465234, 6.377033], [-75.465101, 6.377124], [-75.464819, 6.377115], [-75.464505, 6.37674], [-75.464065, 6.376786], [-75.46389, 6.37748], [-75.463589, 6.37758], [-75.462511, 6.377529], [-75.462231, 6.377352], [-75.461925, 6.376934], [-75.461127, 6.376821], [-75.45957, 6.377547], [-75.458443, 6.377536], [-75.457862, 6.377661], [-75.457716, 6.377819], [-75.457666, 6.378249], [-75.458128, 6.379085], [-75.458298, 6.380617], [-75.458468, 6.380849], [-75.459077, 6.381087], [-75.459123, 6.381816], [-75.460006, 6.382676], [-75.460119, 6.383544], [-75.460868, 6.384037], [-75.461028, 6.385082], [-75.461161, 6.385209], [-75.462294, 6.385276], [-75.462674, 6.385416], [-75.46294, 6.385746], [-75.463117, 6.386318], [-75.463345, 6.386683], [-75.463631, 6.386899], [-75.46422, 6.386999], [-75.464341, 6.387165], [-75.464519, 6.387785], [-75.464583, 6.388439], [-75.465021, 6.389552], [-75.464938, 6.391498], [-75.46489, 6.39162], [-75.464618, 6.391787], [-75.464504, 6.392359], [-75.464343, 6.392636], [-75.464003, 6.392765], [-75.46309, 6.392884], [-75.462926, 6.393151], [-75.46294, 6.393396], [-75.463067, 6.393589], [-75.463438, 6.393738], [-75.463723, 6.394138], [-75.464078, 6.394297], [-75.464239, 6.394271], [-75.464386, 6.39413], [-75.465079, 6.394013], [-75.465281, 6.393819], [-75.465381, 6.393489], [-75.466426, 6.393173], [-75.466945, 6.392919], [-75.467197, 6.392414], [-75.467392, 6.392219], [-75.467483, 6.391656], [-75.467834, 6.391094], [-75.467993, 6.390453], [-75.468194, 6.390297], [-75.468536, 6.390225], [-75.468639, 6.390062], [-75.468477, 6.388108], [-75.46816, 6.387478], [-75.467827, 6.387042], [-75.467667, 6.386983], [-75.466617, 6.387064], [-75.46589, 6.387002], [-75.465148, 6.386363], [-75.464222, 6.386147], [-75.463998, 6.384544], [-75.463508, 6.384446], [-75.463249, 6.384116], [-75.462964, 6.382532], [-75.463007, 6.381312], [-75.463343, 6.380749], [-75.46396, 6.380228], [-75.464257, 6.379418], [-75.464677, 6.379218], [-75.465772, 6.379227], [-75.46611, 6.379493], [-75.466211, 6.380095], [-75.466444, 6.380172], [-75.467872, 6.380199], [-75.468905, 6.380085], [-75.469009, 6.379838], [-75.46882, 6.379317], [-75.468808, 6.378664], [-75.468882, 6.378077], [-75.469033, 6.377717], [-75.469794, 6.377538], [-75.470867, 6.377527], [-75.471094, 6.37778], [-75.47112, 6.378987], [-75.471309, 6.379588], [-75.471549, 6.379717], [-75.472533, 6.379828], [-75.472842, 6.380133], [-75.474286, 6.380274], [-75.474514, 6.380668], [-75.474637, 6.382333], [-75.474768, 6.382575], [-75.474962, 6.382704], [-75.475457, 6.382724], [-75.476448, 6.382577], [-75.476599, 6.381777], [-75.477639, 6.3817], [-75.477808, 6.381568], [-75.47774, 6.381291], [-75.477386, 6.381139], [-75.477526, 6.380909], [-75.477569, 6.380582], [-75.477357, 6.380186], [-75.477286, 6.37884], [-75.476309, 6.378413], [-75.476068, 6.378642], [-75.475694, 6.378734], [-75.474402, 6.378654], [-75.474069, 6.378414], [-75.473329, 6.378289], [-75.472745, 6.378023], [-75.472437, 6.377755], [-75.472031, 6.377696], [-75.472054, 6.377505], [-75.472367, 6.377379], [-75.472824, 6.377351], [-75.473093, 6.377531], [-75.473339, 6.37809], [-75.473746, 6.378127], [-75.474035, 6.377958], [-75.474304, 6.377951], [-75.474482, 6.378021], [-75.474594, 6.378232], [-75.474751, 6.37827], [-75.474838, 6.378158], [-75.47491, 6.377662], [-75.475132, 6.377486], [-75.475707, 6.377949], [-75.475693, 6.37805], [-75.476528, 6.377979], [-75.477166, 6.378099], [-75.477834, 6.37886], [-75.478026, 6.378896], [-75.478472, 6.378787], [-75.478906, 6.379106], [-75.47834, 6.379973], [-75.478191, 6.380479], [-75.478258, 6.380687], [-75.478602, 6.380858], [-75.47883, 6.381083], [-75.478846, 6.381218], [-75.478665, 6.381523], [-75.478842, 6.381857], [-75.478708, 6.382034], [-75.478306, 6.382138], [-75.478346, 6.382855], [-75.478228, 6.383199], [-75.47796, 6.383432], [-75.477569, 6.383597], [-75.477279, 6.383543], [-75.477019, 6.383255], [-75.476309, 6.382821], [-75.475979, 6.382843], [-75.475529, 6.38309], [-75.475096, 6.382945], [-75.474506, 6.382892], [-75.474323, 6.381884], [-75.473824, 6.381645], [-75.473723, 6.380529], [-75.472727, 6.380411], [-75.472315, 6.380792], [-75.472125, 6.380801], [-75.471768, 6.380581], [-75.471511, 6.380016], [-75.47122, 6.37995], [-75.470274, 6.379981], [-75.470029, 6.379897], [-75.469954, 6.379757], [-75.470013, 6.37959], [-75.470686, 6.379478], [-75.470937, 6.379317], [-75.470838, 6.378519], [-75.470965, 6.377989], [-75.470831, 6.377697], [-75.470505, 6.377769], [-75.47016, 6.378118], [-75.469789, 6.378681], [-75.469094, 6.37908], [-75.469147, 6.379361], [-75.469794, 6.379607], [-75.469866, 6.37969], [-75.46984, 6.379853], [-75.469083, 6.380196], [-75.468079, 6.380424], [-75.467596, 6.380713], [-75.467361, 6.38126], [-75.467337, 6.382651], [-75.467214, 6.38283], [-75.466909, 6.38302], [-75.465492, 6.383472], [-75.4652, 6.383077], [-75.464246, 6.383094], [-75.464145, 6.382982], [-75.464159, 6.382743], [-75.464649, 6.381413], [-75.465293, 6.380964], [-75.465391, 6.380655], [-75.465241, 6.380515], [-75.464756, 6.380506], [-75.46421, 6.380708], [-75.463589, 6.380793], [-75.463378, 6.380937], [-75.463255, 6.381236], [-75.463178, 6.381826], [-75.463215, 6.383491], [-75.463397, 6.383911], [-75.463897, 6.384082], [-75.464098, 6.384436], [-75.464287, 6.385032], [-75.464373, 6.38595], [-75.464747, 6.386117], [-75.465343, 6.386145], [-75.46538, 6.385942], [-75.465219, 6.385299], [-75.465359, 6.384885], [-75.465934, 6.384695], [-75.466377, 6.384741], [-75.466627, 6.384946], [-75.467459, 6.386099], [-75.467806, 6.385473], [-75.468074, 6.385402], [-75.468318, 6.385484], [-75.468417, 6.385797], [-75.468357, 6.386506], [-75.468764, 6.387001], [-75.468885, 6.387375], [-75.468681, 6.388667], [-75.46877, 6.390368], [-75.468617, 6.391117], [-75.468042, 6.391413], [-75.467812, 6.391635], [-75.467456, 6.392536], [-75.467039, 6.392994], [-75.465611, 6.393599], [-75.465199, 6.394468], [-75.464601, 6.395055], [-75.464377, 6.395122], [-75.464036, 6.395038], [-75.463789, 6.394283], [-75.463556, 6.394143], [-75.463419, 6.393844], [-75.462963, 6.393617], [-75.462837, 6.393326], [-75.462826, 6.393114], [-75.462973, 6.392814], [-75.463639, 6.392571], [-75.464135, 6.392152], [-75.464477, 6.391536], [-75.464451, 6.391017], [-75.464622, 6.390527], [-75.464652, 6.390136], [-75.464216, 6.388755], [-75.463999, 6.388472], [-75.463737, 6.388403], [-75.463573, 6.38825], [-75.463166, 6.387303], [-75.462912, 6.386388], [-75.46238, 6.385675], [-75.461945, 6.385566], [-75.461099, 6.385626], [-75.461012, 6.386371], [-75.461284, 6.387512], [-75.461251, 6.387808], [-75.461564, 6.388451], [-75.461353, 6.388683], [-75.460918, 6.388888], [-75.459929, 6.389102], [-75.459733, 6.389397], [-75.459512, 6.390276], [-75.459522, 6.390847], [-75.459597, 6.390978], [-75.460111, 6.391265], [-75.460964, 6.39132], [-75.461494, 6.391502], [-75.461657, 6.391682], [-75.46182, 6.39212], [-75.461865, 6.392394], [-75.461806, 6.39253], [-75.461053, 6.392878], [-75.460875, 6.393317], [-75.460608, 6.393361], [-75.460462, 6.393152], [-75.460345, 6.392214], [-75.460029, 6.392177], [-75.459733, 6.391968], [-75.459036, 6.391826], [-75.458791, 6.391831], [-75.458391, 6.391986], [-75.457921, 6.391529], [-75.457597, 6.39086]], [[-75.409728, 6.368469], [-75.409539, 6.367886], [-75.40942, 6.367821], [-75.408998, 6.36788], [-75.408911, 6.368393], [-75.408958, 6.368732], [-75.409117, 6.368776], [-75.409449, 6.368629], [-75.409691, 6.368768], [-75.409728, 6.368469]], [[-75.412093, 6.37827], [-75.411948, 6.378004], [-75.411228, 6.377715], [-75.410957, 6.377434], [-75.410784, 6.377396], [-75.410545, 6.377601], [-75.410415, 6.377922], [-75.410566, 6.378648], [-75.410342, 6.378779], [-75.40938, 6.37887], [-75.409326, 6.379272], [-75.409513, 6.379401], [-75.411139, 6.379552], [-75.411333, 6.379375], [-75.411438, 6.378833], [-75.41205, 6.378586], [-75.412093, 6.37827]], [[-75.409967, 6.375955], [-75.409889, 6.37555], [-75.409554, 6.375551], [-75.409453, 6.375777], [-75.409548, 6.376183], [-75.409861, 6.376181], [-75.409967, 6.375955]], [[-75.410934, 6.374803], [-75.411588, 6.374707], [-75.41166, 6.374636], [-75.411625, 6.374408], [-75.411338, 6.374277], [-75.410845, 6.374573], [-75.410336, 6.374608], [-75.410077, 6.374442], [-75.410085, 6.374101], [-75.409981, 6.374001], [-75.409851, 6.374289], [-75.409599, 6.374471], [-75.409538, 6.374618], [-75.409567, 6.374795], [-75.409708, 6.374871], [-75.410262, 6.374711], [-75.410934, 6.374803]], [[-75.41044, 6.375328], [-75.410496, 6.374986], [-75.410305, 6.374893], [-75.410099, 6.374933], [-75.41001, 6.375139], [-75.410092, 6.375385], [-75.410282, 6.375478], [-75.41044, 6.375328]], [[-75.410632, 6.369103], [-75.410732, 6.369056], [-75.410775, 6.368893], [-75.410673, 6.368601], [-75.410558, 6.368652], [-75.41052, 6.368813], [-75.410632, 6.369103]], [[-75.411362, 6.382269], [-75.411145, 6.382174], [-75.410981, 6.382285], [-75.410962, 6.382621], [-75.411132, 6.382838], [-75.411366, 6.382757], [-75.411362, 6.382269]], [[-75.412258, 6.375838], [-75.411101, 6.375892], [-75.411953, 6.376225], [-75.411993, 6.376401], [-75.411853, 6.376721], [-75.41237, 6.376875], [-75.412434, 6.377521], [-75.412494, 6.377614], [-75.412709, 6.37766], [-75.412875, 6.377554], [-75.413028, 6.377129], [-75.413214, 6.377087], [-75.413355, 6.376944], [-75.41338, 6.376245], [-75.413068, 6.375936], [-75.412258, 6.375838]], [[-75.411727, 6.375217], [-75.411773, 6.375075], [-75.411657, 6.374909], [-75.411412, 6.374901], [-75.411279, 6.375018], [-75.411296, 6.375221], [-75.411392, 6.375307], [-75.411727, 6.375217]], [[-75.411975, 6.368052], [-75.411482, 6.368105], [-75.411271, 6.36827], [-75.411272, 6.368394], [-75.411378, 6.368549], [-75.411827, 6.368602], [-75.411961, 6.368703], [-75.41209, 6.369822], [-75.412529, 6.370062], [-75.412836, 6.370068], [-75.413264, 6.369528], [-75.413531, 6.369441], [-75.413708, 6.369524], [-75.413892, 6.369788], [-75.41389, 6.3691], [-75.41358, 6.369271], [-75.413387, 6.36907], [-75.413452, 6.368919], [-75.413769, 6.368741], [-75.41387, 6.368511], [-75.41384, 6.368377], [-75.413705, 6.368344], [-75.413599, 6.368423], [-75.413134, 6.369103], [-75.412636, 6.36922], [-75.412485, 6.369115], [-75.412323, 6.368782], [-75.412297, 6.368138], [-75.411975, 6.368052]], [[-75.412144, 6.384393], [-75.412015, 6.384145], [-75.411816, 6.384119], [-75.411502, 6.38432], [-75.411422, 6.38454], [-75.411571, 6.384687], [-75.411967, 6.384699], [-75.41214, 6.384612], [-75.412144, 6.384393]], [[-75.411611, 6.383294], [-75.411585, 6.383194], [-75.411502, 6.383194], [-75.411502, 6.383351], [-75.411611, 6.383294]], [[-75.413047, 6.38441], [-75.413007, 6.384199], [-75.412805, 6.384092], [-75.412549, 6.384136], [-75.412443, 6.384315], [-75.412484, 6.384521], [-75.412615, 6.384598], [-75.412947, 6.384573], [-75.413047, 6.38441]], [[-75.413293, 6.394993], [-75.414184, 6.394985], [-75.414315, 6.39488], [-75.414172, 6.394781], [-75.413684, 6.39474], [-75.413293, 6.394993]], [[-75.414594, 6.390838], [-75.414485, 6.390105], [-75.41411, 6.390067], [-75.413974, 6.390501], [-75.414016, 6.39129], [-75.414243, 6.391381], [-75.414507, 6.391302], [-75.414594, 6.390838]], [[-75.414421, 6.383839], [-75.414517, 6.383832], [-75.414578, 6.383786], [-75.414419, 6.383739], [-75.414421, 6.383839]], [[-75.415179, 6.375679], [-75.415014, 6.375325], [-75.414981, 6.3753], [-75.414994, 6.375553], [-75.415095, 6.375705], [-75.415179, 6.375679]], [[-75.415234, 6.374897], [-75.415541, 6.375009], [-75.415551, 6.375], [-75.415266, 6.374756], [-75.415234, 6.374897]], [[-75.419825, 6.369969], [-75.420202, 6.369871], [-75.42048, 6.369327], [-75.421017, 6.36918], [-75.420406, 6.368889], [-75.420166, 6.368217], [-75.419826, 6.367995], [-75.420076, 6.368868], [-75.419403, 6.369006], [-75.419245, 6.369158], [-75.419649, 6.369907], [-75.419825, 6.369969]], [[-75.420935, 6.371366], [-75.420922, 6.371196], [-75.420811, 6.371095], [-75.420605, 6.371101], [-75.420487, 6.371221], [-75.420496, 6.371386], [-75.420592, 6.371473], [-75.420935, 6.371366]], [[-75.428208, 6.377368], [-75.428333, 6.377079], [-75.428343, 6.376689], [-75.428289, 6.376306], [-75.428163, 6.376236], [-75.427098, 6.376284], [-75.427009, 6.376797], [-75.426894, 6.376924], [-75.426675, 6.37701], [-75.425926, 6.377056], [-75.425379, 6.376942], [-75.425259, 6.376827], [-75.425154, 6.376373], [-75.425011, 6.376269], [-75.424593, 6.376141], [-75.423045, 6.375961], [-75.422739, 6.375672], [-75.422439, 6.375628], [-75.422227, 6.376143], [-75.42223, 6.376744], [-75.422435, 6.377109], [-75.422862, 6.377378], [-75.422966, 6.37754], [-75.423074, 6.380438], [-75.423364, 6.38136], [-75.423623, 6.381511], [-75.424188, 6.381527], [-75.424315, 6.381312], [-75.424423, 6.380619], [-75.426388, 6.380399], [-75.426577, 6.380088], [-75.426909, 6.379994], [-75.427096, 6.379629], [-75.427208, 6.378217], [-75.427355, 6.377645], [-75.4275, 6.377488], [-75.428208, 6.377368]], [[-75.427905, 6.375659], [-75.427803, 6.374751], [-75.427574, 6.374334], [-75.426325, 6.373959], [-75.426084, 6.373564], [-75.426134, 6.373158], [-75.425838, 6.373079], [-75.42563, 6.373259], [-75.425352, 6.374115], [-75.424681, 6.374345], [-75.42472, 6.374906], [-75.423685, 6.375083], [-75.422992, 6.374985], [-75.422889, 6.375155], [-75.422901, 6.375324], [-75.423052, 6.375536], [-75.423524, 6.375599], [-75.423902, 6.375843], [-75.424847, 6.376053], [-75.425346, 6.376285], [-75.42653, 6.376304], [-75.427809, 6.376036], [-75.428399, 6.376162], [-75.427905, 6.375659]], [[-75.424955, 6.383434], [-75.424493, 6.383358], [-75.423834, 6.383446], [-75.423742, 6.383644], [-75.423773, 6.384022], [-75.424065, 6.384157], [-75.424886, 6.384113], [-75.425026, 6.383796], [-75.424955, 6.383434]], [[-75.427874, 6.369291], [-75.427594, 6.368718], [-75.427291, 6.368597], [-75.426897, 6.368649], [-75.426729, 6.368904], [-75.426858, 6.369375], [-75.427402, 6.369569], [-75.427582, 6.369834], [-75.427961, 6.369455], [-75.428143, 6.369423], [-75.428294, 6.369505], [-75.428278, 6.370608], [-75.428393, 6.371052], [-75.429149, 6.371174], [-75.429321, 6.371439], [-75.429801, 6.371501], [-75.430106, 6.371631], [-75.430285, 6.37205], [-75.430283, 6.37244], [-75.430477, 6.372569], [-75.430911, 6.372585], [-75.431196, 6.372392], [-75.432041, 6.372268], [-75.431791, 6.371568], [-75.431276, 6.371136], [-75.431406, 6.370756], [-75.431475, 6.36939], [-75.431808, 6.368939], [-75.431815, 6.368614], [-75.430802, 6.367806], [-75.430681, 6.367367], [-75.430648, 6.366722], [-75.430543, 6.366544], [-75.43002, 6.366368], [-75.429603, 6.36637], [-75.42929, 6.366474], [-75.429082, 6.366678], [-75.428979, 6.366983], [-75.429013, 6.367704], [-75.429169, 6.368056], [-75.429472, 6.368172], [-75.429588, 6.368312], [-75.429605, 6.368702], [-75.429511, 6.369015], [-75.428939, 6.369238], [-75.428111, 6.369325], [-75.427874, 6.369291]], [[-75.443635, 6.376339], [-75.443704, 6.37552], [-75.443604, 6.375095], [-75.443214, 6.375197], [-75.442352, 6.375189], [-75.441919, 6.375052], [-75.441545, 6.374705], [-75.441428, 6.37434], [-75.441653, 6.373786], [-75.441688, 6.373332], [-75.44162, 6.373147], [-75.441247, 6.372972], [-75.440532, 6.372976], [-75.440316, 6.372876], [-75.440238, 6.372673], [-75.440182, 6.371601], [-75.440046, 6.371245], [-75.439781, 6.37116], [-75.439418, 6.371188], [-75.43871, 6.371601], [-75.438441, 6.371325], [-75.438046, 6.370544], [-75.437835, 6.370311], [-75.437243, 6.37002], [-75.436514, 6.369812], [-75.436191, 6.369583], [-75.435857, 6.369171], [-75.435877, 6.368978], [-75.436226, 6.368757], [-75.436658, 6.368877], [-75.437262, 6.369253], [-75.437786, 6.369259], [-75.437964, 6.369177], [-75.437731, 6.368227], [-75.437869, 6.367863], [-75.437826, 6.367266], [-75.437974, 6.366453], [-75.437721, 6.365889], [-75.437655, 6.365329], [-75.437533, 6.365067], [-75.437437, 6.364127], [-75.43712, 6.363712], [-75.437253, 6.363002], [-75.436733, 6.362049], [-75.436653, 6.360799], [-75.436694, 6.360106], [-75.436748, 6.359947], [-75.43698, 6.359886], [-75.437198, 6.359952], [-75.437359, 6.360188], [-75.437607, 6.360341], [-75.438097, 6.360378], [-75.438286, 6.360264], [-75.438628, 6.359134], [-75.438654, 6.358598], [-75.438407, 6.358238], [-75.438431, 6.357982], [-75.438696, 6.357784], [-75.439287, 6.357648], [-75.439412, 6.357078], [-75.439794, 6.356625], [-75.44034, 6.356164], [-75.440539, 6.355812], [-75.441616, 6.355631], [-75.441708, 6.354563], [-75.442, 6.35371], [-75.442087, 6.352907], [-75.442492, 6.352755], [-75.442955, 6.352746], [-75.443498, 6.353141], [-75.44475, 6.353226], [-75.445048, 6.35362], [-75.445302, 6.353679], [-75.445432, 6.353625], [-75.445432, 6.353376], [-75.445519, 6.353241], [-75.446484, 6.35328], [-75.446916, 6.352469], [-75.446645, 6.352247], [-75.446516, 6.352017], [-75.446314, 6.351921], [-75.445302, 6.351592], [-75.444372, 6.351666], [-75.444069, 6.351431], [-75.443601, 6.35134], [-75.443309, 6.351392], [-75.443188, 6.351497], [-75.443009, 6.352303], [-75.442016, 6.352452], [-75.441857, 6.352736], [-75.441674, 6.352825], [-75.441529, 6.352781], [-75.441363, 6.352458], [-75.441269, 6.352451], [-75.440835, 6.353095], [-75.440509, 6.353333], [-75.439992, 6.353517], [-75.43989, 6.353652], [-75.439746, 6.354521], [-75.438605, 6.354662], [-75.438415, 6.355048], [-75.43821, 6.355207], [-75.438092, 6.356255], [-75.438181, 6.356606], [-75.438166, 6.357058], [-75.438065, 6.357196], [-75.437845, 6.357265], [-75.437823, 6.357657], [-75.43761, 6.35789], [-75.437448, 6.357842], [-75.437101, 6.357529], [-75.436704, 6.357402], [-75.436622, 6.357273], [-75.436652, 6.357125], [-75.436852, 6.356934], [-75.437158, 6.355951], [-75.437483, 6.355581], [-75.437484, 6.355332], [-75.436988, 6.354644], [-75.436289, 6.354133], [-75.436165, 6.354171], [-75.435685, 6.354704], [-75.435355, 6.354809], [-75.434853, 6.355475], [-75.434309, 6.355629], [-75.433885, 6.35565], [-75.433464, 6.355461], [-75.432684, 6.355306], [-75.431538, 6.355397], [-75.430981, 6.355338], [-75.430698, 6.355246], [-75.430519, 6.354942], [-75.430328, 6.354884], [-75.429152, 6.355151], [-75.429015, 6.355387], [-75.429039, 6.355708], [-75.429149, 6.355869], [-75.429503, 6.3561], [-75.4304, 6.356094], [-75.43066, 6.356419], [-75.431027, 6.356535], [-75.431379, 6.356835], [-75.431575, 6.357132], [-75.432548, 6.357625], [-75.432625, 6.357864], [-75.43254, 6.358271], [-75.432713, 6.358852], [-75.433773, 6.359089], [-75.433928, 6.359463], [-75.434168, 6.359605], [-75.434619, 6.359454], [-75.434836, 6.359774], [-75.434811, 6.360592], [-75.434707, 6.361048], [-75.434252, 6.361598], [-75.434085, 6.361579], [-75.433969, 6.361401], [-75.434137, 6.36011], [-75.43387, 6.360465], [-75.433008, 6.36065], [-75.432821, 6.361077], [-75.432811, 6.361415], [-75.432958, 6.361855], [-75.433326, 6.361978], [-75.433917, 6.361887], [-75.434107, 6.361945], [-75.434374, 6.363087], [-75.434304, 6.36364], [-75.434464, 6.363889], [-75.434947, 6.364176], [-75.435083, 6.364608], [-75.434564, 6.365899], [-75.433777, 6.365935], [-75.432719, 6.366131], [-75.432852, 6.366332], [-75.432907, 6.366772], [-75.432583, 6.367585], [-75.432512, 6.368843], [-75.432557, 6.369218], [-75.432687, 6.369451], [-75.432564, 6.370175], [-75.432723, 6.370695], [-75.432819, 6.371485], [-75.432972, 6.371569], [-75.433744, 6.371574], [-75.434129, 6.371696], [-75.434377, 6.372453], [-75.434696, 6.372643], [-75.435274, 6.372775], [-75.435455, 6.372985], [-75.435359, 6.373722], [-75.435577, 6.373882], [-75.435645, 6.374139], [-75.435513, 6.374291], [-75.435234, 6.374341], [-75.43509, 6.374654], [-75.43499, 6.376162], [-75.43469, 6.376852], [-75.434756, 6.377929], [-75.434934, 6.378132], [-75.435265, 6.378215], [-75.435764, 6.378229], [-75.435975, 6.378134], [-75.436219, 6.377664], [-75.436299, 6.376002], [-75.436723, 6.375086], [-75.437047, 6.374986], [-75.437993, 6.374926], [-75.438697, 6.374688], [-75.439248, 6.374282], [-75.439503, 6.373781], [-75.439672, 6.373681], [-75.439864, 6.37387], [-75.440059, 6.375147], [-75.440459, 6.375829], [-75.440359, 6.376414], [-75.440464, 6.377446], [-75.440892, 6.378271], [-75.44055, 6.378612], [-75.439893, 6.379668], [-75.439604, 6.379905], [-75.438819, 6.380074], [-75.438431, 6.37999], [-75.437982, 6.379765], [-75.437294, 6.379857], [-75.436852, 6.380126], [-75.436361, 6.381045], [-75.435893, 6.381575], [-75.435766, 6.381614], [-75.435432, 6.381365], [-75.435057, 6.381308], [-75.434207, 6.381687], [-75.434154, 6.381946], [-75.434497, 6.382984], [-75.434166, 6.383173], [-75.433962, 6.383406], [-75.433684, 6.383389], [-75.433319, 6.383231], [-75.43312, 6.382925], [-75.432994, 6.382456], [-75.432887, 6.382404], [-75.432704, 6.383152], [-75.432765, 6.384027], [-75.432635, 6.385397], [-75.432723, 6.385977], [-75.433113, 6.38612], [-75.433357, 6.385935], [-75.433466, 6.385728], [-75.4337, 6.384864], [-75.433783, 6.383846], [-75.433921, 6.383641], [-75.434631, 6.383471], [-75.435325, 6.38345], [-75.435787, 6.383282], [-75.436353, 6.383565], [-75.436636, 6.383614], [-75.43744, 6.383616], [-75.438184, 6.383511], [-75.438724, 6.383233], [-75.438802, 6.382925], [-75.439328, 6.382068], [-75.439803, 6.38187], [-75.440571, 6.381782], [-75.441081, 6.381478], [-75.441252, 6.381459], [-75.441376, 6.381548], [-75.441174, 6.381612], [-75.441098, 6.381769], [-75.441312, 6.382048], [-75.441561, 6.38193], [-75.441525, 6.381669], [-75.441626, 6.381584], [-75.44228, 6.381648], [-75.443875, 6.381602], [-75.444706, 6.381812], [-75.446033, 6.382413], [-75.446367, 6.382489], [-75.44726, 6.382086], [-75.447202, 6.381983], [-75.446942, 6.381933], [-75.446819, 6.381818], [-75.446817, 6.381631], [-75.446925, 6.381476], [-75.447465, 6.38135], [-75.448416, 6.380843], [-75.448673, 6.380804], [-75.449037, 6.381019], [-75.449246, 6.381284], [-75.449641, 6.381485], [-75.449683, 6.381729], [-75.449585, 6.382363], [-75.449784, 6.382644], [-75.450813, 6.383114], [-75.451665, 6.383172], [-75.451839, 6.383131], [-75.452308, 6.382782], [-75.452467, 6.381793], [-75.452612, 6.381482], [-75.453309, 6.38138], [-75.453447, 6.381266], [-75.453403, 6.381111], [-75.453018, 6.381067], [-75.452745, 6.380904], [-75.452347, 6.380142], [-75.451862, 6.380426], [-75.451661, 6.380392], [-75.451555, 6.380256], [-75.451572, 6.379537], [-75.451972, 6.379086], [-75.452113, 6.378797], [-75.452367, 6.377854], [-75.452389, 6.377294], [-75.452126, 6.376974], [-75.450987, 6.376768], [-75.451258, 6.376631], [-75.451326, 6.376488], [-75.451134, 6.376062], [-75.451554, 6.37574], [-75.451607, 6.375595], [-75.451545, 6.37531], [-75.451607, 6.374309], [-75.451487, 6.373103], [-75.451313, 6.37281], [-75.451196, 6.372366], [-75.450355, 6.372348], [-75.44995, 6.372519], [-75.45051, 6.373196], [-75.450704, 6.373606], [-75.450844, 6.373661], [-75.451016, 6.373598], [-75.451056, 6.373704], [-75.450992, 6.375617], [-75.45088, 6.374147], [-75.450834, 6.374021], [-75.450645, 6.373962], [-75.450265, 6.374313], [-75.44985, 6.374936], [-75.449691, 6.375329], [-75.449562, 6.375391], [-75.448106, 6.375422], [-75.447824, 6.37535], [-75.447216, 6.374915], [-75.446277, 6.37491], [-75.446099, 6.375021], [-75.445903, 6.375746], [-75.445567, 6.37632], [-75.444607, 6.37647], [-75.444158, 6.376472], [-75.443635, 6.376339]], [[-75.431523, 6.358319], [-75.431433, 6.357947], [-75.431108, 6.357765], [-75.430375, 6.357732], [-75.429682, 6.357837], [-75.429604, 6.358051], [-75.429574, 6.358966], [-75.429698, 6.359567], [-75.430078, 6.359736], [-75.430435, 6.359765], [-75.431324, 6.359401], [-75.431451, 6.3591], [-75.43176, 6.358958], [-75.431832, 6.358814], [-75.431807, 6.358607], [-75.431523, 6.358319]], [[-75.433077, 6.364267], [-75.432976, 6.363288], [-75.433116, 6.362929], [-75.43287, 6.362846], [-75.431771, 6.362899], [-75.431009, 6.363193], [-75.430907, 6.363775], [-75.431005, 6.364648], [-75.4311, 6.364753], [-75.431596, 6.364888], [-75.431978, 6.364911], [-75.43263, 6.364763], [-75.432981, 6.364595], [-75.433077, 6.364267]], [[-75.432326, 6.377083], [-75.432328, 6.376375], [-75.432177, 6.376205], [-75.431472, 6.376701], [-75.431329, 6.377016], [-75.431487, 6.377143], [-75.432231, 6.377147], [-75.432326, 6.377083]], [[-75.432057, 6.357528], [-75.431585, 6.35758], [-75.431598, 6.357962], [-75.431754, 6.358178], [-75.432146, 6.358141], [-75.432462, 6.357914], [-75.432381, 6.357625], [-75.432057, 6.357528]], [[-75.432373, 6.377603], [-75.432401, 6.377795], [-75.432542, 6.377851], [-75.432804, 6.37773], [-75.432851, 6.377566], [-75.432772, 6.377454], [-75.432558, 6.377433], [-75.432373, 6.377603]], [[-75.433581, 6.362845], [-75.433752, 6.362803], [-75.433822, 6.362646], [-75.433774, 6.362465], [-75.433616, 6.362389], [-75.433436, 6.362432], [-75.433357, 6.362566], [-75.433408, 6.362735], [-75.433581, 6.362845]], [[-75.433469, 6.359674], [-75.433396, 6.359822], [-75.433449, 6.360003], [-75.433607, 6.360092], [-75.433778, 6.360048], [-75.433853, 6.359889], [-75.433807, 6.359707], [-75.433649, 6.359631], [-75.433469, 6.359674]], [[-75.436768, 6.351688], [-75.436715, 6.35122], [-75.435706, 6.351168], [-75.435229, 6.351219], [-75.434968, 6.351584], [-75.434149, 6.351679], [-75.433921, 6.351801], [-75.433766, 6.35203], [-75.433683, 6.352364], [-75.433715, 6.353499], [-75.434667, 6.353525], [-75.434811, 6.353398], [-75.434774, 6.353018], [-75.435442, 6.353016], [-75.435709, 6.352751], [-75.436265, 6.352642], [-75.436618, 6.352231], [-75.436768, 6.351688]], [[-75.440406, 6.378266], [-75.440141, 6.377877], [-75.440063, 6.377586], [-75.440181, 6.375703], [-75.439853, 6.375164], [-75.439633, 6.374406], [-75.439282, 6.374447], [-75.438827, 6.374899], [-75.438394, 6.375114], [-75.437109, 6.375258], [-75.436809, 6.376173], [-75.43643, 6.378296], [-75.436167, 6.3787], [-75.43508, 6.378832], [-75.434946, 6.379206], [-75.434954, 6.380245], [-75.434182, 6.380448], [-75.433986, 6.380654], [-75.433971, 6.380862], [-75.434173, 6.380971], [-75.434698, 6.381032], [-75.435821, 6.381009], [-75.436773, 6.379894], [-75.43709, 6.379669], [-75.437794, 6.379519], [-75.439426, 6.379447], [-75.43992, 6.379336], [-75.440113, 6.37904], [-75.440197, 6.378564], [-75.440406, 6.378266]], [[-75.439485, 6.363407], [-75.439422, 6.361253], [-75.439302, 6.360821], [-75.43891, 6.360699], [-75.437708, 6.360815], [-75.437409, 6.360694], [-75.437101, 6.360379], [-75.436901, 6.360449], [-75.436766, 6.361372], [-75.438003, 6.361673], [-75.438155, 6.361808], [-75.438281, 6.362375], [-75.438477, 6.362648], [-75.438467, 6.363143], [-75.438274, 6.363579], [-75.438437, 6.363964], [-75.438651, 6.363994], [-75.439375, 6.363702], [-75.439485, 6.363407]], [[-75.45321, 6.358265], [-75.453063, 6.358073], [-75.452816, 6.358033], [-75.452175, 6.358572], [-75.452029, 6.358924], [-75.450997, 6.359157], [-75.450621, 6.359348], [-75.450447, 6.359631], [-75.450343, 6.360289], [-75.450203, 6.360599], [-75.449663, 6.360706], [-75.449353, 6.361093], [-75.448782, 6.36138], [-75.447908, 6.361183], [-75.447655, 6.360924], [-75.447496, 6.360493], [-75.447289, 6.360319], [-75.446265, 6.360149], [-75.446175, 6.359051], [-75.446076, 6.35889], [-75.44581, 6.358969], [-75.445663, 6.359306], [-75.444911, 6.359612], [-75.444834, 6.360084], [-75.444998, 6.361065], [-75.4449, 6.362144], [-75.444719, 6.362463], [-75.444344, 6.362567], [-75.443996, 6.362917], [-75.443696, 6.363693], [-75.443412, 6.363875], [-75.443296, 6.364389], [-75.443016, 6.364622], [-75.442814, 6.365475], [-75.442897, 6.365803], [-75.443417, 6.366159], [-75.44348, 6.366281], [-75.442549, 6.366381], [-75.441906, 6.366316], [-75.441638, 6.365734], [-75.441474, 6.365585], [-75.440515, 6.366325], [-75.440253, 6.366686], [-75.439266, 6.366871], [-75.438946, 6.367063], [-75.43879, 6.367354], [-75.438806, 6.368691], [-75.438893, 6.369017], [-75.439506, 6.36923], [-75.439882, 6.369575], [-75.440332, 6.369698], [-75.440458, 6.369872], [-75.440518, 6.370634], [-75.440413, 6.371287], [-75.440431, 6.372147], [-75.440637, 6.372713], [-75.441243, 6.372755], [-75.441814, 6.37266], [-75.44218, 6.371843], [-75.442433, 6.371602], [-75.442887, 6.371569], [-75.443226, 6.371816], [-75.443463, 6.371747], [-75.443437, 6.370382], [-75.443621, 6.369723], [-75.443887, 6.369735], [-75.444071, 6.369938], [-75.444643, 6.369742], [-75.445413, 6.369623], [-75.445505, 6.369402], [-75.445464, 6.369234], [-75.444765, 6.36897], [-75.444737, 6.367932], [-75.44487, 6.367338], [-75.445089, 6.367388], [-75.445235, 6.367595], [-75.445065, 6.368384], [-75.445701, 6.368636], [-75.445585, 6.369207], [-75.446188, 6.369618], [-75.446334, 6.369812], [-75.446515, 6.369813], [-75.44698, 6.369527], [-75.447306, 6.369205], [-75.447393, 6.368161], [-75.447544, 6.367721], [-75.447781, 6.367569], [-75.448582, 6.367399], [-75.44864, 6.366565], [-75.448785, 6.366167], [-75.449555, 6.365976], [-75.449677, 6.365017], [-75.449796, 6.364741], [-75.450015, 6.364557], [-75.450331, 6.364464], [-75.451318, 6.36449], [-75.451682, 6.364593], [-75.45187, 6.364513], [-75.452257, 6.363792], [-75.452242, 6.362977], [-75.452081, 6.362801], [-75.451363, 6.362667], [-75.45119, 6.362266], [-75.451207, 6.36171], [-75.451304, 6.361459], [-75.451382, 6.361447], [-75.451818, 6.361894], [-75.452033, 6.361864], [-75.452088, 6.361493], [-75.451976, 6.360983], [-75.452079, 6.359887], [-75.452249, 6.359626], [-75.452729, 6.359387], [-75.452944, 6.358938], [-75.453168, 6.35877], [-75.453249, 6.358525], [-75.45321, 6.358265]], [[-75.438985, 6.358164], [-75.438882, 6.358382], [-75.438939, 6.358539], [-75.43917, 6.358796], [-75.439391, 6.358811], [-75.439498, 6.358598], [-75.439432, 6.358139], [-75.439224, 6.358061], [-75.438985, 6.358164]], [[-75.439421, 6.359609], [-75.439225, 6.359757], [-75.439322, 6.360042], [-75.439567, 6.359967], [-75.439677, 6.359836], [-75.439602, 6.359679], [-75.439421, 6.359609]], [[-75.439781, 6.363931], [-75.439652, 6.364037], [-75.439637, 6.364288], [-75.439893, 6.364873], [-75.440346, 6.365114], [-75.440735, 6.365036], [-75.441218, 6.364675], [-75.441404, 6.364363], [-75.441317, 6.36248], [-75.441377, 6.362189], [-75.441789, 6.362404], [-75.442098, 6.362437], [-75.442596, 6.361806], [-75.442786, 6.361357], [-75.443096, 6.361144], [-75.443469, 6.360712], [-75.443607, 6.36082], [-75.443849, 6.361382], [-75.444738, 6.361195], [-75.444528, 6.360129], [-75.44461, 6.359127], [-75.444778, 6.358828], [-75.444687, 6.358503], [-75.444182, 6.358299], [-75.443243, 6.35851], [-75.443076, 6.358618], [-75.442908, 6.358962], [-75.442646, 6.359056], [-75.442283, 6.359412], [-75.44205, 6.359477], [-75.441706, 6.359268], [-75.441443, 6.358375], [-75.441281, 6.358093], [-75.441018, 6.358038], [-75.440723, 6.358188], [-75.440598, 6.358485], [-75.440714, 6.359162], [-75.441547, 6.359822], [-75.4424, 6.35992], [-75.442601, 6.360119], [-75.442623, 6.360308], [-75.442317, 6.360474], [-75.441576, 6.360535], [-75.441122, 6.361427], [-75.441116, 6.361732], [-75.440778, 6.361064], [-75.440369, 6.361122], [-75.440046, 6.361015], [-75.439876, 6.361097], [-75.439754, 6.361608], [-75.439997, 6.362369], [-75.440198, 6.362572], [-75.440399, 6.362593], [-75.440591, 6.362073], [-75.440782, 6.361977], [-75.441017, 6.362218], [-75.441074, 6.362734], [-75.440998, 6.363266], [-75.440832, 6.363563], [-75.440391, 6.363807], [-75.439781, 6.363931]], [[-75.441241, 6.357474], [-75.441261, 6.357264], [-75.441076, 6.357156], [-75.440597, 6.357128], [-75.440439, 6.357278], [-75.440465, 6.357523], [-75.440609, 6.357632], [-75.440976, 6.357602], [-75.441241, 6.357474]], [[-75.447683, 6.354364], [-75.447364, 6.353629], [-75.447212, 6.353561], [-75.446622, 6.353701], [-75.445093, 6.353742], [-75.444762, 6.35383], [-75.444583, 6.354095], [-75.443839, 6.35412], [-75.443666, 6.354022], [-75.443641, 6.353715], [-75.443372, 6.353552], [-75.443163, 6.353281], [-75.442821, 6.353261], [-75.442695, 6.353646], [-75.442856, 6.354136], [-75.442095, 6.35433], [-75.44196, 6.354504], [-75.441922, 6.356672], [-75.441864, 6.357194], [-75.441765, 6.357355], [-75.441825, 6.35765], [-75.441744, 6.358062], [-75.441855, 6.358558], [-75.442132, 6.358658], [-75.442718, 6.358321], [-75.443674, 6.358193], [-75.443985, 6.357618], [-75.444637, 6.357527], [-75.444893, 6.357025], [-75.444811, 6.356132], [-75.445067, 6.355975], [-75.445717, 6.355894], [-75.445813, 6.355322], [-75.445988, 6.355074], [-75.447546, 6.354777], [-75.447663, 6.354652], [-75.447683, 6.354364]], [[-75.446, 6.372069], [-75.445861, 6.371667], [-75.445685, 6.371602], [-75.444768, 6.372374], [-75.444356, 6.372149], [-75.444143, 6.372183], [-75.444003, 6.372364], [-75.443794, 6.373208], [-75.443859, 6.373602], [-75.44413, 6.37385], [-75.44436, 6.373938], [-75.444801, 6.373867], [-75.445335, 6.37306], [-75.445937, 6.372604], [-75.446, 6.372069]], [[-75.446463, 6.347255], [-75.445617, 6.346917], [-75.445383, 6.346901], [-75.445182, 6.347105], [-75.445351, 6.348697], [-75.446638, 6.348725], [-75.446407, 6.348573], [-75.446345, 6.348405], [-75.446499, 6.347519], [-75.446463, 6.347255]], [[-75.445626, 6.358842], [-75.445739, 6.357621], [-75.445448, 6.357971], [-75.445252, 6.358441], [-75.445338, 6.358762], [-75.445499, 6.358964], [-75.445626, 6.358842]], [[-75.450294, 6.35507], [-75.447968, 6.355671], [-75.447337, 6.355301], [-75.447043, 6.355541], [-75.446757, 6.355558], [-75.446454, 6.355274], [-75.446287, 6.355249], [-75.446081, 6.355333], [-75.445955, 6.355565], [-75.4459, 6.356078], [-75.445963, 6.357087], [-75.44642, 6.35755], [-75.446461, 6.357733], [-75.446445, 6.358052], [-75.446226, 6.358534], [-75.446307, 6.359388], [-75.447029, 6.359672], [-75.447439, 6.359936], [-75.448313, 6.359857], [-75.448571, 6.360183], [-75.449301, 6.360105], [-75.449387, 6.359853], [-75.449385, 6.359023], [-75.449272, 6.358492], [-75.449348, 6.357804], [-75.449022, 6.357131], [-75.449326, 6.356686], [-75.449658, 6.356572], [-75.449965, 6.356166], [-75.450171, 6.356105], [-75.450842, 6.356187], [-75.452323, 6.356058], [-75.452558, 6.356699], [-75.452947, 6.356821], [-75.453107, 6.35673], [-75.453089, 6.35633], [-75.452767, 6.356001], [-75.452713, 6.355789], [-75.452303, 6.355704], [-75.452183, 6.355543], [-75.452165, 6.354793], [-75.452307, 6.35427], [-75.451936, 6.353931], [-75.451976, 6.353308], [-75.451736, 6.352669], [-75.451789, 6.351903], [-75.45148, 6.351756], [-75.451394, 6.351571], [-75.451375, 6.351294], [-75.45154, 6.350805], [-75.451283, 6.350693], [-75.45014, 6.350619], [-75.450028, 6.349506], [-75.449714, 6.349215], [-75.448119, 6.349533], [-75.447993, 6.349869], [-75.448009, 6.350831], [-75.448191, 6.351203], [-75.448525, 6.351455], [-75.448571, 6.351768], [-75.448317, 6.352005], [-75.447954, 6.351937], [-75.447664, 6.351992], [-75.447193, 6.352489], [-75.447379, 6.353244], [-75.447525, 6.353405], [-75.44887, 6.353385], [-75.449531, 6.35362], [-75.449635, 6.353751], [-75.449641, 6.353933], [-75.449938, 6.353956], [-75.450138, 6.354185], [-75.450283, 6.354664], [-75.450294, 6.35507]], [[-75.446678, 6.370082], [-75.446396, 6.369959], [-75.446229, 6.370134], [-75.446239, 6.370353], [-75.446434, 6.370681], [-75.446229, 6.37117], [-75.446293, 6.371407], [-75.446678, 6.371267], [-75.446794, 6.370573], [-75.446678, 6.370082]], [[-75.446962, 6.374628], [-75.446982, 6.374729], [-75.447064, 6.374729], [-75.447066, 6.374572], [-75.446962, 6.374628]], [[-75.449281, 6.372824], [-75.449556, 6.371805], [-75.449385, 6.371651], [-75.448408, 6.371601], [-75.447752, 6.371439], [-75.44758, 6.371564], [-75.447608, 6.371929], [-75.448094, 6.372493], [-75.449062, 6.372916], [-75.449281, 6.372824]], [[-75.44924, 6.369266], [-75.449376, 6.368818], [-75.449572, 6.368748], [-75.449805, 6.369154], [-75.450019, 6.369334], [-75.450713, 6.369482], [-75.450941, 6.369622], [-75.452028, 6.369767], [-75.452334, 6.370174], [-75.453265, 6.370429], [-75.453804, 6.371242], [-75.453893, 6.37178], [-75.453828, 6.372318], [-75.453732, 6.372497], [-75.453233, 6.372829], [-75.453388, 6.373133], [-75.453939, 6.373329], [-75.454032, 6.373608], [-75.453945, 6.374241], [-75.453683, 6.374603], [-75.453627, 6.374835], [-75.453653, 6.376031], [-75.453811, 6.376605], [-75.45362, 6.376975], [-75.453681, 6.377874], [-75.453862, 6.378287], [-75.454448, 6.378537], [-75.454692, 6.379041], [-75.454632, 6.379206], [-75.45417, 6.379579], [-75.454189, 6.381296], [-75.455014, 6.381543], [-75.455774, 6.381481], [-75.455942, 6.381589], [-75.456051, 6.381806], [-75.456091, 6.382566], [-75.455926, 6.383313], [-75.454923, 6.384206], [-75.454208, 6.384398], [-75.453779, 6.38471], [-75.453371, 6.384791], [-75.453077, 6.384955], [-75.452785, 6.385333], [-75.452603, 6.385771], [-75.452569, 6.38622], [-75.452654, 6.386389], [-75.453078, 6.386556], [-75.453681, 6.3865], [-75.453985, 6.386235], [-75.454089, 6.385849], [-75.45428, 6.385616], [-75.455724, 6.385339], [-75.456136, 6.384893], [-75.458585, 6.384813], [-75.45896, 6.384669], [-75.459486, 6.384762], [-75.459866, 6.384701], [-75.460006, 6.384396], [-75.459968, 6.384144], [-75.459413, 6.383945], [-75.459054, 6.383399], [-75.457141, 6.383073], [-75.457069, 6.382919], [-75.457126, 6.382648], [-75.457071, 6.382376], [-75.457384, 6.381759], [-75.457479, 6.381219], [-75.457347, 6.380802], [-75.457466, 6.380651], [-75.457867, 6.380485], [-75.457961, 6.380278], [-75.457592, 6.380162], [-75.456783, 6.380214], [-75.45667, 6.37994], [-75.456463, 6.37983], [-75.455358, 6.380172], [-75.45627, 6.379215], [-75.456508, 6.37869], [-75.456328, 6.378584], [-75.455589, 6.37847], [-75.455461, 6.378259], [-75.455604, 6.378053], [-75.456143, 6.377974], [-75.457012, 6.377371], [-75.45768, 6.377185], [-75.457821, 6.376918], [-75.458344, 6.37695], [-75.45935, 6.376695], [-75.460048, 6.376621], [-75.460754, 6.376183], [-75.460744, 6.375767], [-75.460487, 6.375444], [-75.460156, 6.375346], [-75.459723, 6.375443], [-75.459343, 6.375726], [-75.458999, 6.375677], [-75.458866, 6.374811], [-75.458573, 6.374158], [-75.458331, 6.373902], [-75.457937, 6.373709], [-75.457795, 6.373764], [-75.45749, 6.374151], [-75.457088, 6.374221], [-75.457733, 6.37455], [-75.457776, 6.374945], [-75.457682, 6.375422], [-75.457369, 6.376229], [-75.457149, 6.376298], [-75.456892, 6.376089], [-75.456568, 6.375346], [-75.456642, 6.374617], [-75.455861, 6.374372], [-75.455668, 6.374057], [-75.45576, 6.373387], [-75.455957, 6.373099], [-75.455773, 6.371807], [-75.455775, 6.371001], [-75.455895, 6.370794], [-75.456098, 6.370676], [-75.456601, 6.370681], [-75.457008, 6.370514], [-75.457774, 6.370538], [-75.458107, 6.370455], [-75.458478, 6.370199], [-75.458542, 6.369906], [-75.458159, 6.369597], [-75.457515, 6.369493], [-75.457189, 6.368777], [-75.456055, 6.368664], [-75.455699, 6.368439], [-75.455689, 6.367962], [-75.455572, 6.367637], [-75.455877, 6.367504], [-75.456251, 6.36702], [-75.456852, 6.366833], [-75.456398, 6.366583], [-75.456154, 6.366274], [-75.455743, 6.366168], [-75.45527, 6.36617], [-75.454981, 6.366355], [-75.454733, 6.366733], [-75.454344, 6.366916], [-75.454034, 6.367233], [-75.453804, 6.367224], [-75.453604, 6.367108], [-75.453378, 6.367156], [-75.45326, 6.367335], [-75.453154, 6.36793], [-75.453061, 6.367868], [-75.453028, 6.367516], [-75.453064, 6.366256], [-75.453111, 6.366175], [-75.453227, 6.366266], [-75.453402, 6.366648], [-75.453794, 6.366026], [-75.454667, 6.365504], [-75.455185, 6.364677], [-75.455558, 6.364651], [-75.455894, 6.364834], [-75.456147, 6.365271], [-75.456386, 6.365434], [-75.458378, 6.365606], [-75.458775, 6.365783], [-75.458888, 6.36605], [-75.458867, 6.366387], [-75.458605, 6.366811], [-75.458509, 6.367235], [-75.45883, 6.368208], [-75.458947, 6.369095], [-75.459129, 6.369142], [-75.459603, 6.368915], [-75.460435, 6.368894], [-75.46048, 6.368784], [-75.460065, 6.368634], [-75.460838, 6.368546], [-75.460802, 6.367073], [-75.460492, 6.366845], [-75.46137, 6.367142], [-75.461497, 6.366978], [-75.462023, 6.366748], [-75.462133, 6.366245], [-75.462528, 6.366191], [-75.46263, 6.36602], [-75.46262, 6.365871], [-75.462409, 6.365755], [-75.462312, 6.365549], [-75.462003, 6.365608], [-75.461774, 6.365479], [-75.461607, 6.364933], [-75.461048, 6.364472], [-75.461206, 6.364216], [-75.461526, 6.364125], [-75.461645, 6.363968], [-75.461269, 6.363157], [-75.461463, 6.362447], [-75.461531, 6.361563], [-75.461652, 6.361329], [-75.461937, 6.361114], [-75.461568, 6.360783], [-75.461106, 6.360524], [-75.460656, 6.360076], [-75.459542, 6.359553], [-75.459197, 6.359095], [-75.458966, 6.35857], [-75.458836, 6.358085], [-75.458825, 6.357577], [-75.458108, 6.357301], [-75.457179, 6.356614], [-75.456985, 6.356293], [-75.45699, 6.356094], [-75.457291, 6.355772], [-75.457334, 6.355401], [-75.457624, 6.354955], [-75.457829, 6.354281], [-75.457971, 6.354165], [-75.458366, 6.354066], [-75.458855, 6.354329], [-75.459583, 6.354229], [-75.46058, 6.3546], [-75.46078, 6.355013], [-75.460892, 6.356606], [-75.460981, 6.356924], [-75.461136, 6.356898], [-75.461199, 6.356672], [-75.461352, 6.356576], [-75.461758, 6.3566], [-75.462009, 6.356819], [-75.462118, 6.357388], [-75.461931, 6.357652], [-75.461878, 6.35792], [-75.462071, 6.35841], [-75.462058, 6.359139], [-75.462187, 6.360353], [-75.462383, 6.360729], [-75.462416, 6.361042], [-75.462559, 6.361075], [-75.462922, 6.360532], [-75.462845, 6.360356], [-75.462509, 6.360132], [-75.46249, 6.359927], [-75.463081, 6.358684], [-75.463542, 6.35833], [-75.463718, 6.358332], [-75.463903, 6.35847], [-75.464291, 6.358313], [-75.464504, 6.358066], [-75.464663, 6.35738], [-75.46478, 6.357227], [-75.465019, 6.357243], [-75.465194, 6.357561], [-75.465425, 6.357619], [-75.465928, 6.356925], [-75.465948, 6.356392], [-75.465827, 6.35595], [-75.465584, 6.355943], [-75.465263, 6.356144], [-75.46506, 6.355972], [-75.464588, 6.355894], [-75.464469, 6.35576], [-75.464376, 6.355362], [-75.463934, 6.355277], [-75.46372, 6.355057], [-75.463436, 6.354964], [-75.463372, 6.354836], [-75.463459, 6.354579], [-75.463847, 6.354196], [-75.464278, 6.354405], [-75.464568, 6.354207], [-75.465095, 6.354034], [-75.465244, 6.353474], [-75.465217, 6.352913], [-75.465092, 6.352634], [-75.464832, 6.35261], [-75.464533, 6.35279], [-75.46423, 6.352766], [-75.463803, 6.352646], [-75.463588, 6.352401], [-75.463433, 6.352356], [-75.463068, 6.352536], [-75.462655, 6.352987], [-75.462211, 6.352675], [-75.46182, 6.352945], [-75.461481, 6.353607], [-75.461262, 6.353682], [-75.461045, 6.353643], [-75.460867, 6.352779], [-75.459899, 6.352706], [-75.459591, 6.352477], [-75.459736, 6.351744], [-75.460286, 6.351197], [-75.460596, 6.350596], [-75.460634, 6.349843], [-75.460572, 6.349703], [-75.460466, 6.349674], [-75.459734, 6.349692], [-75.459368, 6.349841], [-75.459362, 6.350699], [-75.459264, 6.351236], [-75.458989, 6.351602], [-75.458524, 6.351852], [-75.458148, 6.351894], [-75.457953, 6.351824], [-75.457759, 6.351604], [-75.457445, 6.351429], [-75.457419, 6.351247], [-75.457547, 6.351], [-75.457162, 6.350903], [-75.457016, 6.350974], [-75.456862, 6.351392], [-75.45674, 6.352298], [-75.456152, 6.352215], [-75.45601, 6.352342], [-75.455854, 6.35273], [-75.455739, 6.352784], [-75.455166, 6.352728], [-75.454844, 6.352577], [-75.454636, 6.351738], [-75.453954, 6.351599], [-75.452917, 6.351873], [-75.452682, 6.351718], [-75.452515, 6.35173], [-75.45265, 6.352024], [-75.452947, 6.351992], [-75.453154, 6.352144], [-75.453565, 6.353041], [-75.453606, 6.353645], [-75.453252, 6.354323], [-75.453273, 6.355146], [-75.453468, 6.355491], [-75.453846, 6.355797], [-75.454073, 6.356306], [-75.454403, 6.356529], [-75.454523, 6.35673], [-75.454671, 6.357362], [-75.454685, 6.358051], [-75.454445, 6.358493], [-75.454584, 6.358659], [-75.454988, 6.358762], [-75.455115, 6.358967], [-75.455003, 6.360302], [-75.45492, 6.360456], [-75.454753, 6.360492], [-75.454521, 6.360348], [-75.454344, 6.360105], [-75.454174, 6.360094], [-75.453855, 6.360308], [-75.453701, 6.360662], [-75.453754, 6.362259], [-75.454404, 6.362366], [-75.454534, 6.362518], [-75.454491, 6.362749], [-75.454176, 6.362906], [-75.453519, 6.362956], [-75.453339, 6.362867], [-75.453102, 6.362538], [-75.452959, 6.362565], [-75.453011, 6.363354], [-75.452535, 6.363698], [-75.452417, 6.364285], [-75.452043, 6.364898], [-75.451712, 6.365157], [-75.45132, 6.365302], [-75.451083, 6.365944], [-75.45084, 6.366131], [-75.450417, 6.36623], [-75.449858, 6.367139], [-75.449792, 6.367606], [-75.449594, 6.36803], [-75.449698, 6.368308], [-75.449668, 6.368463], [-75.449468, 6.368544], [-75.449307, 6.368438], [-75.449049, 6.368567], [-75.448297, 6.369381], [-75.448398, 6.369849], [-75.448722, 6.369989], [-75.448831, 6.370514], [-75.449391, 6.370722], [-75.449663, 6.371021], [-75.44969, 6.370049], [-75.449524, 6.36971], [-75.449291, 6.369555], [-75.44924, 6.369266]], [[-75.45339, 6.37095], [-75.453097, 6.370766], [-75.452365, 6.370669], [-75.451844, 6.370029], [-75.450888, 6.369867], [-75.450724, 6.370044], [-75.450581, 6.370882], [-75.450003, 6.371337], [-75.449791, 6.371783], [-75.449968, 6.371926], [-75.451195, 6.371964], [-75.451562, 6.37213], [-75.4517, 6.372432], [-75.451719, 6.373571], [-75.45187, 6.373784], [-75.452057, 6.373843], [-75.452348, 6.373567], [-75.452312, 6.372956], [-75.452426, 6.371549], [-75.452697, 6.371278], [-75.453061, 6.371357], [-75.453355, 6.371296], [-75.453448, 6.371103], [-75.45339, 6.37095]], [[-75.460922, 6.387353], [-75.460702, 6.385948], [-75.460497, 6.385602], [-75.460124, 6.385538], [-75.459728, 6.385688], [-75.45819, 6.385791], [-75.458096, 6.385693], [-75.458038, 6.385052], [-75.457833, 6.384902], [-75.456334, 6.384967], [-75.455965, 6.385596], [-75.454552, 6.38577], [-75.454439, 6.386268], [-75.45427, 6.386534], [-75.453661, 6.3868], [-75.453044, 6.386856], [-75.452397, 6.386789], [-75.452118, 6.386528], [-75.452158, 6.38602], [-75.452328, 6.385624], [-75.452295, 6.384898], [-75.450985, 6.384929], [-75.450825, 6.38501], [-75.450787, 6.385148], [-75.450559, 6.387113], [-75.450638, 6.387594], [-75.450881, 6.387717], [-75.452564, 6.387824], [-75.452636, 6.389551], [-75.452719, 6.389766], [-75.453135, 6.389973], [-75.45348, 6.389855], [-75.453632, 6.389605], [-75.453788, 6.388936], [-75.454126, 6.388752], [-75.454621, 6.388145], [-75.454978, 6.388148], [-75.455549, 6.388388], [-75.45664, 6.388474], [-75.457123, 6.388982], [-75.457339, 6.389685], [-75.457559, 6.39001], [-75.457765, 6.391015], [-75.458166, 6.391407], [-75.458318, 6.391766], [-75.459308, 6.391769], [-75.459628, 6.391659], [-75.459469, 6.390623], [-75.459518, 6.389057], [-75.459774, 6.388712], [-75.46037, 6.388601], [-75.460719, 6.388403], [-75.460864, 6.388057], [-75.460922, 6.387353]], [[-75.454154, 6.378775], [-75.45286, 6.378213], [-75.452297, 6.378841], [-75.45215, 6.379183], [-75.451655, 6.379518], [-75.45162, 6.379729], [-75.45178, 6.379883], [-75.452262, 6.379778], [-75.452759, 6.37994], [-75.45358, 6.379899], [-75.453722, 6.379799], [-75.453879, 6.379341], [-75.454191, 6.379083], [-75.454154, 6.378775]], [[-75.453451, 6.376064], [-75.452901, 6.375771], [-75.452442, 6.375897], [-75.451993, 6.375806], [-75.451793, 6.375919], [-75.451709, 6.376123], [-75.451838, 6.37626], [-75.452028, 6.376295], [-75.452502, 6.376229], [-75.453368, 6.376281], [-75.453451, 6.376064]], [[-75.454215, 6.349849], [-75.454065, 6.348882], [-75.453891, 6.348528], [-75.452773, 6.348477], [-75.452466, 6.348555], [-75.452258, 6.348697], [-75.452149, 6.348903], [-75.452186, 6.349599], [-75.452489, 6.350253], [-75.454101, 6.350341], [-75.454367, 6.350103], [-75.454215, 6.349849]], [[-75.454833, 6.382207], [-75.454641, 6.381722], [-75.453322, 6.381858], [-75.452939, 6.38205], [-75.452675, 6.38236], [-75.452531, 6.382788], [-75.452356, 6.384579], [-75.45241, 6.384724], [-75.452647, 6.384766], [-75.453684, 6.384273], [-75.45393, 6.38365], [-75.454236, 6.383328], [-75.454397, 6.383016], [-75.4548, 6.382777], [-75.454833, 6.382207]], [[-75.452897, 6.350504], [-75.452281, 6.350593], [-75.452244, 6.351015], [-75.452351, 6.351185], [-75.452816, 6.351255], [-75.452967, 6.351017], [-75.45346, 6.350829], [-75.453452, 6.350638], [-75.453342, 6.350552], [-75.452897, 6.350504]], [[-75.455296, 6.351547], [-75.455438, 6.351444], [-75.45546, 6.351259], [-75.455403, 6.351109], [-75.455225, 6.351035], [-75.455062, 6.351138], [-75.455, 6.351388], [-75.455106, 6.351519], [-75.455296, 6.351547]], [[-75.456946, 6.374727], [-75.45682, 6.374962], [-75.456789, 6.375327], [-75.456864, 6.375447], [-75.457103, 6.375504], [-75.457309, 6.375341], [-75.457319, 6.374788], [-75.457139, 6.374621], [-75.456946, 6.374727]], [[-75.456754, 6.348699], [-75.457098, 6.348407], [-75.457036, 6.348203], [-75.456742, 6.348483], [-75.456754, 6.348699]], [[-75.458297, 6.371818], [-75.457968, 6.371668], [-75.457424, 6.371708], [-75.45721, 6.371858], [-75.457195, 6.372171], [-75.457479, 6.372334], [-75.458211, 6.372327], [-75.458326, 6.372115], [-75.458297, 6.371818]], [[-75.457967, 6.367003], [-75.458039, 6.366972], [-75.458044, 6.366817], [-75.457919, 6.366558], [-75.457842, 6.366778], [-75.457967, 6.367003]], [[-75.459125, 6.349114], [-75.459188, 6.348663], [-75.458837, 6.348166], [-75.458547, 6.348032], [-75.45825, 6.348125], [-75.458115, 6.348393], [-75.458095, 6.348743], [-75.45819, 6.349047], [-75.458361, 6.34923], [-75.458271, 6.349881], [-75.458433, 6.35041], [-75.458561, 6.35044], [-75.458699, 6.350336], [-75.458887, 6.349505], [-75.459125, 6.349114]], [[-75.463556, 6.36995], [-75.463288, 6.370423], [-75.463162, 6.370482], [-75.462965, 6.370427], [-75.462809, 6.37011], [-75.462611, 6.370536], [-75.462338, 6.370555], [-75.462138, 6.370405], [-75.46206, 6.370105], [-75.461958, 6.370442], [-75.460957, 6.370547], [-75.460774, 6.370366], [-75.460921, 6.369954], [-75.460539, 6.369612], [-75.459873, 6.36959], [-75.459029, 6.369435], [-75.4589, 6.369627], [-75.45904, 6.369947], [-75.459053, 6.370222], [-75.458695, 6.370967], [-75.458635, 6.37141], [-75.458797, 6.371604], [-75.459598, 6.371681], [-75.459815, 6.371789], [-75.459848, 6.372126], [-75.459341, 6.372539], [-75.459571, 6.372886], [-75.459717, 6.372852], [-75.460079, 6.372425], [-75.46061, 6.372384], [-75.460724, 6.372798], [-75.460521, 6.373396], [-75.460575, 6.373817], [-75.46068, 6.373763], [-75.460801, 6.373475], [-75.460989, 6.373417], [-75.461179, 6.373525], [-75.46136, 6.37387], [-75.461401, 6.373317], [-75.461648, 6.372882], [-75.461457, 6.37268], [-75.461469, 6.372465], [-75.461755, 6.372366], [-75.462378, 6.372345], [-75.462661, 6.372428], [-75.462807, 6.372583], [-75.462984, 6.373169], [-75.463254, 6.373156], [-75.463672, 6.373407], [-75.464074, 6.373417], [-75.464449, 6.37395], [-75.464765, 6.374149], [-75.465264, 6.373932], [-75.465341, 6.373818], [-75.464817, 6.373327], [-75.46466, 6.372619], [-75.464363, 6.37274], [-75.464139, 6.372296], [-75.46431, 6.371458], [-75.464464, 6.371361], [-75.464673, 6.371406], [-75.46473, 6.371316], [-75.464783, 6.370345], [-75.4647, 6.369837], [-75.464619, 6.369769], [-75.46424, 6.369898], [-75.463556, 6.36995]], [[-75.461098, 6.391578], [-75.460647, 6.391685], [-75.460608, 6.391877], [-75.460687, 6.392043], [-75.460998, 6.392152], [-75.461428, 6.392059], [-75.461502, 6.391885], [-75.461466, 6.391667], [-75.461098, 6.391578]], [[-75.461124, 6.369213], [-75.461225, 6.369244], [-75.461304, 6.369236], [-75.461123, 6.369104], [-75.461124, 6.369213]], [[-75.462192, 6.37475], [-75.463011, 6.374679], [-75.462528, 6.374607], [-75.462167, 6.374453], [-75.462001, 6.374484], [-75.461851, 6.374637], [-75.462192, 6.37475]], [[-75.462587, 6.363717], [-75.462384, 6.363656], [-75.46216, 6.363788], [-75.462059, 6.363983], [-75.462141, 6.364237], [-75.462387, 6.364324], [-75.462553, 6.364248], [-75.462631, 6.363953], [-75.462587, 6.363717]], [[-75.463834, 6.36871], [-75.464122, 6.368288], [-75.463593, 6.367976], [-75.463439, 6.367359], [-75.463224, 6.367213], [-75.463049, 6.367289], [-75.462925, 6.367493], [-75.462972, 6.368318], [-75.462833, 6.36839], [-75.462309, 6.368342], [-75.46214, 6.368528], [-75.462263, 6.368703], [-75.462674, 6.368812], [-75.462997, 6.368711], [-75.463259, 6.36899], [-75.463509, 6.368943], [-75.463834, 6.36871]], [[-75.462291, 6.37574], [-75.462569, 6.375769], [-75.462594, 6.375713], [-75.462291, 6.37574]], [[-75.4626, 6.363203], [-75.462952, 6.36304], [-75.462989, 6.36288], [-75.462863, 6.362768], [-75.462579, 6.362751], [-75.462535, 6.363148], [-75.4626, 6.363203]], [[-75.463598, 6.362281], [-75.4637, 6.361801], [-75.463562, 6.361773], [-75.46325, 6.361968], [-75.463137, 6.362204], [-75.463255, 6.362287], [-75.463598, 6.362281]], [[-75.463505, 6.375798], [-75.463774, 6.375636], [-75.463712, 6.37547], [-75.463571, 6.37542], [-75.463447, 6.375486], [-75.463376, 6.375776], [-75.463505, 6.375798]], [[-75.464713, 6.362757], [-75.46404, 6.362907], [-75.463843, 6.363329], [-75.463619, 6.363494], [-75.463795, 6.364147], [-75.463685, 6.364362], [-75.46346, 6.364536], [-75.463467, 6.36467], [-75.46385, 6.364687], [-75.464363, 6.364938], [-75.464553, 6.364796], [-75.465158, 6.363545], [-75.465039, 6.363267], [-75.465047, 6.362826], [-75.464713, 6.362757]], [[-75.463753, 6.374159], [-75.463891, 6.374137], [-75.463914, 6.374051], [-75.463654, 6.37402], [-75.463753, 6.374159]], [[-75.464622, 6.360205], [-75.464832, 6.359904], [-75.464727, 6.359813], [-75.464279, 6.359839], [-75.46413, 6.359924], [-75.463946, 6.360269], [-75.464075, 6.360363], [-75.464331, 6.360355], [-75.464622, 6.360205]], [[-75.465774, 6.361863], [-75.465568, 6.361833], [-75.465365, 6.362054], [-75.465379, 6.362428], [-75.465595, 6.36262], [-75.465807, 6.36255], [-75.46594, 6.362293], [-75.465949, 6.362049], [-75.465774, 6.361863]], [[-75.466736, 6.382229], [-75.466588, 6.382172], [-75.466089, 6.382231], [-75.465996, 6.382112], [-75.465969, 6.38176], [-75.465729, 6.381689], [-75.465582, 6.381958], [-75.465485, 6.382501], [-75.465524, 6.383079], [-75.465624, 6.383264], [-75.465826, 6.383264], [-75.466027, 6.383094], [-75.466854, 6.382735], [-75.466915, 6.382468], [-75.466736, 6.382229]], [[-75.46603, 6.370791], [-75.465963, 6.370651], [-75.465748, 6.370555], [-75.465558, 6.370602], [-75.465489, 6.370712], [-75.465561, 6.371018], [-75.465732, 6.371162], [-75.465924, 6.371091], [-75.46603, 6.370791]], [[-75.466209, 6.374543], [-75.466271, 6.373998], [-75.46617, 6.373469], [-75.465931, 6.374083], [-75.465638, 6.374299], [-75.465572, 6.374492], [-75.465634, 6.374559], [-75.465853, 6.374493], [-75.466118, 6.374594], [-75.466209, 6.374543]], [[-75.4666, 6.386451], [-75.465707, 6.386433], [-75.465796, 6.386607], [-75.466104, 6.386747], [-75.466635, 6.386791], [-75.466926, 6.386728], [-75.46682, 6.386554], [-75.4666, 6.386451]], [[-75.466563, 6.371449], [-75.467271, 6.370944], [-75.466602, 6.370853], [-75.466418, 6.370882], [-75.466299, 6.371074], [-75.46643, 6.371355], [-75.466563, 6.371449]], [[-75.466671, 6.371992], [-75.466531, 6.371937], [-75.466464, 6.372021], [-75.466549, 6.372053], [-75.466671, 6.371992]], [[-75.467468, 6.361024], [-75.467687, 6.361176], [-75.467609, 6.360782], [-75.467337, 6.360715], [-75.467468, 6.361024]], [[-75.46745, 6.372044], [-75.467753, 6.371891], [-75.467758, 6.371857], [-75.467474, 6.371892], [-75.46745, 6.372044]], [[-75.467513, 6.372851], [-75.467621, 6.372801], [-75.467495, 6.372726], [-75.467462, 6.372784], [-75.467513, 6.372851]], [[-75.470107, 6.371791], [-75.469719, 6.371643], [-75.469548, 6.371909], [-75.469531, 6.372172], [-75.469787, 6.372297], [-75.470181, 6.372155], [-75.470277, 6.371994], [-75.470107, 6.371791]], [[-75.475515, 6.367126], [-75.475383, 6.366934], [-75.475356, 6.366478], [-75.475036, 6.366012], [-75.474567, 6.365826], [-75.474197, 6.365369], [-75.47368, 6.365254], [-75.473579, 6.364701], [-75.473427, 6.364704], [-75.473166, 6.364946], [-75.473189, 6.365882], [-75.473085, 6.366513], [-75.472917, 6.366647], [-75.472578, 6.366568], [-75.472203, 6.366742], [-75.472342, 6.36728], [-75.472115, 6.367685], [-75.47203, 6.368524], [-75.47152, 6.369028], [-75.471314, 6.369363], [-75.471328, 6.369754], [-75.471446, 6.370089], [-75.471725, 6.370434], [-75.471912, 6.370451], [-75.472486, 6.369451], [-75.47277, 6.369187], [-75.47312, 6.369031], [-75.473285, 6.368669], [-75.47348, 6.368513], [-75.475251, 6.368627], [-75.475466, 6.368677], [-75.475776, 6.368901], [-75.476103, 6.368861], [-75.476578, 6.368621], [-75.476528, 6.368484], [-75.476161, 6.368327], [-75.475935, 6.367935], [-75.475996, 6.3677], [-75.476292, 6.36728], [-75.476121, 6.367189], [-75.475515, 6.367126]], [[-75.475331, 6.36912], [-75.474081, 6.369103], [-75.474055, 6.369413], [-75.474128, 6.369515], [-75.474829, 6.369671], [-75.475072, 6.36955], [-75.475398, 6.369221], [-75.475331, 6.36912]], [[-75.474712, 6.364551], [-75.474904, 6.364402], [-75.474697, 6.36325], [-75.474577, 6.363037], [-75.474534, 6.364505], [-75.474712, 6.364551]], [[-75.475341, 6.364419], [-75.475621, 6.364441], [-75.475636, 6.364332], [-75.475421, 6.364354], [-75.475341, 6.364419]], [[-75.479535, 6.362938], [-75.479412, 6.362596], [-75.479012, 6.362197], [-75.478683, 6.362179], [-75.478367, 6.362482], [-75.478005, 6.362663], [-75.477875, 6.362914], [-75.47756, 6.363063], [-75.477485, 6.363308], [-75.477535, 6.363599], [-75.477656, 6.363819], [-75.478004, 6.364029], [-75.47819, 6.364349], [-75.478425, 6.364349], [-75.479322, 6.3639], [-75.479535, 6.362938]], [[-75.47875, 6.368206], [-75.477873, 6.368158], [-75.477707, 6.368313], [-75.477712, 6.368723], [-75.477792, 6.369023], [-75.47817, 6.369289], [-75.478704, 6.369187], [-75.479162, 6.368868], [-75.479114, 6.368724], [-75.478819, 6.368466], [-75.47875, 6.368206]], [[-75.47964, 6.370739], [-75.479292, 6.370562], [-75.479002, 6.370658], [-75.478986, 6.371213], [-75.479082, 6.371477], [-75.479246, 6.371617], [-75.479636, 6.371625], [-75.479856, 6.371281], [-75.479901, 6.371007], [-75.47964, 6.370739]], [[-75.482282, 6.366979], [-75.481986, 6.365464], [-75.481879, 6.365246], [-75.481506, 6.365214], [-75.480978, 6.365459], [-75.480894, 6.365876], [-75.481128, 6.366876], [-75.481909, 6.366944], [-75.482042, 6.367208], [-75.482216, 6.367229], [-75.482282, 6.366979]], [[-75.481678, 6.371275], [-75.481765, 6.371884], [-75.48185, 6.371952], [-75.481915, 6.371532], [-75.481855, 6.370799], [-75.481709, 6.370835], [-75.481678, 6.371275]], [[-75.482281, 6.372216], [-75.482318, 6.372314], [-75.482501, 6.372355], [-75.482867, 6.37227], [-75.48283, 6.372172], [-75.482646, 6.372131], [-75.482281, 6.372216]]], [[[-75.443544, 6.376253], [-75.44348, 6.376168], [-75.443485, 6.375835], [-75.443508, 6.376083], [-75.443544, 6.376253]]], [[[-75.455086, 6.393788], [-75.454976, 6.395859], [-75.454701, 6.396248], [-75.454594, 6.396627], [-75.454442, 6.396706], [-75.453771, 6.396685], [-75.453223, 6.396337], [-75.452397, 6.396153], [-75.452142, 6.395832], [-75.452206, 6.395388], [-75.451871, 6.394994], [-75.451513, 6.394734], [-75.451013, 6.394589], [-75.45077, 6.394422], [-75.450667, 6.394134], [-75.450786, 6.393421], [-75.45095, 6.393096], [-75.45122, 6.393088], [-75.451622, 6.393457], [-75.451793, 6.394017], [-75.452647, 6.39401], [-75.452945, 6.394366], [-75.453007, 6.39468], [-75.453394, 6.394843], [-75.453607, 6.394775], [-75.453541, 6.394128], [-75.453688, 6.393636], [-75.454974, 6.393693], [-75.455086, 6.393788]], [[-75.454225, 6.395375], [-75.453674, 6.395335], [-75.453551, 6.395596], [-75.45358, 6.395849], [-75.454064, 6.395941], [-75.454449, 6.395891], [-75.4545, 6.39559], [-75.454225, 6.395375]]], [[[-75.453357, 6.392153], [-75.454119, 6.392052], [-75.454201, 6.392391], [-75.454469, 6.392839], [-75.453598, 6.393383], [-75.453462, 6.393363], [-75.45321, 6.393082], [-75.45302, 6.39302], [-75.452895, 6.393561], [-75.452625, 6.393754], [-75.452398, 6.39377], [-75.452203, 6.393589], [-75.452145, 6.393373], [-75.452306, 6.392841], [-75.452488, 6.392661], [-75.452737, 6.392629], [-75.452968, 6.392307], [-75.453357, 6.392153]], [[-75.453974, 6.392829], [-75.453827, 6.392245], [-75.453519, 6.392217], [-75.453265, 6.392479], [-75.45328, 6.392918], [-75.453482, 6.393049], [-75.453838, 6.393003], [-75.453974, 6.392829]]], [[[-75.409228, 6.390391], [-75.409037, 6.389735], [-75.409155, 6.389575], [-75.409428, 6.389645], [-75.409508, 6.389869], [-75.409455, 6.390512], [-75.409348, 6.390549], [-75.409228, 6.390391]]], [[[-75.407186, 6.383357], [-75.407072, 6.383085], [-75.407046, 6.382851], [-75.4072, 6.383016], [-75.407186, 6.383357]]], [[[-75.474693, 6.383635], [-75.474802, 6.38457], [-75.474959, 6.384891], [-75.474911, 6.385366], [-75.474653, 6.385669], [-75.474168, 6.385896], [-75.473821, 6.386183], [-75.473501, 6.387143], [-75.472752, 6.388213], [-75.472342, 6.388636], [-75.472517, 6.38941], [-75.471919, 6.389921], [-75.472225, 6.390565], [-75.471746, 6.392081], [-75.471394, 6.392529], [-75.470948, 6.392885], [-75.470826, 6.393145], [-75.470607, 6.39326], [-75.470698, 6.393574], [-75.470632, 6.393729], [-75.470392, 6.393869], [-75.47019, 6.393854], [-75.469906, 6.393625], [-75.46976, 6.393145], [-75.469786, 6.392813], [-75.469909, 6.392589], [-75.4698, 6.392302], [-75.469785, 6.391627], [-75.469971, 6.391276], [-75.470326, 6.391148], [-75.470555, 6.390818], [-75.470875, 6.389508], [-75.471142, 6.38903], [-75.471328, 6.388397], [-75.471401, 6.387611], [-75.471323, 6.387085], [-75.471486, 6.386917], [-75.471856, 6.386941], [-75.472041, 6.386645], [-75.471933, 6.386207], [-75.471833, 6.384759], [-75.471432, 6.383503], [-75.471467, 6.383081], [-75.471745, 6.382874], [-75.472164, 6.382893], [-75.472448, 6.383118], [-75.472609, 6.383583], [-75.47314, 6.383659], [-75.473214, 6.383753], [-75.472119, 6.383881], [-75.471942, 6.384059], [-75.471995, 6.384903], [-75.472209, 6.385768], [-75.472253, 6.386954], [-75.472423, 6.387217], [-75.473057, 6.386858], [-75.473248, 6.386199], [-75.473631, 6.385793], [-75.474534, 6.385687], [-75.474782, 6.385417], [-75.474851, 6.385022], [-75.474701, 6.384582], [-75.474597, 6.383806], [-75.473649, 6.383899], [-75.474246, 6.383688], [-75.474693, 6.383635]]], [[[-75.4759, 6.389735], [-75.475831, 6.389362], [-75.475972, 6.389187], [-75.476217, 6.389661], [-75.47626, 6.389944], [-75.476032, 6.389923], [-75.4759, 6.389735]]], [[[-75.476739, 6.390514], [-75.47735, 6.390641], [-75.477583, 6.39085], [-75.477555, 6.390998], [-75.477183, 6.391249], [-75.476788, 6.391195], [-75.476515, 6.390722], [-75.476557, 6.390566], [-75.476739, 6.390514]]], [[[-75.479314, 6.390344], [-75.479709, 6.390368], [-75.479768, 6.39051], [-75.479659, 6.390813], [-75.479679, 6.391171], [-75.479443, 6.39128], [-75.479311, 6.391182], [-75.479233, 6.390477], [-75.479314, 6.390344]]], [[[-75.480577, 6.389088], [-75.480983, 6.389141], [-75.480236, 6.389367], [-75.480322, 6.38915], [-75.480577, 6.389088]]], [[[-75.487634, 6.393921], [-75.487538, 6.394034], [-75.487338, 6.394062], [-75.487188, 6.393979], [-75.487149, 6.393854], [-75.487372, 6.39358], [-75.487582, 6.393742], [-75.487634, 6.393921]]], [[[-75.411092, 6.380743], [-75.411289, 6.380536], [-75.411589, 6.380624], [-75.412413, 6.380604], [-75.41265, 6.380688], [-75.412721, 6.380933], [-75.412373, 6.381423], [-75.411993, 6.381621], [-75.411686, 6.381508], [-75.411244, 6.381154], [-75.411092, 6.380743]]], [[[-75.420659, 6.380607], [-75.420064, 6.380491], [-75.419626, 6.380573], [-75.419255, 6.380477], [-75.419213, 6.380222], [-75.418965, 6.38009], [-75.418844, 6.379733], [-75.418387, 6.379331], [-75.418363, 6.378958], [-75.418782, 6.3787], [-75.418409, 6.378651], [-75.418237, 6.378545], [-75.418193, 6.377884], [-75.419055, 6.377757], [-75.419363, 6.377867], [-75.419502, 6.379476], [-75.419368, 6.380044], [-75.420116, 6.379958], [-75.420408, 6.37939], [-75.420865, 6.379335], [-75.420961, 6.380019], [-75.420918, 6.380485], [-75.420659, 6.380607]]], [[[-75.417511, 6.380871], [-75.416914, 6.380813], [-75.416748, 6.380642], [-75.416755, 6.37968], [-75.416456, 6.378414], [-75.416549, 6.377921], [-75.416736, 6.377747], [-75.417049, 6.377984], [-75.417107, 6.378372], [-75.417715, 6.378602], [-75.417876, 6.378977], [-75.417841, 6.379587], [-75.417702, 6.379691], [-75.417424, 6.379702], [-75.417373, 6.37979], [-75.417734, 6.380019], [-75.41811, 6.380598], [-75.417973, 6.380802], [-75.417511, 6.380871]]], [[[-75.41625, 6.381384], [-75.416105, 6.381505], [-75.415753, 6.381494], [-75.415492, 6.381067], [-75.415069, 6.380942], [-75.414715, 6.380992], [-75.414565, 6.380763], [-75.414643, 6.380603], [-75.415013, 6.380321], [-75.41581, 6.379986], [-75.415958, 6.379756], [-75.416041, 6.379356], [-75.416217, 6.379197], [-75.416415, 6.379283], [-75.416491, 6.379459], [-75.416559, 6.380183], [-75.416509, 6.380499], [-75.416582, 6.380715], [-75.416532, 6.380927], [-75.416316, 6.381117], [-75.41625, 6.381384]]], [[[-75.418505, 6.384474], [-75.418348, 6.38431], [-75.418376, 6.383906], [-75.418306, 6.383686], [-75.4176, 6.383428], [-75.417485, 6.383238], [-75.417531, 6.383078], [-75.418454, 6.38283], [-75.418726, 6.382596], [-75.41935, 6.382464], [-75.420533, 6.382513], [-75.420913, 6.382612], [-75.421048, 6.382751], [-75.42108, 6.383063], [-75.420793, 6.383465], [-75.420557, 6.383614], [-75.420394, 6.384124], [-75.420044, 6.384454], [-75.419712, 6.384569], [-75.419477, 6.384902], [-75.419193, 6.384908], [-75.41889, 6.38454], [-75.418505, 6.384474]], [[-75.41881, 6.383311], [-75.41881, 6.383054], [-75.418675, 6.382978], [-75.418127, 6.382986], [-75.417864, 6.383174], [-75.417917, 6.383382], [-75.418209, 6.383517], [-75.418669, 6.383525], [-75.41881, 6.383311]], [[-75.420082, 6.383039], [-75.420025, 6.382863], [-75.4198, 6.382792], [-75.419584, 6.382847], [-75.41947, 6.383009], [-75.419541, 6.383186], [-75.419713, 6.383274], [-75.419959, 6.383214], [-75.420082, 6.383039]]], [[[-75.417378, 6.373772], [-75.417485, 6.373561], [-75.417774, 6.373566], [-75.418027, 6.373144], [-75.418238, 6.372988], [-75.418559, 6.373044], [-75.419037, 6.373292], [-75.41915, 6.37363], [-75.419028, 6.375], [-75.418598, 6.375233], [-75.418218, 6.375258], [-75.418107, 6.375074], [-75.41811, 6.374261], [-75.417502, 6.374059], [-75.417378, 6.373772]]], [[[-75.419539, 6.389313], [-75.419678, 6.389179], [-75.419856, 6.389197], [-75.42012, 6.389404], [-75.420143, 6.389605], [-75.419994, 6.389724], [-75.419775, 6.389735], [-75.419588, 6.389527], [-75.419539, 6.389313]]], [[[-75.419363, 6.389144], [-75.418653, 6.389168], [-75.418485, 6.388781], [-75.418498, 6.388601], [-75.418589, 6.388524], [-75.418898, 6.388693], [-75.41905, 6.388684], [-75.419036, 6.388314], [-75.418924, 6.388277], [-75.418688, 6.388373], [-75.418568, 6.388057], [-75.418686, 6.387969], [-75.418971, 6.387975], [-75.419285, 6.387751], [-75.419818, 6.387857], [-75.419967, 6.388186], [-75.419832, 6.389037], [-75.419363, 6.389144]]], [[[-75.425464, 6.385269], [-75.425453, 6.386533], [-75.425182, 6.386569], [-75.424986, 6.386399], [-75.424884, 6.386127], [-75.424964, 6.385936], [-75.424968, 6.385462], [-75.425186, 6.385197], [-75.425464, 6.385269]]], [[[-75.436275, 6.359434], [-75.436424, 6.3596], [-75.436368, 6.36001], [-75.436107, 6.360087], [-75.435798, 6.360009], [-75.435746, 6.359751], [-75.43583, 6.359463], [-75.436006, 6.359387], [-75.436275, 6.359434]]], [[[-75.439733, 6.35554], [-75.439522, 6.355713], [-75.439116, 6.35573], [-75.438934, 6.355624], [-75.438869, 6.355365], [-75.43911, 6.355104], [-75.439504, 6.355081], [-75.439761, 6.35532], [-75.439733, 6.35554]]], [[[-75.447926, 6.352494], [-75.448138, 6.352245], [-75.448883, 6.352181], [-75.449286, 6.351985], [-75.448833, 6.351373], [-75.449066, 6.350539], [-75.449519, 6.350573], [-75.449969, 6.351201], [-75.450247, 6.351212], [-75.450475, 6.351372], [-75.450513, 6.351741], [-75.450366, 6.352154], [-75.450057, 6.35259], [-75.449538, 6.352767], [-75.449568, 6.353212], [-75.449425, 6.353386], [-75.449175, 6.353377], [-75.448777, 6.353037], [-75.448072, 6.352874], [-75.447948, 6.352715], [-75.447926, 6.352494]]], [[[-75.462682, 6.3571], [-75.462758, 6.356599], [-75.462937, 6.356378], [-75.462837, 6.35597], [-75.462908, 6.355697], [-75.463516, 6.355615], [-75.463831, 6.355396], [-75.464092, 6.355529], [-75.464278, 6.356026], [-75.464231, 6.356513], [-75.463349, 6.357626], [-75.46315, 6.357745], [-75.462976, 6.357682], [-75.462833, 6.357268], [-75.462682, 6.3571]]], [[[-75.454922, 6.353407], [-75.455673, 6.353695], [-75.455759, 6.353841], [-75.45579, 6.354583], [-75.455723, 6.354792], [-75.455601, 6.354878], [-75.45514, 6.354764], [-75.454996, 6.354547], [-75.454604, 6.354246], [-75.454467, 6.353849], [-75.454461, 6.353603], [-75.454589, 6.353448], [-75.454922, 6.353407]]], [[[-75.451364, 6.410116], [-75.452116, 6.41005], [-75.452091, 6.410477], [-75.451931, 6.410716], [-75.451683, 6.410648], [-75.451338, 6.410298], [-75.451364, 6.410116]]], [[[-75.456953, 6.382318], [-75.456853, 6.382436], [-75.45687, 6.382211], [-75.456953, 6.382318]]], [[[-75.455772, 6.375795], [-75.45558, 6.375657], [-75.455514, 6.375459], [-75.455545, 6.375112], [-75.455673, 6.375007], [-75.456079, 6.375098], [-75.456197, 6.375311], [-75.456111, 6.375708], [-75.455772, 6.375795]]], [[[-75.454825, 6.361013], [-75.455031, 6.360915], [-75.455243, 6.361208], [-75.45556, 6.362182], [-75.455537, 6.362373], [-75.455442, 6.362449], [-75.455097, 6.362378], [-75.454837, 6.362025], [-75.454757, 6.361388], [-75.454825, 6.361013]]], [[[-75.468257, 6.384448], [-75.468396, 6.383651], [-75.468653, 6.383548], [-75.468851, 6.383574], [-75.469042, 6.384695], [-75.469002, 6.384886], [-75.468742, 6.385017], [-75.468376, 6.384945], [-75.468257, 6.384448]]], [[[-75.460073, 6.394199], [-75.459964, 6.394014], [-75.460083, 6.393862], [-75.460449, 6.39382], [-75.460624, 6.393954], [-75.460568, 6.394199], [-75.460073, 6.394199]]], [[[-75.471671, 6.382444], [-75.471533, 6.382785], [-75.471112, 6.38269], [-75.470967, 6.382504], [-75.471072, 6.382313], [-75.47144, 6.382167], [-75.471624, 6.382213], [-75.471671, 6.382444]]], [[[-75.479044, 6.399971], [-75.479162, 6.399003], [-75.479327, 6.398843], [-75.480557, 6.398769], [-75.481216, 6.398895], [-75.481052, 6.399204], [-75.480291, 6.399892], [-75.480859, 6.400037], [-75.481099, 6.40031], [-75.481422, 6.400457], [-75.481573, 6.40081], [-75.481909, 6.401028], [-75.482055, 6.4013], [-75.48265, 6.401493], [-75.482715, 6.401696], [-75.482612, 6.402031], [-75.482831, 6.402358], [-75.482803, 6.4026], [-75.482688, 6.40274], [-75.481507, 6.403329], [-75.481147, 6.403433], [-75.481034, 6.40337], [-75.480888, 6.402889], [-75.481204, 6.402386], [-75.48073, 6.401626], [-75.480435, 6.40151], [-75.479717, 6.401508], [-75.479317, 6.401386], [-75.479316, 6.400831], [-75.479078, 6.400424], [-75.478762, 6.400693], [-75.478503, 6.400768], [-75.478292, 6.40066], [-75.478115, 6.400435], [-75.478079, 6.40025], [-75.478207, 6.400088], [-75.478596, 6.399972], [-75.478928, 6.400026], [-75.479044, 6.399971]], [[-75.481924, 6.401541], [-75.481817, 6.401385], [-75.481559, 6.401274], [-75.481429, 6.401048], [-75.480987, 6.400902], [-75.480792, 6.400138], [-75.480139, 6.400011], [-75.479787, 6.400139], [-75.479831, 6.400488], [-75.480027, 6.400769], [-75.480238, 6.400899], [-75.480364, 6.401261], [-75.48092, 6.401547], [-75.481091, 6.401818], [-75.481328, 6.401919], [-75.481743, 6.401901], [-75.481877, 6.401763], [-75.481924, 6.401541]]], [[[-75.478842, 6.38754], [-75.478583, 6.387239], [-75.478188, 6.387607], [-75.477821, 6.387625], [-75.47767, 6.387499], [-75.477517, 6.386886], [-75.477561, 6.385604], [-75.477846, 6.385501], [-75.478583, 6.385514], [-75.479335, 6.385939], [-75.480088, 6.38611], [-75.480735, 6.385904], [-75.480684, 6.385714], [-75.479756, 6.385068], [-75.479467, 6.383525], [-75.479556, 6.383059], [-75.479791, 6.383355], [-75.480058, 6.38314], [-75.480547, 6.382987], [-75.480748, 6.382776], [-75.480848, 6.382395], [-75.48079, 6.382102], [-75.480487, 6.381694], [-75.479992, 6.381437], [-75.47993, 6.381183], [-75.479997, 6.380864], [-75.480637, 6.380883], [-75.480959, 6.381285], [-75.481244, 6.381378], [-75.481017, 6.38189], [-75.481348, 6.38272], [-75.481892, 6.383092], [-75.481891, 6.38337], [-75.481693, 6.383781], [-75.482379, 6.384203], [-75.48262, 6.384677], [-75.482946, 6.385769], [-75.482929, 6.38614], [-75.482755, 6.386306], [-75.482823, 6.386565], [-75.48215, 6.386747], [-75.481606, 6.386615], [-75.481307, 6.386922], [-75.481034, 6.386924], [-75.480583, 6.387247], [-75.480418, 6.387254], [-75.480184, 6.38703], [-75.479985, 6.387028], [-75.479658, 6.387185], [-75.479402, 6.387521], [-75.478842, 6.38754]]], [[[-75.440685, 6.40755], [-75.440391, 6.406601], [-75.440511, 6.406356], [-75.440929, 6.406193], [-75.441243, 6.406268], [-75.441425, 6.406451], [-75.44156, 6.406795], [-75.442061, 6.407051], [-75.442059, 6.407265], [-75.441857, 6.407579], [-75.441867, 6.407936], [-75.441541, 6.408175], [-75.441232, 6.408252], [-75.440685, 6.40755]], [[-75.441176, 6.407034], [-75.440946, 6.4071], [-75.441021, 6.407386], [-75.44125, 6.407315], [-75.441176, 6.407034]]], [[[-75.433005, 6.410624], [-75.432874, 6.410427], [-75.432842, 6.410092], [-75.432593, 6.40995], [-75.432674, 6.409304], [-75.432071, 6.408645], [-75.432154, 6.408306], [-75.432417, 6.408184], [-75.433504, 6.408224], [-75.433748, 6.40835], [-75.433904, 6.408643], [-75.433872, 6.409089], [-75.433536, 6.409356], [-75.433374, 6.409633], [-75.433763, 6.410162], [-75.433797, 6.410353], [-75.4334, 6.410665], [-75.433005, 6.410624]]], [[[-75.477666, 6.390108], [-75.477636, 6.389843], [-75.477639, 6.389804], [-75.477693, 6.389944], [-75.477666, 6.390108]]], [[[-75.40805, 6.348918], [-75.407979, 6.349209], [-75.408005, 6.35003], [-75.407921, 6.350149], [-75.407813, 6.349885], [-75.407812, 6.348974], [-75.407909, 6.348783], [-75.40805, 6.348918]]], [[[-75.424927, 6.34555], [-75.42472, 6.345846], [-75.424157, 6.346065], [-75.424156, 6.347838], [-75.424061, 6.348349], [-75.423848, 6.348694], [-75.423516, 6.348873], [-75.423064, 6.348886], [-75.422498, 6.348733], [-75.422383, 6.348566], [-75.42227, 6.34774], [-75.422274, 6.346424], [-75.422444, 6.346097], [-75.422895, 6.34603], [-75.423124, 6.345799], [-75.423073, 6.345577], [-75.422902, 6.345441], [-75.422795, 6.344938], [-75.4226, 6.344573], [-75.422599, 6.343498], [-75.422778, 6.342789], [-75.422958, 6.342753], [-75.423196, 6.342533], [-75.423619, 6.342465], [-75.42438, 6.342461], [-75.424873, 6.34262], [-75.424919, 6.343268], [-75.42464, 6.343708], [-75.42472, 6.343898], [-75.424886, 6.343954], [-75.424969, 6.344227], [-75.424927, 6.34555]], [[-75.42462, 6.344178], [-75.4242, 6.342986], [-75.423836, 6.342962], [-75.423782, 6.343105], [-75.423869, 6.343615], [-75.423757, 6.344063], [-75.423226, 6.344252], [-75.423105, 6.344421], [-75.422864, 6.344543], [-75.423121, 6.344787], [-75.423281, 6.345585], [-75.42346, 6.345762], [-75.423705, 6.345781], [-75.423936, 6.345608], [-75.424284, 6.344871], [-75.424613, 6.344466], [-75.42462, 6.344178]], [[-75.423513, 6.347235], [-75.423524, 6.347137], [-75.423445, 6.347109], [-75.42293, 6.347148], [-75.423153, 6.34734], [-75.423513, 6.347235]]], [[[-75.422023, 6.349224], [-75.422123, 6.349597], [-75.422236, 6.349715], [-75.42259, 6.349815], [-75.422839, 6.350111], [-75.422891, 6.35073], [-75.422779, 6.350999], [-75.422555, 6.351186], [-75.422217, 6.351292], [-75.421426, 6.351306], [-75.421085, 6.351176], [-75.421059, 6.350882], [-75.420952, 6.350755], [-75.419948, 6.350722], [-75.419784, 6.351017], [-75.419804, 6.351806], [-75.420182, 6.351923], [-75.42049, 6.352226], [-75.421448, 6.352514], [-75.421584, 6.352981], [-75.421722, 6.353117], [-75.422076, 6.353054], [-75.422196, 6.352731], [-75.422558, 6.352567], [-75.423352, 6.352549], [-75.423694, 6.352669], [-75.423926, 6.352899], [-75.424049, 6.35324], [-75.424063, 6.353692], [-75.424008, 6.354278], [-75.423939, 6.354412], [-75.423711, 6.35454], [-75.423676, 6.354835], [-75.423848, 6.354966], [-75.42466, 6.355056], [-75.42479, 6.355167], [-75.424857, 6.355558], [-75.42474, 6.355857], [-75.424346, 6.35603], [-75.424256, 6.356506], [-75.424052, 6.356778], [-75.423142, 6.356954], [-75.42284, 6.357162], [-75.422337, 6.357245], [-75.422203, 6.35861], [-75.42209, 6.35884], [-75.421539, 6.359173], [-75.421421, 6.359383], [-75.421304, 6.36031], [-75.421196, 6.360611], [-75.42112, 6.360634], [-75.421048, 6.360493], [-75.42104, 6.359521], [-75.420818, 6.359144], [-75.420485, 6.359065], [-75.420057, 6.35918], [-75.419452, 6.359014], [-75.419907, 6.358827], [-75.419994, 6.357416], [-75.420046, 6.357322], [-75.420444, 6.357171], [-75.421772, 6.357001], [-75.421913, 6.356247], [-75.422313, 6.356072], [-75.423155, 6.355966], [-75.423209, 6.355411], [-75.423123, 6.35524], [-75.422919, 6.355143], [-75.422109, 6.355103], [-75.421675, 6.354969], [-75.421578, 6.354834], [-75.42149, 6.35434], [-75.421182, 6.354221], [-75.42088, 6.353873], [-75.419959, 6.35369], [-75.419727, 6.35332], [-75.419645, 6.352556], [-75.419188, 6.352447], [-75.419019, 6.351707], [-75.418543, 6.351563], [-75.418823, 6.35116], [-75.419451, 6.351195], [-75.419629, 6.351103], [-75.419698, 6.350793], [-75.419455, 6.349882], [-75.419793, 6.349653], [-75.420335, 6.348832], [-75.420906, 6.348751], [-75.421693, 6.348893], [-75.421843, 6.348954], [-75.422023, 6.349224]], [[-75.42284, 6.353841], [-75.422993, 6.353144], [-75.422386, 6.353123], [-75.421722, 6.353356], [-75.421651, 6.354138], [-75.42173, 6.354709], [-75.421834, 6.354835], [-75.42225, 6.354947], [-75.422988, 6.354951], [-75.423341, 6.355068], [-75.423592, 6.354308], [-75.423545, 6.353956], [-75.42346, 6.353877], [-75.423241, 6.354262], [-75.423061, 6.354338], [-75.422899, 6.35424], [-75.42284, 6.353841]], [[-75.423233, 6.35322], [-75.423413, 6.353361], [-75.423483, 6.353385], [-75.423394, 6.353212], [-75.423233, 6.35322]]], [[[-75.418564, 6.350923], [-75.418188, 6.350622], [-75.417657, 6.350666], [-75.417071, 6.350866], [-75.416827, 6.350708], [-75.41589, 6.350432], [-75.415221, 6.350586], [-75.412253, 6.35055], [-75.411462, 6.35067], [-75.411317, 6.350866], [-75.41118, 6.351473], [-75.409663, 6.351457], [-75.409562, 6.351416], [-75.409412, 6.350986], [-75.40936, 6.349689], [-75.409451, 6.349373], [-75.409767, 6.349286], [-75.411294, 6.349211], [-75.411969, 6.349014], [-75.412991, 6.348897], [-75.413185, 6.34878], [-75.4133, 6.349008], [-75.413448, 6.350377], [-75.414136, 6.350419], [-75.414327, 6.350345], [-75.414389, 6.350226], [-75.414184, 6.349821], [-75.414182, 6.349348], [-75.414389, 6.349115], [-75.41454, 6.348748], [-75.415536, 6.348442], [-75.41571, 6.348195], [-75.415869, 6.348121], [-75.416595, 6.347994], [-75.417672, 6.348], [-75.417973, 6.348093], [-75.418202, 6.348969], [-75.418597, 6.349111], [-75.418707, 6.349326], [-75.418787, 6.349943], [-75.418615, 6.3504], [-75.418564, 6.350923]], [[-75.415616, 6.349165], [-75.415803, 6.349389], [-75.415988, 6.34927], [-75.415978, 6.34913], [-75.415846, 6.349057], [-75.415658, 6.349061], [-75.415616, 6.349165]]], [[[-75.417416, 6.356073], [-75.417206, 6.355834], [-75.416635, 6.355595], [-75.415907, 6.355569], [-75.415545, 6.355438], [-75.415448, 6.354168], [-75.415537, 6.353973], [-75.415743, 6.353842], [-75.416506, 6.353773], [-75.416843, 6.353854], [-75.417075, 6.354016], [-75.417204, 6.354261], [-75.417294, 6.355032], [-75.417463, 6.355434], [-75.417486, 6.356007], [-75.417416, 6.356073]]], [[[-75.414985, 6.354772], [-75.414712, 6.355458], [-75.414626, 6.355505], [-75.41444, 6.355357], [-75.414248, 6.355381], [-75.414135, 6.35584], [-75.414008, 6.355993], [-75.412689, 6.356109], [-75.412297, 6.35628], [-75.412174, 6.356501], [-75.411964, 6.357521], [-75.41177, 6.357734], [-75.411493, 6.357852], [-75.411132, 6.357877], [-75.410839, 6.357781], [-75.410615, 6.357567], [-75.410201, 6.356181], [-75.409845, 6.35578], [-75.409806, 6.354568], [-75.40988, 6.353922], [-75.410056, 6.353611], [-75.410411, 6.353485], [-75.411512, 6.353559], [-75.412062, 6.353972], [-75.412972, 6.35388], [-75.413761, 6.35395], [-75.413992, 6.354096], [-75.414115, 6.354315], [-75.414174, 6.355007], [-75.414319, 6.355203], [-75.414447, 6.355194], [-75.414805, 6.354929], [-75.414963, 6.354656], [-75.414985, 6.354772]], [[-75.411141, 6.353889], [-75.41065, 6.353925], [-75.410453, 6.354096], [-75.410433, 6.354731], [-75.410211, 6.355684], [-75.410553, 6.355789], [-75.411889, 6.355692], [-75.412285, 6.355902], [-75.412742, 6.35596], [-75.413795, 6.355631], [-75.413859, 6.354753], [-75.413795, 6.354529], [-75.413568, 6.354304], [-75.413281, 6.354214], [-75.412719, 6.354198], [-75.412016, 6.354316], [-75.411575, 6.35398], [-75.411141, 6.353889]]], [[[-75.415724, 6.356115], [-75.416332, 6.356229], [-75.41646, 6.356407], [-75.415999, 6.356801], [-75.415409, 6.356851], [-75.415065, 6.356789], [-75.414597, 6.356325], [-75.414762, 6.356115], [-75.415724, 6.356115]]], [[[-75.411762, 6.392744], [-75.411677, 6.394884], [-75.411311, 6.394454], [-75.411663, 6.394427], [-75.411707, 6.394017], [-75.411616, 6.39283], [-75.411402, 6.391813], [-75.410136, 6.391677], [-75.411219, 6.391646], [-75.411578, 6.391721], [-75.411762, 6.392744]]], [[[-75.414263, 6.361033], [-75.414229, 6.361527], [-75.414156, 6.361669], [-75.4139, 6.36174], [-75.413716, 6.361521], [-75.413679, 6.361301], [-75.413726, 6.360658], [-75.414142, 6.360628], [-75.414263, 6.361033]]], [[[-75.415243, 6.358163], [-75.414703, 6.357775], [-75.414204, 6.357632], [-75.41505, 6.35758], [-75.415259, 6.357768], [-75.415243, 6.358163]]], [[[-75.417359, 6.362989], [-75.417265, 6.363092], [-75.417191, 6.363476], [-75.417069, 6.363599], [-75.416507, 6.363734], [-75.416067, 6.363748], [-75.415734, 6.363645], [-75.415507, 6.363426], [-75.415387, 6.36309], [-75.415389, 6.362291], [-75.415507, 6.36191], [-75.415931, 6.361566], [-75.416836, 6.361503], [-75.417133, 6.361591], [-75.417331, 6.361769], [-75.417431, 6.362038], [-75.417359, 6.362989]], [[-75.416347, 6.361957], [-75.415873, 6.362021], [-75.415739, 6.362146], [-75.415673, 6.36258], [-75.415869, 6.362898], [-75.416324, 6.362978], [-75.416655, 6.362796], [-75.416738, 6.362344], [-75.416678, 6.36215], [-75.416347, 6.361957]]], [[[-75.418098, 6.359955], [-75.417695, 6.360025], [-75.417571, 6.360714], [-75.417482, 6.360814], [-75.417184, 6.360866], [-75.416965, 6.360725], [-75.416817, 6.360073], [-75.416135, 6.360012], [-75.415851, 6.359908], [-75.415706, 6.359295], [-75.415815, 6.359153], [-75.41631, 6.35888], [-75.416611, 6.358323], [-75.417611, 6.35817], [-75.417942, 6.358273], [-75.418164, 6.358491], [-75.418277, 6.358825], [-75.418252, 6.359613], [-75.418098, 6.359955]]], [[[-75.416469, 6.367787], [-75.416359, 6.367787], [-75.416276, 6.367675], [-75.416191, 6.36711], [-75.416216, 6.36632], [-75.416355, 6.365981], [-75.416467, 6.36598], [-75.416552, 6.366093], [-75.416635, 6.366657], [-75.416607, 6.367448], [-75.416469, 6.367787]]], [[[-75.421061, 6.341481], [-75.420956, 6.341451], [-75.420961, 6.341385], [-75.421119, 6.341387], [-75.421061, 6.341481]]], [[[-75.420614, 6.341648], [-75.420518, 6.342109], [-75.420765, 6.342347], [-75.42087, 6.342732], [-75.420858, 6.34351], [-75.42069, 6.344078], [-75.420543, 6.344208], [-75.42009, 6.344309], [-75.41962, 6.344578], [-75.419354, 6.34497], [-75.419195, 6.345468], [-75.418146, 6.345462], [-75.417627, 6.345302], [-75.417515, 6.345152], [-75.417377, 6.344469], [-75.417376, 6.343966], [-75.417445, 6.343676], [-75.417635, 6.343501], [-75.417748, 6.34313], [-75.418409, 6.342907], [-75.419056, 6.342419], [-75.420064, 6.342344], [-75.420251, 6.342258], [-75.420256, 6.341821], [-75.419326, 6.341677], [-75.420511, 6.341612], [-75.420614, 6.341648]], [[-75.418215, 6.34373], [-75.418135, 6.34422], [-75.41828, 6.344495], [-75.418648, 6.344567], [-75.419113, 6.344525], [-75.419311, 6.344199], [-75.419357, 6.343716], [-75.419502, 6.343385], [-75.419483, 6.343118], [-75.41923, 6.343017], [-75.418875, 6.343138], [-75.418465, 6.343596], [-75.418215, 6.34373]]], [[[-75.417929, 6.366968], [-75.417896, 6.367034], [-75.417846, 6.366985], [-75.417929, 6.366968]]], [[[-75.419138, 6.357565], [-75.418943, 6.357686], [-75.418869, 6.358624], [-75.418847, 6.357565], [-75.418963, 6.357243], [-75.419191, 6.357299], [-75.419138, 6.357565]]], [[[-75.420584, 6.365681], [-75.419812, 6.365602], [-75.419589, 6.36543], [-75.419474, 6.365169], [-75.419428, 6.364538], [-75.419353, 6.364324], [-75.418995, 6.363927], [-75.418885, 6.363317], [-75.418883, 6.362877], [-75.418991, 6.362546], [-75.419208, 6.362325], [-75.419536, 6.362213], [-75.420319, 6.36222], [-75.420736, 6.362275], [-75.420854, 6.362435], [-75.420872, 6.363772], [-75.421182, 6.364061], [-75.421241, 6.365035], [-75.421133, 6.365356], [-75.420914, 6.365571], [-75.420584, 6.365681]], [[-75.4192, 6.363079], [-75.419306, 6.364043], [-75.419594, 6.364144], [-75.420042, 6.364096], [-75.420077, 6.363814], [-75.419899, 6.363375], [-75.419246, 6.362534], [-75.4192, 6.363079]]], [[[-75.421264, 6.346826], [-75.421095, 6.346829], [-75.420832, 6.346681], [-75.420464, 6.346005], [-75.419847, 6.345551], [-75.420868, 6.345508], [-75.42119, 6.345596], [-75.421405, 6.345763], [-75.421514, 6.346009], [-75.421515, 6.346334], [-75.421474, 6.346578], [-75.421264, 6.346826]]], [[[-75.422332, 6.341159], [-75.422196, 6.341393], [-75.422122, 6.341913], [-75.422004, 6.341974], [-75.42191, 6.341726], [-75.421871, 6.341117], [-75.421969, 6.340558], [-75.422302, 6.340585], [-75.422683, 6.340924], [-75.422993, 6.341035], [-75.422332, 6.341159]]], [[[-75.422517, 6.339503], [-75.422408, 6.339698], [-75.422285, 6.339673], [-75.422263, 6.339285], [-75.422465, 6.339318], [-75.422517, 6.339503]]], [[[-75.423903, 6.40526], [-75.42395, 6.405672], [-75.423736, 6.405642], [-75.423248, 6.40515], [-75.423035, 6.404812], [-75.423555, 6.404962], [-75.423903, 6.40526]]], [[[-75.423342, 6.36198], [-75.423327, 6.361777], [-75.423543, 6.361522], [-75.424621, 6.361522], [-75.424661, 6.362007], [-75.424419, 6.362234], [-75.423604, 6.362233], [-75.423342, 6.36198]]], [[[-75.42361, 6.340393], [-75.42354, 6.340199], [-75.423603, 6.339367], [-75.423659, 6.340011], [-75.42361, 6.340393]]], [[[-75.427866, 6.331466], [-75.427601, 6.331777], [-75.427548, 6.332029], [-75.42785, 6.332593], [-75.427802, 6.333059], [-75.427465, 6.333202], [-75.426832, 6.333279], [-75.426369, 6.333707], [-75.42627, 6.33395], [-75.425763, 6.333932], [-75.425642, 6.334186], [-75.42562, 6.334862], [-75.425524, 6.335073], [-75.425333, 6.335214], [-75.424661, 6.335288], [-75.42418, 6.335129], [-75.424083, 6.334968], [-75.424031, 6.334371], [-75.4238, 6.33421], [-75.423763, 6.333801], [-75.423931, 6.333574], [-75.424642, 6.333478], [-75.424796, 6.333317], [-75.424654, 6.333065], [-75.424459, 6.332299], [-75.423664, 6.331342], [-75.423615, 6.33114], [-75.423652, 6.330797], [-75.423816, 6.33068], [-75.423867, 6.330522], [-75.423881, 6.327775], [-75.423951, 6.327443], [-75.424222, 6.32725], [-75.424244, 6.326795], [-75.424954, 6.326727], [-75.425368, 6.326832], [-75.425455, 6.326927], [-75.425491, 6.327154], [-75.425712, 6.327349], [-75.425833, 6.327621], [-75.426099, 6.330261], [-75.426268, 6.330464], [-75.426743, 6.330579], [-75.426887, 6.331298], [-75.427805, 6.331408], [-75.427866, 6.331466]], [[-75.42594, 6.330494], [-75.425696, 6.327844], [-75.425568, 6.327473], [-75.425308, 6.327364], [-75.425127, 6.327478], [-75.425044, 6.328125], [-75.424533, 6.328243], [-75.424252, 6.330497], [-75.424053, 6.330781], [-75.424021, 6.331082], [-75.42409, 6.3313], [-75.424527, 6.331844], [-75.424949, 6.331923], [-75.425315, 6.332192], [-75.425848, 6.332352], [-75.426404, 6.333057], [-75.426543, 6.332561], [-75.426805, 6.332311], [-75.426808, 6.332061], [-75.426696, 6.331768], [-75.426207, 6.331372], [-75.42594, 6.330494]]], [[[-75.427848, 6.340156], [-75.427357, 6.34039], [-75.427245, 6.34055], [-75.427142, 6.34105], [-75.427006, 6.341258], [-75.426765, 6.341393], [-75.426418, 6.341456], [-75.425628, 6.341396], [-75.425288, 6.341167], [-75.425314, 6.339598], [-75.425491, 6.340034], [-75.4266, 6.339896], [-75.426765, 6.339619], [-75.426813, 6.339118], [-75.426958, 6.338933], [-75.427609, 6.338944], [-75.427912, 6.339176], [-75.427992, 6.339804], [-75.427848, 6.340156]]], [[[-75.426461, 6.346577], [-75.425791, 6.346582], [-75.425498, 6.346566], [-75.425803, 6.346263], [-75.426151, 6.346116], [-75.426825, 6.346114], [-75.427023, 6.346266], [-75.426936, 6.346481], [-75.426461, 6.346577]]], [[[-75.427669, 6.403467], [-75.42755, 6.403961], [-75.427125, 6.404175], [-75.426547, 6.404124], [-75.426272, 6.403858], [-75.426278, 6.403325], [-75.426542, 6.4031], [-75.427261, 6.403046], [-75.427476, 6.403116], [-75.427669, 6.403467]]], [[[-75.428738, 6.319668], [-75.42835, 6.319769], [-75.42821, 6.320323], [-75.427849, 6.320575], [-75.427073, 6.320629], [-75.426744, 6.320404], [-75.426528, 6.319953], [-75.426423, 6.319276], [-75.426455, 6.31768], [-75.426559, 6.316932], [-75.42679, 6.316834], [-75.427687, 6.316813], [-75.428169, 6.317009], [-75.428352, 6.317635], [-75.428432, 6.317776], [-75.428677, 6.317901], [-75.428851, 6.318266], [-75.428865, 6.319342], [-75.428738, 6.319668]], [[-75.428096, 6.318522], [-75.428179, 6.318268], [-75.428077, 6.318185], [-75.427934, 6.318211], [-75.427859, 6.318438], [-75.427961, 6.318539], [-75.428096, 6.318522]]], [[[-75.428481, 6.323991], [-75.427901, 6.324229], [-75.427355, 6.324197], [-75.427182, 6.323961], [-75.427063, 6.323516], [-75.426674, 6.323361], [-75.426492, 6.323153], [-75.426437, 6.322523], [-75.426627, 6.322237], [-75.426682, 6.321806], [-75.426784, 6.321671], [-75.426983, 6.32158], [-75.427675, 6.321532], [-75.427971, 6.321564], [-75.428268, 6.321732], [-75.428189, 6.322145], [-75.427845, 6.322689], [-75.42776, 6.323003], [-75.428141, 6.323832], [-75.428481, 6.323991]]], [[[-75.427883, 6.409128], [-75.427762, 6.409045], [-75.427967, 6.408871], [-75.427978, 6.409074], [-75.427883, 6.409128]]], [[[-75.429608, 6.327927], [-75.429403, 6.328626], [-75.429389, 6.32914], [-75.429288, 6.329355], [-75.429085, 6.329499], [-75.428374, 6.329574], [-75.428069, 6.329468], [-75.427865, 6.329255], [-75.427762, 6.328933], [-75.42776, 6.328504], [-75.427847, 6.328182], [-75.428023, 6.327967], [-75.428289, 6.327858], [-75.429134, 6.327828], [-75.429494, 6.327734], [-75.429608, 6.327927]], [[-75.42852, 6.328054], [-75.428323, 6.327955], [-75.42808, 6.32811], [-75.42796, 6.328411], [-75.428057, 6.328629], [-75.428203, 6.328678], [-75.428363, 6.328608], [-75.42851, 6.328315], [-75.42852, 6.328054]]], [[[-75.428865, 6.335145], [-75.42885, 6.334942], [-75.428943, 6.334789], [-75.429454, 6.334634], [-75.430187, 6.334682], [-75.430516, 6.334934], [-75.430528, 6.335137], [-75.430434, 6.335289], [-75.429924, 6.335444], [-75.429194, 6.335397], [-75.428865, 6.335145]]], [[[-75.430621, 6.324494], [-75.429548, 6.324472], [-75.429897, 6.324293], [-75.430072, 6.323967], [-75.430017, 6.322842], [-75.43013, 6.322199], [-75.430305, 6.322615], [-75.430918, 6.322714], [-75.431087, 6.322834], [-75.431201, 6.32306], [-75.431261, 6.32383], [-75.431155, 6.32416], [-75.430942, 6.324381], [-75.430621, 6.324494]]], [[[-75.433055, 6.337917], [-75.432931, 6.338616], [-75.432617, 6.339134], [-75.432828, 6.339364], [-75.43287, 6.33959], [-75.432431, 6.339727], [-75.431914, 6.339636], [-75.431672, 6.339173], [-75.431566, 6.338193], [-75.430873, 6.337947], [-75.43072, 6.337492], [-75.430638, 6.336671], [-75.430417, 6.336324], [-75.431573, 6.336252], [-75.431922, 6.336343], [-75.432156, 6.336528], [-75.432277, 6.336806], [-75.432339, 6.337781], [-75.432706, 6.337858], [-75.432874, 6.337556], [-75.433003, 6.337511], [-75.433055, 6.337917]]], [[[-75.434249, 6.395362], [-75.433995, 6.395589], [-75.433126, 6.396052], [-75.432307, 6.396103], [-75.431647, 6.396039], [-75.431426, 6.395828], [-75.431363, 6.395441], [-75.431986, 6.394726], [-75.432018, 6.394568], [-75.431892, 6.39443], [-75.431277, 6.394335], [-75.431533, 6.394071], [-75.432059, 6.393882], [-75.432628, 6.39348], [-75.432717, 6.393748], [-75.432839, 6.393844], [-75.433304, 6.393715], [-75.433703, 6.393726], [-75.433948, 6.394003], [-75.434271, 6.394171], [-75.434338, 6.394535], [-75.434249, 6.395362]]], [[[-75.432739, 6.393146], [-75.432699, 6.393082], [-75.432774, 6.393081], [-75.432739, 6.393146]]], [[[-75.431996, 6.332263], [-75.431711, 6.332221], [-75.431639, 6.331984], [-75.431748, 6.331648], [-75.432059, 6.331503], [-75.432215, 6.331644], [-75.432248, 6.331975], [-75.432206, 6.332117], [-75.431996, 6.332263]]], [[[-75.432727, 6.334125], [-75.432247, 6.333851], [-75.432014, 6.33346], [-75.431852, 6.333342], [-75.431802, 6.333018], [-75.431886, 6.332848], [-75.432083, 6.332814], [-75.432224, 6.33295], [-75.432319, 6.333589], [-75.432817, 6.33376], [-75.432826, 6.334058], [-75.432727, 6.334125]]], [[[-75.434204, 6.32643], [-75.43393, 6.32659], [-75.433736, 6.326826], [-75.433318, 6.326884], [-75.432746, 6.326857], [-75.432485, 6.326706], [-75.43247, 6.326585], [-75.432569, 6.326492], [-75.433105, 6.326395], [-75.434204, 6.32643]]], [[[-75.433098, 6.391071], [-75.433409, 6.390832], [-75.43362, 6.390897], [-75.433712, 6.391047], [-75.433302, 6.391159], [-75.433098, 6.391071]]], [[[-75.436267, 6.341745], [-75.435647, 6.342202], [-75.434963, 6.342264], [-75.434755, 6.342169], [-75.434531, 6.341725], [-75.434425, 6.340802], [-75.434012, 6.340688], [-75.433857, 6.340557], [-75.433878, 6.339873], [-75.434392, 6.339663], [-75.434414, 6.339468], [-75.434289, 6.339281], [-75.434717, 6.338746], [-75.435513, 6.338871], [-75.435669, 6.339007], [-75.435595, 6.339251], [-75.43528, 6.339388], [-75.435213, 6.339556], [-75.435598, 6.34034], [-75.435845, 6.340471], [-75.436126, 6.340482], [-75.436326, 6.340706], [-75.436386, 6.341234], [-75.436267, 6.341745]], [[-75.434725, 6.340984], [-75.43465, 6.341103], [-75.434666, 6.341497], [-75.434869, 6.341614], [-75.434972, 6.341538], [-75.434954, 6.34127], [-75.434725, 6.340984]]], [[[-75.434517, 6.338477], [-75.434354, 6.338283], [-75.434089, 6.337618], [-75.434135, 6.337487], [-75.434414, 6.337459], [-75.434615, 6.337662], [-75.434633, 6.338138], [-75.434517, 6.338477]]], [[[-75.438176, 6.343585], [-75.437962, 6.345838], [-75.436834, 6.3459], [-75.436539, 6.345839], [-75.436343, 6.345716], [-75.436243, 6.34553], [-75.436177, 6.344792], [-75.435072, 6.344702], [-75.434752, 6.344589], [-75.434538, 6.344371], [-75.43443, 6.344047], [-75.434497, 6.343293], [-75.434637, 6.343072], [-75.434847, 6.342955], [-75.435343, 6.342968], [-75.435569, 6.343133], [-75.435656, 6.343515], [-75.436107, 6.343543], [-75.436338, 6.343952], [-75.437193, 6.343982], [-75.437716, 6.343903], [-75.437836, 6.343299], [-75.438039, 6.343184], [-75.438176, 6.343585]], [[-75.437589, 6.345515], [-75.43658, 6.345473], [-75.436416, 6.345512], [-75.436335, 6.345649], [-75.436877, 6.345764], [-75.4375, 6.345742], [-75.43773, 6.345647], [-75.437589, 6.345515]]], [[[-75.43529, 6.366669], [-75.435417, 6.366505], [-75.435587, 6.366482], [-75.435854, 6.36661], [-75.435911, 6.366815], [-75.43577, 6.366995], [-75.435441, 6.367059], [-75.435313, 6.366911], [-75.43529, 6.366669]]], [[[-75.436913, 6.334284], [-75.43604, 6.334266], [-75.435844, 6.334474], [-75.435323, 6.334487], [-75.434897, 6.333846], [-75.434939, 6.333385], [-75.435248, 6.333234], [-75.43569, 6.333267], [-75.435828, 6.333371], [-75.436109, 6.334041], [-75.436771, 6.334182], [-75.436913, 6.334284]]], [[[-75.43684, 6.323762], [-75.436576, 6.323505], [-75.436143, 6.323396], [-75.435727, 6.323435], [-75.435236, 6.32371], [-75.434918, 6.323519], [-75.434875, 6.323402], [-75.435053, 6.323112], [-75.435116, 6.321958], [-75.435228, 6.321677], [-75.435431, 6.321735], [-75.435544, 6.322093], [-75.436858, 6.322223], [-75.436937, 6.322867], [-75.43684, 6.323762]]], [[[-75.437017, 6.347268], [-75.436116, 6.347209], [-75.435997, 6.346996], [-75.436089, 6.346899], [-75.436588, 6.34679], [-75.4373, 6.346798], [-75.437607, 6.34694], [-75.437512, 6.347157], [-75.437017, 6.347268]]], [[[-75.441633, 6.339655], [-75.441461, 6.339466], [-75.440779, 6.339353], [-75.440641, 6.338579], [-75.440537, 6.338443], [-75.439931, 6.338115], [-75.439719, 6.33757], [-75.439592, 6.337604], [-75.4395, 6.337774], [-75.439503, 6.338281], [-75.439634, 6.338496], [-75.440252, 6.33904], [-75.440424, 6.339756], [-75.440352, 6.340041], [-75.440751, 6.340137], [-75.438296, 6.340191], [-75.43775, 6.340335], [-75.437678, 6.340056], [-75.437679, 6.339116], [-75.43777, 6.338792], [-75.437957, 6.338552], [-75.438147, 6.337851], [-75.438512, 6.337625], [-75.439393, 6.337474], [-75.439534, 6.336828], [-75.439839, 6.336682], [-75.440012, 6.33681], [-75.440109, 6.337473], [-75.440442, 6.337603], [-75.440671, 6.338272], [-75.441373, 6.338374], [-75.441528, 6.33849], [-75.441699, 6.339066], [-75.441714, 6.339527], [-75.441633, 6.339655]]], [[[-75.439066, 6.377808], [-75.439017, 6.377706], [-75.439049, 6.377538], [-75.439101, 6.377639], [-75.439066, 6.377808]]], [[[-75.441289, 6.425781], [-75.441168, 6.426036], [-75.441089, 6.426725], [-75.440052, 6.426704], [-75.440086, 6.426602], [-75.439685, 6.426551], [-75.439465, 6.426387], [-75.439325, 6.425414], [-75.439416, 6.425161], [-75.439623, 6.424988], [-75.439946, 6.424895], [-75.440949, 6.424903], [-75.441349, 6.425235], [-75.441289, 6.425781]], [[-75.440118, 6.425374], [-75.440193, 6.42565], [-75.44047, 6.425767], [-75.440845, 6.425725], [-75.441004, 6.425528], [-75.440947, 6.425252], [-75.440664, 6.425135], [-75.440273, 6.425176], [-75.440118, 6.425374]]], [[[-75.439862, 6.346331], [-75.439049, 6.34624], [-75.438958, 6.346139], [-75.438989, 6.345911], [-75.439588, 6.345843], [-75.440048, 6.3453], [-75.44028, 6.345208], [-75.440379, 6.345417], [-75.440402, 6.345906], [-75.440313, 6.346117], [-75.439862, 6.346331]]], [[[-75.44052, 6.324178], [-75.43977, 6.324272], [-75.439448, 6.324169], [-75.439232, 6.323956], [-75.439124, 6.323636], [-75.439122, 6.323207], [-75.439188, 6.322912], [-75.439323, 6.322751], [-75.439526, 6.322725], [-75.44004, 6.322906], [-75.440717, 6.322984], [-75.44084, 6.323741], [-75.440734, 6.324002], [-75.44052, 6.324178]]], [[[-75.444714, 6.326082], [-75.443698, 6.326157], [-75.443359, 6.326043], [-75.443133, 6.325812], [-75.443018, 6.325466], [-75.443016, 6.325003], [-75.443214, 6.324423], [-75.443414, 6.324306], [-75.443682, 6.324304], [-75.444061, 6.324443], [-75.444794, 6.325803], [-75.444826, 6.326011], [-75.444714, 6.326082]]], [[[-75.445414, 6.342453], [-75.44549, 6.342177], [-75.445272, 6.341799], [-75.445139, 6.340881], [-75.444767, 6.340648], [-75.444063, 6.340629], [-75.445484, 6.3406], [-75.445568, 6.340961], [-75.4456, 6.342121], [-75.445529, 6.342469], [-75.445414, 6.342453]]], [[[-75.44361, 6.340889], [-75.443639, 6.341753], [-75.443938, 6.342302], [-75.445199, 6.342436], [-75.444137, 6.342447], [-75.443794, 6.342327], [-75.443562, 6.342096], [-75.443439, 6.341755], [-75.443426, 6.341304], [-75.44361, 6.340889]]], [[[-75.446689, 6.377619], [-75.445408, 6.377649], [-75.445249, 6.377669], [-75.445408, 6.377615], [-75.446689, 6.377619]]], [[[-75.445059, 6.377842], [-75.444968, 6.378332], [-75.444843, 6.378376], [-75.444895, 6.377954], [-75.445059, 6.377842]]], [[[-75.444417, 6.378918], [-75.444484, 6.378771], [-75.44464, 6.378716], [-75.444558, 6.378896], [-75.444417, 6.378918]]], [[[-75.447117, 6.379921], [-75.447074, 6.379794], [-75.447138, 6.379696], [-75.447159, 6.379856], [-75.447117, 6.379921]]], [[[-75.448876, 6.331999], [-75.448675, 6.332011], [-75.44858, 6.331764], [-75.447589, 6.331537], [-75.447311, 6.331376], [-75.447132, 6.331126], [-75.447053, 6.330787], [-75.447155, 6.330033], [-75.447297, 6.329812], [-75.4475, 6.329695], [-75.447982, 6.329698], [-75.448287, 6.329814], [-75.448507, 6.330088], [-75.449038, 6.331843], [-75.448876, 6.331999]]], [[[-75.448073, 6.435604], [-75.447908, 6.435326], [-75.447882, 6.435035], [-75.447956, 6.43491], [-75.448127, 6.435043], [-75.448073, 6.435604]]], [[[-75.451485, 6.435114], [-75.450915, 6.435206], [-75.450758, 6.435708], [-75.450503, 6.435937], [-75.44954, 6.436031], [-75.449281, 6.436144], [-75.448991, 6.435973], [-75.448854, 6.435681], [-75.448886, 6.434946], [-75.449028, 6.434848], [-75.449829, 6.434766], [-75.449954, 6.433842], [-75.450083, 6.433582], [-75.450316, 6.433412], [-75.450652, 6.433332], [-75.451092, 6.433341], [-75.451421, 6.433457], [-75.451637, 6.433681], [-75.451741, 6.434012], [-75.451734, 6.434451], [-75.451606, 6.435002], [-75.451485, 6.435114]]], [[[-75.44983, 6.432587], [-75.449574, 6.432273], [-75.449204, 6.431524], [-75.449112, 6.431206], [-75.449133, 6.430997], [-75.449268, 6.430897], [-75.449516, 6.430907], [-75.449703, 6.431019], [-75.449828, 6.431231], [-75.449894, 6.43196], [-75.44983, 6.432587]]], [[[-75.449519, 6.379807], [-75.449546, 6.380215], [-75.449529, 6.380272], [-75.449519, 6.379807]]], [[[-75.449913, 6.378831], [-75.449908, 6.378506], [-75.450051, 6.378495], [-75.450062, 6.378741], [-75.449913, 6.378831]]], [[[-75.450643, 6.420694], [-75.450524, 6.420662], [-75.450473, 6.420481], [-75.450572, 6.420115], [-75.45069, 6.42015], [-75.450742, 6.42033], [-75.450643, 6.420694]]], [[[-75.452153, 6.431493], [-75.451021, 6.431447], [-75.450927, 6.430312], [-75.451032, 6.429981], [-75.451244, 6.42976], [-75.451563, 6.429648], [-75.45272, 6.429727], [-75.452756, 6.430846], [-75.452652, 6.431168], [-75.452451, 6.431383], [-75.452153, 6.431493]]], [[[-75.45337, 6.422715], [-75.452886, 6.42263], [-75.452801, 6.422229], [-75.452665, 6.422094], [-75.451451, 6.421918], [-75.451318, 6.421604], [-75.451288, 6.420873], [-75.451472, 6.420342], [-75.451657, 6.420228], [-75.452101, 6.420252], [-75.452244, 6.420337], [-75.452543, 6.420887], [-75.45308, 6.420998], [-75.453601, 6.421277], [-75.453688, 6.422138], [-75.453636, 6.422425], [-75.45337, 6.422715]]], [[[-75.454647, 6.345981], [-75.453958, 6.346046], [-75.452886, 6.346], [-75.452803, 6.34547], [-75.452678, 6.345212], [-75.451994, 6.344817], [-75.451791, 6.342847], [-75.451533, 6.342327], [-75.45148, 6.34206], [-75.451504, 6.340598], [-75.453006, 6.340544], [-75.453389, 6.340584], [-75.453498, 6.340707], [-75.453508, 6.341993], [-75.453625, 6.34271], [-75.454048, 6.34323], [-75.45425, 6.343914], [-75.454535, 6.344163], [-75.454681, 6.344543], [-75.454647, 6.345981]], [[-75.4531, 6.340658], [-75.452702, 6.340683], [-75.452397, 6.340584], [-75.451822, 6.340749], [-75.451646, 6.341068], [-75.451574, 6.342093], [-75.45166, 6.342503], [-75.45218, 6.342597], [-75.45232, 6.342714], [-75.452092, 6.343433], [-75.452259, 6.344771], [-75.452471, 6.344995], [-75.452859, 6.345205], [-75.45314, 6.345769], [-75.453334, 6.345869], [-75.45377, 6.345639], [-75.454148, 6.345581], [-75.454432, 6.34461], [-75.454347, 6.34434], [-75.453954, 6.343724], [-75.453852, 6.343308], [-75.453586, 6.343181], [-75.453048, 6.343107], [-75.452731, 6.342865], [-75.452768, 6.342676], [-75.453306, 6.342394], [-75.453453, 6.342126], [-75.45343, 6.340737], [-75.4531, 6.340658]]], [[[-75.45582, 6.433169], [-75.455691, 6.433892], [-75.455553, 6.434204], [-75.455514, 6.435168], [-75.455405, 6.435473], [-75.455185, 6.435676], [-75.454855, 6.435779], [-75.454084, 6.435696], [-75.453863, 6.435522], [-75.45375, 6.43526], [-75.453677, 6.434422], [-75.453452, 6.434053], [-75.453382, 6.43344], [-75.453426, 6.432263], [-75.453887, 6.432006], [-75.454045, 6.431523], [-75.454183, 6.431373], [-75.454772, 6.431232], [-75.455223, 6.431241], [-75.45556, 6.431364], [-75.455782, 6.431599], [-75.455889, 6.431947], [-75.45582, 6.433169]], [[-75.455754, 6.432909], [-75.455365, 6.432252], [-75.454824, 6.432164], [-75.453843, 6.432186], [-75.453512, 6.432283], [-75.453439, 6.432481], [-75.453427, 6.433418], [-75.453536, 6.434091], [-75.454318, 6.434183], [-75.455411, 6.434065], [-75.45551, 6.433926], [-75.455571, 6.433377], [-75.455754, 6.432909]]], [[[-75.455081, 6.419459], [-75.45473, 6.419375], [-75.454578, 6.418953], [-75.454626, 6.41836], [-75.454878, 6.418105], [-75.455233, 6.418188], [-75.455384, 6.418611], [-75.455332, 6.419204], [-75.455081, 6.419459]]], [[[-75.460671, 6.433982], [-75.460458, 6.434355], [-75.459919, 6.434311], [-75.458865, 6.434652], [-75.45864, 6.434419], [-75.458596, 6.433889], [-75.458741, 6.434156], [-75.458941, 6.434211], [-75.459445, 6.434212], [-75.459931, 6.434085], [-75.460502, 6.434147], [-75.460601, 6.433673], [-75.460575, 6.432177], [-75.460669, 6.432466], [-75.460671, 6.433982]]], [[[-75.460353, 6.431857], [-75.458898, 6.431786], [-75.458677, 6.43188], [-75.458572, 6.432106], [-75.458233, 6.432169], [-75.457443, 6.432167], [-75.456878, 6.432054], [-75.456764, 6.431951], [-75.456782, 6.431716], [-75.457167, 6.43154], [-75.457279, 6.431357], [-75.457292, 6.430392], [-75.457447, 6.43007], [-75.457246, 6.42992], [-75.455816, 6.429768], [-75.455652, 6.428589], [-75.455723, 6.428247], [-75.45589, 6.428014], [-75.456153, 6.427892], [-75.456809, 6.427871], [-75.457338, 6.427886], [-75.457653, 6.427986], [-75.457767, 6.429508], [-75.4577, 6.429902], [-75.45755, 6.430099], [-75.457584, 6.430241], [-75.458366, 6.43041], [-75.458522, 6.43077], [-75.458621, 6.431592], [-75.459908, 6.431645], [-75.460353, 6.431857]], [[-75.457698, 6.429115], [-75.457651, 6.428192], [-75.457552, 6.428015], [-75.456597, 6.42796], [-75.456094, 6.428038], [-75.455922, 6.428141], [-75.455927, 6.428427], [-75.456436, 6.42942], [-75.45666, 6.429653], [-75.457312, 6.429727], [-75.457506, 6.429618], [-75.457698, 6.429115]]], [[[-75.46269, 6.425006], [-75.462081, 6.425054], [-75.461928, 6.42488], [-75.462231, 6.42476], [-75.462587, 6.424778], [-75.46274, 6.424872], [-75.46269, 6.425006]]], [[[-75.461692, 6.424281], [-75.460979, 6.424215], [-75.460708, 6.423834], [-75.46012, 6.423632], [-75.459505, 6.423539], [-75.459305, 6.423231], [-75.458199, 6.423137], [-75.457561, 6.422864], [-75.456593, 6.422798], [-75.456295, 6.422689], [-75.456095, 6.422469], [-75.455994, 6.422139], [-75.455992, 6.421698], [-75.456101, 6.421365], [-75.45632, 6.421138], [-75.456649, 6.421018], [-75.457671, 6.421044], [-75.45846, 6.421593], [-75.459372, 6.421636], [-75.459938, 6.42186], [-75.460963, 6.421993], [-75.461143, 6.422144], [-75.461503, 6.423077], [-75.461999, 6.423304], [-75.462096, 6.423446], [-75.462147, 6.423889], [-75.462072, 6.424079], [-75.461692, 6.424281]], [[-75.459483, 6.423109], [-75.459565, 6.42267], [-75.459511, 6.421897], [-75.45943, 6.422362], [-75.459483, 6.423109]], [[-75.461041, 6.423629], [-75.46123, 6.423565], [-75.461207, 6.423296], [-75.460913, 6.423341], [-75.460933, 6.423561], [-75.461041, 6.423629]]], [[[-75.456945, 6.39393], [-75.457147, 6.393706], [-75.457315, 6.393709], [-75.457453, 6.393835], [-75.457361, 6.394126], [-75.457098, 6.394326], [-75.456888, 6.394174], [-75.456945, 6.39393]]], [[[-75.462527, 6.433385], [-75.462087, 6.43339], [-75.461756, 6.43328], [-75.461535, 6.433057], [-75.461423, 6.432719], [-75.461421, 6.432268], [-75.461529, 6.431929], [-75.461748, 6.431702], [-75.462078, 6.431587], [-75.462518, 6.431585], [-75.462849, 6.431696], [-75.46307, 6.431919], [-75.463182, 6.432256], [-75.463184, 6.432705], [-75.463076, 6.433043], [-75.462857, 6.433269], [-75.462527, 6.433385]]], [[[-75.462584, 6.348456], [-75.462121, 6.348472], [-75.461771, 6.348374], [-75.461533, 6.348162], [-75.461407, 6.347836], [-75.461464, 6.346649], [-75.462612, 6.346622], [-75.462941, 6.346741], [-75.463161, 6.34697], [-75.463272, 6.347309], [-75.463275, 6.347758], [-75.463161, 6.348099], [-75.462931, 6.348332], [-75.462584, 6.348456]], [[-75.461724, 6.347297], [-75.461728, 6.346874], [-75.461559, 6.346734], [-75.461512, 6.347298], [-75.46158, 6.347586], [-75.461724, 6.347297]]], [[[-75.463877, 6.431166], [-75.463692, 6.431197], [-75.463675, 6.431161], [-75.463877, 6.431166]]], [[[-75.466745, 6.4318], [-75.466181, 6.431757], [-75.465715, 6.431453], [-75.465483, 6.431649], [-75.465277, 6.431626], [-75.465075, 6.431107], [-75.464241, 6.430163], [-75.464152, 6.429887], [-75.464527, 6.429767], [-75.465167, 6.429789], [-75.46548, 6.429913], [-75.465583, 6.430154], [-75.465738, 6.430241], [-75.466172, 6.430042], [-75.466651, 6.430028], [-75.466855, 6.430137], [-75.466991, 6.430355], [-75.467063, 6.431121], [-75.466905, 6.431679], [-75.466745, 6.4318]]], [[[-75.469202, 6.423537], [-75.468508, 6.423688], [-75.468412, 6.424379], [-75.468141, 6.424853], [-75.46805, 6.425753], [-75.467932, 6.426036], [-75.467708, 6.42623], [-75.467377, 6.426333], [-75.46622, 6.426311], [-75.466045, 6.424285], [-75.466086, 6.422762], [-75.466472, 6.422628], [-75.467636, 6.422581], [-75.468047, 6.422625], [-75.466596, 6.422681], [-75.466245, 6.422853], [-75.466096, 6.423804], [-75.466193, 6.424706], [-75.467158, 6.424759], [-75.467569, 6.424976], [-75.467645, 6.424796], [-75.468169, 6.424349], [-75.468363, 6.423433], [-75.468301, 6.422718], [-75.468626, 6.42323], [-75.46924, 6.423422], [-75.469202, 6.423537]]], [[[-75.467531, 6.420705], [-75.46709, 6.420709], [-75.466755, 6.420602], [-75.466527, 6.420385], [-75.466406, 6.420058], [-75.466429, 6.418901], [-75.467564, 6.418914], [-75.467892, 6.419039], [-75.468108, 6.419268], [-75.468213, 6.419602], [-75.468205, 6.420041], [-75.468089, 6.420371], [-75.467864, 6.420592], [-75.467531, 6.420705]]], [[[-75.469449, 6.432419], [-75.468799, 6.432371], [-75.468618, 6.432226], [-75.468542, 6.431696], [-75.468634, 6.431465], [-75.468808, 6.431306], [-75.469403, 6.431207], [-75.469801, 6.431301], [-75.469829, 6.431781], [-75.470006, 6.432248], [-75.469449, 6.432419]]], [[[-75.475311, 6.407934], [-75.475379, 6.409091], [-75.47526, 6.409406], [-75.475029, 6.409609], [-75.474688, 6.409701], [-75.473892, 6.409654], [-75.473285, 6.409456], [-75.473137, 6.409632], [-75.47311, 6.410172], [-75.473003, 6.410342], [-75.47279, 6.410456], [-75.471126, 6.410479], [-75.471019, 6.410638], [-75.470991, 6.411204], [-75.470881, 6.411383], [-75.47066, 6.411503], [-75.46989, 6.411566], [-75.46956, 6.41146], [-75.469338, 6.411247], [-75.469227, 6.410926], [-75.469225, 6.410497], [-75.469351, 6.410179], [-75.469604, 6.409972], [-75.469986, 6.409876], [-75.471307, 6.409852], [-75.471385, 6.409102], [-75.471493, 6.408907], [-75.471707, 6.408776], [-75.472786, 6.408718], [-75.473392, 6.408895], [-75.473502, 6.408805], [-75.47355, 6.408209], [-75.473657, 6.408048], [-75.47419, 6.407885], [-75.475311, 6.407934]]], [[[-75.469263, 6.382037], [-75.469203, 6.38203], [-75.469291, 6.381414], [-75.469312, 6.381766], [-75.469263, 6.382037]]], [[[-75.471584, 6.351846], [-75.47139, 6.352996], [-75.47112, 6.353134], [-75.46975, 6.353147], [-75.469646, 6.352799], [-75.469628, 6.351717], [-75.469828, 6.350815], [-75.470774, 6.350586], [-75.471564, 6.35063], [-75.471584, 6.351846]], [[-75.47085, 6.351391], [-75.470647, 6.351392], [-75.470326, 6.351588], [-75.47012, 6.352044], [-75.470209, 6.352368], [-75.470388, 6.352432], [-75.471121, 6.352372], [-75.471155, 6.351745], [-75.471104, 6.351568], [-75.47085, 6.351391]]], [[[-75.471658, 6.375235], [-75.471323, 6.375156], [-75.471228, 6.375038], [-75.471222, 6.374433], [-75.471475, 6.374666], [-75.471892, 6.374807], [-75.471912, 6.375162], [-75.471658, 6.375235]]], [[[-75.476125, 6.375365], [-75.475967, 6.375569], [-75.475733, 6.375676], [-75.474878, 6.37545], [-75.474067, 6.375556], [-75.473934, 6.375647], [-75.473939, 6.375908], [-75.474052, 6.376102], [-75.474352, 6.376278], [-75.474408, 6.376486], [-75.474243, 6.376546], [-75.473747, 6.376373], [-75.473691, 6.376289], [-75.473834, 6.376024], [-75.473627, 6.375181], [-75.473306, 6.375059], [-75.472908, 6.375125], [-75.472578, 6.374825], [-75.472469, 6.37432], [-75.472514, 6.373531], [-75.473064, 6.373241], [-75.473217, 6.373305], [-75.473413, 6.373829], [-75.473939, 6.374154], [-75.474016, 6.374298], [-75.474054, 6.375105], [-75.474167, 6.375283], [-75.475588, 6.375231], [-75.476125, 6.375365]]], [[[-75.47544, 6.360608], [-75.475324, 6.36127], [-75.474895, 6.361737], [-75.474806, 6.361954], [-75.474318, 6.362087], [-75.473777, 6.362047], [-75.473513, 6.361835], [-75.473381, 6.361275], [-75.473035, 6.360744], [-75.472549, 6.36058], [-75.472463, 6.360227], [-75.472503, 6.359736], [-75.472713, 6.359537], [-75.473236, 6.35948], [-75.473491, 6.359189], [-75.474081, 6.359169], [-75.474423, 6.359418], [-75.475017, 6.359599], [-75.475403, 6.360133], [-75.47544, 6.360608]], [[-75.474907, 6.360362], [-75.474425, 6.360148], [-75.474249, 6.359954], [-75.474013, 6.359864], [-75.473495, 6.359974], [-75.473305, 6.360155], [-75.473283, 6.36069], [-75.473585, 6.361455], [-75.473736, 6.361645], [-75.474095, 6.361631], [-75.474463, 6.3609], [-75.474912, 6.360686], [-75.474907, 6.360362]]], [[[-75.477052, 6.42389], [-75.475931, 6.424004], [-75.475812, 6.424846], [-75.475744, 6.42497], [-75.475507, 6.425067], [-75.475136, 6.425103], [-75.474847, 6.424998], [-75.47419, 6.42495], [-75.474014, 6.424837], [-75.473807, 6.42442], [-75.473791, 6.423658], [-75.473916, 6.423408], [-75.474515, 6.42314], [-75.475748, 6.423033], [-75.475861, 6.422422], [-75.476214, 6.422167], [-75.477007, 6.422112], [-75.477346, 6.42222], [-75.477573, 6.422438], [-75.477688, 6.422765], [-75.47769, 6.423203], [-75.477585, 6.423537], [-75.477372, 6.423766], [-75.477052, 6.42389]], [[-75.475449, 6.423593], [-75.475637, 6.42358], [-75.475623, 6.42326], [-75.475179, 6.423228], [-75.475228, 6.423425], [-75.475449, 6.423593]]], [[[-75.474251, 6.40322], [-75.473844, 6.403152], [-75.473843, 6.4029], [-75.474068, 6.402823], [-75.474474, 6.402895], [-75.474476, 6.403142], [-75.474251, 6.40322]]], [[[-75.47686, 6.429091], [-75.476821, 6.429904], [-75.476607, 6.430267], [-75.475451, 6.430272], [-75.475238, 6.430158], [-75.475103, 6.429938], [-75.475066, 6.429184], [-75.475121, 6.428854], [-75.475337, 6.428488], [-75.476437, 6.428398], [-75.476648, 6.428513], [-75.476788, 6.428744], [-75.47686, 6.429091]], [[-75.476671, 6.429605], [-75.476721, 6.429272], [-75.476682, 6.428678], [-75.476635, 6.42907], [-75.476671, 6.429605]]], [[[-75.476835, 6.358077], [-75.476574, 6.358912], [-75.476386, 6.358509], [-75.47593, 6.358262], [-75.475743, 6.358002], [-75.475704, 6.357516], [-75.475871, 6.357168], [-75.476265, 6.357079], [-75.47659, 6.357226], [-75.476835, 6.358077]]], [[[-75.490155, 6.422599], [-75.490053, 6.422802], [-75.48981, 6.422981], [-75.488992, 6.423166], [-75.488385, 6.423015], [-75.488055, 6.422508], [-75.487468, 6.422559], [-75.48754, 6.423346], [-75.487648, 6.423554], [-75.488057, 6.423778], [-75.48856, 6.42385], [-75.488667, 6.424077], [-75.488296, 6.424526], [-75.487272, 6.425044], [-75.486281, 6.425122], [-75.485733, 6.425018], [-75.485568, 6.424741], [-75.485466, 6.423541], [-75.485308, 6.423351], [-75.484068, 6.423541], [-75.483905, 6.423923], [-75.483564, 6.424118], [-75.482469, 6.424208], [-75.482207, 6.424102], [-75.482031, 6.423889], [-75.481942, 6.423567], [-75.48202, 6.422393], [-75.482161, 6.422273], [-75.48287, 6.422184], [-75.483251, 6.422003], [-75.483352, 6.421773], [-75.483397, 6.421245], [-75.483712, 6.420987], [-75.483767, 6.420635], [-75.48358, 6.420529], [-75.481335, 6.420586], [-75.480995, 6.420461], [-75.480764, 6.42023], [-75.480642, 6.419895], [-75.480672, 6.418876], [-75.480913, 6.41859], [-75.480917, 6.418295], [-75.480772, 6.418189], [-75.480361, 6.418163], [-75.480142, 6.418012], [-75.480033, 6.417498], [-75.479544, 6.417091], [-75.479421, 6.416521], [-75.47942, 6.416095], [-75.479514, 6.415771], [-75.479705, 6.415552], [-75.479992, 6.415435], [-75.481036, 6.415436], [-75.481346, 6.415695], [-75.481613, 6.415747], [-75.481793, 6.415523], [-75.481804, 6.415092], [-75.481661, 6.414975], [-75.481122, 6.414878], [-75.480992, 6.414524], [-75.480944, 6.413854], [-75.480773, 6.413535], [-75.48072, 6.413133], [-75.480031, 6.412515], [-75.47977, 6.412542], [-75.479683, 6.412746], [-75.479491, 6.41287], [-75.478717, 6.413053], [-75.478417, 6.413497], [-75.477379, 6.413519], [-75.477085, 6.413407], [-75.476892, 6.413183], [-75.4768, 6.412844], [-75.476938, 6.411824], [-75.477058, 6.411707], [-75.477501, 6.411632], [-75.477668, 6.411122], [-75.478212, 6.410935], [-75.478565, 6.410426], [-75.479886, 6.410222], [-75.480123, 6.410124], [-75.480451, 6.409665], [-75.480684, 6.409572], [-75.48175, 6.409535], [-75.482438, 6.409761], [-75.482615, 6.409511], [-75.483112, 6.409395], [-75.483237, 6.408945], [-75.483586, 6.40874], [-75.484343, 6.408695], [-75.484898, 6.40888], [-75.485024, 6.409067], [-75.485148, 6.409678], [-75.485432, 6.410133], [-75.485506, 6.41081], [-75.485754, 6.411316], [-75.485828, 6.411963], [-75.486114, 6.412424], [-75.486432, 6.412513], [-75.486535, 6.41263], [-75.486665, 6.413627], [-75.486562, 6.413958], [-75.486343, 6.414179], [-75.486008, 6.414291], [-75.485212, 6.41423], [-75.484973, 6.414101], [-75.484842, 6.413907], [-75.484718, 6.413169], [-75.483586, 6.412916], [-75.483436, 6.412675], [-75.483225, 6.4126], [-75.482708, 6.412636], [-75.482538, 6.412901], [-75.482718, 6.41316], [-75.482855, 6.413707], [-75.483469, 6.413983], [-75.483583, 6.414186], [-75.483788, 6.415171], [-75.483964, 6.41538], [-75.484214, 6.415497], [-75.484964, 6.415599], [-75.485105, 6.415704], [-75.485137, 6.417114], [-75.485011, 6.417439], [-75.484758, 6.41751], [-75.484669, 6.417655], [-75.484876, 6.418235], [-75.484938, 6.420854], [-75.485026, 6.421079], [-75.485583, 6.421326], [-75.485737, 6.42239], [-75.485922, 6.422565], [-75.486096, 6.422496], [-75.486233, 6.421326], [-75.486357, 6.420995], [-75.486582, 6.420774], [-75.486909, 6.420663], [-75.487662, 6.420675], [-75.487995, 6.420754], [-75.488049, 6.420917], [-75.488178, 6.42099], [-75.489069, 6.420878], [-75.489484, 6.420876], [-75.489801, 6.420973], [-75.490021, 6.421168], [-75.490143, 6.421462], [-75.490155, 6.422599]], [[-75.477908, 6.412929], [-75.478336, 6.412913], [-75.478456, 6.412817], [-75.478193, 6.412645], [-75.477649, 6.412609], [-75.477677, 6.412854], [-75.477908, 6.412929]], [[-75.479963, 6.410553], [-75.479159, 6.410565], [-75.478845, 6.410697], [-75.478854, 6.411407], [-75.478773, 6.411596], [-75.478505, 6.411723], [-75.478503, 6.41203], [-75.479252, 6.412137], [-75.479679, 6.411846], [-75.480016, 6.411741], [-75.48037, 6.411928], [-75.481295, 6.412867], [-75.481329, 6.41201], [-75.48119, 6.411573], [-75.481326, 6.411306], [-75.481309, 6.411139], [-75.480953, 6.410972], [-75.480583, 6.41064], [-75.479963, 6.410553]], [[-75.484634, 6.418089], [-75.483065, 6.417899], [-75.482783, 6.417462], [-75.48184, 6.417257], [-75.481373, 6.416583], [-75.48104, 6.416361], [-75.480308, 6.4164], [-75.480084, 6.416677], [-75.480117, 6.417055], [-75.480214, 6.417168], [-75.480982, 6.417352], [-75.481034, 6.419871], [-75.481084, 6.420065], [-75.481397, 6.420481], [-75.482278, 6.420528], [-75.482855, 6.420281], [-75.484228, 6.420053], [-75.484595, 6.4199], [-75.484669, 6.418565], [-75.484773, 6.418199], [-75.484634, 6.418089]], [[-75.482721, 6.413981], [-75.482348, 6.413177], [-75.482026, 6.413137], [-75.481739, 6.41329], [-75.481792, 6.413755], [-75.482056, 6.414579], [-75.482176, 6.414858], [-75.482345, 6.414933], [-75.482663, 6.414878], [-75.482755, 6.414567], [-75.482721, 6.413981]], [[-75.48198, 6.410786], [-75.481932, 6.411005], [-75.481982, 6.411055], [-75.48198, 6.410786]], [[-75.482998, 6.422374], [-75.482246, 6.422587], [-75.48212, 6.42307], [-75.482122, 6.423454], [-75.482205, 6.423738], [-75.48237, 6.423924], [-75.482615, 6.42401], [-75.483478, 6.423898], [-75.483938, 6.423469], [-75.484311, 6.42272], [-75.48424, 6.422103], [-75.48395, 6.421524], [-75.483714, 6.421316], [-75.483501, 6.421457], [-75.483442, 6.421914], [-75.483237, 6.422227], [-75.482998, 6.422374]], [[-75.485396, 6.412347], [-75.485368, 6.410346], [-75.485051, 6.40988], [-75.484389, 6.409443], [-75.483843, 6.409392], [-75.483721, 6.409473], [-75.483558, 6.409865], [-75.482647, 6.41058], [-75.482575, 6.41094], [-75.482616, 6.411602], [-75.482515, 6.411733], [-75.482223, 6.411832], [-75.482157, 6.412022], [-75.482312, 6.412129], [-75.483955, 6.412461], [-75.48412, 6.412587], [-75.484278, 6.412915], [-75.484744, 6.412961], [-75.484964, 6.413451], [-75.485279, 6.413461], [-75.485565, 6.412935], [-75.485396, 6.412347]], [[-75.48495, 6.41584], [-75.484095, 6.415776], [-75.483661, 6.415584], [-75.483431, 6.415605], [-75.484359, 6.416418], [-75.485001, 6.416016], [-75.48495, 6.41584]], [[-75.487104, 6.423734], [-75.486933, 6.423397], [-75.486237, 6.422926], [-75.485674, 6.423723], [-75.485663, 6.424431], [-75.485757, 6.424654], [-75.486156, 6.424886], [-75.4867, 6.424877], [-75.486984, 6.424757], [-75.487076, 6.424454], [-75.487104, 6.423734]], [[-75.488443, 6.421276], [-75.488318, 6.421455], [-75.488343, 6.421903], [-75.488531, 6.422128], [-75.488925, 6.422296], [-75.48926, 6.422226], [-75.489681, 6.421596], [-75.489697, 6.421431], [-75.489595, 6.421318], [-75.489375, 6.421259], [-75.488443, 6.421276]]], [[[-75.480767, 6.376393], [-75.480357, 6.376574], [-75.480001, 6.376511], [-75.4797, 6.376271], [-75.47939, 6.375855], [-75.479612, 6.375831], [-75.479978, 6.376182], [-75.480656, 6.376313], [-75.480767, 6.376393]]], [[[-75.481441, 6.375974], [-75.481349, 6.376121], [-75.481284, 6.376131], [-75.481336, 6.375952], [-75.481441, 6.375974]]], [[[-75.482678, 6.375767], [-75.48252, 6.375984], [-75.48234, 6.375907], [-75.482484, 6.37573], [-75.482678, 6.375767]]], [[[-75.484823, 6.373863], [-75.484404, 6.373943], [-75.484297, 6.374135], [-75.484193, 6.374153], [-75.484272, 6.373891], [-75.484823, 6.373863]]], [[[-75.483638, 6.374404], [-75.483377, 6.374489], [-75.483273, 6.374663], [-75.483343, 6.374421], [-75.483638, 6.374404]]], [[[-75.484919, 6.390018], [-75.48481, 6.389815], [-75.484941, 6.389575], [-75.484999, 6.389668], [-75.484938, 6.389869], [-75.485223, 6.390096], [-75.484919, 6.390018]]], [[[-75.485368, 6.427733], [-75.485483, 6.427479], [-75.485697, 6.427449], [-75.485818, 6.427519], [-75.485726, 6.427762], [-75.485581, 6.427856], [-75.485424, 6.42786], [-75.485368, 6.427733]]], [[[-75.486574, 6.390674], [-75.486515, 6.390455], [-75.486725, 6.390672], [-75.486574, 6.390674]]], [[[-75.455783, 6.397214], [-75.455951, 6.397286], [-75.456022, 6.397453], [-75.455953, 6.397613], [-75.455793, 6.397697], [-75.455642, 6.39763], [-75.455568, 6.397454], [-75.455627, 6.397284], [-75.455783, 6.397214]]], [[[-75.475423, 6.393878], [-75.475435, 6.394067], [-75.475233, 6.394217], [-75.473586, 6.394286], [-75.473496, 6.39409], [-75.473524, 6.393883], [-75.474, 6.393679], [-75.474095, 6.393492], [-75.473976, 6.3934], [-75.473344, 6.39335], [-75.473257, 6.39312], [-75.473609, 6.392847], [-75.474356, 6.392829], [-75.475146, 6.393269], [-75.475274, 6.393722], [-75.475423, 6.393878]]], [[[-75.475729, 6.400833], [-75.47618, 6.400824], [-75.476443, 6.400963], [-75.476531, 6.401271], [-75.476484, 6.401571], [-75.476092, 6.401597], [-75.475526, 6.401228], [-75.475444, 6.400973], [-75.475729, 6.400833]]], [[[-75.476116, 6.392632], [-75.476109, 6.393182], [-75.475936, 6.393299], [-75.475748, 6.393264], [-75.475507, 6.392946], [-75.475528, 6.392565], [-75.475728, 6.392331], [-75.475878, 6.392295], [-75.47602, 6.392382], [-75.476116, 6.392632]]], [[[-75.476833, 6.393307], [-75.476958, 6.393486], [-75.476962, 6.393691], [-75.476679, 6.393843], [-75.476522, 6.393704], [-75.476494, 6.393441], [-75.476621, 6.393279], [-75.476833, 6.393307]]], [[[-75.458735, 6.361097], [-75.458766, 6.36136], [-75.458661, 6.361597], [-75.458477, 6.361717], [-75.458285, 6.361714], [-75.458174, 6.361471], [-75.458313, 6.361056], [-75.458497, 6.360959], [-75.458735, 6.361097]]], [[[-75.460232, 6.363382], [-75.460349, 6.36352], [-75.460385, 6.363755], [-75.460241, 6.363949], [-75.46006, 6.364], [-75.459904, 6.363848], [-75.459904, 6.363511], [-75.460018, 6.363375], [-75.460232, 6.363382]]], [[[-75.443726, 6.38017], [-75.443945, 6.380065], [-75.444124, 6.380278], [-75.444026, 6.380399], [-75.443837, 6.380434], [-75.443726, 6.38017]]], [[[-75.434232, 6.357565], [-75.434575, 6.357867], [-75.434477, 6.358056], [-75.434202, 6.35805], [-75.43396, 6.357927], [-75.434016, 6.357611], [-75.434232, 6.357565]]], [[[-75.455349, 6.400408], [-75.455191, 6.400552], [-75.454986, 6.400556], [-75.454858, 6.40042], [-75.454842, 6.400211], [-75.454957, 6.400106], [-75.455164, 6.400091], [-75.455323, 6.400235], [-75.455349, 6.400408]]], [[[-75.450991, 6.411253], [-75.451122, 6.411443], [-75.451084, 6.411633], [-75.450954, 6.411764], [-75.450789, 6.411756], [-75.450681, 6.411619], [-75.450701, 6.411317], [-75.450819, 6.411196], [-75.450991, 6.411253]]], [[[-75.445972, 6.402163], [-75.446205, 6.402307], [-75.446368, 6.402569], [-75.446094, 6.402916], [-75.44556, 6.403099], [-75.445184, 6.403123], [-75.444881, 6.403024], [-75.444631, 6.402792], [-75.444636, 6.402518], [-75.444934, 6.402198], [-75.445653, 6.402247], [-75.445972, 6.402163]]], [[[-75.415391, 6.379076], [-75.415619, 6.379211], [-75.415744, 6.379437], [-75.41569, 6.379637], [-75.415567, 6.379702], [-75.415289, 6.379679], [-75.415194, 6.379542], [-75.415195, 6.379223], [-75.415391, 6.379076]]], [[[-75.418087, 6.388608], [-75.418179, 6.388959], [-75.418085, 6.389431], [-75.417945, 6.389624], [-75.417709, 6.389701], [-75.417594, 6.389574], [-75.417641, 6.389241], [-75.417461, 6.389044], [-75.417439, 6.388876], [-75.417757, 6.388474], [-75.417902, 6.388455], [-75.418087, 6.388608]]], [[[-75.420916, 6.377722], [-75.421129, 6.377908], [-75.421142, 6.378065], [-75.420991, 6.378192], [-75.420718, 6.378173], [-75.420583, 6.378019], [-75.420601, 6.377796], [-75.420707, 6.377674], [-75.420916, 6.377722]]], [[[-75.429154, 6.382114], [-75.429346, 6.381985], [-75.429511, 6.382087], [-75.42952, 6.382214], [-75.42941, 6.382339], [-75.429244, 6.382345], [-75.429147, 6.382268], [-75.429154, 6.382114]]]]}, "properties": {"clase": 3, "area_ha": 2209.648188427609}}, {"type": "Feature", "geometry": {"type": "MultiPolygon", "coordinates": [[[[-75.403551, 6.367479], [-75.403424, 6.36742], [-75.403238, 6.366915], [-75.40344, 6.3669], [-75.403595, 6.367007], [-75.403628, 6.367259], [-75.403551, 6.367479]]], [[[-75.40524, 6.362257], [-75.405217, 6.362412], [-75.40514, 6.362283], [-75.40524, 6.362257]]], [[[-75.406694, 6.376613], [-75.405832, 6.376565], [-75.405855, 6.376169], [-75.405666, 6.375711], [-75.40548, 6.375525], [-75.405279, 6.375699], [-75.405246, 6.375297], [-75.405331, 6.375103], [-75.405528, 6.375045], [-75.405664, 6.375097], [-75.405721, 6.375388], [-75.405924, 6.375575], [-75.406004, 6.375786], [-75.406278, 6.375963], [-75.406384, 6.37636], [-75.406879, 6.376486], [-75.406694, 6.376613]]], [[[-75.406409, 6.362805], [-75.40636, 6.363268], [-75.406011, 6.363484], [-75.405837, 6.363478], [-75.405791, 6.362859], [-75.405926, 6.362562], [-75.406041, 6.362502], [-75.406298, 6.362552], [-75.406409, 6.362805]]], [[[-75.433361, 6.37884], [-75.433326, 6.380212], [-75.433194, 6.380528], [-75.432338, 6.380951], [-75.43229, 6.381678], [-75.432164, 6.382025], [-75.432214, 6.382562], [-75.431875, 6.382955], [-75.432072, 6.383345], [-75.432033, 6.383751], [-75.430382, 6.383783], [-75.430054, 6.383526], [-75.42991, 6.382833], [-75.429702, 6.382677], [-75.429561, 6.382769], [-75.429486, 6.383056], [-75.429313, 6.383215], [-75.428677, 6.383343], [-75.428441, 6.383512], [-75.42798, 6.383438], [-75.427504, 6.383504], [-75.427274, 6.383684], [-75.427142, 6.383933], [-75.427125, 6.384111], [-75.427247, 6.384253], [-75.427655, 6.384183], [-75.427703, 6.384259], [-75.427494, 6.38489], [-75.426945, 6.385291], [-75.426812, 6.385497], [-75.42674, 6.386543], [-75.426533, 6.386955], [-75.42659, 6.387178], [-75.426848, 6.387352], [-75.426985, 6.387635], [-75.427337, 6.388024], [-75.427602, 6.388198], [-75.427951, 6.388287], [-75.428711, 6.388093], [-75.429689, 6.387104], [-75.429926, 6.38703], [-75.430321, 6.387104], [-75.430457, 6.387229], [-75.430235, 6.387678], [-75.430289, 6.388404], [-75.43044, 6.388574], [-75.430969, 6.388691], [-75.4309, 6.388854], [-75.4302, 6.389133], [-75.429144, 6.389163], [-75.42884, 6.389244], [-75.428046, 6.389682], [-75.427543, 6.39016], [-75.426752, 6.390619], [-75.426021, 6.391668], [-75.425785, 6.3918], [-75.425404, 6.391817], [-75.425286, 6.391447], [-75.425402, 6.389503], [-75.426299, 6.389637], [-75.426548, 6.389603], [-75.427097, 6.38931], [-75.427599, 6.389168], [-75.427714, 6.389053], [-75.427681, 6.388899], [-75.426971, 6.388511], [-75.426501, 6.387666], [-75.425907, 6.387421], [-75.425799, 6.386959], [-75.425296, 6.386976], [-75.42501, 6.387418], [-75.424674, 6.387411], [-75.424403, 6.387302], [-75.424342, 6.387152], [-75.424431, 6.386807], [-75.424376, 6.386616], [-75.42392, 6.386308], [-75.423111, 6.386286], [-75.422861, 6.385924], [-75.422638, 6.385795], [-75.422695, 6.385353], [-75.422504, 6.385009], [-75.422275, 6.38501], [-75.422074, 6.38514], [-75.421796, 6.385797], [-75.421744, 6.385136], [-75.42154, 6.384795], [-75.42019, 6.385048], [-75.419867, 6.385267], [-75.419766, 6.386117], [-75.4197, 6.386268], [-75.419279, 6.386613], [-75.419239, 6.387198], [-75.4194, 6.387462], [-75.41981, 6.387649], [-75.420024, 6.387405], [-75.420237, 6.386751], [-75.420837, 6.386928], [-75.42171, 6.386974], [-75.422085, 6.387164], [-75.42223, 6.387483], [-75.42221, 6.387657], [-75.421688, 6.388533], [-75.421545, 6.388972], [-75.421809, 6.389425], [-75.421843, 6.389974], [-75.421701, 6.390051], [-75.421443, 6.38996], [-75.421242, 6.389235], [-75.421027, 6.389135], [-75.420699, 6.389292], [-75.42052, 6.389524], [-75.420317, 6.390866], [-75.420065, 6.391092], [-75.419872, 6.391125], [-75.419501, 6.390934], [-75.418803, 6.391016], [-75.418009, 6.390888], [-75.417312, 6.391015], [-75.417201, 6.391132], [-75.417123, 6.391454], [-75.417212, 6.392204], [-75.417111, 6.392613], [-75.417183, 6.392824], [-75.417196, 6.393676], [-75.417092, 6.393757], [-75.415018, 6.393784], [-75.41428, 6.393704], [-75.413957, 6.393559], [-75.413828, 6.393093], [-75.413568, 6.392836], [-75.413574, 6.392625], [-75.413815, 6.392412], [-75.413977, 6.391984], [-75.414545, 6.391652], [-75.414718, 6.390916], [-75.415305, 6.390785], [-75.415365, 6.390429], [-75.415293, 6.390309], [-75.414635, 6.390002], [-75.414184, 6.389915], [-75.413914, 6.389965], [-75.413648, 6.390142], [-75.413493, 6.390994], [-75.413218, 6.391176], [-75.412722, 6.391125], [-75.412575, 6.39095], [-75.412114, 6.390834], [-75.411756, 6.390574], [-75.411625, 6.390339], [-75.411542, 6.38958], [-75.411348, 6.389269], [-75.411468, 6.388476], [-75.411155, 6.388207], [-75.411054, 6.386623], [-75.410354, 6.386463], [-75.410259, 6.385972], [-75.410103, 6.385755], [-75.410192, 6.385443], [-75.410102, 6.385148], [-75.409421, 6.385046], [-75.409201, 6.384884], [-75.409203, 6.384172], [-75.409109, 6.383906], [-75.40881, 6.383813], [-75.40839, 6.38401], [-75.408088, 6.383869], [-75.407436, 6.383779], [-75.407259, 6.383497], [-75.407149, 6.382931], [-75.406893, 6.382535], [-75.406964, 6.382099], [-75.407272, 6.381965], [-75.407449, 6.381516], [-75.408172, 6.380955], [-75.408305, 6.381884], [-75.408762, 6.382201], [-75.409075, 6.382295], [-75.40875, 6.38267], [-75.408792, 6.383337], [-75.409081, 6.383464], [-75.409551, 6.383396], [-75.409812, 6.383125], [-75.409856, 6.382676], [-75.410018, 6.382672], [-75.410088, 6.383134], [-75.410686, 6.383216], [-75.410985, 6.383412], [-75.411083, 6.383844], [-75.411096, 6.384713], [-75.411967, 6.38487], [-75.412211, 6.385094], [-75.412536, 6.385219], [-75.41318, 6.385299], [-75.41386, 6.384568], [-75.414351, 6.384406], [-75.4148, 6.385323], [-75.414452, 6.386259], [-75.413961, 6.386435], [-75.41388, 6.386551], [-75.41375, 6.387286], [-75.413885, 6.387859], [-75.414186, 6.388066], [-75.415334, 6.38809], [-75.416121, 6.388258], [-75.416604, 6.388208], [-75.416637, 6.387624], [-75.416556, 6.387238], [-75.416075, 6.38711], [-75.416566, 6.386781], [-75.416532, 6.386219], [-75.416392, 6.386107], [-75.416176, 6.38611], [-75.415867, 6.385812], [-75.415332, 6.38566], [-75.415003, 6.385278], [-75.415098, 6.384657], [-75.415044, 6.383799], [-75.415594, 6.383442], [-75.415432, 6.382244], [-75.415452, 6.381643], [-75.415328, 6.381383], [-75.414959, 6.381201], [-75.414717, 6.381205], [-75.414393, 6.381491], [-75.41412, 6.381605], [-75.413935, 6.381948], [-75.414005, 6.382267], [-75.413871, 6.382828], [-75.413869, 6.383265], [-75.413237, 6.383321], [-75.413148, 6.383284], [-75.413189, 6.383084], [-75.413504, 6.383185], [-75.413741, 6.383004], [-75.413513, 6.382587], [-75.412953, 6.382625], [-75.412595, 6.382145], [-75.412334, 6.38202], [-75.411918, 6.382244], [-75.411242, 6.382047], [-75.410111, 6.382046], [-75.40982, 6.381868], [-75.409726, 6.381481], [-75.409478, 6.381186], [-75.410116, 6.381106], [-75.410356, 6.380895], [-75.410356, 6.380727], [-75.410056, 6.380233], [-75.410037, 6.37998], [-75.410358, 6.380369], [-75.410661, 6.380233], [-75.411009, 6.380201], [-75.411662, 6.380427], [-75.41215, 6.380464], [-75.412745, 6.380421], [-75.412901, 6.380186], [-75.413579, 6.380046], [-75.413846, 6.379712], [-75.414179, 6.379543], [-75.414441, 6.378664], [-75.414751, 6.378457], [-75.415241, 6.378388], [-75.415504, 6.378247], [-75.415638, 6.377441], [-75.41578, 6.377136], [-75.416067, 6.377058], [-75.416693, 6.377455], [-75.416877, 6.377388], [-75.416972, 6.376883], [-75.417212, 6.376523], [-75.417311, 6.376063], [-75.417788, 6.375846], [-75.417882, 6.375724], [-75.417976, 6.374936], [-75.417828, 6.374834], [-75.417631, 6.37486], [-75.41728, 6.374993], [-75.417036, 6.375289], [-75.416918, 6.375238], [-75.416161, 6.373859], [-75.415786, 6.373544], [-75.415272, 6.373376], [-75.415322, 6.37323], [-75.415692, 6.373109], [-75.415834, 6.37296], [-75.415795, 6.372415], [-75.41524, 6.372385], [-75.414889, 6.372634], [-75.414819, 6.372504], [-75.41499, 6.372038], [-75.415661, 6.371965], [-75.41595, 6.371712], [-75.416047, 6.370907], [-75.415968, 6.37059], [-75.416121, 6.369935], [-75.416389, 6.369799], [-75.416895, 6.369714], [-75.417038, 6.369568], [-75.417079, 6.369757], [-75.416776, 6.370574], [-75.416842, 6.370851], [-75.417031, 6.371043], [-75.417218, 6.371048], [-75.417801, 6.37063], [-75.417946, 6.370932], [-75.418085, 6.371005], [-75.418839, 6.370834], [-75.419093, 6.370677], [-75.419483, 6.370783], [-75.419339, 6.371245], [-75.419421, 6.372558], [-75.419586, 6.372717], [-75.419862, 6.372709], [-75.420112, 6.372337], [-75.420294, 6.372741], [-75.420353, 6.37328], [-75.42059, 6.373531], [-75.42065, 6.373737], [-75.42063, 6.374], [-75.420329, 6.374388], [-75.420214, 6.374853], [-75.420069, 6.374787], [-75.419774, 6.37439], [-75.419559, 6.374474], [-75.419424, 6.37464], [-75.419444, 6.37482], [-75.419703, 6.374963], [-75.419839, 6.375159], [-75.419904, 6.375907], [-75.420117, 6.376057], [-75.420519, 6.37612], [-75.420628, 6.375697], [-75.420502, 6.375268], [-75.420713, 6.375209], [-75.420863, 6.375519], [-75.420986, 6.376727], [-75.421231, 6.376978], [-75.421306, 6.377238], [-75.422346, 6.377401], [-75.422565, 6.377524], [-75.422464, 6.377717], [-75.421735, 6.37778], [-75.421395, 6.377955], [-75.421239, 6.378383], [-75.421186, 6.379095], [-75.421013, 6.379345], [-75.421358, 6.379775], [-75.421716, 6.380052], [-75.422612, 6.380157], [-75.422815, 6.380259], [-75.422985, 6.381254], [-75.423255, 6.381705], [-75.423492, 6.382413], [-75.423423, 6.382986], [-75.422908, 6.383282], [-75.422814, 6.383512], [-75.422908, 6.383624], [-75.42312, 6.383661], [-75.423026, 6.384125], [-75.423079, 6.384347], [-75.423606, 6.384792], [-75.423819, 6.384778], [-75.424327, 6.384298], [-75.424658, 6.384557], [-75.424978, 6.384454], [-75.425298, 6.38472], [-75.425973, 6.384313], [-75.426241, 6.384034], [-75.426172, 6.383105], [-75.425645, 6.382925], [-75.425484, 6.382404], [-75.425211, 6.381923], [-75.424656, 6.381949], [-75.424455, 6.381755], [-75.424448, 6.381228], [-75.424653, 6.380845], [-75.426247, 6.380491], [-75.427005, 6.380558], [-75.427741, 6.380792], [-75.428284, 6.380841], [-75.428534, 6.381374], [-75.429181, 6.381453], [-75.429785, 6.381279], [-75.429794, 6.381087], [-75.429496, 6.380843], [-75.430266, 6.380513], [-75.430275, 6.380345], [-75.43015, 6.380298], [-75.428373, 6.379943], [-75.428493, 6.379491], [-75.427911, 6.378979], [-75.427392, 6.378371], [-75.427349, 6.378259], [-75.427446, 6.378136], [-75.427984, 6.378045], [-75.428294, 6.377832], [-75.428495, 6.376943], [-75.429951, 6.377015], [-75.43045, 6.377191], [-75.431122, 6.377298], [-75.431428, 6.377557], [-75.431609, 6.378375], [-75.431928, 6.378594], [-75.432026, 6.379757], [-75.432314, 6.379794], [-75.432456, 6.379563], [-75.432511, 6.378616], [-75.432384, 6.378411], [-75.432153, 6.378382], [-75.43226, 6.37814], [-75.432458, 6.37831], [-75.432807, 6.37841], [-75.433083, 6.37872], [-75.433361, 6.37884]], [[-75.410941, 6.384936], [-75.410703, 6.384859], [-75.41031, 6.384911], [-75.410547, 6.38499], [-75.410941, 6.384936]], [[-75.412514, 6.381299], [-75.412721, 6.380933], [-75.412635, 6.380663], [-75.411336, 6.380553], [-75.411119, 6.380732], [-75.411187, 6.381082], [-75.411801, 6.381568], [-75.412091, 6.3816], [-75.412514, 6.381299]], [[-75.413695, 6.385744], [-75.413558, 6.3854], [-75.413167, 6.385358], [-75.412904, 6.385514], [-75.412395, 6.385602], [-75.411884, 6.385803], [-75.411637, 6.386133], [-75.41162, 6.386663], [-75.411714, 6.387086], [-75.411655, 6.387639], [-75.411901, 6.387822], [-75.412241, 6.388531], [-75.4121, 6.389065], [-75.412106, 6.389992], [-75.412323, 6.390454], [-75.412516, 6.390545], [-75.413093, 6.390452], [-75.413404, 6.389896], [-75.413889, 6.38972], [-75.414004, 6.388993], [-75.414258, 6.38874], [-75.414737, 6.38899], [-75.414895, 6.38957], [-75.415253, 6.389996], [-75.415733, 6.390078], [-75.415927, 6.390001], [-75.416019, 6.389823], [-75.416068, 6.389388], [-75.415925, 6.38905], [-75.414742, 6.388319], [-75.413919, 6.38813], [-75.413366, 6.388218], [-75.413367, 6.38833], [-75.413619, 6.388442], [-75.413705, 6.388646], [-75.413654, 6.388933], [-75.413436, 6.389068], [-75.41326, 6.389012], [-75.41288, 6.388644], [-75.412877, 6.388488], [-75.413045, 6.388204], [-75.412964, 6.387868], [-75.413022, 6.387354], [-75.413348, 6.387157], [-75.413537, 6.386538], [-75.413733, 6.386305], [-75.413695, 6.385744]], [[-75.414836, 6.379505], [-75.414374, 6.379592], [-75.414114, 6.380351], [-75.413944, 6.380545], [-75.413581, 6.380645], [-75.413067, 6.380463], [-75.413245, 6.380868], [-75.413499, 6.380985], [-75.414085, 6.380829], [-75.414921, 6.380191], [-75.415057, 6.379758], [-75.415025, 6.379631], [-75.414836, 6.379505]], [[-75.416055, 6.393194], [-75.415951, 6.391528], [-75.415876, 6.391195], [-75.415788, 6.391029], [-75.415687, 6.39103], [-75.415548, 6.391147], [-75.415384, 6.391667], [-75.415069, 6.391874], [-75.414736, 6.391896], [-75.414595, 6.392281], [-75.414194, 6.392554], [-75.414097, 6.392771], [-75.414518, 6.393158], [-75.415067, 6.393235], [-75.415287, 6.393612], [-75.41588, 6.393694], [-75.416055, 6.393194]], [[-75.416539, 6.380917], [-75.416491, 6.379459], [-75.416415, 6.379283], [-75.416217, 6.379197], [-75.416041, 6.379356], [-75.415958, 6.379756], [-75.41581, 6.379986], [-75.415013, 6.380321], [-75.414643, 6.380603], [-75.414565, 6.380763], [-75.414715, 6.380992], [-75.415069, 6.380942], [-75.415494, 6.381069], [-75.415754, 6.381454], [-75.416016, 6.381515], [-75.416232, 6.381429], [-75.416338, 6.38109], [-75.416539, 6.380917]], [[-75.415003, 6.378988], [-75.414892, 6.378745], [-75.414698, 6.378754], [-75.414809, 6.378986], [-75.415003, 6.378988]], [[-75.415769, 6.379486], [-75.415386, 6.37909], [-75.415236, 6.379147], [-75.415164, 6.379397], [-75.41527, 6.379648], [-75.415487, 6.379712], [-75.415705, 6.379662], [-75.415769, 6.379486]], [[-75.416087, 6.378403], [-75.415803, 6.378404], [-75.415779, 6.378516], [-75.416085, 6.378515], [-75.416087, 6.378403]], [[-75.416936, 6.385473], [-75.416946, 6.384443], [-75.417806, 6.384578], [-75.418185, 6.384271], [-75.418198, 6.384123], [-75.418071, 6.383988], [-75.417383, 6.383829], [-75.417273, 6.383571], [-75.41751, 6.382906], [-75.417851, 6.382736], [-75.418249, 6.38268], [-75.41838, 6.382528], [-75.418268, 6.382241], [-75.418087, 6.382075], [-75.417518, 6.381815], [-75.41701, 6.381699], [-75.415979, 6.382087], [-75.416098, 6.382222], [-75.416514, 6.382227], [-75.416824, 6.38322], [-75.416827, 6.384053], [-75.416532, 6.384394], [-75.416404, 6.384711], [-75.416468, 6.385331], [-75.416623, 6.38548], [-75.416936, 6.385473]], [[-75.416439, 6.373343], [-75.416339, 6.373344], [-75.416362, 6.373501], [-75.416462, 6.373478], [-75.416439, 6.373343]], [[-75.417956, 6.380356], [-75.41764, 6.379942], [-75.417369, 6.379758], [-75.417768, 6.379655], [-75.417888, 6.379523], [-75.417921, 6.379181], [-75.41777, 6.378646], [-75.417636, 6.378472], [-75.417156, 6.378421], [-75.417004, 6.37791], [-75.41682, 6.377773], [-75.416661, 6.377775], [-75.416503, 6.378017], [-75.416456, 6.378414], [-75.416757, 6.379685], [-75.416793, 6.380782], [-75.417261, 6.380861], [-75.417869, 6.380833], [-75.418036, 6.380719], [-75.417956, 6.380356]], [[-75.417115, 6.389588], [-75.417111, 6.389384], [-75.417081, 6.389172], [-75.417008, 6.389406], [-75.417115, 6.389588]], [[-75.418504, 6.386042], [-75.41842, 6.38561], [-75.418174, 6.385085], [-75.417934, 6.384971], [-75.417478, 6.385414], [-75.417507, 6.385594], [-75.417771, 6.385764], [-75.417836, 6.385976], [-75.417416, 6.386393], [-75.417392, 6.387183], [-75.417928, 6.387237], [-75.418322, 6.387105], [-75.418504, 6.386042]], [[-75.418139, 6.388706], [-75.417969, 6.388482], [-75.417768, 6.388455], [-75.41764, 6.388507], [-75.417474, 6.388798], [-75.41747, 6.388983], [-75.41765, 6.389286], [-75.4176, 6.389595], [-75.417739, 6.389739], [-75.417979, 6.38965], [-75.418074, 6.389463], [-75.418174, 6.388967], [-75.418139, 6.388706]], [[-75.419111, 6.373449], [-75.418752, 6.373164], [-75.418163, 6.37302], [-75.417767, 6.373564], [-75.417528, 6.373556], [-75.417408, 6.37366], [-75.417476, 6.374001], [-75.41811, 6.374261], [-75.418174, 6.375208], [-75.418708, 6.375172], [-75.418861, 6.37504], [-75.419051, 6.374521], [-75.419111, 6.373449]], [[-75.417851, 6.376863], [-75.417497, 6.376873], [-75.41747, 6.377155], [-75.417571, 6.377315], [-75.418088, 6.376997], [-75.417851, 6.376863]], [[-75.420705, 6.382527], [-75.419678, 6.382431], [-75.418823, 6.382573], [-75.418326, 6.382879], [-75.417637, 6.383028], [-75.417495, 6.383275], [-75.417631, 6.383455], [-75.418072, 6.383562], [-75.418302, 6.38375], [-75.41844, 6.38447], [-75.418878, 6.384536], [-75.419104, 6.38488], [-75.419396, 6.384945], [-75.419575, 6.384861], [-75.419716, 6.384565], [-75.419942, 6.384512], [-75.420309, 6.38422], [-75.420482, 6.383977], [-75.420565, 6.383605], [-75.421009, 6.383188], [-75.421068, 6.382841], [-75.420705, 6.382527]], [[-75.418793, 6.371478], [-75.418366, 6.371456], [-75.417971, 6.371324], [-75.417909, 6.371638], [-75.41797, 6.371963], [-75.418305, 6.372316], [-75.418796, 6.372415], [-75.419229, 6.372337], [-75.419121, 6.372128], [-75.419073, 6.371601], [-75.418793, 6.371478]], [[-75.420972, 6.380387], [-75.420931, 6.379461], [-75.420695, 6.379315], [-75.420387, 6.379416], [-75.420115, 6.379961], [-75.419368, 6.380044], [-75.419502, 6.379476], [-75.41939, 6.378712], [-75.419395, 6.377882], [-75.419211, 6.377744], [-75.418893, 6.37774], [-75.418504, 6.377801], [-75.418242, 6.377979], [-75.418195, 6.378295], [-75.418282, 6.378601], [-75.418784, 6.378698], [-75.418373, 6.378914], [-75.418374, 6.379347], [-75.418832, 6.379686], [-75.41893, 6.380107], [-75.4192, 6.38021], [-75.41929, 6.38045], [-75.419613, 6.380562], [-75.420129, 6.380492], [-75.420428, 6.380598], [-75.420774, 6.380592], [-75.420972, 6.380387]], [[-75.419927, 6.388572], [-75.419908, 6.387884], [-75.419285, 6.387751], [-75.418886, 6.388009], [-75.418672, 6.388], [-75.418564, 6.388159], [-75.418641, 6.388348], [-75.419035, 6.388308], [-75.419051, 6.388676], [-75.418899, 6.388691], [-75.418586, 6.388514], [-75.418474, 6.388595], [-75.418445, 6.388773], [-75.418653, 6.389168], [-75.419388, 6.389133], [-75.419831, 6.389038], [-75.419927, 6.388572]], [[-75.419327, 6.390457], [-75.419158, 6.39038], [-75.418893, 6.390432], [-75.419074, 6.390511], [-75.419327, 6.390457]], [[-75.420147, 6.389459], [-75.41971, 6.389185], [-75.419598, 6.389233], [-75.419555, 6.389495], [-75.419671, 6.389712], [-75.419928, 6.38974], [-75.420122, 6.389643], [-75.420147, 6.389459]], [[-75.420113, 6.374322], [-75.420141, 6.373755], [-75.420085, 6.373654], [-75.419957, 6.373976], [-75.420015, 6.37437], [-75.420113, 6.374322]], [[-75.421258, 6.387985], [-75.421146, 6.387638], [-75.420758, 6.387321], [-75.42055, 6.387328], [-75.420338, 6.387594], [-75.420394, 6.387968], [-75.420721, 6.388383], [-75.421057, 6.388273], [-75.421258, 6.387985]], [[-75.421064, 6.381158], [-75.42055, 6.38135], [-75.420535, 6.381512], [-75.420919, 6.38246], [-75.421168, 6.382703], [-75.421324, 6.383078], [-75.421126, 6.384064], [-75.420899, 6.38442], [-75.420999, 6.384477], [-75.421835, 6.384037], [-75.422429, 6.383559], [-75.422636, 6.383193], [-75.42265, 6.382835], [-75.422943, 6.38242], [-75.423009, 6.38219], [-75.422861, 6.381931], [-75.422839, 6.381361], [-75.422738, 6.381162], [-75.422175, 6.381503], [-75.421761, 6.381205], [-75.421367, 6.381101], [-75.421243, 6.38095], [-75.421064, 6.381158]], [[-75.421144, 6.377985], [-75.420852, 6.377656], [-75.420679, 6.377681], [-75.420594, 6.377853], [-75.42063, 6.378116], [-75.420803, 6.378194], [-75.421091, 6.378132], [-75.421144, 6.377985]], [[-75.424475, 6.385232], [-75.424289, 6.38488], [-75.423948, 6.384885], [-75.423989, 6.385086], [-75.424204, 6.385277], [-75.424456, 6.385386], [-75.424475, 6.385232]], [[-75.425524, 6.386033], [-75.42546, 6.385364], [-75.425321, 6.385222], [-75.425169, 6.385233], [-75.42495, 6.385552], [-75.424933, 6.386351], [-75.425182, 6.386569], [-75.425425, 6.386543], [-75.425524, 6.386033]], [[-75.427032, 6.380623], [-75.426662, 6.380702], [-75.426279, 6.381012], [-75.425892, 6.381081], [-75.425413, 6.381562], [-75.42591, 6.381466], [-75.426216, 6.381571], [-75.426301, 6.381696], [-75.426279, 6.381882], [-75.425887, 6.382069], [-75.426427, 6.38232], [-75.426882, 6.382397], [-75.427311, 6.382289], [-75.427956, 6.381551], [-75.427853, 6.3813], [-75.427524, 6.380926], [-75.427032, 6.380623]], [[-75.426287, 6.384757], [-75.426174, 6.384595], [-75.425967, 6.384754], [-75.425867, 6.384966], [-75.42589, 6.385255], [-75.42617, 6.385028], [-75.426287, 6.384757]], [[-75.430049, 6.378084], [-75.428766, 6.378171], [-75.428474, 6.378384], [-75.428515, 6.378771], [-75.428834, 6.378907], [-75.428885, 6.379219], [-75.429216, 6.379497], [-75.429244, 6.380029], [-75.429366, 6.380072], [-75.429967, 6.379936], [-75.430596, 6.380147], [-75.430873, 6.380347], [-75.430927, 6.380509], [-75.430836, 6.380618], [-75.430466, 6.380742], [-75.430429, 6.38102], [-75.430689, 6.381124], [-75.431146, 6.381605], [-75.431785, 6.381548], [-75.431926, 6.381463], [-75.432145, 6.381039], [-75.432207, 6.38044], [-75.4321, 6.38026], [-75.4319, 6.380158], [-75.431089, 6.380016], [-75.430967, 6.37979], [-75.430979, 6.379425], [-75.431407, 6.378887], [-75.431426, 6.3785], [-75.430861, 6.378313], [-75.430475, 6.377787], [-75.430257, 6.377812], [-75.430049, 6.378084]], [[-75.429072, 6.37755], [-75.428633, 6.377502], [-75.428532, 6.377552], [-75.429072, 6.37755]], [[-75.429459, 6.38282], [-75.429443, 6.382755], [-75.429121, 6.382483], [-75.4292, 6.382776], [-75.429459, 6.38282]], [[-75.429187, 6.382044], [-75.429175, 6.382301], [-75.42933, 6.382358], [-75.429479, 6.382285], [-75.429474, 6.382049], [-75.429283, 6.381979], [-75.429187, 6.382044]], [[-75.430887, 6.381961], [-75.430344, 6.382098], [-75.430345, 6.382408], [-75.430476, 6.382589], [-75.430797, 6.382638], [-75.431283, 6.382405], [-75.431578, 6.382482], [-75.431852, 6.382419], [-75.431446, 6.382094], [-75.430887, 6.381961]]], [[[-75.432374, 6.377685], [-75.432404, 6.377509], [-75.432558, 6.377433], [-75.432772, 6.377454], [-75.432851, 6.377566], [-75.432804, 6.377726], [-75.432656, 6.377808], [-75.432458, 6.377802], [-75.432374, 6.377685]]], [[[-75.414562, 6.383817], [-75.414422, 6.383845], [-75.414388, 6.383795], [-75.414447, 6.383737], [-75.414562, 6.383817]]], [[[-75.421778, 6.390406], [-75.421837, 6.390448], [-75.421802, 6.390457], [-75.421778, 6.390406]]], [[[-75.411526, 6.38321], [-75.41161, 6.38325], [-75.411561, 6.383362], [-75.411477, 6.383311], [-75.411526, 6.38321]]], [[[-75.410105, 6.364551], [-75.410014, 6.364788], [-75.409679, 6.364768], [-75.40945, 6.364861], [-75.409323, 6.365317], [-75.409183, 6.365022], [-75.408945, 6.365053], [-75.408785, 6.365924], [-75.408621, 6.36562], [-75.40831, 6.365436], [-75.40832, 6.364776], [-75.408436, 6.364608], [-75.408757, 6.364433], [-75.409907, 6.364428], [-75.410105, 6.364551]]], [[[-75.40967, 6.368769], [-75.409449, 6.368629], [-75.409117, 6.368776], [-75.408958, 6.368732], [-75.408911, 6.368393], [-75.409021, 6.367857], [-75.40942, 6.367821], [-75.409537, 6.367886], [-75.40968, 6.36821], [-75.40967, 6.368769]]], [[[-75.410825, 6.389368], [-75.410323, 6.3897], [-75.410166, 6.390295], [-75.409887, 6.390413], [-75.409642, 6.390767], [-75.409421, 6.39066], [-75.409523, 6.390296], [-75.40949, 6.389758], [-75.409381, 6.389613], [-75.409092, 6.389536], [-75.409109, 6.389127], [-75.409411, 6.389024], [-75.409971, 6.389281], [-75.410825, 6.389368]]], [[[-75.409788, 6.376202], [-75.409555, 6.376175], [-75.409454, 6.375958], [-75.409487, 6.375642], [-75.409655, 6.375506], [-75.409891, 6.375547], [-75.409991, 6.37576], [-75.409956, 6.376062], [-75.409788, 6.376202]]], [[[-75.411226, 6.374784], [-75.41052, 6.37479], [-75.410262, 6.374711], [-75.409708, 6.374871], [-75.409567, 6.374795], [-75.409538, 6.374618], [-75.409594, 6.374478], [-75.409822, 6.374326], [-75.409885, 6.374028], [-75.410003, 6.373983], [-75.410098, 6.374084], [-75.410068, 6.374464], [-75.410299, 6.374602], [-75.410809, 6.374578], [-75.411338, 6.374277], [-75.411591, 6.374361], [-75.411661, 6.37463], [-75.411226, 6.374784]]], [[[-75.411644, 6.394442], [-75.411261, 6.394377], [-75.410857, 6.393747], [-75.411429, 6.393452], [-75.411299, 6.392592], [-75.411087, 6.392083], [-75.410937, 6.39194], [-75.41038, 6.391879], [-75.410304, 6.391767], [-75.411097, 6.391738], [-75.411402, 6.391813], [-75.411659, 6.393182], [-75.411644, 6.394442]]], [[[-75.413796, 6.355625], [-75.412742, 6.35596], [-75.412285, 6.355902], [-75.411889, 6.355692], [-75.411142, 6.355778], [-75.410335, 6.355754], [-75.410183, 6.355578], [-75.4104, 6.354928], [-75.410453, 6.354096], [-75.41065, 6.353925], [-75.411141, 6.353889], [-75.411575, 6.35398], [-75.412016, 6.354316], [-75.412719, 6.354198], [-75.413459, 6.35425], [-75.413833, 6.354609], [-75.413875, 6.355225], [-75.413796, 6.355625]]], [[[-75.410676, 6.369073], [-75.41056, 6.369047], [-75.410523, 6.368895], [-75.410633, 6.368584], [-75.410732, 6.368614], [-75.410775, 6.368766], [-75.410676, 6.369073]]], [[[-75.413686, 6.377334], [-75.413553, 6.377271], [-75.413514, 6.377215], [-75.413667, 6.377248], [-75.413686, 6.377334]]], [[[-75.413229, 6.377053], [-75.412994, 6.377091], [-75.412804, 6.377626], [-75.412494, 6.377614], [-75.41237, 6.376875], [-75.411853, 6.376721], [-75.412009, 6.376393], [-75.411943, 6.376196], [-75.411081, 6.375894], [-75.412238, 6.375855], [-75.413068, 6.375936], [-75.413297, 6.376113], [-75.413423, 6.376406], [-75.413385, 6.376872], [-75.413229, 6.377053]], [[-75.412918, 6.376586], [-75.41279, 6.376342], [-75.412481, 6.376368], [-75.412535, 6.376503], [-75.41288, 6.376755], [-75.412918, 6.376586]]], [[[-75.4113, 6.365042], [-75.411225, 6.365039], [-75.411283, 6.364964], [-75.4113, 6.365042]]], [[[-75.413893, 6.369781], [-75.41366, 6.369479], [-75.413462, 6.369444], [-75.413199, 6.369591], [-75.412836, 6.370068], [-75.412529, 6.370062], [-75.412139, 6.369852], [-75.411939, 6.368674], [-75.411378, 6.368549], [-75.411271, 6.36827], [-75.411338, 6.368171], [-75.411676, 6.368048], [-75.412265, 6.368113], [-75.412329, 6.368809], [-75.412531, 6.369172], [-75.412722, 6.369223], [-75.413134, 6.369103], [-75.413599, 6.368423], [-75.413806, 6.368355], [-75.41387, 6.368511], [-75.413769, 6.368741], [-75.413452, 6.368919], [-75.413387, 6.36907], [-75.41358, 6.369271], [-75.41389, 6.3691], [-75.413893, 6.369781]]], [[[-75.414243, 6.394985], [-75.413744, 6.395012], [-75.413292, 6.394985], [-75.413774, 6.394728], [-75.414255, 6.394817], [-75.414314, 6.3949], [-75.414243, 6.394985]]], [[[-75.414298, 6.396242], [-75.413763, 6.396154], [-75.413812, 6.39589], [-75.413998, 6.395903], [-75.414337, 6.396166], [-75.414298, 6.396242]]], [[[-75.414849, 6.377361], [-75.414789, 6.377418], [-75.414757, 6.377416], [-75.414773, 6.377305], [-75.414849, 6.377361]]], [[[-75.415529, 6.374997], [-75.415254, 6.374941], [-75.41525, 6.374807], [-75.415497, 6.374908], [-75.415529, 6.374997]]], [[[-75.415032, 6.375368], [-75.415178, 6.375564], [-75.415188, 6.37569], [-75.415016, 6.375629], [-75.415032, 6.375368]]], [[[-75.415874, 6.349384], [-75.415693, 6.349322], [-75.415649, 6.349053], [-75.415946, 6.349095], [-75.415959, 6.349316], [-75.415874, 6.349384]]], [[[-75.416327, 6.362973], [-75.41587, 6.362897], [-75.415673, 6.36258], [-75.415736, 6.362143], [-75.416059, 6.361941], [-75.416514, 6.361987], [-75.416712, 6.362313], [-75.416652, 6.362782], [-75.416327, 6.362973]]], [[[-75.419469, 6.343183], [-75.419285, 6.344293], [-75.419113, 6.344525], [-75.418409, 6.344529], [-75.418146, 6.344349], [-75.418128, 6.343989], [-75.418218, 6.343723], [-75.418498, 6.343569], [-75.418892, 6.343121], [-75.419213, 6.343001], [-75.419391, 6.34303], [-75.419469, 6.343183]], [[-75.419234, 6.343482], [-75.419202, 6.343269], [-75.419031, 6.343247], [-75.419069, 6.343477], [-75.419234, 6.343482]]], [[[-75.424069, 6.393476], [-75.423978, 6.393959], [-75.42358, 6.394336], [-75.423103, 6.394424], [-75.422349, 6.394085], [-75.421483, 6.394023], [-75.421231, 6.394136], [-75.421129, 6.394497], [-75.420998, 6.394651], [-75.420293, 6.394928], [-75.419956, 6.394785], [-75.420003, 6.394741], [-75.419571, 6.394805], [-75.419231, 6.393952], [-75.419153, 6.393991], [-75.419037, 6.394582], [-75.418803, 6.393777], [-75.418376, 6.393686], [-75.418514, 6.393615], [-75.419125, 6.39365], [-75.419485, 6.393378], [-75.419528, 6.393131], [-75.419464, 6.392944], [-75.41884, 6.392631], [-75.418796, 6.392557], [-75.41888, 6.392507], [-75.419077, 6.392478], [-75.419346, 6.392581], [-75.419805, 6.392988], [-75.420037, 6.393318], [-75.420486, 6.393423], [-75.421061, 6.39309], [-75.421608, 6.392948], [-75.421802, 6.392759], [-75.422071, 6.392261], [-75.422626, 6.392118], [-75.422902, 6.392222], [-75.423343, 6.39274], [-75.424, 6.393093], [-75.424069, 6.393476]]], [[[-75.421016, 6.369172], [-75.420488, 6.36931], [-75.420145, 6.369891], [-75.419825, 6.369969], [-75.419644, 6.3699], [-75.419245, 6.369183], [-75.419372, 6.369057], [-75.420091, 6.368857], [-75.420097, 6.368619], [-75.419783, 6.367974], [-75.420166, 6.368217], [-75.420406, 6.368889], [-75.421016, 6.369172]]], [[[-75.419381, 6.364089], [-75.419257, 6.36392], [-75.419202, 6.363434], [-75.4192, 6.363073], [-75.419325, 6.362757], [-75.41977, 6.36317], [-75.419997, 6.363577], [-75.420093, 6.363959], [-75.419931, 6.364133], [-75.419381, 6.364089]]], [[[-75.42199, 6.398194], [-75.422035, 6.398769], [-75.421966, 6.39904], [-75.421774, 6.399265], [-75.420941, 6.399802], [-75.420931, 6.399651], [-75.421141, 6.399432], [-75.420942, 6.39883], [-75.421002, 6.397964], [-75.421129, 6.397815], [-75.421317, 6.397762], [-75.421565, 6.397806], [-75.42176, 6.397893], [-75.42199, 6.398194]]], [[[-75.42359, 6.354053], [-75.423307, 6.355022], [-75.42225, 6.354947], [-75.421834, 6.354835], [-75.42173, 6.354709], [-75.421651, 6.354138], [-75.421722, 6.353356], [-75.422386, 6.353123], [-75.422993, 6.353144], [-75.42284, 6.353554], [-75.422917, 6.354288], [-75.423163, 6.354334], [-75.423486, 6.353829], [-75.42359, 6.354053]], [[-75.422627, 6.353389], [-75.422349, 6.353395], [-75.422274, 6.353678], [-75.422301, 6.354072], [-75.422429, 6.354241], [-75.42263, 6.354122], [-75.422627, 6.353389]]], [[[-75.423417, 6.353351], [-75.423368, 6.353315], [-75.423216, 6.353229], [-75.423428, 6.353233], [-75.423417, 6.353351]]], [[[-75.428469, 6.37618], [-75.427807, 6.376036], [-75.42653, 6.376304], [-75.425346, 6.376285], [-75.424847, 6.376053], [-75.423902, 6.375843], [-75.423524, 6.375599], [-75.423052, 6.375536], [-75.422901, 6.375324], [-75.422889, 6.375155], [-75.422992, 6.374985], [-75.423934, 6.375079], [-75.424697, 6.374922], [-75.424681, 6.374345], [-75.425386, 6.374083], [-75.425601, 6.373285], [-75.42581, 6.373107], [-75.426075, 6.373113], [-75.426138, 6.373238], [-75.426091, 6.37357], [-75.426204, 6.373807], [-75.426579, 6.374022], [-75.427264, 6.374205], [-75.427735, 6.374526], [-75.427824, 6.374761], [-75.427895, 6.37563], [-75.428104, 6.375906], [-75.428469, 6.37618]], [[-75.426216, 6.374151], [-75.425659, 6.374255], [-75.42535, 6.37451], [-75.425268, 6.375403], [-75.425385, 6.375945], [-75.42589, 6.375903], [-75.426886, 6.375995], [-75.42775, 6.375821], [-75.427798, 6.375674], [-75.427728, 6.375512], [-75.426883, 6.374425], [-75.426605, 6.374214], [-75.426216, 6.374151]]], [[[-75.423496, 6.347196], [-75.423187, 6.347365], [-75.42293, 6.347148], [-75.42331, 6.347096], [-75.423496, 6.347196]]], [[[-75.424635, 6.344376], [-75.4242, 6.345018], [-75.423936, 6.345608], [-75.423705, 6.345781], [-75.423375, 6.345723], [-75.423252, 6.345487], [-75.423121, 6.344787], [-75.422864, 6.344543], [-75.423105, 6.344421], [-75.423226, 6.344252], [-75.423757, 6.344063], [-75.423869, 6.343615], [-75.423782, 6.343105], [-75.423836, 6.342962], [-75.424081, 6.342933], [-75.424291, 6.343112], [-75.424635, 6.344376]], [[-75.4239, 6.344255], [-75.42363, 6.344217], [-75.423574, 6.344256], [-75.4239, 6.344255]]], [[[-75.424301, 6.388508], [-75.424352, 6.388583], [-75.424276, 6.388583], [-75.424301, 6.388508]]], [[[-75.426772, 6.332245], [-75.4265, 6.332666], [-75.426414, 6.333228], [-75.425846, 6.332352], [-75.425315, 6.332192], [-75.424949, 6.331923], [-75.424527, 6.331844], [-75.424044, 6.331196], [-75.424031, 6.330857], [-75.424231, 6.33056], [-75.424282, 6.33032], [-75.424522, 6.328277], [-75.425044, 6.328125], [-75.425092, 6.327615], [-75.425199, 6.327395], [-75.425454, 6.327385], [-75.425585, 6.327633], [-75.426084, 6.331003], [-75.426198, 6.331344], [-75.426733, 6.331861], [-75.426772, 6.332245]], [[-75.425958, 6.331378], [-75.425645, 6.329376], [-75.42571, 6.328868], [-75.425435, 6.328249], [-75.425255, 6.328189], [-75.425194, 6.328394], [-75.425301, 6.329361], [-75.425199, 6.330074], [-75.425049, 6.330291], [-75.424464, 6.330387], [-75.424431, 6.33048], [-75.424519, 6.330607], [-75.425071, 6.330774], [-75.425856, 6.332152], [-75.426169, 6.332277], [-75.426285, 6.332171], [-75.425958, 6.331378]]], [[[-75.488847, 6.396461], [-75.48843, 6.396711], [-75.488171, 6.397049], [-75.487993, 6.398131], [-75.487676, 6.398176], [-75.486784, 6.398075], [-75.487394, 6.398016], [-75.487607, 6.397922], [-75.487745, 6.397738], [-75.487797, 6.397106], [-75.487706, 6.396835], [-75.487536, 6.396656], [-75.487287, 6.396566], [-75.486547, 6.396624], [-75.486464, 6.396679], [-75.486359, 6.397062], [-75.486345, 6.397961], [-75.486195, 6.398039], [-75.486107, 6.397381], [-75.486231, 6.39631], [-75.487716, 6.396206], [-75.48791, 6.396049], [-75.487791, 6.395576], [-75.487388, 6.395447], [-75.487178, 6.395224], [-75.487074, 6.394187], [-75.486659, 6.39404], [-75.486338, 6.394058], [-75.48589, 6.394683], [-75.48571, 6.395445], [-75.48554, 6.395571], [-75.484964, 6.395654], [-75.484561, 6.395482], [-75.484257, 6.393447], [-75.484154, 6.393257], [-75.483877, 6.393078], [-75.483149, 6.393164], [-75.482859, 6.393341], [-75.482344, 6.393353], [-75.482052, 6.393558], [-75.4819, 6.393878], [-75.480955, 6.393875], [-75.480801, 6.394006], [-75.480793, 6.394315], [-75.480622, 6.394323], [-75.48016, 6.394015], [-75.480199, 6.393548], [-75.479781, 6.392667], [-75.479529, 6.392519], [-75.479169, 6.392564], [-75.479431, 6.392044], [-75.479407, 6.39181], [-75.478929, 6.391732], [-75.478864, 6.391336], [-75.478744, 6.391187], [-75.478306, 6.391152], [-75.478087, 6.391263], [-75.478105, 6.391512], [-75.478259, 6.39175], [-75.478135, 6.391971], [-75.478094, 6.392323], [-75.477963, 6.392607], [-75.477588, 6.392917], [-75.47785, 6.393251], [-75.478194, 6.393288], [-75.478242, 6.393726], [-75.478087, 6.39399], [-75.47745, 6.394116], [-75.477194, 6.394281], [-75.477128, 6.394844], [-75.477264, 6.395309], [-75.478459, 6.39557], [-75.479286, 6.3954], [-75.480401, 6.39563], [-75.481043, 6.395646], [-75.48146, 6.395554], [-75.481703, 6.395964], [-75.482083, 6.396078], [-75.482496, 6.395954], [-75.482641, 6.395093], [-75.482819, 6.395022], [-75.482922, 6.395192], [-75.483028, 6.395968], [-75.483772, 6.396189], [-75.483935, 6.396397], [-75.483981, 6.396771], [-75.484148, 6.397124], [-75.484157, 6.39765], [-75.484017, 6.398575], [-75.48377, 6.398893], [-75.483745, 6.399165], [-75.48404, 6.399388], [-75.484196, 6.399653], [-75.484654, 6.399905], [-75.484834, 6.400273], [-75.485376, 6.400603], [-75.485587, 6.402038], [-75.485531, 6.40231], [-75.485248, 6.402507], [-75.485202, 6.402694], [-75.485259, 6.403021], [-75.485527, 6.40345], [-75.485579, 6.403841], [-75.485371, 6.406357], [-75.485093, 6.406627], [-75.484049, 6.406632], [-75.483788, 6.406551], [-75.483367, 6.405932], [-75.483269, 6.404948], [-75.483313, 6.404017], [-75.482668, 6.403645], [-75.482034, 6.40359], [-75.481816, 6.403831], [-75.481243, 6.40396], [-75.481039, 6.404188], [-75.48065, 6.403915], [-75.480149, 6.403982], [-75.479945, 6.403782], [-75.47992, 6.403416], [-75.479757, 6.403311], [-75.479571, 6.403323], [-75.479467, 6.402971], [-75.47921, 6.402722], [-75.478857, 6.40203], [-75.478122, 6.40167], [-75.477741, 6.401245], [-75.477324, 6.401465], [-75.477077, 6.401202], [-75.476794, 6.401175], [-75.476599, 6.401443], [-75.476605, 6.401889], [-75.476396, 6.40195], [-75.475527, 6.401904], [-75.47469, 6.40171], [-75.474072, 6.40168], [-75.47414, 6.401054], [-75.474473, 6.400692], [-75.474373, 6.40005], [-75.474198, 6.399712], [-75.473945, 6.399515], [-75.473116, 6.39942], [-75.472931, 6.399321], [-75.472811, 6.399112], [-75.472765, 6.398364], [-75.472941, 6.397818], [-75.473109, 6.397701], [-75.47421, 6.397508], [-75.474558, 6.397046], [-75.474824, 6.39691], [-75.474896, 6.396663], [-75.474863, 6.396327], [-75.474528, 6.395962], [-75.474467, 6.39561], [-75.47453, 6.395432], [-75.474851, 6.395216], [-75.475222, 6.395201], [-75.475362, 6.395111], [-75.475436, 6.394654], [-75.475359, 6.394474], [-75.475178, 6.394372], [-75.474217, 6.394408], [-75.474118, 6.394787], [-75.47414, 6.395191], [-75.473969, 6.395384], [-75.473803, 6.395965], [-75.473541, 6.396391], [-75.473025, 6.396514], [-75.472244, 6.396481], [-75.472346, 6.396191], [-75.472003, 6.395869], [-75.471811, 6.395314], [-75.471863, 6.394807], [-75.471755, 6.394662], [-75.471403, 6.394591], [-75.470695, 6.394702], [-75.470377, 6.39484], [-75.470264, 6.395097], [-75.47027, 6.39583], [-75.47031, 6.396095], [-75.470498, 6.396352], [-75.470495, 6.396628], [-75.470262, 6.39687], [-75.469658, 6.39691], [-75.469491, 6.397221], [-75.46957, 6.397412], [-75.469793, 6.397548], [-75.470406, 6.397438], [-75.470516, 6.397505], [-75.470399, 6.397704], [-75.469778, 6.397776], [-75.469684, 6.39839], [-75.46997, 6.398651], [-75.47013, 6.399084], [-75.47018, 6.399622], [-75.470499, 6.399758], [-75.471191, 6.39986], [-75.471198, 6.400127], [-75.470814, 6.401189], [-75.470254, 6.401652], [-75.469711, 6.401797], [-75.469015, 6.401823], [-75.468543, 6.401668], [-75.468419, 6.401576], [-75.468261, 6.4012], [-75.468248, 6.400298], [-75.468356, 6.399984], [-75.468634, 6.399773], [-75.468726, 6.399489], [-75.468427, 6.399238], [-75.467619, 6.399323], [-75.467508, 6.399402], [-75.467402, 6.399921], [-75.467162, 6.40037], [-75.467012, 6.401115], [-75.467041, 6.401509], [-75.466611, 6.401692], [-75.466406, 6.4019], [-75.466127, 6.402785], [-75.465507, 6.403026], [-75.465296, 6.40225], [-75.464525, 6.402066], [-75.464373, 6.401627], [-75.463864, 6.400813], [-75.462791, 6.400325], [-75.462726, 6.399534], [-75.463006, 6.398918], [-75.462919, 6.398367], [-75.462776, 6.39819], [-75.462304, 6.398078], [-75.461794, 6.397499], [-75.461474, 6.396874], [-75.461007, 6.396847], [-75.460689, 6.396665], [-75.459757, 6.396511], [-75.459513, 6.396605], [-75.459392, 6.397105], [-75.459194, 6.396939], [-75.458904, 6.396866], [-75.457945, 6.396915], [-75.45782, 6.396977], [-75.457746, 6.397389], [-75.457662, 6.396924], [-75.457376, 6.396846], [-75.457246, 6.396996], [-75.457201, 6.39748], [-75.456978, 6.397766], [-75.456184, 6.398044], [-75.455826, 6.39783], [-75.455553, 6.397878], [-75.455348, 6.398086], [-75.455351, 6.398359], [-75.455277, 6.398441], [-75.454983, 6.398541], [-75.454523, 6.398446], [-75.453839, 6.398449], [-75.453157, 6.398672], [-75.452536, 6.398544], [-75.451938, 6.398814], [-75.451725, 6.398766], [-75.451663, 6.398669], [-75.451587, 6.397845], [-75.45144, 6.397413], [-75.451135, 6.397437], [-75.450993, 6.397821], [-75.450806, 6.397915], [-75.450696, 6.397832], [-75.450539, 6.397392], [-75.449536, 6.397243], [-75.449287, 6.397129], [-75.44935, 6.396323], [-75.449159, 6.396077], [-75.448765, 6.395855], [-75.448607, 6.395096], [-75.448227, 6.394643], [-75.448133, 6.394204], [-75.448214, 6.39399], [-75.448587, 6.393887], [-75.449394, 6.393325], [-75.449793, 6.392279], [-75.450224, 6.392228], [-75.450421, 6.392099], [-75.450697, 6.391147], [-75.450676, 6.390853], [-75.450557, 6.390697], [-75.450044, 6.390689], [-75.449682, 6.391034], [-75.448858, 6.391064], [-75.447983, 6.39134], [-75.447952, 6.391645], [-75.447545, 6.391849], [-75.447599, 6.392748], [-75.447348, 6.393512], [-75.44703, 6.393909], [-75.446244, 6.394139], [-75.44476, 6.394821], [-75.444179, 6.394879], [-75.44379, 6.395262], [-75.443523, 6.39531], [-75.443336, 6.395243], [-75.443248, 6.394869], [-75.443051, 6.394658], [-75.442894, 6.394687], [-75.44266, 6.394898], [-75.442296, 6.394802], [-75.442115, 6.394584], [-75.442084, 6.393973], [-75.442204, 6.393606], [-75.442882, 6.393549], [-75.443343, 6.393411], [-75.444031, 6.392817], [-75.444936, 6.392603], [-75.445678, 6.392141], [-75.44656, 6.391944], [-75.446694, 6.391612], [-75.447143, 6.391415], [-75.447225, 6.390381], [-75.447667, 6.390371], [-75.447839, 6.390159], [-75.447709, 6.389985], [-75.447301, 6.38994], [-75.447234, 6.389667], [-75.447317, 6.389501], [-75.447628, 6.389376], [-75.447745, 6.389173], [-75.447522, 6.388937], [-75.446816, 6.388807], [-75.446725, 6.388509], [-75.447218, 6.388175], [-75.447198, 6.388066], [-75.448412, 6.387873], [-75.450023, 6.387879], [-75.450695, 6.387995], [-75.45139, 6.38796], [-75.45137, 6.38912], [-75.451513, 6.389716], [-75.451762, 6.389868], [-75.453695, 6.390381], [-75.454438, 6.390284], [-75.454628, 6.389471], [-75.454647, 6.388941], [-75.45484, 6.388657], [-75.455533, 6.388535], [-75.456465, 6.388624], [-75.456776, 6.38884], [-75.457027, 6.389215], [-75.457376, 6.390027], [-75.457669, 6.391105], [-75.458251, 6.391886], [-75.458435, 6.391977], [-75.458788, 6.391831], [-75.459036, 6.391826], [-75.459733, 6.391968], [-75.460103, 6.392199], [-75.460276, 6.392169], [-75.460392, 6.392331], [-75.4605, 6.393262], [-75.460653, 6.393397], [-75.460841, 6.393394], [-75.461062, 6.392873], [-75.461332, 6.392798], [-75.461866, 6.392457], [-75.461809, 6.392008], [-75.461484, 6.391322], [-75.460106, 6.391262], [-75.459597, 6.390978], [-75.459522, 6.390846], [-75.459513, 6.390268], [-75.459733, 6.389397], [-75.459929, 6.389102], [-75.460918, 6.388888], [-75.461353, 6.388683], [-75.461538, 6.388503], [-75.46157, 6.388361], [-75.461251, 6.387808], [-75.461284, 6.387512], [-75.461012, 6.386371], [-75.461029, 6.385927], [-75.461124, 6.385603], [-75.461939, 6.385565], [-75.462373, 6.385674], [-75.462912, 6.386388], [-75.463166, 6.387303], [-75.463537, 6.388179], [-75.463672, 6.388361], [-75.464104, 6.388571], [-75.464557, 6.389678], [-75.464652, 6.390292], [-75.464466, 6.390907], [-75.464477, 6.391536], [-75.464071, 6.39223], [-75.463639, 6.392571], [-75.462971, 6.392809], [-75.462865, 6.392929], [-75.462816, 6.393275], [-75.462905, 6.393664], [-75.463359, 6.393797], [-75.463556, 6.394143], [-75.463789, 6.394283], [-75.463929, 6.394876], [-75.464041, 6.395036], [-75.46427, 6.395102], [-75.464662, 6.39503], [-75.465202, 6.394492], [-75.465611, 6.393599], [-75.46731, 6.392966], [-75.467812, 6.391635], [-75.468141, 6.391353], [-75.468587, 6.391256], [-75.468778, 6.390375], [-75.468668, 6.388909], [-75.468885, 6.387375], [-75.468764, 6.387001], [-75.468357, 6.386511], [-75.468429, 6.385866], [-75.46837, 6.385542], [-75.4681, 6.385448], [-75.46784, 6.385525], [-75.467481, 6.386065], [-75.467174, 6.385782], [-75.466537, 6.384813], [-75.466339, 6.384709], [-75.465799, 6.384736], [-75.465359, 6.384885], [-75.465219, 6.385299], [-75.46538, 6.385942], [-75.465343, 6.386145], [-75.464881, 6.386139], [-75.464515, 6.386027], [-75.464377, 6.385772], [-75.464247, 6.384826], [-75.463971, 6.384181], [-75.463846, 6.384055], [-75.463476, 6.383964], [-75.46329, 6.38375], [-75.463148, 6.382008], [-75.463243, 6.381176], [-75.463394, 6.380886], [-75.463592, 6.380785], [-75.46421, 6.380708], [-75.464756, 6.380506], [-75.465241, 6.380515], [-75.465391, 6.380655], [-75.46537, 6.380871], [-75.464649, 6.381413], [-75.464159, 6.382743], [-75.464168, 6.383027], [-75.464296, 6.383108], [-75.464709, 6.383036], [-75.4652, 6.383077], [-75.465492, 6.383472], [-75.466909, 6.38302], [-75.467214, 6.38283], [-75.467337, 6.382651], [-75.467361, 6.38126], [-75.467596, 6.380713], [-75.468079, 6.380424], [-75.469083, 6.380196], [-75.46984, 6.379853], [-75.469866, 6.37969], [-75.469794, 6.379607], [-75.469147, 6.379361], [-75.469094, 6.37908], [-75.469789, 6.378681], [-75.470283, 6.377971], [-75.470503, 6.377769], [-75.470761, 6.377685], [-75.470909, 6.37777], [-75.470965, 6.377989], [-75.470838, 6.378519], [-75.470937, 6.379317], [-75.470686, 6.379478], [-75.470013, 6.37959], [-75.46999, 6.379856], [-75.470274, 6.379981], [-75.47122, 6.37995], [-75.471511, 6.380016], [-75.471768, 6.380581], [-75.472125, 6.380801], [-75.472315, 6.380792], [-75.472727, 6.380411], [-75.473723, 6.380529], [-75.473824, 6.381645], [-75.474323, 6.381884], [-75.474458, 6.382765], [-75.474599, 6.382931], [-75.475104, 6.382948], [-75.475529, 6.38309], [-75.475979, 6.382843], [-75.476309, 6.382821], [-75.477024, 6.383257], [-75.477345, 6.383561], [-75.477532, 6.383615], [-75.478254, 6.383267], [-75.478347, 6.382992], [-75.478298, 6.38214], [-75.478678, 6.382057], [-75.478863, 6.381815], [-75.478665, 6.381533], [-75.478801, 6.381105], [-75.478607, 6.380874], [-75.478258, 6.380685], [-75.478201, 6.380406], [-75.478408, 6.379852], [-75.478987, 6.379046], [-75.479231, 6.379097], [-75.479596, 6.379448], [-75.480044, 6.379623], [-75.480225, 6.379855], [-75.480314, 6.380225], [-75.480783, 6.380459], [-75.481284, 6.380499], [-75.481485, 6.380759], [-75.481422, 6.381146], [-75.481203, 6.381359], [-75.481022, 6.381329], [-75.480711, 6.380964], [-75.480495, 6.380842], [-75.480164, 6.3808], [-75.480006, 6.380889], [-75.479996, 6.381347], [-75.480597, 6.381822], [-75.480829, 6.38229], [-75.48076, 6.382743], [-75.480538, 6.383004], [-75.480143, 6.3831], [-75.479725, 6.383342], [-75.479569, 6.383004], [-75.479659, 6.382595], [-75.479613, 6.382268], [-75.479509, 6.382157], [-75.47925, 6.382138], [-75.478804, 6.382213], [-75.478482, 6.382509], [-75.478273, 6.383526], [-75.47751, 6.383767], [-75.477219, 6.383709], [-75.476739, 6.383356], [-75.476443, 6.383453], [-75.475993, 6.383396], [-75.475776, 6.383478], [-75.47569, 6.384039], [-75.475492, 6.384434], [-75.475308, 6.384551], [-75.475482, 6.38479], [-75.475472, 6.385073], [-75.475074, 6.385377], [-75.474813, 6.385785], [-75.474323, 6.38604], [-75.474289, 6.386723], [-75.474005, 6.386853], [-75.47406, 6.387732], [-75.473958, 6.388269], [-75.473668, 6.388488], [-75.473001, 6.388622], [-75.472718, 6.388788], [-75.472831, 6.389431], [-75.472796, 6.390145], [-75.473078, 6.390712], [-75.473352, 6.390869], [-75.473421, 6.391003], [-75.473253, 6.391713], [-75.474062, 6.392115], [-75.474386, 6.392585], [-75.474637, 6.392144], [-75.474926, 6.392105], [-75.475187, 6.392644], [-75.475208, 6.392418], [-75.47506, 6.391904], [-75.475141, 6.391739], [-75.475526, 6.391426], [-75.475671, 6.391173], [-75.475651, 6.391064], [-75.475348, 6.390921], [-75.474806, 6.390891], [-75.47387, 6.391205], [-75.473711, 6.391161], [-75.473585, 6.390997], [-75.474958, 6.389347], [-75.475376, 6.388651], [-75.475653, 6.388724], [-75.475932, 6.388957], [-75.475811, 6.389452], [-75.475841, 6.38967], [-75.475984, 6.389906], [-75.476388, 6.390061], [-75.476545, 6.390418], [-75.476516, 6.390803], [-75.476704, 6.391181], [-75.476861, 6.391305], [-75.477146, 6.391295], [-75.47742, 6.391164], [-75.477623, 6.390906], [-75.477676, 6.388947], [-75.477763, 6.388819], [-75.47789, 6.388808], [-75.478398, 6.388918], [-75.478831, 6.388721], [-75.478399, 6.388332], [-75.478182, 6.387933], [-75.477921, 6.387825], [-75.477624, 6.387856], [-75.477567, 6.387802], [-75.477615, 6.387701], [-75.478414, 6.38754], [-75.478545, 6.387159], [-75.478761, 6.387495], [-75.479163, 6.387578], [-75.479481, 6.38747], [-75.479658, 6.387185], [-75.479985, 6.387028], [-75.480184, 6.38703], [-75.480387, 6.387229], [-75.480547, 6.387257], [-75.480849, 6.387121], [-75.481029, 6.386925], [-75.481362, 6.386944], [-75.48162, 6.386607], [-75.48215, 6.386747], [-75.482719, 6.386641], [-75.482978, 6.386778], [-75.48351, 6.387398], [-75.483842, 6.387381], [-75.483357, 6.388019], [-75.483452, 6.388109], [-75.483997, 6.388185], [-75.484309, 6.389465], [-75.484559, 6.389465], [-75.484794, 6.389283], [-75.484896, 6.389476], [-75.484794, 6.389812], [-75.484883, 6.390014], [-75.485764, 6.39028], [-75.486333, 6.390265], [-75.486511, 6.390617], [-75.48693, 6.39085], [-75.487082, 6.39121], [-75.486842, 6.391257], [-75.486136, 6.391161], [-75.485895, 6.391385], [-75.485707, 6.391413], [-75.485067, 6.39117], [-75.484869, 6.390954], [-75.484699, 6.390455], [-75.484146, 6.389848], [-75.484039, 6.389607], [-75.483788, 6.389515], [-75.48339, 6.389176], [-75.482697, 6.389209], [-75.482308, 6.388975], [-75.482259, 6.388753], [-75.48251, 6.388466], [-75.482484, 6.388326], [-75.482097, 6.388471], [-75.481596, 6.388481], [-75.481425, 6.388637], [-75.481545, 6.389113], [-75.481516, 6.38946], [-75.481471, 6.389045], [-75.481304, 6.388891], [-75.480915, 6.38904], [-75.480351, 6.389095], [-75.480223, 6.389243], [-75.480285, 6.390111], [-75.480162, 6.390875], [-75.480268, 6.391949], [-75.480216, 6.392244], [-75.480316, 6.392351], [-75.480625, 6.392378], [-75.480581, 6.391811], [-75.480789, 6.391522], [-75.481166, 6.391548], [-75.481311, 6.391796], [-75.481147, 6.392207], [-75.481114, 6.392706], [-75.480912, 6.392826], [-75.480621, 6.392815], [-75.480602, 6.392939], [-75.480885, 6.392982], [-75.481201, 6.393317], [-75.481649, 6.393497], [-75.482058, 6.393197], [-75.482186, 6.392454], [-75.48249, 6.392324], [-75.483423, 6.39219], [-75.483911, 6.392237], [-75.48438, 6.392473], [-75.484335, 6.393076], [-75.484767, 6.392991], [-75.485523, 6.393251], [-75.485815, 6.393271], [-75.486666, 6.393051], [-75.487516, 6.392958], [-75.487716, 6.393553], [-75.487872, 6.39377], [-75.48772, 6.394408], [-75.487945, 6.394878], [-75.488113, 6.396109], [-75.488312, 6.396426], [-75.488847, 6.396461]], [[-75.443653, 6.394561], [-75.443685, 6.394076], [-75.443591, 6.393997], [-75.442593, 6.394095], [-75.442399, 6.394237], [-75.442541, 6.394378], [-75.443238, 6.394395], [-75.443474, 6.394678], [-75.443653, 6.394561]], [[-75.447192, 6.39279], [-75.44719, 6.392316], [-75.447081, 6.392209], [-75.446353, 6.392224], [-75.445842, 6.392385], [-75.445373, 6.392859], [-75.44515, 6.392943], [-75.444935, 6.393293], [-75.444379, 6.393548], [-75.444262, 6.393872], [-75.44434, 6.394413], [-75.444566, 6.394471], [-75.445289, 6.394135], [-75.445994, 6.394008], [-75.446747, 6.393742], [-75.447042, 6.393349], [-75.447192, 6.39279]], [[-75.450067, 6.388084], [-75.448354, 6.388027], [-75.44813, 6.388308], [-75.447817, 6.388487], [-75.448247, 6.389123], [-75.448074, 6.389439], [-75.448052, 6.389687], [-75.448363, 6.390382], [-75.448766, 6.390606], [-75.449434, 6.390688], [-75.450619, 6.390555], [-75.450818, 6.390644], [-75.450899, 6.391016], [-75.450855, 6.39208], [-75.450572, 6.392345], [-75.450614, 6.393017], [-75.451111, 6.392782], [-75.45157, 6.392368], [-75.452036, 6.392151], [-75.452507, 6.392048], [-75.453177, 6.392077], [-75.453579, 6.39196], [-75.453205, 6.391727], [-75.45311, 6.391019], [-75.452933, 6.390645], [-75.451894, 6.390137], [-75.451133, 6.389917], [-75.451048, 6.389615], [-75.450509, 6.389211], [-75.45059, 6.388759], [-75.450902, 6.388277], [-75.450648, 6.388294], [-75.450067, 6.388084]], [[-75.453079, 6.39715], [-75.452469, 6.396826], [-75.452332, 6.396567], [-75.452282, 6.396201], [-75.452145, 6.396039], [-75.451332, 6.395646], [-75.45108, 6.395409], [-75.451062, 6.394966], [-75.450754, 6.394702], [-75.450587, 6.394394], [-75.450541, 6.393656], [-75.450193, 6.393826], [-75.449974, 6.39384], [-75.449553, 6.393582], [-75.448748, 6.394027], [-75.448631, 6.394382], [-75.448685, 6.394782], [-75.448901, 6.394973], [-75.449125, 6.395604], [-75.449669, 6.395987], [-75.449702, 6.396143], [-75.449595, 6.396468], [-75.449943, 6.396769], [-75.450098, 6.397072], [-75.450902, 6.397116], [-75.451182, 6.397027], [-75.451402, 6.397054], [-75.451634, 6.397332], [-75.451804, 6.397807], [-75.452419, 6.398052], [-75.452625, 6.398352], [-75.452821, 6.398425], [-75.453014, 6.398344], [-75.453444, 6.39776], [-75.454155, 6.397405], [-75.454274, 6.397147], [-75.454223, 6.396996], [-75.453646, 6.397237], [-75.453079, 6.39715]], [[-75.455119, 6.394167], [-75.455023, 6.393685], [-75.453727, 6.393671], [-75.453615, 6.393714], [-75.45352, 6.393953], [-75.453605, 6.394777], [-75.45347, 6.394847], [-75.453157, 6.394789], [-75.453006, 6.39468], [-75.452945, 6.394366], [-75.452647, 6.39401], [-75.452441, 6.393964], [-75.451902, 6.394065], [-75.451789, 6.394009], [-75.451607, 6.393425], [-75.45112, 6.393041], [-75.450842, 6.393283], [-75.450685, 6.394033], [-75.450702, 6.394296], [-75.450842, 6.394493], [-75.451509, 6.39473], [-75.452184, 6.395347], [-75.452142, 6.395832], [-75.452397, 6.396153], [-75.453225, 6.396338], [-75.453665, 6.396646], [-75.453975, 6.396722], [-75.454547, 6.39665], [-75.454754, 6.396147], [-75.454949, 6.395901], [-75.45496, 6.39509], [-75.455119, 6.394167]], [[-75.454456, 6.392889], [-75.454094, 6.392041], [-75.453025, 6.392248], [-75.452739, 6.392628], [-75.452488, 6.392661], [-75.452306, 6.392843], [-75.452165, 6.393263], [-75.452181, 6.393528], [-75.452428, 6.393743], [-75.452838, 6.393638], [-75.452974, 6.393488], [-75.452953, 6.393093], [-75.45302, 6.39302], [-75.453225, 6.393091], [-75.453502, 6.393362], [-75.453677, 6.393358], [-75.453906, 6.393148], [-75.454456, 6.392889]], [[-75.453295, 6.393675], [-75.453223, 6.393488], [-75.453165, 6.393486], [-75.453214, 6.39365], [-75.453295, 6.393675]], [[-75.45778, 6.391925], [-75.457347, 6.390971], [-75.457091, 6.38976], [-75.456666, 6.389109], [-75.45624, 6.38882], [-75.455732, 6.38867], [-75.455369, 6.388714], [-75.455231, 6.388909], [-75.454946, 6.389054], [-75.454888, 6.389316], [-75.455297, 6.390007], [-75.455324, 6.390295], [-75.455134, 6.390662], [-75.454702, 6.390847], [-75.454862, 6.391818], [-75.454514, 6.3921], [-75.454549, 6.39246], [-75.455046, 6.392554], [-75.455441, 6.392928], [-75.455682, 6.392749], [-75.456155, 6.392121], [-75.456419, 6.392016], [-75.45656, 6.392103], [-75.456657, 6.392322], [-75.456655, 6.392921], [-75.456742, 6.393165], [-75.45729, 6.39304], [-75.457561, 6.393407], [-75.457754, 6.393264], [-75.457835, 6.393015], [-75.457859, 6.392356], [-75.45778, 6.391925]], [[-75.458404, 6.396222], [-75.458228, 6.394997], [-75.458074, 6.39481], [-75.457539, 6.394584], [-75.457015, 6.394552], [-75.456252, 6.395076], [-75.455575, 6.395348], [-75.455212, 6.395612], [-75.455017, 6.396064], [-75.455052, 6.39647], [-75.455308, 6.396921], [-75.455795, 6.396996], [-75.456122, 6.397433], [-75.456311, 6.397521], [-75.456547, 6.397503], [-75.456939, 6.397288], [-75.457104, 6.396821], [-75.457242, 6.396714], [-75.457538, 6.396657], [-75.458007, 6.396823], [-75.458198, 6.396724], [-75.458404, 6.396222]], [[-75.455908, 6.397248], [-75.455662, 6.397268], [-75.455624, 6.397496], [-75.455693, 6.397667], [-75.455869, 6.397679], [-75.45599, 6.397571], [-75.456013, 6.397403], [-75.455908, 6.397248]], [[-75.457447, 6.393889], [-75.457367, 6.39371], [-75.45717, 6.39368], [-75.456923, 6.393941], [-75.456888, 6.394184], [-75.457045, 6.3943], [-75.457191, 6.394276], [-75.457447, 6.393889]], [[-75.459199, 6.394961], [-75.459277, 6.394797], [-75.459238, 6.394518], [-75.458856, 6.394236], [-75.458703, 6.393819], [-75.458519, 6.393722], [-75.458244, 6.393779], [-75.458113, 6.39418], [-75.458527, 6.394921], [-75.458784, 6.395041], [-75.459199, 6.394961]], [[-75.459438, 6.395217], [-75.459007, 6.395115], [-75.458662, 6.395312], [-75.4586, 6.395778], [-75.458742, 6.396141], [-75.4591, 6.396224], [-75.459517, 6.396049], [-75.459622, 6.395848], [-75.459639, 6.395513], [-75.459438, 6.395217]], [[-75.458709, 6.393549], [-75.458817, 6.393672], [-75.459083, 6.393749], [-75.459413, 6.39377], [-75.459528, 6.393703], [-75.459125, 6.393062], [-75.459068, 6.392157], [-75.458967, 6.391955], [-75.458804, 6.392049], [-75.458749, 6.392236], [-75.458709, 6.393549]], [[-75.470271, 6.389821], [-75.470131, 6.388272], [-75.470275, 6.387727], [-75.470192, 6.387572], [-75.470021, 6.387539], [-75.46977, 6.387642], [-75.469604, 6.387822], [-75.469503, 6.38839], [-75.469048, 6.388615], [-75.468845, 6.388834], [-75.468815, 6.389406], [-75.468935, 6.390704], [-75.468807, 6.391417], [-75.468219, 6.39203], [-75.468115, 6.392322], [-75.467518, 6.392899], [-75.466885, 6.393258], [-75.466109, 6.393529], [-75.465843, 6.394095], [-75.465477, 6.394415], [-75.465215, 6.395161], [-75.464343, 6.39529], [-75.463882, 6.395183], [-75.463579, 6.394833], [-75.463423, 6.394325], [-75.462794, 6.393793], [-75.462417, 6.393083], [-75.462087, 6.39286], [-75.461834, 6.392816], [-75.461606, 6.392887], [-75.461548, 6.392992], [-75.461513, 6.393691], [-75.461223, 6.393819], [-75.461019, 6.394123], [-75.460739, 6.394317], [-75.460679, 6.394482], [-75.459704, 6.394822], [-75.459743, 6.395223], [-75.460095, 6.395433], [-75.460155, 6.395984], [-75.46034, 6.396261], [-75.460946, 6.396373], [-75.461183, 6.396297], [-75.461385, 6.396088], [-75.461548, 6.396122], [-75.461687, 6.396307], [-75.461785, 6.396858], [-75.46209, 6.397379], [-75.462779, 6.397685], [-75.463324, 6.398148], [-75.463389, 6.398494], [-75.463277, 6.399511], [-75.463399, 6.400206], [-75.463544, 6.400374], [-75.464119, 6.400706], [-75.464503, 6.401474], [-75.464752, 6.401696], [-75.465696, 6.401772], [-75.466182, 6.40191], [-75.466511, 6.401581], [-75.46695, 6.401543], [-75.466979, 6.401406], [-75.466641, 6.401315], [-75.466539, 6.401134], [-75.46656, 6.400494], [-75.466768, 6.399984], [-75.466915, 6.399826], [-75.467197, 6.399808], [-75.467374, 6.399413], [-75.467598, 6.399177], [-75.468233, 6.398991], [-75.468417, 6.398477], [-75.46864, 6.398147], [-75.469049, 6.397783], [-75.469433, 6.397639], [-75.469385, 6.396757], [-75.469747, 6.396573], [-75.469796, 6.396381], [-75.469419, 6.395742], [-75.469085, 6.394886], [-75.468862, 6.394683], [-75.468796, 6.39446], [-75.469116, 6.393667], [-75.469709, 6.391162], [-75.470271, 6.389821]], [[-75.461714, 6.389936], [-75.461473, 6.389326], [-75.461093, 6.389245], [-75.460303, 6.389682], [-75.459919, 6.38977], [-75.459693, 6.390597], [-75.45973, 6.39087], [-75.459959, 6.390974], [-75.460728, 6.390996], [-75.461758, 6.390839], [-75.461882, 6.391364], [-75.462283, 6.39178], [-75.46248, 6.3922], [-75.462792, 6.392528], [-75.463295, 6.392577], [-75.463315, 6.392461], [-75.463108, 6.392129], [-75.46314, 6.392012], [-75.463487, 6.391732], [-75.46408, 6.391492], [-75.46396, 6.391039], [-75.463912, 6.390162], [-75.463584, 6.389], [-75.463393, 6.388883], [-75.46273, 6.388888], [-75.46274, 6.38967], [-75.462575, 6.389891], [-75.462112, 6.389853], [-75.461714, 6.389936]], [[-75.460197, 6.393834], [-75.459956, 6.393955], [-75.459988, 6.394157], [-75.460296, 6.394254], [-75.460554, 6.394226], [-75.460607, 6.394078], [-75.460551, 6.393886], [-75.460197, 6.393834]], [[-75.461864, 6.385974], [-75.461216, 6.38606], [-75.461513, 6.386994], [-75.461752, 6.387283], [-75.462145, 6.387027], [-75.46233, 6.386603], [-75.462271, 6.386039], [-75.461864, 6.385974]], [[-75.464197, 6.383751], [-75.4641, 6.383544], [-75.463913, 6.383401], [-75.463512, 6.383222], [-75.463326, 6.383243], [-75.463515, 6.383782], [-75.463995, 6.383837], [-75.464197, 6.383751]], [[-75.467549, 6.382971], [-75.466737, 6.383322], [-75.466128, 6.383991], [-75.465659, 6.384268], [-75.465648, 6.384378], [-75.466043, 6.384438], [-75.4664, 6.384062], [-75.466929, 6.384234], [-75.467935, 6.384131], [-75.468058, 6.383943], [-75.468159, 6.383263], [-75.468279, 6.383157], [-75.468762, 6.382971], [-75.469613, 6.382831], [-75.469739, 6.38285], [-75.469819, 6.383024], [-75.469863, 6.384715], [-75.470169, 6.384988], [-75.470643, 6.384969], [-75.470673, 6.38407], [-75.470778, 6.383807], [-75.47081, 6.383325], [-75.470664, 6.383082], [-75.470064, 6.382972], [-75.469941, 6.382744], [-75.470067, 6.382611], [-75.471154, 6.382101], [-75.471469, 6.381818], [-75.471387, 6.381265], [-75.471554, 6.381026], [-75.47153, 6.380349], [-75.471278, 6.380548], [-75.471077, 6.380967], [-75.470945, 6.381052], [-75.469293, 6.381179], [-75.469666, 6.381259], [-75.469299, 6.381472], [-75.46923, 6.381945], [-75.469096, 6.382058], [-75.468753, 6.381985], [-75.468519, 6.381471], [-75.468422, 6.381422], [-75.467549, 6.382971]], [[-75.468982, 6.384427], [-75.468852, 6.383575], [-75.468452, 6.383659], [-75.468242, 6.384125], [-75.46826, 6.384884], [-75.468631, 6.385005], [-75.468953, 6.384963], [-75.468982, 6.384427]], [[-75.47, 6.401196], [-75.470433, 6.401222], [-75.470533, 6.401053], [-75.470392, 6.400323], [-75.470426, 6.399879], [-75.46986, 6.399676], [-75.469579, 6.399663], [-75.469531, 6.40012], [-75.469694, 6.400794], [-75.47, 6.401196]], [[-75.475, 6.385032], [-75.47477, 6.384423], [-75.474721, 6.383664], [-75.473571, 6.383847], [-75.474021, 6.383648], [-75.474244, 6.383339], [-75.474245, 6.382393], [-75.473915, 6.38229], [-75.473884, 6.381991], [-75.473553, 6.38173], [-75.473394, 6.381347], [-75.473201, 6.381263], [-75.472951, 6.381318], [-75.472871, 6.381586], [-75.473076, 6.382616], [-75.472802, 6.382799], [-75.472753, 6.382942], [-75.473008, 6.383392], [-75.473025, 6.383584], [-75.472795, 6.383642], [-75.472609, 6.383583], [-75.47243, 6.383112], [-75.472129, 6.382881], [-75.471633, 6.382916], [-75.471417, 6.383222], [-75.471426, 6.383517], [-75.471833, 6.384759], [-75.471933, 6.386207], [-75.472041, 6.386645], [-75.471856, 6.386941], [-75.471486, 6.386917], [-75.471323, 6.387085], [-75.471401, 6.387611], [-75.471328, 6.388397], [-75.471142, 6.38903], [-75.470875, 6.389508], [-75.470555, 6.390818], [-75.470326, 6.391148], [-75.469971, 6.391276], [-75.469785, 6.391627], [-75.4698, 6.392302], [-75.469909, 6.392589], [-75.469786, 6.392813], [-75.46976, 6.393145], [-75.469906, 6.393625], [-75.470118, 6.393817], [-75.470392, 6.393869], [-75.470632, 6.393729], [-75.470698, 6.393574], [-75.470607, 6.39326], [-75.470826, 6.393145], [-75.470948, 6.392885], [-75.471394, 6.392529], [-75.471746, 6.392081], [-75.472225, 6.390565], [-75.471919, 6.389921], [-75.472517, 6.38941], [-75.472342, 6.388636], [-75.472752, 6.388213], [-75.473501, 6.387143], [-75.473821, 6.386183], [-75.474909, 6.38547], [-75.475, 6.385032]], [[-75.471547, 6.382176], [-75.471019, 6.382379], [-75.47098, 6.38258], [-75.471259, 6.382736], [-75.471615, 6.382732], [-75.471694, 6.382569], [-75.471667, 6.382263], [-75.471547, 6.382176]], [[-75.472095, 6.392519], [-75.47185, 6.392486], [-75.471693, 6.392707], [-75.471565, 6.393103], [-75.471605, 6.393418], [-75.471802, 6.393457], [-75.471917, 6.393383], [-75.472109, 6.392891], [-75.472095, 6.392519]], [[-75.472406, 6.382163], [-75.472255, 6.382033], [-75.472085, 6.382127], [-75.472197, 6.382489], [-75.472419, 6.382375], [-75.472406, 6.382163]], [[-75.472447, 6.395019], [-75.472422, 6.394936], [-75.472338, 6.394835], [-75.472339, 6.395036], [-75.472447, 6.395019]], [[-75.473766, 6.395533], [-75.473772, 6.395171], [-75.47349, 6.395037], [-75.473311, 6.394734], [-75.473322, 6.395035], [-75.473217, 6.395335], [-75.473004, 6.39552], [-75.472402, 6.395794], [-75.472338, 6.395927], [-75.472474, 6.395979], [-75.472808, 6.395743], [-75.473359, 6.395978], [-75.473648, 6.395787], [-75.473766, 6.395533]], [[-75.475464, 6.394003], [-75.475254, 6.39366], [-75.475161, 6.393288], [-75.474625, 6.392923], [-75.474065, 6.392789], [-75.473535, 6.39286], [-75.473291, 6.393036], [-75.473263, 6.393214], [-75.473344, 6.39335], [-75.473976, 6.3934], [-75.474095, 6.393492], [-75.474, 6.393679], [-75.47353, 6.39389], [-75.473553, 6.394154], [-75.473679, 6.394262], [-75.475197, 6.394231], [-75.475374, 6.394154], [-75.475464, 6.394003]], [[-75.473975, 6.398799], [-75.47378, 6.399161], [-75.473924, 6.399363], [-75.474423, 6.399368], [-75.474959, 6.399149], [-75.475755, 6.399351], [-75.475871, 6.399476], [-75.475932, 6.399908], [-75.475868, 6.400106], [-75.475011, 6.400088], [-75.474818, 6.400222], [-75.474787, 6.400628], [-75.474878, 6.400847], [-75.475168, 6.400859], [-75.475424, 6.400603], [-75.476388, 6.400419], [-75.476686, 6.40005], [-75.476939, 6.399984], [-75.477028, 6.39984], [-75.477273, 6.399212], [-75.477123, 6.39879], [-75.476682, 6.398541], [-75.476334, 6.398704], [-75.476049, 6.398669], [-75.475605, 6.398239], [-75.475562, 6.397913], [-75.475726, 6.397596], [-75.475899, 6.396814], [-75.476274, 6.396346], [-75.47622, 6.396069], [-75.475816, 6.395908], [-75.475455, 6.395357], [-75.475014, 6.39594], [-75.475277, 6.396114], [-75.475341, 6.396432], [-75.475614, 6.396585], [-75.475649, 6.396892], [-75.475559, 6.397271], [-75.475397, 6.397406], [-75.474561, 6.397542], [-75.474146, 6.397838], [-75.473975, 6.398799]], [[-75.475963, 6.400833], [-75.475461, 6.400946], [-75.475492, 6.40124], [-75.475952, 6.401522], [-75.476458, 6.401601], [-75.476541, 6.401329], [-75.476483, 6.401035], [-75.476247, 6.40087], [-75.475963, 6.400833]], [[-75.476079, 6.393179], [-75.476155, 6.39296], [-75.476048, 6.392435], [-75.475955, 6.392318], [-75.475802, 6.392299], [-75.475527, 6.392563], [-75.475498, 6.392921], [-75.475813, 6.39329], [-75.475928, 6.393308], [-75.476079, 6.393179]], [[-75.476589, 6.391682], [-75.476563, 6.391582], [-75.476454, 6.391498], [-75.476446, 6.391615], [-75.476589, 6.391682]], [[-75.476902, 6.393397], [-75.476717, 6.393279], [-75.476524, 6.393371], [-75.476494, 6.393606], [-75.47662, 6.393819], [-75.476883, 6.393782], [-75.476902, 6.393397]], [[-75.480884, 6.396437], [-75.480813, 6.396009], [-75.48048, 6.395762], [-75.480165, 6.395652], [-75.479289, 6.395583], [-75.478754, 6.395624], [-75.47848, 6.396029], [-75.477149, 6.396029], [-75.476872, 6.396096], [-75.476665, 6.396334], [-75.477004, 6.397721], [-75.477398, 6.397905], [-75.477623, 6.398199], [-75.477865, 6.398276], [-75.479321, 6.398331], [-75.479407, 6.397894], [-75.479652, 6.397666], [-75.480173, 6.397455], [-75.480531, 6.396969], [-75.480763, 6.396928], [-75.480924, 6.396998], [-75.481239, 6.39752], [-75.481438, 6.39863], [-75.481882, 6.399001], [-75.481802, 6.399343], [-75.481494, 6.399541], [-75.481534, 6.399885], [-75.481989, 6.400111], [-75.482248, 6.400925], [-75.482581, 6.401217], [-75.48316, 6.40152], [-75.482966, 6.401975], [-75.483218, 6.40239], [-75.482921, 6.402646], [-75.4829, 6.403261], [-75.482985, 6.403423], [-75.483548, 6.403764], [-75.483814, 6.403203], [-75.484218, 6.402839], [-75.484329, 6.402312], [-75.484507, 6.401938], [-75.48515, 6.401371], [-75.48528, 6.400655], [-75.484299, 6.400375], [-75.484093, 6.400179], [-75.483985, 6.3999], [-75.483625, 6.400128], [-75.482941, 6.400105], [-75.482776, 6.399953], [-75.482787, 6.399708], [-75.482703, 6.399574], [-75.482158, 6.399389], [-75.482143, 6.39905], [-75.482222, 6.398955], [-75.483222, 6.398642], [-75.483449, 6.398136], [-75.483646, 6.397944], [-75.483539, 6.396984], [-75.48313, 6.396297], [-75.482723, 6.396181], [-75.482182, 6.396217], [-75.482074, 6.396703], [-75.481862, 6.396856], [-75.481535, 6.396918], [-75.481103, 6.396813], [-75.480884, 6.396437]], [[-75.477131, 6.400349], [-75.477164, 6.400485], [-75.477273, 6.400486], [-75.477241, 6.400286], [-75.477131, 6.400349]], [[-75.482755, 6.402621], [-75.482791, 6.402243], [-75.482611, 6.402029], [-75.482715, 6.401696], [-75.48265, 6.401493], [-75.482055, 6.4013], [-75.481909, 6.401028], [-75.481573, 6.40081], [-75.481422, 6.400457], [-75.481099, 6.40031], [-75.480859, 6.400037], [-75.480291, 6.399892], [-75.481179, 6.399095], [-75.481257, 6.398963], [-75.481188, 6.398792], [-75.479828, 6.398723], [-75.479345, 6.398834], [-75.479132, 6.399045], [-75.479119, 6.399812], [-75.479044, 6.399971], [-75.47854, 6.399995], [-75.478138, 6.400244], [-75.478191, 6.400517], [-75.478461, 6.400753], [-75.478747, 6.400692], [-75.479103, 6.400441], [-75.479293, 6.400752], [-75.479289, 6.401306], [-75.479401, 6.401438], [-75.479863, 6.401527], [-75.480435, 6.40151], [-75.48073, 6.401626], [-75.481204, 6.402386], [-75.480901, 6.402899], [-75.480981, 6.403202], [-75.481126, 6.403287], [-75.481359, 6.403294], [-75.482085, 6.403076], [-75.482755, 6.402621]], [[-75.479702, 6.391175], [-75.479701, 6.390345], [-75.479485, 6.390281], [-75.479286, 6.390356], [-75.479334, 6.391235], [-75.479702, 6.391175]], [[-75.480764, 6.402472], [-75.480521, 6.402147], [-75.48025, 6.402097], [-75.480343, 6.40257], [-75.480681, 6.402625], [-75.480764, 6.402472]], [[-75.483526, 6.404655], [-75.483558, 6.405646], [-75.483687, 6.406052], [-75.484602, 6.406143], [-75.485033, 6.405987], [-75.485322, 6.405007], [-75.485161, 6.404248], [-75.485235, 6.403464], [-75.484984, 6.403386], [-75.484832, 6.403471], [-75.48476, 6.404808], [-75.484516, 6.404843], [-75.483848, 6.40453], [-75.483648, 6.404524], [-75.483526, 6.404655]], [[-75.486089, 6.393869], [-75.485576, 6.393822], [-75.485458, 6.393872], [-75.486089, 6.393869]], [[-75.487467, 6.393631], [-75.487186, 6.393724], [-75.487156, 6.393872], [-75.487252, 6.394033], [-75.487449, 6.394052], [-75.487631, 6.39395], [-75.487618, 6.39372], [-75.487467, 6.393631]]], [[[-75.481269, 6.379783], [-75.481318, 6.379908], [-75.481321, 6.380134], [-75.481167, 6.379912], [-75.481269, 6.379783]]], [[[-75.475977, 6.388288], [-75.475903, 6.387597], [-75.476134, 6.38756], [-75.476191, 6.387797], [-75.476126, 6.388166], [-75.475977, 6.388288]]], [[[-75.487035, 6.391325], [-75.486659, 6.391532], [-75.486291, 6.391542], [-75.487035, 6.391325]]], [[[-75.466717, 6.397729], [-75.467071, 6.397748], [-75.467187, 6.397915], [-75.467149, 6.398161], [-75.466896, 6.398361], [-75.466592, 6.398315], [-75.466444, 6.398134], [-75.46646, 6.397884], [-75.466717, 6.397729]]], [[[-75.479451, 6.403575], [-75.479481, 6.404023], [-75.479305, 6.404032], [-75.479316, 6.403611], [-75.479451, 6.403575]]], [[[-75.478944, 6.403996], [-75.47885, 6.40402], [-75.478866, 6.403957], [-75.478944, 6.403996]]], [[[-75.478479, 6.404117], [-75.47922, 6.405037], [-75.479222, 6.405195], [-75.478807, 6.405211], [-75.478482, 6.404987], [-75.478415, 6.404491], [-75.478479, 6.404117]]], [[[-75.456105, 6.39824], [-75.456151, 6.398892], [-75.456058, 6.398957], [-75.456006, 6.398721], [-75.456105, 6.39824]]], [[[-75.450138, 6.398139], [-75.450139, 6.398376], [-75.449995, 6.398666], [-75.449656, 6.398712], [-75.449423, 6.398531], [-75.449397, 6.39813], [-75.449547, 6.397844], [-75.449866, 6.397785], [-75.450002, 6.397844], [-75.450138, 6.398139]]], [[[-75.449005, 6.398757], [-75.448669, 6.398938], [-75.448649, 6.399269], [-75.44906, 6.399574], [-75.448897, 6.399965], [-75.44901, 6.400252], [-75.449472, 6.400594], [-75.449047, 6.400753], [-75.449045, 6.401341], [-75.449168, 6.401494], [-75.449799, 6.401679], [-75.449886, 6.402129], [-75.44965, 6.402367], [-75.448765, 6.402245], [-75.448375, 6.402461], [-75.448097, 6.402827], [-75.447735, 6.403054], [-75.447684, 6.403237], [-75.44793, 6.40354], [-75.448109, 6.403953], [-75.449102, 6.403741], [-75.449198, 6.40364], [-75.449167, 6.403395], [-75.449351, 6.403405], [-75.449456, 6.40361], [-75.449483, 6.404361], [-75.449664, 6.404549], [-75.449896, 6.404529], [-75.4504, 6.404151], [-75.450727, 6.404172], [-75.451022, 6.40457], [-75.451458, 6.404762], [-75.451599, 6.405365], [-75.451994, 6.405727], [-75.451902, 6.406669], [-75.451674, 6.406577], [-75.450421, 6.406686], [-75.450261, 6.407122], [-75.450168, 6.406535], [-75.449817, 6.406318], [-75.449684, 6.40533], [-75.447801, 6.405202], [-75.447706, 6.405054], [-75.447673, 6.404711], [-75.447359, 6.404169], [-75.446708, 6.404011], [-75.446442, 6.403866], [-75.446307, 6.403472], [-75.445932, 6.403167], [-75.445639, 6.403253], [-75.445399, 6.40351], [-75.445515, 6.403913], [-75.445304, 6.404373], [-75.444921, 6.404435], [-75.444387, 6.404373], [-75.444156, 6.404138], [-75.444083, 6.403628], [-75.443856, 6.403217], [-75.443762, 6.402837], [-75.443873, 6.402665], [-75.44445, 6.402504], [-75.444449, 6.402255], [-75.444156, 6.402054], [-75.443632, 6.401884], [-75.443214, 6.401928], [-75.442744, 6.401688], [-75.442373, 6.401608], [-75.441734, 6.401625], [-75.441641, 6.40174], [-75.441646, 6.401944], [-75.442003, 6.402626], [-75.442239, 6.402724], [-75.442867, 6.402722], [-75.442697, 6.402828], [-75.442085, 6.402912], [-75.441945, 6.403177], [-75.442226, 6.403543], [-75.442963, 6.403773], [-75.442444, 6.403891], [-75.442327, 6.40409], [-75.442896, 6.404717], [-75.442794, 6.405219], [-75.443023, 6.405787], [-75.443015, 6.406632], [-75.44293, 6.406329], [-75.442951, 6.405883], [-75.442722, 6.405493], [-75.442669, 6.404744], [-75.442047, 6.404146], [-75.441773, 6.403631], [-75.4415, 6.402442], [-75.440985, 6.402073], [-75.440823, 6.401806], [-75.440863, 6.401476], [-75.441245, 6.401058], [-75.441668, 6.400061], [-75.441132, 6.399547], [-75.440538, 6.399321], [-75.440236, 6.39894], [-75.439694, 6.398781], [-75.439379, 6.398478], [-75.43893, 6.398478], [-75.438429, 6.3987], [-75.437591, 6.398539], [-75.437586, 6.398235], [-75.437338, 6.398035], [-75.437269, 6.397849], [-75.437301, 6.397654], [-75.437553, 6.397337], [-75.43757, 6.397165], [-75.437477, 6.397053], [-75.437057, 6.397098], [-75.436543, 6.397552], [-75.436393, 6.398783], [-75.436522, 6.398987], [-75.437193, 6.399062], [-75.437494, 6.399198], [-75.437753, 6.399491], [-75.43774, 6.399716], [-75.437343, 6.399904], [-75.43645, 6.399779], [-75.435429, 6.399817], [-75.435279, 6.399854], [-75.435191, 6.39999], [-75.435465, 6.400666], [-75.435701, 6.400987], [-75.435964, 6.401172], [-75.436862, 6.401248], [-75.437359, 6.401143], [-75.437518, 6.401216], [-75.43766, 6.401556], [-75.437944, 6.401793], [-75.43852, 6.401832], [-75.439114, 6.40167], [-75.439359, 6.401782], [-75.439596, 6.402253], [-75.439609, 6.402752], [-75.43981, 6.402869], [-75.439918, 6.403137], [-75.439836, 6.403419], [-75.439404, 6.404076], [-75.439406, 6.404304], [-75.439862, 6.404518], [-75.440201, 6.404923], [-75.440607, 6.405074], [-75.441011, 6.405901], [-75.441345, 6.405995], [-75.441685, 6.406283], [-75.442534, 6.407544], [-75.442972, 6.407627], [-75.443444, 6.407539], [-75.443437, 6.407292], [-75.443114, 6.406834], [-75.443657, 6.407262], [-75.443726, 6.407945], [-75.444002, 6.408393], [-75.444527, 6.408392], [-75.445592, 6.408591], [-75.445887, 6.408726], [-75.446039, 6.40901], [-75.446109, 6.409467], [-75.446042, 6.409838], [-75.445868, 6.410162], [-75.446003, 6.410426], [-75.445963, 6.410805], [-75.446078, 6.410942], [-75.445962, 6.411148], [-75.445972, 6.411324], [-75.446186, 6.411405], [-75.446824, 6.411423], [-75.447388, 6.411179], [-75.447558, 6.411449], [-75.447669, 6.412251], [-75.447793, 6.412433], [-75.448115, 6.4125], [-75.448489, 6.412258], [-75.448651, 6.41228], [-75.44874, 6.412395], [-75.449217, 6.413396], [-75.44889, 6.41365], [-75.448779, 6.414982], [-75.448637, 6.41517], [-75.448322, 6.415309], [-75.448072, 6.416082], [-75.447633, 6.416298], [-75.447438, 6.416687], [-75.447681, 6.417041], [-75.44765, 6.417939], [-75.447961, 6.418312], [-75.448126, 6.418695], [-75.448139, 6.419254], [-75.447766, 6.42002], [-75.447261, 6.420574], [-75.446812, 6.421687], [-75.446201, 6.421863], [-75.446168, 6.422006], [-75.446292, 6.422299], [-75.445679, 6.422345], [-75.445379, 6.422282], [-75.445578, 6.421951], [-75.445405, 6.42175], [-75.445371, 6.421455], [-75.445437, 6.421297], [-75.445777, 6.421188], [-75.44585, 6.42102], [-75.445723, 6.42045], [-75.446105, 6.419162], [-75.445945, 6.418712], [-75.446362, 6.418321], [-75.446777, 6.418109], [-75.447096, 6.417289], [-75.447016, 6.417162], [-75.446859, 6.417123], [-75.446277, 6.417466], [-75.445937, 6.41713], [-75.446748, 6.416993], [-75.446798, 6.416384], [-75.447279, 6.41585], [-75.447413, 6.415412], [-75.447352, 6.415147], [-75.447069, 6.414668], [-75.446925, 6.413847], [-75.445976, 6.413629], [-75.445698, 6.413144], [-75.445596, 6.412235], [-75.445673, 6.411465], [-75.445792, 6.41119], [-75.445562, 6.41103], [-75.445164, 6.411024], [-75.444953, 6.410884], [-75.445528, 6.410928], [-75.445682, 6.410799], [-75.445777, 6.410225], [-75.445627, 6.409396], [-75.445483, 6.409185], [-75.445147, 6.409126], [-75.444854, 6.409161], [-75.444594, 6.409305], [-75.444217, 6.409264], [-75.444047, 6.409393], [-75.444073, 6.410015], [-75.444469, 6.410778], [-75.444334, 6.410978], [-75.444266, 6.411554], [-75.444181, 6.411689], [-75.444029, 6.411615], [-75.444012, 6.411437], [-75.444218, 6.410949], [-75.443901, 6.410608], [-75.443958, 6.410001], [-75.443774, 6.409537], [-75.443586, 6.409359], [-75.44338, 6.409305], [-75.442928, 6.409512], [-75.442747, 6.409716], [-75.442714, 6.410168], [-75.443146, 6.410902], [-75.443293, 6.411892], [-75.443785, 6.411988], [-75.443556, 6.412534], [-75.443354, 6.412429], [-75.442821, 6.412561], [-75.442225, 6.412449], [-75.441646, 6.411806], [-75.440827, 6.411672], [-75.440315, 6.41147], [-75.439907, 6.411079], [-75.43976, 6.410598], [-75.439801, 6.410118], [-75.440012, 6.409794], [-75.44041, 6.409444], [-75.440484, 6.409], [-75.440402, 6.408786], [-75.440209, 6.408652], [-75.439298, 6.408492], [-75.439364, 6.408291], [-75.439678, 6.407933], [-75.439044, 6.407306], [-75.438956, 6.406573], [-75.439075, 6.406361], [-75.439606, 6.406149], [-75.439665, 6.405936], [-75.439472, 6.405751], [-75.438882, 6.405644], [-75.438759, 6.405522], [-75.438878, 6.405316], [-75.439349, 6.405183], [-75.439423, 6.404962], [-75.439348, 6.404685], [-75.438764, 6.404376], [-75.438762, 6.40401], [-75.43919, 6.403675], [-75.439307, 6.403311], [-75.439199, 6.403077], [-75.438638, 6.402664], [-75.439477, 6.402426], [-75.439508, 6.402269], [-75.439363, 6.402043], [-75.437482, 6.40195], [-75.437169, 6.401835], [-75.437078, 6.401648], [-75.43694, 6.401575], [-75.436034, 6.401627], [-75.435714, 6.401899], [-75.435507, 6.402224], [-75.435535, 6.402621], [-75.435792, 6.403287], [-75.435742, 6.403507], [-75.43467, 6.403726], [-75.434591, 6.403939], [-75.434667, 6.404252], [-75.434251, 6.404561], [-75.433985, 6.405117], [-75.433694, 6.405199], [-75.433482, 6.405387], [-75.433496, 6.405847], [-75.433269, 6.406035], [-75.433288, 6.406908], [-75.433048, 6.407383], [-75.433116, 6.407588], [-75.433637, 6.407655], [-75.434186, 6.407213], [-75.434626, 6.407051], [-75.434968, 6.406637], [-75.435216, 6.406543], [-75.435752, 6.406503], [-75.437687, 6.406675], [-75.437989, 6.40686], [-75.438049, 6.407662], [-75.43824, 6.408228], [-75.438234, 6.408503], [-75.438112, 6.40876], [-75.437313, 6.408939], [-75.437104, 6.409863], [-75.436873, 6.410271], [-75.436774, 6.410748], [-75.436175, 6.410976], [-75.434751, 6.410965], [-75.434411, 6.411205], [-75.434651, 6.411834], [-75.434569, 6.412692], [-75.434709, 6.413175], [-75.434541, 6.413542], [-75.435033, 6.414097], [-75.435162, 6.414544], [-75.435112, 6.414671], [-75.434943, 6.414638], [-75.434699, 6.414426], [-75.434529, 6.414064], [-75.433763, 6.413809], [-75.434079, 6.413654], [-75.434129, 6.413543], [-75.434031, 6.412989], [-75.433872, 6.412761], [-75.433503, 6.41267], [-75.432837, 6.4127], [-75.431708, 6.413214], [-75.431316, 6.412089], [-75.43134, 6.411899], [-75.431656, 6.411503], [-75.431601, 6.411297], [-75.431426, 6.41115], [-75.430668, 6.41096], [-75.430438, 6.411051], [-75.430297, 6.411259], [-75.43041, 6.411794], [-75.430366, 6.412298], [-75.430283, 6.41236], [-75.430179, 6.411601], [-75.429723, 6.411342], [-75.429799, 6.411091], [-75.430041, 6.410827], [-75.430595, 6.410735], [-75.431252, 6.410966], [-75.431388, 6.410923], [-75.431376, 6.410668], [-75.431488, 6.410544], [-75.431907, 6.410564], [-75.43214, 6.410671], [-75.432216, 6.410946], [-75.432046, 6.411582], [-75.431785, 6.411839], [-75.431723, 6.412098], [-75.431929, 6.412472], [-75.432488, 6.412571], [-75.43315, 6.412449], [-75.433241, 6.412197], [-75.433115, 6.411885], [-75.432539, 6.41158], [-75.432457, 6.411201], [-75.432758, 6.411065], [-75.433088, 6.41104], [-75.433308, 6.411153], [-75.433516, 6.411397], [-75.434077, 6.411587], [-75.434157, 6.410841], [-75.43393, 6.410708], [-75.433141, 6.410829], [-75.432718, 6.410729], [-75.432245, 6.410249], [-75.431581, 6.409851], [-75.431428, 6.40955], [-75.431038, 6.409157], [-75.430734, 6.409184], [-75.430438, 6.409093], [-75.430085, 6.409336], [-75.429365, 6.409516], [-75.429061, 6.409796], [-75.428797, 6.409775], [-75.428735, 6.409511], [-75.428804, 6.409121], [-75.429546, 6.408311], [-75.429229, 6.407538], [-75.429202, 6.407201], [-75.42893, 6.406892], [-75.428501, 6.406893], [-75.427718, 6.407389], [-75.427693, 6.408335], [-75.427934, 6.408783], [-75.427683, 6.409035], [-75.42708, 6.408886], [-75.426762, 6.40871], [-75.426583, 6.408013], [-75.426414, 6.407827], [-75.426083, 6.407823], [-75.425924, 6.40814], [-75.425692, 6.407975], [-75.425334, 6.407508], [-75.425407, 6.407447], [-75.426051, 6.407538], [-75.426382, 6.407367], [-75.426846, 6.406578], [-75.427064, 6.406388], [-75.427288, 6.405924], [-75.427744, 6.405582], [-75.427997, 6.405229], [-75.428128, 6.405567], [-75.428305, 6.405662], [-75.429972, 6.405186], [-75.430218, 6.404964], [-75.430348, 6.404422], [-75.430472, 6.404313], [-75.430877, 6.404476], [-75.431303, 6.404897], [-75.431199, 6.405056], [-75.430431, 6.405404], [-75.430274, 6.405602], [-75.430347, 6.405777], [-75.430747, 6.40608], [-75.430883, 6.406509], [-75.431711, 6.407352], [-75.432332, 6.407405], [-75.432885, 6.40729], [-75.432957, 6.407136], [-75.432764, 6.40669], [-75.433296, 6.405606], [-75.433386, 6.404951], [-75.433593, 6.404718], [-75.434035, 6.404531], [-75.434119, 6.404368], [-75.434081, 6.404191], [-75.433775, 6.403841], [-75.433787, 6.403568], [-75.434044, 6.403266], [-75.434656, 6.403094], [-75.434782, 6.402952], [-75.435075, 6.402189], [-75.43513, 6.40192], [-75.435072, 6.401562], [-75.434518, 6.401271], [-75.434201, 6.401213], [-75.434062, 6.401274], [-75.433889, 6.401873], [-75.43389, 6.402484], [-75.43343, 6.402791], [-75.433105, 6.403987], [-75.432708, 6.404371], [-75.432188, 6.40457], [-75.432844, 6.404054], [-75.433111, 6.403684], [-75.433258, 6.403036], [-75.433139, 6.40255], [-75.433458, 6.402256], [-75.433596, 6.401977], [-75.433728, 6.400973], [-75.434116, 6.400765], [-75.434292, 6.400422], [-75.434769, 6.400058], [-75.434911, 6.399723], [-75.435161, 6.399559], [-75.435044, 6.399023], [-75.434732, 6.398734], [-75.434507, 6.398688], [-75.433967, 6.39931], [-75.433421, 6.399453], [-75.43292, 6.399879], [-75.43282, 6.400114], [-75.432991, 6.400446], [-75.432567, 6.400752], [-75.432619, 6.401464], [-75.432797, 6.402118], [-75.432653, 6.402382], [-75.432282, 6.402424], [-75.430868, 6.402114], [-75.430418, 6.402144], [-75.429988, 6.402561], [-75.429663, 6.403262], [-75.429447, 6.403422], [-75.429282, 6.403414], [-75.429172, 6.403247], [-75.429149, 6.402889], [-75.429237, 6.402522], [-75.429541, 6.402056], [-75.429798, 6.401307], [-75.430236, 6.40094], [-75.430828, 6.400602], [-75.430901, 6.400268], [-75.430865, 6.39969], [-75.431058, 6.399422], [-75.431627, 6.399202], [-75.431895, 6.398848], [-75.432181, 6.398682], [-75.433036, 6.398635], [-75.433494, 6.398496], [-75.433801, 6.398273], [-75.434709, 6.398229], [-75.435333, 6.398039], [-75.435419, 6.397568], [-75.43564, 6.397314], [-75.435656, 6.39707], [-75.435492, 6.396978], [-75.434891, 6.39701], [-75.434846, 6.396932], [-75.435853, 6.396605], [-75.436664, 6.396475], [-75.437123, 6.396073], [-75.437431, 6.396014], [-75.437692, 6.395509], [-75.437695, 6.394773], [-75.437971, 6.394132], [-75.438335, 6.393923], [-75.438706, 6.393396], [-75.439025, 6.393781], [-75.439288, 6.393956], [-75.440326, 6.393973], [-75.440403, 6.394202], [-75.440372, 6.39476], [-75.440076, 6.394948], [-75.440058, 6.395188], [-75.440239, 6.395405], [-75.440799, 6.39552], [-75.441079, 6.395934], [-75.441156, 6.396795], [-75.44108, 6.397136], [-75.440813, 6.397482], [-75.44062, 6.398092], [-75.440663, 6.398391], [-75.440551, 6.399068], [-75.440652, 6.399223], [-75.441299, 6.399356], [-75.441629, 6.399252], [-75.442029, 6.399286], [-75.442208, 6.399198], [-75.442213, 6.398929], [-75.441769, 6.398668], [-75.441753, 6.398462], [-75.441815, 6.39835], [-75.442331, 6.398106], [-75.442413, 6.397823], [-75.442371, 6.39733], [-75.442616, 6.397067], [-75.443002, 6.397449], [-75.44446, 6.397596], [-75.444712, 6.397947], [-75.444703, 6.398416], [-75.44485, 6.398719], [-75.445594, 6.399235], [-75.44583, 6.39931], [-75.446273, 6.399132], [-75.446716, 6.398798], [-75.446889, 6.398523], [-75.446999, 6.398002], [-75.447497, 6.397807], [-75.44804, 6.397262], [-75.448412, 6.397159], [-75.448733, 6.397183], [-75.448721, 6.39727], [-75.448404, 6.397411], [-75.448353, 6.39761], [-75.448418, 6.397757], [-75.448636, 6.397829], [-75.44874, 6.397969], [-75.448839, 6.398433], [-75.449005, 6.398757]], [[-75.43132, 6.408062], [-75.43119, 6.407054], [-75.430808, 6.406938], [-75.430322, 6.406975], [-75.430149, 6.40657], [-75.429928, 6.406468], [-75.429462, 6.406493], [-75.429248, 6.406619], [-75.429237, 6.406862], [-75.429456, 6.40708], [-75.430683, 6.40759], [-75.430891, 6.408599], [-75.431012, 6.408737], [-75.431304, 6.408651], [-75.43132, 6.408062]], [[-75.431246, 6.400753], [-75.430626, 6.401004], [-75.430406, 6.401464], [-75.430419, 6.401606], [-75.431522, 6.402142], [-75.432319, 6.402317], [-75.432567, 6.402268], [-75.43257, 6.401715], [-75.432359, 6.400769], [-75.432447, 6.400632], [-75.432841, 6.400454], [-75.43255, 6.399978], [-75.432382, 6.399395], [-75.432178, 6.39942], [-75.431722, 6.400133], [-75.431369, 6.40038], [-75.431246, 6.400753]], [[-75.433864, 6.408517], [-75.433637, 6.408245], [-75.43297, 6.408147], [-75.432321, 6.408262], [-75.432075, 6.408499], [-75.432113, 6.408762], [-75.432422, 6.408958], [-75.432633, 6.409231], [-75.432593, 6.40995], [-75.432842, 6.410092], [-75.432882, 6.410502], [-75.432999, 6.410648], [-75.433447, 6.410643], [-75.433782, 6.410385], [-75.43376, 6.41017], [-75.433374, 6.409633], [-75.433461, 6.40944], [-75.433897, 6.409045], [-75.433864, 6.408517]], [[-75.438001, 6.407958], [-75.437797, 6.407614], [-75.437629, 6.40751], [-75.436806, 6.407322], [-75.436493, 6.40689], [-75.435894, 6.407298], [-75.435361, 6.407324], [-75.435068, 6.407472], [-75.434865, 6.407472], [-75.434381, 6.408078], [-75.434467, 6.408335], [-75.43447, 6.408829], [-75.434734, 6.409131], [-75.434634, 6.409827], [-75.434878, 6.410038], [-75.435014, 6.410313], [-75.435459, 6.410509], [-75.435657, 6.410265], [-75.435769, 6.409716], [-75.435976, 6.409476], [-75.435948, 6.409285], [-75.435724, 6.409054], [-75.435779, 6.408867], [-75.436285, 6.408647], [-75.437905, 6.408466], [-75.43807, 6.408346], [-75.438001, 6.407958]], [[-75.43635, 6.399337], [-75.436228, 6.399071], [-75.435977, 6.39897], [-75.435561, 6.399101], [-75.435349, 6.399389], [-75.435534, 6.399596], [-75.436057, 6.399646], [-75.436276, 6.399558], [-75.43635, 6.399337]], [[-75.436814, 6.408843], [-75.436287, 6.408887], [-75.436258, 6.409089], [-75.436546, 6.409254], [-75.437131, 6.409116], [-75.437134, 6.408912], [-75.436814, 6.408843]], [[-75.439227, 6.395398], [-75.439005, 6.394875], [-75.438805, 6.394694], [-75.438039, 6.39495], [-75.437908, 6.395073], [-75.438057, 6.395674], [-75.438156, 6.395733], [-75.439651, 6.395797], [-75.439706, 6.396331], [-75.439562, 6.396972], [-75.439977, 6.39709], [-75.440163, 6.396884], [-75.439951, 6.395929], [-75.439924, 6.39542], [-75.439754, 6.395273], [-75.439227, 6.395398]], [[-75.439378, 6.397693], [-75.439159, 6.396847], [-75.439206, 6.396451], [-75.439008, 6.396274], [-75.438882, 6.396286], [-75.438742, 6.396526], [-75.438682, 6.397344], [-75.438375, 6.397512], [-75.438284, 6.397754], [-75.438311, 6.398165], [-75.438495, 6.398469], [-75.438673, 6.398462], [-75.439286, 6.398137], [-75.439378, 6.397693]], [[-75.442045, 6.40704], [-75.441622, 6.406852], [-75.441405, 6.40644], [-75.441137, 6.406232], [-75.440681, 6.406241], [-75.440414, 6.406513], [-75.440616, 6.407421], [-75.441141, 6.408204], [-75.441459, 6.408176], [-75.441867, 6.407936], [-75.441855, 6.407582], [-75.442066, 6.40725], [-75.442045, 6.40704]], [[-75.441322, 6.410162], [-75.441376, 6.409624], [-75.440927, 6.409084], [-75.44076, 6.408993], [-75.440605, 6.409735], [-75.440744, 6.410925], [-75.44104, 6.411281], [-75.44153, 6.411589], [-75.4422, 6.41184], [-75.442459, 6.411816], [-75.442492, 6.411613], [-75.44232, 6.411242], [-75.441987, 6.410924], [-75.441514, 6.410663], [-75.441322, 6.410162]], [[-75.444943, 6.399479], [-75.444539, 6.399318], [-75.444129, 6.398945], [-75.443899, 6.398858], [-75.443598, 6.398934], [-75.443357, 6.399185], [-75.442882, 6.399209], [-75.442729, 6.399411], [-75.443053, 6.399724], [-75.443825, 6.399901], [-75.44422, 6.400148], [-75.444426, 6.399964], [-75.444915, 6.399796], [-75.444943, 6.399479]], [[-75.44393, 6.400688], [-75.443096, 6.401122], [-75.44297, 6.401247], [-75.44371, 6.40146], [-75.443908, 6.401241], [-75.44393, 6.400688]], [[-75.444002, 6.398354], [-75.443605, 6.398357], [-75.44314, 6.398196], [-75.443032, 6.398289], [-75.44316, 6.398635], [-75.443459, 6.398718], [-75.443788, 6.398658], [-75.444002, 6.398354]], [[-75.444807, 6.400612], [-75.444478, 6.400719], [-75.444488, 6.401505], [-75.445222, 6.401558], [-75.44552, 6.401463], [-75.44556, 6.401246], [-75.445452, 6.401007], [-75.445098, 6.400695], [-75.444807, 6.400612]], [[-75.446227, 6.402368], [-75.44594, 6.402188], [-75.444946, 6.402214], [-75.444695, 6.402405], [-75.44459, 6.402672], [-75.444694, 6.402907], [-75.444871, 6.403039], [-75.445299, 6.403141], [-75.445626, 6.403106], [-75.446062, 6.402947], [-75.44627, 6.402768], [-75.446351, 6.402592], [-75.446227, 6.402368]], [[-75.446977, 6.40139], [-75.446845, 6.40089], [-75.446211, 6.400321], [-75.446003, 6.399856], [-75.445633, 6.39965], [-75.445388, 6.399716], [-75.445361, 6.399917], [-75.445695, 6.400641], [-75.446018, 6.401663], [-75.446356, 6.401747], [-75.446822, 6.401731], [-75.446941, 6.401635], [-75.446977, 6.40139]], [[-75.447665, 6.413048], [-75.447859, 6.412898], [-75.448224, 6.413018], [-75.448325, 6.41318], [-75.44825, 6.413513], [-75.448328, 6.413802], [-75.448598, 6.413884], [-75.448739, 6.413798], [-75.448757, 6.413504], [-75.448663, 6.413194], [-75.448762, 6.412782], [-75.448676, 6.412579], [-75.447685, 6.41254], [-75.447558, 6.411975], [-75.447413, 6.41182], [-75.446305, 6.411949], [-75.445812, 6.411885], [-75.44575, 6.412236], [-75.445792, 6.41283], [-75.445999, 6.413011], [-75.446419, 6.413063], [-75.446768, 6.413211], [-75.447135, 6.413755], [-75.447603, 6.413741], [-75.447665, 6.413048]], [[-75.447198, 6.418627], [-75.446611, 6.418691], [-75.446386, 6.418815], [-75.446459, 6.420049], [-75.446888, 6.420085], [-75.447102, 6.420019], [-75.447469, 6.419409], [-75.447723, 6.418692], [-75.447198, 6.418627]], [[-75.447372, 6.39994], [-75.447499, 6.401221], [-75.44791, 6.401497], [-75.448516, 6.401539], [-75.448594, 6.40135], [-75.448548, 6.401192], [-75.448085, 6.400415], [-75.447985, 6.400018], [-75.448079, 6.399721], [-75.448412, 6.399587], [-75.448002, 6.399382], [-75.447916, 6.399252], [-75.448025, 6.398642], [-75.448131, 6.398542], [-75.448334, 6.39853], [-75.448377, 6.398415], [-75.448064, 6.398306], [-75.447951, 6.397992], [-75.447833, 6.39793], [-75.447673, 6.397942], [-75.447581, 6.398044], [-75.447731, 6.398704], [-75.447709, 6.399079], [-75.447145, 6.399269], [-75.447372, 6.39994]], [[-75.450047, 6.404781], [-75.450016, 6.405353], [-75.450096, 6.405561], [-75.450485, 6.405624], [-75.450961, 6.405407], [-75.45099, 6.405097], [-75.450735, 6.404549], [-75.450437, 6.404379], [-75.450214, 6.404395], [-75.450047, 6.404781]]], [[[-75.428708, 6.41131], [-75.428364, 6.410804], [-75.428398, 6.410719], [-75.428622, 6.410738], [-75.428794, 6.410901], [-75.42881, 6.411326], [-75.428708, 6.41131]]], [[[-75.429855, 6.409839], [-75.430126, 6.409499], [-75.430451, 6.409381], [-75.430716, 6.409523], [-75.430825, 6.409877], [-75.430651, 6.410187], [-75.429951, 6.410452], [-75.429794, 6.410243], [-75.429855, 6.409839]]], [[[-75.46571, 6.386414], [-75.4662, 6.386492], [-75.466591, 6.386451], [-75.46682, 6.386554], [-75.466926, 6.386728], [-75.466635, 6.386791], [-75.465941, 6.386735], [-75.465703, 6.386502], [-75.46571, 6.386414]]], [[[-75.479587, 6.383814], [-75.479675, 6.385101], [-75.479805, 6.385224], [-75.480183, 6.385301], [-75.480678, 6.385663], [-75.480746, 6.385831], [-75.480679, 6.385938], [-75.48024, 6.386058], [-75.479681, 6.386044], [-75.479189, 6.385869], [-75.478888, 6.385598], [-75.478942, 6.38549], [-75.479521, 6.385409], [-75.479365, 6.385188], [-75.478882, 6.385046], [-75.478771, 6.384709], [-75.478803, 6.384229], [-75.478971, 6.383974], [-75.479318, 6.383813], [-75.479451, 6.38365], [-75.479587, 6.383814]], [[-75.479406, 6.384222], [-75.479305, 6.384143], [-75.479249, 6.384196], [-75.479307, 6.384558], [-75.479424, 6.384425], [-75.479406, 6.384222]]], [[[-75.479994, 6.384337], [-75.480069, 6.384286], [-75.48007, 6.384362], [-75.479994, 6.384337]]], [[[-75.432051, 6.372207], [-75.43123, 6.37238], [-75.430914, 6.372584], [-75.430395, 6.372536], [-75.430262, 6.372384], [-75.430285, 6.37205], [-75.430106, 6.371631], [-75.429298, 6.371417], [-75.429106, 6.371196], [-75.428624, 6.371099], [-75.428471, 6.370987], [-75.42831, 6.370475], [-75.428231, 6.369446], [-75.427961, 6.369455], [-75.427582, 6.369834], [-75.427402, 6.369569], [-75.426985, 6.369439], [-75.426775, 6.369264], [-75.426792, 6.36875], [-75.427072, 6.368597], [-75.42759, 6.368712], [-75.427781, 6.369204], [-75.42795, 6.369304], [-75.42879, 6.369297], [-75.429437, 6.369136], [-75.429589, 6.3688], [-75.429579, 6.368348], [-75.429456, 6.368178], [-75.429071, 6.368007], [-75.428997, 6.367695], [-75.428979, 6.366983], [-75.429082, 6.366678], [-75.42929, 6.366474], [-75.429603, 6.36637], [-75.43002, 6.366368], [-75.430543, 6.366544], [-75.430648, 6.366722], [-75.430681, 6.367367], [-75.430802, 6.367806], [-75.431782, 6.368613], [-75.4318, 6.368913], [-75.431475, 6.36939], [-75.431406, 6.370756], [-75.431276, 6.371136], [-75.431791, 6.371543], [-75.432012, 6.371984], [-75.432051, 6.372207]], [[-75.429481, 6.369655], [-75.428905, 6.369892], [-75.428627, 6.370088], [-75.428593, 6.370241], [-75.428766, 6.370854], [-75.429664, 6.370435], [-75.430222, 6.370932], [-75.43034, 6.370741], [-75.430363, 6.36988], [-75.430444, 6.369667], [-75.430694, 6.369501], [-75.431119, 6.369447], [-75.431343, 6.369164], [-75.430889, 6.368997], [-75.429789, 6.369003], [-75.429481, 6.369655]], [[-75.430796, 6.371575], [-75.430517, 6.372027], [-75.430568, 6.372196], [-75.430769, 6.37206], [-75.430855, 6.371625], [-75.430796, 6.371575]]], [[[-75.428109, 6.318499], [-75.427899, 6.318506], [-75.42794, 6.318236], [-75.428149, 6.318236], [-75.428109, 6.318499]]], [[[-75.452913, 6.356787], [-75.452537, 6.356586], [-75.452356, 6.356088], [-75.452222, 6.356046], [-75.450842, 6.356187], [-75.450092, 6.356102], [-75.44966, 6.356571], [-75.449326, 6.356686], [-75.449017, 6.357186], [-75.449348, 6.357804], [-75.449272, 6.358492], [-75.449385, 6.359023], [-75.449387, 6.359853], [-75.449301, 6.360105], [-75.448572, 6.360185], [-75.44832, 6.359875], [-75.447422, 6.359972], [-75.447029, 6.359672], [-75.446307, 6.359388], [-75.446226, 6.358534], [-75.446445, 6.358052], [-75.446461, 6.357733], [-75.44642, 6.35755], [-75.446015, 6.35719], [-75.445943, 6.356973], [-75.445904, 6.355909], [-75.446081, 6.355333], [-75.44638, 6.35525], [-75.446663, 6.355526], [-75.44689, 6.355566], [-75.447382, 6.355301], [-75.447685, 6.355559], [-75.448106, 6.355673], [-75.448451, 6.355542], [-75.448801, 6.355525], [-75.44958, 6.35523], [-75.450178, 6.355151], [-75.450305, 6.354978], [-75.450138, 6.354188], [-75.449938, 6.353956], [-75.449641, 6.353933], [-75.449635, 6.353751], [-75.449521, 6.353612], [-75.448758, 6.353367], [-75.447641, 6.353439], [-75.447379, 6.353244], [-75.447299, 6.352714], [-75.447168, 6.352509], [-75.447257, 6.352295], [-75.447709, 6.351935], [-75.448318, 6.351997], [-75.448578, 6.351735], [-75.448526, 6.351447], [-75.448191, 6.351203], [-75.448017, 6.350823], [-75.447997, 6.350132], [-75.448146, 6.349505], [-75.449138, 6.349377], [-75.449517, 6.349216], [-75.449805, 6.349248], [-75.450028, 6.349506], [-75.45014, 6.350619], [-75.451283, 6.350693], [-75.45154, 6.350805], [-75.451375, 6.351294], [-75.451394, 6.351571], [-75.45148, 6.351756], [-75.451789, 6.351903], [-75.451736, 6.352669], [-75.451976, 6.353308], [-75.451936, 6.353931], [-75.452307, 6.35427], [-75.452165, 6.354793], [-75.452183, 6.355543], [-75.452303, 6.355704], [-75.452713, 6.355789], [-75.452812, 6.356063], [-75.453038, 6.35623], [-75.453132, 6.356617], [-75.453102, 6.356724], [-75.452913, 6.356787]], [[-75.448495, 6.356537], [-75.448408, 6.356087], [-75.447745, 6.35591], [-75.447566, 6.356281], [-75.447431, 6.356374], [-75.44665, 6.355931], [-75.446227, 6.355989], [-75.446083, 6.35613], [-75.44608, 6.356615], [-75.446196, 6.356794], [-75.446648, 6.357068], [-75.447225, 6.357181], [-75.447459, 6.357351], [-75.447494, 6.357852], [-75.447227, 6.358444], [-75.447524, 6.35893], [-75.44743, 6.359324], [-75.447522, 6.359452], [-75.447739, 6.359095], [-75.447985, 6.35816], [-75.448281, 6.357694], [-75.448287, 6.357283], [-75.448495, 6.356537]], [[-75.446571, 6.359242], [-75.446621, 6.359138], [-75.44657, 6.359045], [-75.446521, 6.35913], [-75.446571, 6.359242]], [[-75.450469, 6.351909], [-75.450534, 6.351598], [-75.450455, 6.351319], [-75.449941, 6.351223], [-75.449531, 6.350571], [-75.449066, 6.350539], [-75.448833, 6.351373], [-75.449286, 6.351985], [-75.44888, 6.352182], [-75.448175, 6.35226], [-75.447959, 6.35247], [-75.447956, 6.352778], [-75.44815, 6.352942], [-75.448919, 6.353096], [-75.449182, 6.353374], [-75.449396, 6.353397], [-75.449576, 6.353208], [-75.449538, 6.352767], [-75.450057, 6.35259], [-75.450469, 6.351909]], [[-75.45152, 6.353732], [-75.451461, 6.353122], [-75.45124, 6.35261], [-75.451092, 6.351811], [-75.450769, 6.352134], [-75.45027, 6.352402], [-75.450216, 6.352658], [-75.450382, 6.353117], [-75.450216, 6.353358], [-75.449908, 6.353464], [-75.450194, 6.353874], [-75.450642, 6.355134], [-75.451056, 6.355643], [-75.451389, 6.354766], [-75.45152, 6.353732]]], [[[-75.446873, 6.352477], [-75.446699, 6.352754], [-75.446484, 6.35328], [-75.445519, 6.353241], [-75.445432, 6.353376], [-75.445432, 6.353625], [-75.445302, 6.353679], [-75.445048, 6.35362], [-75.44475, 6.353226], [-75.443498, 6.353141], [-75.442955, 6.352746], [-75.442492, 6.352755], [-75.442087, 6.352907], [-75.442, 6.35371], [-75.441708, 6.354563], [-75.441616, 6.355631], [-75.440539, 6.355812], [-75.44034, 6.356164], [-75.439794, 6.356625], [-75.439412, 6.357078], [-75.439287, 6.357648], [-75.438696, 6.357784], [-75.438431, 6.357982], [-75.438407, 6.358238], [-75.438654, 6.358598], [-75.438628, 6.359134], [-75.438286, 6.360264], [-75.438097, 6.360378], [-75.437717, 6.360371], [-75.437422, 6.360245], [-75.437118, 6.359914], [-75.436865, 6.359892], [-75.436716, 6.359967], [-75.436637, 6.360822], [-75.436732, 6.362052], [-75.437253, 6.363002], [-75.43712, 6.363712], [-75.437437, 6.364127], [-75.437533, 6.365067], [-75.437655, 6.365329], [-75.437721, 6.365889], [-75.437974, 6.366453], [-75.437826, 6.367266], [-75.437869, 6.367863], [-75.437731, 6.368227], [-75.437964, 6.369177], [-75.437786, 6.369259], [-75.437262, 6.369253], [-75.436658, 6.368877], [-75.436226, 6.368757], [-75.435879, 6.368987], [-75.435865, 6.369205], [-75.436195, 6.3696], [-75.436515, 6.369814], [-75.437243, 6.37002], [-75.437835, 6.370311], [-75.438046, 6.370544], [-75.438441, 6.371325], [-75.43871, 6.371601], [-75.439418, 6.371188], [-75.439781, 6.37116], [-75.440046, 6.371245], [-75.440182, 6.371601], [-75.440238, 6.372673], [-75.440316, 6.372876], [-75.440532, 6.372976], [-75.441247, 6.372972], [-75.44162, 6.373147], [-75.441688, 6.373332], [-75.441653, 6.373786], [-75.441428, 6.37434], [-75.441545, 6.374705], [-75.441919, 6.375052], [-75.442352, 6.375189], [-75.443214, 6.375197], [-75.443604, 6.375095], [-75.443704, 6.37552], [-75.443674, 6.376257], [-75.443641, 6.376339], [-75.443562, 6.376303], [-75.443436, 6.375651], [-75.442352, 6.37556], [-75.442072, 6.375459], [-75.441134, 6.37436], [-75.439467, 6.372721], [-75.439161, 6.372206], [-75.437649, 6.371488], [-75.436998, 6.370973], [-75.436731, 6.370883], [-75.436632, 6.371515], [-75.436307, 6.372346], [-75.43551, 6.37325], [-75.435511, 6.373445], [-75.435705, 6.373822], [-75.436483, 6.374112], [-75.436896, 6.374858], [-75.438075, 6.37467], [-75.438734, 6.374373], [-75.438948, 6.374226], [-75.439516, 6.373525], [-75.439689, 6.373429], [-75.439882, 6.373485], [-75.439967, 6.373679], [-75.440054, 6.374922], [-75.440406, 6.37538], [-75.440891, 6.375675], [-75.440889, 6.375818], [-75.440642, 6.376208], [-75.440818, 6.376997], [-75.44098, 6.377131], [-75.441449, 6.377243], [-75.441603, 6.377424], [-75.441729, 6.378219], [-75.441708, 6.378698], [-75.441489, 6.37898], [-75.440889, 6.379052], [-75.440406, 6.379287], [-75.43968, 6.380046], [-75.439122, 6.380261], [-75.438754, 6.380687], [-75.438406, 6.381398], [-75.438249, 6.381539], [-75.438031, 6.381477], [-75.437899, 6.381319], [-75.437961, 6.380966], [-75.437903, 6.380152], [-75.437665, 6.380065], [-75.437424, 6.380151], [-75.437024, 6.380752], [-75.436756, 6.381744], [-75.436825, 6.381894], [-75.437174, 6.382082], [-75.43716, 6.382325], [-75.436405, 6.38293], [-75.435478, 6.383402], [-75.434414, 6.383512], [-75.43382, 6.383704], [-75.4337, 6.384864], [-75.433466, 6.385728], [-75.433248, 6.386074], [-75.432901, 6.386101], [-75.432752, 6.386008], [-75.432672, 6.385818], [-75.432634, 6.385112], [-75.432765, 6.384027], [-75.43272, 6.382948], [-75.432887, 6.382404], [-75.432994, 6.382456], [-75.43312, 6.382925], [-75.433319, 6.383231], [-75.433684, 6.383389], [-75.433962, 6.383406], [-75.434166, 6.383173], [-75.434497, 6.382984], [-75.434154, 6.381946], [-75.434207, 6.381687], [-75.435057, 6.381308], [-75.435432, 6.381365], [-75.435766, 6.381614], [-75.435893, 6.381575], [-75.436361, 6.381045], [-75.436852, 6.380126], [-75.437294, 6.379857], [-75.437982, 6.379765], [-75.438431, 6.37999], [-75.438819, 6.380074], [-75.439604, 6.379905], [-75.439893, 6.379668], [-75.440551, 6.37861], [-75.440899, 6.378228], [-75.440631, 6.377871], [-75.440464, 6.377443], [-75.440359, 6.376414], [-75.440459, 6.375829], [-75.440059, 6.375147], [-75.439864, 6.37387], [-75.439672, 6.373681], [-75.439503, 6.373781], [-75.439248, 6.374282], [-75.438697, 6.374688], [-75.437993, 6.374926], [-75.437047, 6.374986], [-75.436723, 6.375086], [-75.436299, 6.376002], [-75.436219, 6.377664], [-75.435975, 6.378134], [-75.435764, 6.378229], [-75.435265, 6.378215], [-75.434934, 6.378132], [-75.434756, 6.377929], [-75.43469, 6.376852], [-75.43499, 6.376162], [-75.43509, 6.374654], [-75.435234, 6.374341], [-75.435513, 6.374291], [-75.435645, 6.374139], [-75.435577, 6.373882], [-75.435327, 6.373685], [-75.435508, 6.37302], [-75.435274, 6.372775], [-75.434696, 6.372643], [-75.434377, 6.372453], [-75.434129, 6.371696], [-75.433744, 6.371574], [-75.432972, 6.371569], [-75.432819, 6.371485], [-75.432723, 6.370695], [-75.432564, 6.370175], [-75.432687, 6.369451], [-75.432557, 6.369218], [-75.432512, 6.368843], [-75.432583, 6.367585], [-75.432907, 6.366772], [-75.432852, 6.366332], [-75.432719, 6.366131], [-75.433777, 6.365935], [-75.434564, 6.365899], [-75.435083, 6.364608], [-75.434947, 6.364176], [-75.434464, 6.363889], [-75.434304, 6.36364], [-75.434374, 6.363087], [-75.434107, 6.361945], [-75.433917, 6.361887], [-75.433326, 6.361978], [-75.432958, 6.361855], [-75.432811, 6.361415], [-75.432821, 6.361077], [-75.433008, 6.36065], [-75.43387, 6.360465], [-75.434137, 6.36011], [-75.433969, 6.361401], [-75.434085, 6.361579], [-75.434252, 6.361598], [-75.434706, 6.361045], [-75.434807, 6.360576], [-75.434821, 6.35974], [-75.434586, 6.359445], [-75.434253, 6.359656], [-75.434039, 6.359589], [-75.433883, 6.35943], [-75.433773, 6.359089], [-75.432713, 6.358852], [-75.43254, 6.358271], [-75.432618, 6.35794], [-75.432528, 6.357656], [-75.431588, 6.357137], [-75.431358, 6.356809], [-75.431027, 6.356535], [-75.430664, 6.356425], [-75.430361, 6.356074], [-75.430079, 6.356025], [-75.42955, 6.356112], [-75.429177, 6.355897], [-75.429044, 6.355595], [-75.429069, 6.355256], [-75.42929, 6.355096], [-75.430328, 6.354884], [-75.430519, 6.354942], [-75.430698, 6.355246], [-75.431125, 6.355363], [-75.432684, 6.355306], [-75.433464, 6.355461], [-75.433885, 6.35565], [-75.434452, 6.355607], [-75.434853, 6.355475], [-75.435355, 6.354809], [-75.435685, 6.354704], [-75.436165, 6.354171], [-75.436289, 6.354133], [-75.436684, 6.354385], [-75.436796, 6.354603], [-75.435893, 6.354865], [-75.435841, 6.355213], [-75.435577, 6.355539], [-75.435401, 6.356222], [-75.43501, 6.356507], [-75.434664, 6.356919], [-75.434662, 6.35738], [-75.434971, 6.357754], [-75.43531, 6.357767], [-75.436124, 6.356363], [-75.436382, 6.35623], [-75.436669, 6.356258], [-75.436812, 6.356134], [-75.436985, 6.355862], [-75.437069, 6.355499], [-75.436913, 6.354637], [-75.437389, 6.355178], [-75.437509, 6.355499], [-75.437158, 6.355951], [-75.436852, 6.356934], [-75.436652, 6.357125], [-75.436622, 6.357273], [-75.436704, 6.357402], [-75.437101, 6.357529], [-75.437448, 6.357842], [-75.43761, 6.35789], [-75.437823, 6.357657], [-75.437859, 6.357256], [-75.438084, 6.357154], [-75.43838, 6.356713], [-75.438691, 6.356521], [-75.438607, 6.356395], [-75.438194, 6.356522], [-75.438108, 6.356377], [-75.43821, 6.355207], [-75.438415, 6.355048], [-75.438605, 6.354662], [-75.439746, 6.354521], [-75.43989, 6.353652], [-75.439992, 6.353517], [-75.440509, 6.353333], [-75.440835, 6.353095], [-75.441269, 6.352451], [-75.441363, 6.352458], [-75.441529, 6.352781], [-75.441674, 6.352825], [-75.441857, 6.352736], [-75.442016, 6.352452], [-75.443009, 6.352303], [-75.443188, 6.351497], [-75.443309, 6.351392], [-75.443601, 6.35134], [-75.444069, 6.351431], [-75.444372, 6.351666], [-75.445302, 6.351592], [-75.446428, 6.351959], [-75.446873, 6.352477]], [[-75.433196, 6.355599], [-75.432438, 6.355501], [-75.431806, 6.355663], [-75.431832, 6.35655], [-75.432126, 6.357102], [-75.432566, 6.357411], [-75.43305, 6.357311], [-75.433542, 6.357426], [-75.43377, 6.357357], [-75.433864, 6.356581], [-75.434163, 6.356098], [-75.434053, 6.356115], [-75.43386, 6.356388], [-75.433614, 6.356387], [-75.433474, 6.356201], [-75.433514, 6.355763], [-75.433196, 6.355599]], [[-75.434929, 6.369029], [-75.434674, 6.368408], [-75.434429, 6.36806], [-75.434297, 6.36805], [-75.434096, 6.368188], [-75.433948, 6.368585], [-75.433761, 6.368754], [-75.433596, 6.368746], [-75.433193, 6.368461], [-75.432934, 6.368519], [-75.432758, 6.36874], [-75.43277, 6.369067], [-75.433365, 6.369335], [-75.43353, 6.369615], [-75.433371, 6.369961], [-75.432952, 6.370137], [-75.432926, 6.370219], [-75.433315, 6.370165], [-75.43436, 6.370346], [-75.434896, 6.37019], [-75.435085, 6.369791], [-75.434929, 6.369029]], [[-75.434644, 6.366821], [-75.434986, 6.365933], [-75.435318, 6.365522], [-75.436215, 6.365375], [-75.436795, 6.365501], [-75.437191, 6.365249], [-75.437311, 6.364895], [-75.437264, 6.364543], [-75.436778, 6.363757], [-75.436867, 6.362933], [-75.436821, 6.362536], [-75.436316, 6.362047], [-75.436076, 6.361512], [-75.435748, 6.361328], [-75.435125, 6.361207], [-75.43501, 6.360874], [-75.434738, 6.361792], [-75.434503, 6.362166], [-75.434594, 6.362909], [-75.434816, 6.363253], [-75.43451, 6.363632], [-75.434909, 6.363807], [-75.435156, 6.364046], [-75.43526, 6.36451], [-75.435215, 6.364826], [-75.434947, 6.365312], [-75.434723, 6.366045], [-75.434562, 6.366228], [-75.434263, 6.366273], [-75.434064, 6.366049], [-75.433904, 6.366005], [-75.433494, 6.366104], [-75.433252, 6.366268], [-75.433285, 6.36712], [-75.43361, 6.36738], [-75.434146, 6.367561], [-75.434554, 6.367558], [-75.43483, 6.367424], [-75.43496, 6.367221], [-75.434644, 6.366821]], [[-75.434193, 6.358973], [-75.4341, 6.358898], [-75.433912, 6.358907], [-75.434109, 6.358989], [-75.434193, 6.358973]], [[-75.434584, 6.357933], [-75.434351, 6.357608], [-75.434139, 6.357546], [-75.433991, 6.357674], [-75.433944, 6.357882], [-75.434112, 6.358022], [-75.434479, 6.358072], [-75.434584, 6.357933]], [[-75.434306, 6.370757], [-75.434284, 6.371537], [-75.43449, 6.372098], [-75.434668, 6.372244], [-75.43474, 6.37203], [-75.434652, 6.371125], [-75.434532, 6.37079], [-75.434306, 6.370757]], [[-75.43575, 6.376514], [-75.434938, 6.376585], [-75.434838, 6.37685], [-75.434862, 6.377053], [-75.435394, 6.377426], [-75.435676, 6.377473], [-75.435988, 6.377361], [-75.436134, 6.377121], [-75.436191, 6.376731], [-75.436123, 6.376622], [-75.43575, 6.376514]], [[-75.435379, 6.359063], [-75.435251, 6.358649], [-75.435181, 6.358585], [-75.435047, 6.35885], [-75.435048, 6.359121], [-75.43533, 6.359317], [-75.435379, 6.359063]], [[-75.435907, 6.366698], [-75.435492, 6.366517], [-75.435324, 6.3666], [-75.435278, 6.366812], [-75.43539, 6.367011], [-75.435593, 6.367046], [-75.435891, 6.366895], [-75.435907, 6.366698]], [[-75.4364, 6.359563], [-75.436143, 6.359401], [-75.435855, 6.35945], [-75.435756, 6.359693], [-75.435789, 6.359998], [-75.436043, 6.360088], [-75.436353, 6.360036], [-75.436454, 6.359771], [-75.4364, 6.359563]], [[-75.438333, 6.358897], [-75.438027, 6.358543], [-75.437553, 6.358478], [-75.437029, 6.358779], [-75.436844, 6.359034], [-75.436812, 6.359272], [-75.437595, 6.359687], [-75.437851, 6.359739], [-75.438277, 6.359162], [-75.438333, 6.358897]], [[-75.439711, 6.355324], [-75.439469, 6.355099], [-75.439229, 6.355082], [-75.438959, 6.355241], [-75.438887, 6.355516], [-75.439058, 6.355694], [-75.439512, 6.355715], [-75.43973, 6.355571], [-75.439711, 6.355324]], [[-75.440266, 6.354712], [-75.440272, 6.354492], [-75.44013, 6.354518], [-75.440128, 6.354693], [-75.440266, 6.354712]], [[-75.444142, 6.352225], [-75.443791, 6.352333], [-75.443784, 6.352486], [-75.444011, 6.352907], [-75.44435, 6.353064], [-75.444586, 6.352978], [-75.444726, 6.352713], [-75.444632, 6.352544], [-75.444142, 6.352225]]], [[[-75.437922, 6.381859], [-75.437792, 6.381961], [-75.437708, 6.381977], [-75.437801, 6.381841], [-75.437922, 6.381859]]], [[[-75.445755, 6.357568], [-75.445625, 6.358845], [-75.445499, 6.358964], [-75.445338, 6.358762], [-75.445252, 6.358441], [-75.445755, 6.357568]]], [[[-75.431807, 6.358906], [-75.431451, 6.3591], [-75.431243, 6.359463], [-75.430807, 6.359556], [-75.430559, 6.359748], [-75.430174, 6.359755], [-75.429726, 6.359595], [-75.429602, 6.358994], [-75.429637, 6.357904], [-75.42982, 6.357785], [-75.430375, 6.357732], [-75.431322, 6.357837], [-75.431433, 6.357947], [-75.431523, 6.358319], [-75.431807, 6.358609], [-75.431807, 6.358906]], [[-75.430129, 6.358399], [-75.429992, 6.358498], [-75.429935, 6.358809], [-75.429954, 6.359355], [-75.430045, 6.359476], [-75.430522, 6.359443], [-75.430569, 6.359111], [-75.43123, 6.358859], [-75.431345, 6.35867], [-75.431322, 6.358546], [-75.431098, 6.358392], [-75.430129, 6.358399]]], [[[-75.433116, 6.362925], [-75.432979, 6.363392], [-75.433104, 6.364138], [-75.432981, 6.364595], [-75.43263, 6.364763], [-75.431978, 6.364911], [-75.431596, 6.364888], [-75.4311, 6.364753], [-75.431005, 6.364648], [-75.430907, 6.363775], [-75.431009, 6.363193], [-75.431779, 6.362898], [-75.432304, 6.362831], [-75.433034, 6.362877], [-75.433116, 6.362925]], [[-75.432046, 6.363528], [-75.431789, 6.363592], [-75.431645, 6.36386], [-75.43163, 6.364401], [-75.431838, 6.364539], [-75.432515, 6.364535], [-75.432645, 6.364396], [-75.43265, 6.364022], [-75.432354, 6.363811], [-75.432215, 6.363582], [-75.432046, 6.363528]]], [[[-75.436599, 6.352267], [-75.436264, 6.352646], [-75.435709, 6.352751], [-75.435442, 6.353016], [-75.434818, 6.352969], [-75.434734, 6.35311], [-75.434779, 6.353484], [-75.434477, 6.353552], [-75.433715, 6.353499], [-75.433683, 6.352364], [-75.433766, 6.35203], [-75.433921, 6.351801], [-75.434149, 6.351679], [-75.434968, 6.351584], [-75.435221, 6.35122], [-75.436715, 6.35122], [-75.436749, 6.351725], [-75.436599, 6.352267]], [[-75.434784, 6.352042], [-75.434922, 6.352617], [-75.435177, 6.352844], [-75.435317, 6.352869], [-75.435471, 6.352163], [-75.435389, 6.351706], [-75.434938, 6.351737], [-75.434784, 6.352042]]], [[[-75.434649, 6.341379], [-75.434652, 6.341103], [-75.434725, 6.340984], [-75.434925, 6.341192], [-75.434973, 6.341538], [-75.434785, 6.341615], [-75.434649, 6.341379]]], [[[-75.435373, 6.340656], [-75.435334, 6.340596], [-75.435389, 6.340484], [-75.435406, 6.340589], [-75.435373, 6.340656]]], [[[-75.436907, 6.395461], [-75.436677, 6.395647], [-75.436525, 6.395589], [-75.436673, 6.395279], [-75.436896, 6.395352], [-75.436907, 6.395461]]], [[[-75.436345, 6.345649], [-75.436426, 6.34551], [-75.436831, 6.345449], [-75.437587, 6.345499], [-75.437729, 6.345621], [-75.437503, 6.345717], [-75.436884, 6.345752], [-75.436345, 6.345649]]], [[[-75.453394, 6.381331], [-75.452729, 6.381501], [-75.452515, 6.381665], [-75.452305, 6.382788], [-75.452049, 6.383018], [-75.451663, 6.383138], [-75.451152, 6.383146], [-75.450627, 6.383041], [-75.449778, 6.3826], [-75.449609, 6.382306], [-75.449641, 6.381485], [-75.449246, 6.381284], [-75.448851, 6.380882], [-75.448596, 6.380793], [-75.447465, 6.38135], [-75.446925, 6.381476], [-75.446817, 6.381631], [-75.446819, 6.381818], [-75.446942, 6.381933], [-75.447202, 6.381983], [-75.44726, 6.382086], [-75.446374, 6.382488], [-75.446041, 6.382412], [-75.444161, 6.381645], [-75.441525, 6.381607], [-75.441124, 6.381464], [-75.440568, 6.381784], [-75.439308, 6.381927], [-75.438931, 6.382794], [-75.438798, 6.382886], [-75.438979, 6.381561], [-75.441338, 6.381307], [-75.44242, 6.381069], [-75.44255, 6.380824], [-75.442726, 6.379937], [-75.443379, 6.379729], [-75.443549, 6.379475], [-75.444276, 6.37935], [-75.44443, 6.379009], [-75.444755, 6.378609], [-75.44479, 6.378696], [-75.444819, 6.378471], [-75.445011, 6.378276], [-75.445189, 6.3777], [-75.445648, 6.377647], [-75.447085, 6.377651], [-75.447247, 6.37769], [-75.447266, 6.37782], [-75.447277, 6.3792], [-75.447042, 6.380028], [-75.446413, 6.379352], [-75.44556, 6.379297], [-75.444902, 6.37896], [-75.444711, 6.379111], [-75.444507, 6.379584], [-75.444224, 6.379829], [-75.444266, 6.379987], [-75.444966, 6.380462], [-75.445118, 6.380864], [-75.445996, 6.382346], [-75.446305, 6.382345], [-75.446581, 6.381521], [-75.447351, 6.380935], [-75.448146, 6.380611], [-75.449128, 6.380491], [-75.449546, 6.380562], [-75.449692, 6.380689], [-75.449985, 6.381253], [-75.450265, 6.382153], [-75.450636, 6.382572], [-75.451124, 6.38257], [-75.452018, 6.382339], [-75.452296, 6.382122], [-75.4525, 6.381506], [-75.452225, 6.380919], [-75.452206, 6.380609], [-75.452145, 6.380575], [-75.452026, 6.380783], [-75.451759, 6.3809], [-75.451496, 6.380866], [-75.451373, 6.380698], [-75.451505, 6.379306], [-75.451954, 6.378381], [-75.452084, 6.377425], [-75.451657, 6.377318], [-75.451319, 6.377066], [-75.450937, 6.37692], [-75.450925, 6.376853], [-75.451024, 6.376836], [-75.452116, 6.376967], [-75.452389, 6.377287], [-75.452367, 6.377854], [-75.452167, 6.378646], [-75.451972, 6.379086], [-75.451628, 6.379401], [-75.45153, 6.380122], [-75.451598, 6.380347], [-75.451793, 6.380431], [-75.452347, 6.380142], [-75.452783, 6.381077], [-75.453411, 6.381112], [-75.453394, 6.381331]], [[-75.443902, 6.380062], [-75.443716, 6.380214], [-75.443893, 6.380449], [-75.444124, 6.380278], [-75.444059, 6.380126], [-75.443902, 6.380062]]], [[[-75.449572, 6.379759], [-75.449589, 6.379905], [-75.449565, 6.380134], [-75.449555, 6.379912], [-75.449572, 6.379759]]], [[[-75.449705, 6.379254], [-75.449722, 6.379341], [-75.449697, 6.37943], [-75.449688, 6.379313], [-75.449705, 6.379254]]], [[[-75.449876, 6.378952], [-75.450045, 6.378762], [-75.450168, 6.378513], [-75.450298, 6.37879], [-75.450273, 6.379002], [-75.45, 6.379097], [-75.449876, 6.378952]]], [[[-75.442405, 6.37881], [-75.442437, 6.37824], [-75.44258, 6.378071], [-75.442736, 6.378045], [-75.442495, 6.378308], [-75.442405, 6.37881]]], [[[-75.444411, 6.413906], [-75.444238, 6.414159], [-75.444192, 6.414877], [-75.444102, 6.415049], [-75.443668, 6.415109], [-75.443249, 6.41497], [-75.443071, 6.41499], [-75.44293, 6.41517], [-75.442874, 6.415703], [-75.442659, 6.415901], [-75.442383, 6.415789], [-75.442208, 6.415313], [-75.441962, 6.415264], [-75.44184, 6.415373], [-75.441749, 6.415715], [-75.44136, 6.415911], [-75.441406, 6.416369], [-75.442099, 6.416481], [-75.442368, 6.416434], [-75.442477, 6.41654], [-75.442717, 6.417216], [-75.442375, 6.417878], [-75.442016, 6.417198], [-75.441477, 6.417003], [-75.44129, 6.417083], [-75.441203, 6.417257], [-75.441207, 6.417555], [-75.441405, 6.418111], [-75.441281, 6.418435], [-75.441044, 6.418389], [-75.440576, 6.417898], [-75.439717, 6.417959], [-75.439417, 6.417849], [-75.439342, 6.417641], [-75.439391, 6.417258], [-75.439644, 6.417228], [-75.440189, 6.417474], [-75.440423, 6.417491], [-75.441127, 6.415545], [-75.441407, 6.415154], [-75.44175, 6.415027], [-75.442095, 6.414594], [-75.442502, 6.414275], [-75.442856, 6.413342], [-75.443972, 6.412992], [-75.444312, 6.413013], [-75.444519, 6.413347], [-75.444411, 6.413906]], [[-75.44281, 6.414337], [-75.442702, 6.414464], [-75.442782, 6.41483], [-75.442895, 6.414544], [-75.44281, 6.414337]], [[-75.443901, 6.413348], [-75.443621, 6.413434], [-75.443588, 6.413814], [-75.443908, 6.41359], [-75.443966, 6.413429], [-75.443901, 6.413348]]], [[[-75.441254, 6.418822], [-75.441498, 6.419404], [-75.441477, 6.41993], [-75.441367, 6.419757], [-75.44107, 6.419647], [-75.44096, 6.419486], [-75.44117, 6.418845], [-75.441254, 6.418822]]], [[[-75.441275, 6.420428], [-75.441928, 6.420362], [-75.442036, 6.419955], [-75.442387, 6.419598], [-75.442523, 6.419113], [-75.443342, 6.4193], [-75.44351, 6.419543], [-75.443554, 6.419945], [-75.443509, 6.420676], [-75.443362, 6.421117], [-75.44339, 6.421594], [-75.442965, 6.421714], [-75.442701, 6.421602], [-75.442514, 6.42095], [-75.441, 6.420832], [-75.440921, 6.420618], [-75.441275, 6.420428]], [[-75.443363, 6.420087], [-75.443079, 6.420143], [-75.443254, 6.420372], [-75.443321, 6.420645], [-75.443431, 6.420306], [-75.443363, 6.420087]]], [[[-75.440106, 6.426614], [-75.439895, 6.426657], [-75.439832, 6.426602], [-75.440106, 6.426614]]], [[[-75.44116, 6.340103], [-75.440559, 6.340114], [-75.440352, 6.340041], [-75.440424, 6.339756], [-75.440252, 6.33904], [-75.439634, 6.338496], [-75.439503, 6.338281], [-75.439467, 6.337909], [-75.439592, 6.337604], [-75.439778, 6.337615], [-75.439907, 6.338022], [-75.440086, 6.338273], [-75.440411, 6.338375], [-75.440645, 6.338583], [-75.440779, 6.339353], [-75.441359, 6.339432], [-75.441597, 6.339584], [-75.441684, 6.339932], [-75.44116, 6.340103]]], [[[-75.441401, 6.364214], [-75.441218, 6.36466], [-75.440588, 6.365099], [-75.44012, 6.365033], [-75.439726, 6.364626], [-75.439652, 6.363966], [-75.440382, 6.363807], [-75.440832, 6.363566], [-75.440999, 6.363283], [-75.441074, 6.362768], [-75.441017, 6.362221], [-75.440782, 6.361977], [-75.440591, 6.362073], [-75.440399, 6.362593], [-75.439973, 6.362438], [-75.439764, 6.361575], [-75.439848, 6.361237], [-75.440007, 6.361063], [-75.440785, 6.361076], [-75.441284, 6.361932], [-75.441401, 6.364214]]], [[[-75.440685, 6.425759], [-75.440193, 6.425649], [-75.440118, 6.425374], [-75.440166, 6.425256], [-75.440439, 6.425136], [-75.440947, 6.42525], [-75.441004, 6.425366], [-75.440952, 6.425639], [-75.440685, 6.425759]]], [[[-75.444771, 6.358658], [-75.44461, 6.359127], [-75.444528, 6.360138], [-75.444745, 6.361223], [-75.443941, 6.361381], [-75.443733, 6.36123], [-75.443512, 6.360511], [-75.443627, 6.36029], [-75.443999, 6.360246], [-75.444134, 6.360146], [-75.444187, 6.360033], [-75.44413, 6.359879], [-75.443987, 6.359838], [-75.443698, 6.359947], [-75.442921, 6.360031], [-75.442759, 6.360126], [-75.442765, 6.360214], [-75.442388, 6.359908], [-75.441545, 6.359821], [-75.440686, 6.359134], [-75.440572, 6.358392], [-75.440608, 6.358237], [-75.440754, 6.358118], [-75.441035, 6.358021], [-75.441284, 6.35809], [-75.441501, 6.358541], [-75.441697, 6.359267], [-75.441948, 6.359459], [-75.442227, 6.359421], [-75.442674, 6.359045], [-75.442908, 6.358962], [-75.443179, 6.358536], [-75.443936, 6.358311], [-75.444312, 6.358313], [-75.444618, 6.358439], [-75.444771, 6.358658]]], [[[-75.442022, 6.360558], [-75.441562, 6.360862], [-75.441394, 6.360933], [-75.441489, 6.360623], [-75.441663, 6.360491], [-75.442022, 6.360558]]], [[[-75.444324, 6.383626], [-75.444173, 6.383779], [-75.443988, 6.383796], [-75.443526, 6.383508], [-75.442759, 6.383474], [-75.442576, 6.383532], [-75.442301, 6.383791], [-75.442416, 6.383384], [-75.442601, 6.383206], [-75.443219, 6.383352], [-75.443899, 6.383181], [-75.444171, 6.383356], [-75.444324, 6.383626]]], [[[-75.444026, 6.417327], [-75.44397, 6.417619], [-75.444035, 6.417794], [-75.443801, 6.417822], [-75.443734, 6.417272], [-75.443931, 6.417179], [-75.444026, 6.417327]]], [[[-75.444882, 6.342403], [-75.444169, 6.342363], [-75.443858, 6.342218], [-75.443799, 6.34194], [-75.443639, 6.341752], [-75.443588, 6.341066], [-75.443689, 6.340848], [-75.443891, 6.340706], [-75.444602, 6.340649], [-75.445112, 6.340881], [-75.445215, 6.341103], [-75.445271, 6.341797], [-75.445439, 6.342009], [-75.445491, 6.342265], [-75.444882, 6.342403]]], [[[-75.444849, 6.41902], [-75.444596, 6.419056], [-75.444503, 6.41904], [-75.444683, 6.418979], [-75.444849, 6.41902]]], [[[-75.445002, 6.417827], [-75.444769, 6.417759], [-75.444872, 6.417284], [-75.44505, 6.417202], [-75.445149, 6.417318], [-75.44517, 6.41759], [-75.445002, 6.417827]]], [[[-75.44666, 6.348696], [-75.445351, 6.348697], [-75.4453, 6.347892], [-75.445174, 6.347373], [-75.445182, 6.347105], [-75.445288, 6.346936], [-75.445612, 6.346916], [-75.445893, 6.34711], [-75.446448, 6.347252], [-75.446499, 6.347519], [-75.446345, 6.348405], [-75.446407, 6.348573], [-75.44666, 6.348696]]], [[[-75.445325, 6.376287], [-75.445309, 6.376422], [-75.445297, 6.376422], [-75.445325, 6.376287]]], [[[-75.446776, 6.3706], [-75.446593, 6.371262], [-75.446498, 6.371358], [-75.446245, 6.371376], [-75.446229, 6.37117], [-75.446659, 6.37005], [-75.446789, 6.370214], [-75.446776, 6.3706]]], [[[-75.44704, 6.374734], [-75.446956, 6.374673], [-75.447005, 6.374561], [-75.447089, 6.374624], [-75.44704, 6.374734]]], [[[-75.448154, 6.385742], [-75.447952, 6.385826], [-75.447846, 6.385475], [-75.448185, 6.385634], [-75.448154, 6.385742]]], [[[-75.466228, 6.374502], [-75.466117, 6.374597], [-75.465926, 6.374498], [-75.465634, 6.374558], [-75.465573, 6.374488], [-75.465639, 6.374291], [-75.465959, 6.374039], [-75.466161, 6.373598], [-75.466232, 6.37377], [-75.466228, 6.374502]]], [[[-75.465308, 6.373919], [-75.464776, 6.374136], [-75.464593, 6.374103], [-75.464074, 6.373417], [-75.463672, 6.373407], [-75.463254, 6.373156], [-75.462984, 6.373169], [-75.462807, 6.372583], [-75.462661, 6.372428], [-75.462378, 6.372345], [-75.461755, 6.372366], [-75.461469, 6.372465], [-75.461457, 6.37268], [-75.461648, 6.372882], [-75.461401, 6.373317], [-75.46136, 6.37387], [-75.461179, 6.373525], [-75.460989, 6.373417], [-75.460801, 6.373475], [-75.46068, 6.373763], [-75.460575, 6.373817], [-75.460521, 6.373396], [-75.460724, 6.372798], [-75.46061, 6.372384], [-75.460079, 6.372425], [-75.459717, 6.372852], [-75.459571, 6.372886], [-75.459341, 6.372539], [-75.459848, 6.372126], [-75.459815, 6.371789], [-75.459598, 6.371681], [-75.458898, 6.37163], [-75.458664, 6.371506], [-75.458654, 6.371126], [-75.459046, 6.37025], [-75.459061, 6.369975], [-75.459275, 6.370009], [-75.459349, 6.369916], [-75.45926, 6.369447], [-75.45964, 6.369591], [-75.460603, 6.36965], [-75.46094, 6.369996], [-75.460783, 6.370368], [-75.460988, 6.370554], [-75.461958, 6.370442], [-75.462056, 6.370104], [-75.462162, 6.370428], [-75.4623, 6.370535], [-75.462627, 6.370528], [-75.4628, 6.370109], [-75.462974, 6.370411], [-75.463216, 6.370473], [-75.46355, 6.37003], [-75.464636, 6.369766], [-75.464783, 6.370345], [-75.46473, 6.371316], [-75.464673, 6.371406], [-75.464464, 6.371361], [-75.46431, 6.371461], [-75.464139, 6.372329], [-75.464363, 6.37274], [-75.464659, 6.372617], [-75.464803, 6.373299], [-75.465341, 6.373818], [-75.465308, 6.373919]], [[-75.464021, 6.371618], [-75.463821, 6.370666], [-75.463677, 6.370504], [-75.463198, 6.371006], [-75.463047, 6.371441], [-75.463183, 6.372084], [-75.463718, 6.373033], [-75.463818, 6.372965], [-75.463904, 6.372695], [-75.463882, 6.371978], [-75.464021, 6.371618]]], [[[-75.458528, 6.369974], [-75.458386, 6.370287], [-75.457944, 6.370509], [-75.457008, 6.370514], [-75.45661, 6.37068], [-75.456046, 6.370655], [-75.455855, 6.370783], [-75.45574, 6.37113], [-75.455952, 6.373111], [-75.455742, 6.373435], [-75.455641, 6.373923], [-75.455687, 6.374188], [-75.45584, 6.374418], [-75.456492, 6.374524], [-75.456642, 6.374617], [-75.4566, 6.375518], [-75.456799, 6.375948], [-75.45718, 6.376303], [-75.457327, 6.376273], [-75.457432, 6.37613], [-75.457717, 6.375294], [-75.457785, 6.374675], [-75.457662, 6.374499], [-75.457088, 6.374221], [-75.45749, 6.374151], [-75.457795, 6.373764], [-75.457937, 6.373709], [-75.458449, 6.373996], [-75.458688, 6.374461], [-75.457801, 6.375134], [-75.45767, 6.375662], [-75.457892, 6.376346], [-75.458482, 6.376411], [-75.458719, 6.376583], [-75.459056, 6.376384], [-75.459124, 6.376176], [-75.458899, 6.375542], [-75.458856, 6.374777], [-75.458999, 6.375677], [-75.459343, 6.375726], [-75.459826, 6.375399], [-75.460277, 6.375363], [-75.460645, 6.375581], [-75.460781, 6.375852], [-75.460806, 6.37617], [-75.459923, 6.376655], [-75.45935, 6.376695], [-75.458344, 6.37695], [-75.457821, 6.376918], [-75.457693, 6.37718], [-75.457098, 6.377302], [-75.456233, 6.377929], [-75.455522, 6.378124], [-75.455444, 6.378306], [-75.455503, 6.378457], [-75.456323, 6.378602], [-75.456474, 6.378754], [-75.456452, 6.378867], [-75.456194, 6.379319], [-75.45551, 6.379943], [-75.455339, 6.380208], [-75.455172, 6.38017], [-75.455092, 6.380255], [-75.455083, 6.380449], [-75.455232, 6.380709], [-75.455143, 6.381517], [-75.454523, 6.381435], [-75.454251, 6.381304], [-75.45416, 6.381148], [-75.454129, 6.379916], [-75.454203, 6.379511], [-75.454632, 6.379206], [-75.454692, 6.379041], [-75.454381, 6.378473], [-75.453951, 6.37834], [-75.453788, 6.378192], [-75.453611, 6.377315], [-75.45364, 6.37687], [-75.453811, 6.376655], [-75.453653, 6.376031], [-75.453627, 6.374835], [-75.453986, 6.374115], [-75.454017, 6.373483], [-75.453876, 6.373283], [-75.453479, 6.373193], [-75.453239, 6.37293], [-75.45329, 6.372743], [-75.453592, 6.372614], [-75.453828, 6.372318], [-75.453893, 6.37178], [-75.453804, 6.371242], [-75.453265, 6.370429], [-75.452334, 6.370174], [-75.452028, 6.369767], [-75.450941, 6.369622], [-75.450713, 6.369482], [-75.450019, 6.369334], [-75.449555, 6.368762], [-75.449403, 6.36877], [-75.449318, 6.368868], [-75.449172, 6.369462], [-75.449204, 6.369568], [-75.449635, 6.369856], [-75.449702, 6.370326], [-75.44963, 6.371021], [-75.449388, 6.370722], [-75.448831, 6.370514], [-75.448722, 6.369989], [-75.448398, 6.369849], [-75.44827, 6.369491], [-75.448402, 6.369221], [-75.449049, 6.368567], [-75.449307, 6.368438], [-75.449468, 6.368544], [-75.449668, 6.368463], [-75.449698, 6.368308], [-75.449594, 6.36803], [-75.449792, 6.367606], [-75.449858, 6.367139], [-75.450417, 6.36623], [-75.45084, 6.366131], [-75.451083, 6.365944], [-75.45132, 6.365302], [-75.451712, 6.365157], [-75.452043, 6.364898], [-75.452417, 6.364285], [-75.452535, 6.363698], [-75.453011, 6.363354], [-75.452959, 6.362565], [-75.453102, 6.362538], [-75.453339, 6.362867], [-75.453519, 6.362956], [-75.454312, 6.362861], [-75.454547, 6.362631], [-75.454395, 6.362352], [-75.453842, 6.362235], [-75.454272, 6.36214], [-75.454395, 6.360443], [-75.454527, 6.360376], [-75.454863, 6.36047], [-75.454968, 6.360331], [-75.455096, 6.358916], [-75.454943, 6.358752], [-75.454465, 6.35856], [-75.45446, 6.358413], [-75.454685, 6.358051], [-75.45457, 6.356938], [-75.45441, 6.35661], [-75.45401, 6.356214], [-75.453846, 6.355797], [-75.453468, 6.355491], [-75.453273, 6.355146], [-75.453252, 6.354323], [-75.453358, 6.354027], [-75.453613, 6.353733], [-75.453661, 6.353394], [-75.453595, 6.353062], [-75.45315, 6.352134], [-75.452947, 6.351992], [-75.45265, 6.352024], [-75.452515, 6.35173], [-75.452682, 6.351718], [-75.452917, 6.351873], [-75.453954, 6.351599], [-75.454636, 6.351738], [-75.454844, 6.352577], [-75.455166, 6.352728], [-75.455739, 6.352784], [-75.455854, 6.35273], [-75.45601, 6.352342], [-75.456152, 6.352215], [-75.45674, 6.352298], [-75.456862, 6.351392], [-75.457016, 6.350974], [-75.457162, 6.350903], [-75.457547, 6.351], [-75.457419, 6.351247], [-75.457445, 6.351429], [-75.457759, 6.351604], [-75.457953, 6.351824], [-75.458148, 6.351894], [-75.458524, 6.351852], [-75.458989, 6.351602], [-75.459264, 6.351236], [-75.459362, 6.350699], [-75.459369, 6.349841], [-75.459738, 6.349693], [-75.460474, 6.349674], [-75.460613, 6.349752], [-75.460648, 6.349978], [-75.460549, 6.350779], [-75.460264, 6.351248], [-75.45967, 6.351808], [-75.459548, 6.352295], [-75.459599, 6.352574], [-75.459795, 6.352694], [-75.460859, 6.352781], [-75.461025, 6.353552], [-75.461258, 6.353712], [-75.461503, 6.353613], [-75.46182, 6.352945], [-75.462211, 6.352675], [-75.462719, 6.35298], [-75.463075, 6.352531], [-75.463433, 6.352356], [-75.463588, 6.352401], [-75.463803, 6.352646], [-75.46423, 6.352766], [-75.464533, 6.35279], [-75.464832, 6.35261], [-75.465092, 6.352634], [-75.465217, 6.352913], [-75.465244, 6.353474], [-75.465095, 6.354034], [-75.464568, 6.354207], [-75.464278, 6.354405], [-75.463847, 6.354196], [-75.463459, 6.354579], [-75.463372, 6.354836], [-75.463436, 6.354964], [-75.46372, 6.355057], [-75.463934, 6.355277], [-75.464376, 6.355362], [-75.464469, 6.35576], [-75.464588, 6.355894], [-75.46506, 6.355972], [-75.465263, 6.356144], [-75.465754, 6.355909], [-75.465946, 6.35606], [-75.465887, 6.356913], [-75.465474, 6.357592], [-75.465195, 6.357563], [-75.465046, 6.357265], [-75.464814, 6.357207], [-75.464682, 6.357342], [-75.464504, 6.358066], [-75.464291, 6.358313], [-75.463903, 6.35847], [-75.463718, 6.358332], [-75.463542, 6.35833], [-75.463081, 6.358684], [-75.462651, 6.359473], [-75.462477, 6.360061], [-75.462636, 6.360257], [-75.463018, 6.360481], [-75.462741, 6.360955], [-75.462532, 6.361071], [-75.462429, 6.361039], [-75.462383, 6.360729], [-75.462187, 6.360353], [-75.462058, 6.359142], [-75.462075, 6.358448], [-75.461893, 6.358019], [-75.461894, 6.357739], [-75.462227, 6.357204], [-75.462434, 6.357144], [-75.462791, 6.357246], [-75.463024, 6.357737], [-75.463155, 6.357763], [-75.463364, 6.35762], [-75.464305, 6.356314], [-75.464259, 6.355844], [-75.464026, 6.355466], [-75.463776, 6.355409], [-75.463601, 6.355589], [-75.462918, 6.355751], [-75.462842, 6.355963], [-75.462929, 6.356325], [-75.46285, 6.356495], [-75.462461, 6.356567], [-75.46212, 6.356451], [-75.461925, 6.356592], [-75.461349, 6.356576], [-75.461199, 6.356672], [-75.461108, 6.356935], [-75.461009, 6.356952], [-75.460792, 6.355024], [-75.460603, 6.354623], [-75.459583, 6.354229], [-75.458747, 6.354317], [-75.458345, 6.35404], [-75.458025, 6.354145], [-75.457833, 6.354352], [-75.457605, 6.355004], [-75.457336, 6.355395], [-75.457312, 6.355632], [-75.457007, 6.35606], [-75.456985, 6.356293], [-75.457179, 6.356614], [-75.458108, 6.357301], [-75.458825, 6.357577], [-75.458836, 6.358085], [-75.458966, 6.35857], [-75.459197, 6.359095], [-75.459542, 6.359553], [-75.460656, 6.360076], [-75.461106, 6.360524], [-75.461568, 6.360783], [-75.461937, 6.361114], [-75.461652, 6.361329], [-75.461531, 6.361563], [-75.461463, 6.362447], [-75.461269, 6.363157], [-75.461645, 6.363968], [-75.461526, 6.364125], [-75.461206, 6.364216], [-75.461048, 6.364472], [-75.461607, 6.364933], [-75.461774, 6.365479], [-75.462003, 6.365608], [-75.462318, 6.365556], [-75.462391, 6.365735], [-75.462588, 6.365862], [-75.46261, 6.366077], [-75.462511, 6.36619], [-75.4621, 6.366291], [-75.462015, 6.366773], [-75.461497, 6.366978], [-75.46137, 6.367142], [-75.460642, 6.366868], [-75.461166, 6.366756], [-75.461313, 6.366325], [-75.461502, 6.36606], [-75.461543, 6.364902], [-75.460983, 6.364672], [-75.460647, 6.364299], [-75.46056, 6.364008], [-75.460761, 6.363617], [-75.46074, 6.363451], [-75.460616, 6.363527], [-75.460345, 6.364037], [-75.460067, 6.364146], [-75.459569, 6.363946], [-75.459274, 6.363571], [-75.459352, 6.363426], [-75.460267, 6.362788], [-75.460568, 6.362433], [-75.460762, 6.361684], [-75.460743, 6.360769], [-75.460607, 6.360488], [-75.460365, 6.360305], [-75.459018, 6.359812], [-75.459209, 6.360357], [-75.459154, 6.361067], [-75.459374, 6.361105], [-75.459483, 6.361297], [-75.459414, 6.36198], [-75.45922, 6.362436], [-75.458583, 6.362762], [-75.458355, 6.362766], [-75.458162, 6.362579], [-75.45805, 6.362125], [-75.457879, 6.361906], [-75.457273, 6.361841], [-75.456862, 6.361517], [-75.456591, 6.361451], [-75.456425, 6.361576], [-75.456236, 6.362247], [-75.455763, 6.363034], [-75.456427, 6.363678], [-75.456648, 6.364586], [-75.456779, 6.364779], [-75.457394, 6.365159], [-75.458299, 6.365357], [-75.458734, 6.365704], [-75.458249, 6.365589], [-75.457897, 6.365618], [-75.456379, 6.365426], [-75.456104, 6.365223], [-75.455817, 6.364812], [-75.455298, 6.364665], [-75.455052, 6.364808], [-75.454655, 6.365517], [-75.453794, 6.366026], [-75.453355, 6.366646], [-75.453223, 6.366266], [-75.453055, 6.366063], [-75.453178, 6.365201], [-75.453442, 6.364782], [-75.453382, 6.364596], [-75.453211, 6.364569], [-75.452835, 6.365169], [-75.45257, 6.365354], [-75.452262, 6.365437], [-75.45227, 6.365707], [-75.452621, 6.36616], [-75.452638, 6.366632], [-75.452547, 6.366548], [-75.452482, 6.366607], [-75.452286, 6.367244], [-75.452075, 6.367516], [-75.451964, 6.367843], [-75.451107, 6.368611], [-75.450951, 6.369134], [-75.451003, 6.369421], [-75.451236, 6.36951], [-75.452033, 6.369459], [-75.452964, 6.36967], [-75.453187, 6.369857], [-75.453871, 6.3708], [-75.454156, 6.370943], [-75.454521, 6.370631], [-75.454752, 6.369325], [-75.454726, 6.368705], [-75.454769, 6.368539], [-75.455063, 6.368386], [-75.455661, 6.368452], [-75.456068, 6.368696], [-75.457189, 6.368777], [-75.457508, 6.369487], [-75.458261, 6.369637], [-75.458457, 6.369783], [-75.458528, 6.369974]], [[-75.45453, 6.354848], [-75.454016, 6.354534], [-75.453822, 6.354112], [-75.453829, 6.355472], [-75.454235, 6.355801], [-75.454754, 6.356758], [-75.455534, 6.356889], [-75.455802, 6.357053], [-75.456176, 6.357013], [-75.456283, 6.356785], [-75.456292, 6.35585], [-75.456578, 6.355488], [-75.456071, 6.355204], [-75.455865, 6.354989], [-75.455693, 6.355228], [-75.455491, 6.355258], [-75.45453, 6.354848]], [[-75.454305, 6.372576], [-75.454195, 6.372544], [-75.454083, 6.372699], [-75.454164, 6.372983], [-75.45429, 6.372796], [-75.454305, 6.372576]], [[-75.454139, 6.353284], [-75.454005, 6.353192], [-75.454028, 6.353369], [-75.454139, 6.353284]], [[-75.45572, 6.353764], [-75.455597, 6.353633], [-75.454865, 6.35341], [-75.454575, 6.35348], [-75.454467, 6.353695], [-75.454675, 6.354337], [-75.454996, 6.354547], [-75.455206, 6.354818], [-75.455484, 6.354892], [-75.455641, 6.354845], [-75.455752, 6.354698], [-75.45572, 6.353764]], [[-75.455148, 6.381228], [-75.454749, 6.38106], [-75.454658, 6.38113], [-75.454798, 6.381309], [-75.455006, 6.381348], [-75.455148, 6.381228]], [[-75.455234, 6.379818], [-75.455217, 6.379609], [-75.454769, 6.379655], [-75.455032, 6.379886], [-75.455234, 6.379818]], [[-75.455216, 6.373097], [-75.45496, 6.372534], [-75.454773, 6.372399], [-75.45474, 6.372687], [-75.454818, 6.372997], [-75.454963, 6.373109], [-75.455216, 6.373097]], [[-75.45555, 6.362286], [-75.455123, 6.360945], [-75.454851, 6.36093], [-75.454757, 6.361533], [-75.454884, 6.362107], [-75.455146, 6.362357], [-75.45551, 6.362434], [-75.45555, 6.362286]], [[-75.45806, 6.359457], [-75.457848, 6.357726], [-75.457648, 6.357506], [-75.457499, 6.357466], [-75.457029, 6.357676], [-75.456214, 6.357689], [-75.45544, 6.358156], [-75.455783, 6.359485], [-75.455674, 6.359654], [-75.455267, 6.359762], [-75.455142, 6.360077], [-75.455442, 6.360355], [-75.456121, 6.360475], [-75.456728, 6.360753], [-75.457286, 6.359839], [-75.457876, 6.359611], [-75.45806, 6.359457]], [[-75.456199, 6.375524], [-75.4562, 6.375263], [-75.456112, 6.37512], [-75.455786, 6.375001], [-75.455569, 6.375082], [-75.455518, 6.375451], [-75.455629, 6.375702], [-75.456058, 6.37578], [-75.456199, 6.375524]], [[-75.455932, 6.353625], [-75.455964, 6.35333], [-75.455925, 6.353288], [-75.455864, 6.353499], [-75.455932, 6.353625]], [[-75.456978, 6.376728], [-75.456907, 6.376506], [-75.456611, 6.376248], [-75.456606, 6.376467], [-75.45676, 6.376728], [-75.456912, 6.376863], [-75.456978, 6.376728]], [[-75.457639, 6.352602], [-75.457202, 6.352674], [-75.457003, 6.352934], [-75.457053, 6.353417], [-75.45737, 6.353668], [-75.457533, 6.353969], [-75.457774, 6.353631], [-75.458193, 6.353442], [-75.459031, 6.353413], [-75.459157, 6.353207], [-75.459273, 6.352665], [-75.459149, 6.352554], [-75.458367, 6.352696], [-75.457639, 6.352602]], [[-75.45875, 6.361162], [-75.458558, 6.36098], [-75.458357, 6.361038], [-75.458177, 6.361395], [-75.458249, 6.3617], [-75.458575, 6.361672], [-75.458731, 6.361422], [-75.45875, 6.361162]], [[-75.460363, 6.363676], [-75.460181, 6.363374], [-75.459921, 6.363451], [-75.459894, 6.363759], [-75.460041, 6.363946], [-75.460319, 6.363949], [-75.460363, 6.363676]], [[-75.462445, 6.353805], [-75.462294, 6.353958], [-75.462548, 6.354187], [-75.46258, 6.353906], [-75.462445, 6.353805]], [[-75.463468, 6.355179], [-75.463359, 6.355205], [-75.463334, 6.355288], [-75.463522, 6.355288], [-75.463468, 6.355179]], [[-75.464305, 6.357569], [-75.46439, 6.357353], [-75.464371, 6.357316], [-75.464305, 6.357569]]], [[[-75.452604, 6.367061], [-75.452604, 6.36724], [-75.452585, 6.367254], [-75.452604, 6.367061]]], [[[-75.453284, 6.367927], [-75.453262, 6.367335], [-75.453378, 6.367156], [-75.453604, 6.367108], [-75.453804, 6.367224], [-75.454034, 6.367233], [-75.454344, 6.366916], [-75.454738, 6.36673], [-75.455127, 6.366206], [-75.455287, 6.366117], [-75.456101, 6.366237], [-75.456398, 6.366583], [-75.456854, 6.366769], [-75.456755, 6.36689], [-75.456251, 6.36702], [-75.455962, 6.367424], [-75.455647, 6.367596], [-75.455474, 6.367479], [-75.455332, 6.366723], [-75.455192, 6.366611], [-75.454986, 6.367129], [-75.454406, 6.367667], [-75.453631, 6.367691], [-75.453284, 6.367927]]], [[[-75.450572, 6.386151], [-75.450378, 6.386772], [-75.449266, 6.386761], [-75.448639, 6.386544], [-75.448695, 6.386235], [-75.448875, 6.385997], [-75.448822, 6.385513], [-75.448989, 6.385193], [-75.449756, 6.385776], [-75.450423, 6.385892], [-75.450572, 6.386151]]], [[[-75.44892, 6.419252], [-75.448959, 6.418975], [-75.449532, 6.418854], [-75.450023, 6.418953], [-75.450194, 6.419346], [-75.44996, 6.41946], [-75.449412, 6.419486], [-75.449009, 6.41937], [-75.44892, 6.419252]]], [[[-75.453373, 6.410923], [-75.452421, 6.411299], [-75.451912, 6.411122], [-75.451646, 6.411393], [-75.451335, 6.411927], [-75.451337, 6.412104], [-75.451517, 6.412223], [-75.451726, 6.412195], [-75.451956, 6.411985], [-75.452312, 6.412036], [-75.452062, 6.412279], [-75.452013, 6.412446], [-75.452323, 6.412882], [-75.452237, 6.413293], [-75.452324, 6.413809], [-75.452158, 6.413911], [-75.452031, 6.413804], [-75.451841, 6.413023], [-75.451605, 6.41254], [-75.451275, 6.412373], [-75.451175, 6.412042], [-75.45058, 6.411898], [-75.450305, 6.411707], [-75.450287, 6.411189], [-75.450884, 6.410509], [-75.451028, 6.410165], [-75.451068, 6.409767], [-75.450987, 6.409614], [-75.450603, 6.409448], [-75.450469, 6.409289], [-75.449993, 6.409164], [-75.449843, 6.408772], [-75.44957, 6.408606], [-75.449866, 6.407834], [-75.450298, 6.407734], [-75.451163, 6.408143], [-75.450858, 6.408546], [-75.450552, 6.408633], [-75.450404, 6.408861], [-75.450454, 6.409027], [-75.450821, 6.409178], [-75.450974, 6.409404], [-75.451497, 6.409343], [-75.452065, 6.409434], [-75.452541, 6.409209], [-75.453081, 6.409468], [-75.453186, 6.409674], [-75.453112, 6.410104], [-75.453482, 6.41062], [-75.453373, 6.410923]], [[-75.451083, 6.411379], [-75.450915, 6.41118], [-75.450721, 6.41125], [-75.450665, 6.411495], [-75.45075, 6.411718], [-75.450885, 6.411767], [-75.45103, 6.411701], [-75.451083, 6.411379]], [[-75.452181, 6.410159], [-75.45204, 6.410007], [-75.45163, 6.409992], [-75.451369, 6.410072], [-75.4513, 6.410254], [-75.451644, 6.410601], [-75.451933, 6.410712], [-75.452106, 6.410574], [-75.452181, 6.410159]], [[-75.452634, 6.410921], [-75.451559, 6.410791], [-75.451382, 6.410921], [-75.451568, 6.411013], [-75.452093, 6.411047], [-75.452499, 6.411017], [-75.452634, 6.410921]]], [[[-75.451411, 6.37585], [-75.451133, 6.375968], [-75.451156, 6.375602], [-75.451072, 6.375758], [-75.45109, 6.373465], [-75.450986, 6.373331], [-75.450586, 6.373243], [-75.450393, 6.373086], [-75.45007, 6.372647], [-75.450054, 6.372506], [-75.450148, 6.372404], [-75.450665, 6.372317], [-75.45119, 6.372365], [-75.451313, 6.37281], [-75.451468, 6.373014], [-75.451608, 6.374487], [-75.451578, 6.375602], [-75.451411, 6.37585]], [[-75.45125, 6.373483], [-75.451219, 6.373298], [-75.451149, 6.373483], [-75.45125, 6.373483]]], [[[-75.451631, 6.415267], [-75.450896, 6.415377], [-75.450711, 6.415258], [-75.450533, 6.41459], [-75.450767, 6.413688], [-75.450834, 6.413654], [-75.451114, 6.413839], [-75.451908, 6.414825], [-75.451957, 6.415095], [-75.451631, 6.415267]], [[-75.450932, 6.415048], [-75.450969, 6.414828], [-75.450931, 6.414795], [-75.450932, 6.415048]]], [[[-75.451222, 6.407347], [-75.45093, 6.4074], [-75.450862, 6.407352], [-75.451222, 6.407347]]], [[[-75.454349, 6.344975], [-75.454125, 6.345604], [-75.45377, 6.345639], [-75.453342, 6.345869], [-75.45314, 6.345766], [-75.452825, 6.34517], [-75.452276, 6.344822], [-75.452049, 6.34344], [-75.452098, 6.343173], [-75.452331, 6.342752], [-75.452183, 6.342605], [-75.451661, 6.342507], [-75.451589, 6.342324], [-75.451627, 6.34135], [-75.451754, 6.340827], [-75.451849, 6.340721], [-75.452397, 6.340584], [-75.452701, 6.340683], [-75.453398, 6.340681], [-75.453468, 6.341618], [-75.45342, 6.342262], [-75.453219, 6.342448], [-75.452791, 6.342646], [-75.452726, 6.342827], [-75.453045, 6.343099], [-75.453586, 6.343181], [-75.453852, 6.343308], [-75.453988, 6.343897], [-75.454419, 6.344413], [-75.454349, 6.344975]], [[-75.453358, 6.340856], [-75.453145, 6.34073], [-75.452602, 6.340741], [-75.452431, 6.340854], [-75.452293, 6.341108], [-75.451784, 6.341397], [-75.451643, 6.341779], [-75.451676, 6.342383], [-75.452904, 6.342429], [-75.453316, 6.342328], [-75.453392, 6.342003], [-75.453358, 6.340856]], [[-75.452606, 6.343177], [-75.452227, 6.343331], [-75.452186, 6.34363], [-75.45228, 6.343798], [-75.452496, 6.343741], [-75.452748, 6.343519], [-75.45286, 6.343209], [-75.452606, 6.343177]], [[-75.453328, 6.344078], [-75.45277, 6.344176], [-75.452687, 6.344425], [-75.452773, 6.344768], [-75.452915, 6.344909], [-75.453169, 6.344981], [-75.453493, 6.344985], [-75.453873, 6.344865], [-75.454041, 6.344627], [-75.453989, 6.344306], [-75.453734, 6.34411], [-75.453328, 6.344078]]], [[[-75.452627, 6.408244], [-75.452171, 6.408237], [-75.452069, 6.408158], [-75.452627, 6.408244]]], [[[-75.454336, 6.350131], [-75.454034, 6.350356], [-75.452647, 6.350285], [-75.452416, 6.350205], [-75.452151, 6.349406], [-75.452149, 6.348903], [-75.452257, 6.348697], [-75.452769, 6.348477], [-75.45387, 6.3485], [-75.454042, 6.348719], [-75.454169, 6.34967], [-75.454336, 6.350131]]], [[[-75.459965, 6.384556], [-75.459866, 6.384699], [-75.459644, 6.384762], [-75.45896, 6.384669], [-75.458582, 6.384814], [-75.456112, 6.384899], [-75.455724, 6.385339], [-75.45428, 6.385616], [-75.454089, 6.385849], [-75.453985, 6.386235], [-75.453681, 6.3865], [-75.453078, 6.386556], [-75.452824, 6.386501], [-75.452569, 6.38622], [-75.452676, 6.385551], [-75.453077, 6.384955], [-75.453371, 6.384791], [-75.453779, 6.38471], [-75.454208, 6.384398], [-75.454923, 6.384206], [-75.455926, 6.383313], [-75.45606, 6.382916], [-75.456112, 6.381953], [-75.456149, 6.382626], [-75.456055, 6.383245], [-75.455583, 6.383733], [-75.45525, 6.384393], [-75.454984, 6.384691], [-75.454019, 6.384801], [-75.454012, 6.385029], [-75.454219, 6.385341], [-75.454394, 6.385316], [-75.454741, 6.385041], [-75.455539, 6.384902], [-75.456272, 6.384575], [-75.457125, 6.384802], [-75.458024, 6.38481], [-75.45843, 6.384728], [-75.458891, 6.384001], [-75.457937, 6.383618], [-75.457491, 6.383271], [-75.457551, 6.383256], [-75.45849, 6.38326], [-75.45906, 6.383396], [-75.459391, 6.383924], [-75.459966, 6.38414], [-75.459965, 6.384556]]], [[[-75.456898, 6.402244], [-75.456856, 6.402297], [-75.456848, 6.402261], [-75.456898, 6.402244]]], [[[-75.456406, 6.402275], [-75.455953, 6.402529], [-75.455727, 6.402823], [-75.455626, 6.402829], [-75.454193, 6.402414], [-75.454136, 6.402171], [-75.454215, 6.40176], [-75.453966, 6.40081], [-75.45357, 6.400491], [-75.453032, 6.400394], [-75.45289, 6.400165], [-75.452942, 6.399846], [-75.453299, 6.399695], [-75.454083, 6.399712], [-75.454688, 6.399853], [-75.454973, 6.3997], [-75.455358, 6.399629], [-75.456009, 6.399609], [-75.456286, 6.399684], [-75.456225, 6.39994], [-75.455888, 6.400313], [-75.455997, 6.400668], [-75.455969, 6.401208], [-75.456141, 6.401866], [-75.456441, 6.402146], [-75.456406, 6.402275]], [[-75.454879, 6.4007], [-75.454652, 6.400827], [-75.454652, 6.401248], [-75.455198, 6.401506], [-75.455253, 6.40233], [-75.455768, 6.402377], [-75.45583, 6.402126], [-75.455513, 6.401873], [-75.455452, 6.40168], [-75.455876, 6.401378], [-75.455354, 6.400935], [-75.454879, 6.4007]], [[-75.45495, 6.400537], [-75.455346, 6.400387], [-75.455327, 6.400162], [-75.455161, 6.40008], [-75.454907, 6.400132], [-75.454827, 6.400256], [-75.454863, 6.40044], [-75.45495, 6.400537]]], [[[-75.455729, 6.432758], [-75.455571, 6.433376], [-75.455533, 6.43382], [-75.455355, 6.434093], [-75.454277, 6.4342], [-75.453532, 6.434091], [-75.453425, 6.433007], [-75.453534, 6.432284], [-75.454759, 6.432182], [-75.455361, 6.432256], [-75.455501, 6.432343], [-75.455729, 6.432758]], [[-75.455143, 6.432392], [-75.45379, 6.432282], [-75.453628, 6.432464], [-75.453563, 6.433413], [-75.453637, 6.434056], [-75.45471, 6.434079], [-75.455012, 6.433985], [-75.455236, 6.433809], [-75.455381, 6.433551], [-75.455448, 6.432665], [-75.455143, 6.432392]]], [[[-75.457343, 6.416363], [-75.457091, 6.416702], [-75.456459, 6.416522], [-75.455604, 6.41584], [-75.4555, 6.415586], [-75.455538, 6.415417], [-75.455769, 6.41525], [-75.455979, 6.41522], [-75.45611, 6.415409], [-75.456095, 6.41596], [-75.456358, 6.416086], [-75.457157, 6.416202], [-75.457343, 6.416363]]], [[[-75.457291, 6.429727], [-75.456829, 6.429715], [-75.456527, 6.429555], [-75.455927, 6.428427], [-75.455922, 6.428141], [-75.456232, 6.428004], [-75.456614, 6.427968], [-75.457356, 6.427994], [-75.457643, 6.428083], [-75.457678, 6.42912], [-75.45761, 6.429417], [-75.457481, 6.42962], [-75.457291, 6.429727]], [[-75.457095, 6.428068], [-75.456669, 6.428079], [-75.456526, 6.428212], [-75.456769, 6.428755], [-75.457202, 6.429185], [-75.457337, 6.429227], [-75.457427, 6.429142], [-75.457469, 6.428591], [-75.457406, 6.428335], [-75.457095, 6.428068]]], [[[-75.456694, 6.41268], [-75.456567, 6.412678], [-75.45649, 6.41257], [-75.45674, 6.412558], [-75.456694, 6.41268]]], [[[-75.457962, 6.380351], [-75.457353, 6.380818], [-75.457487, 6.381177], [-75.457414, 6.381685], [-75.457334, 6.381966], [-75.457097, 6.382278], [-75.457118, 6.382654], [-75.456975, 6.382737], [-75.456763, 6.381562], [-75.456788, 6.380337], [-75.456831, 6.380222], [-75.456996, 6.380181], [-75.4579, 6.380218], [-75.457962, 6.380351]]], [[[-75.457024, 6.348552], [-75.456841, 6.348733], [-75.45674, 6.348716], [-75.45677, 6.34841], [-75.457002, 6.348203], [-75.457089, 6.3483], [-75.457024, 6.348552]]], [[[-75.457493, 6.417806], [-75.457572, 6.41724], [-75.457608, 6.417204], [-75.45767, 6.41746], [-75.457974, 6.41767], [-75.458051, 6.417879], [-75.457935, 6.417978], [-75.457663, 6.418], [-75.457557, 6.417968], [-75.457493, 6.417806]]], [[[-75.458244, 6.404976], [-75.457922, 6.404707], [-75.457929, 6.404505], [-75.458174, 6.404481], [-75.458357, 6.404588], [-75.458371, 6.404935], [-75.458244, 6.404976]]], [[[-75.458005, 6.367043], [-75.45784, 6.366846], [-75.457917, 6.366544], [-75.458025, 6.366674], [-75.458005, 6.367043]]], [[[-75.460653, 6.432854], [-75.460616, 6.433853], [-75.46046, 6.434148], [-75.459931, 6.434085], [-75.459096, 6.434222], [-75.458823, 6.434189], [-75.458658, 6.43406], [-75.458579, 6.432302], [-75.458605, 6.431921], [-75.458733, 6.431795], [-75.459646, 6.431739], [-75.460316, 6.43183], [-75.460565, 6.432075], [-75.460653, 6.432854]], [[-75.460578, 6.433758], [-75.460404, 6.432391], [-75.460239, 6.432115], [-75.459613, 6.43185], [-75.458973, 6.43189], [-75.458731, 6.432027], [-75.458631, 6.432525], [-75.458638, 6.433471], [-75.458711, 6.433856], [-75.458858, 6.434018], [-75.459483, 6.434069], [-75.459662, 6.43399], [-75.459791, 6.433809], [-75.459948, 6.433774], [-75.460501, 6.433946], [-75.460578, 6.433758]]], [[[-75.461828, 6.401236], [-75.461091, 6.401364], [-75.460888, 6.401558], [-75.460593, 6.401628], [-75.460331, 6.401976], [-75.460058, 6.401895], [-75.459558, 6.402031], [-75.459477, 6.401968], [-75.459608, 6.401504], [-75.459602, 6.401194], [-75.459474, 6.401073], [-75.459074, 6.40104], [-75.459024, 6.400898], [-75.459093, 6.40081], [-75.459579, 6.400893], [-75.45997, 6.40081], [-75.460631, 6.399772], [-75.461026, 6.399676], [-75.461704, 6.399691], [-75.461817, 6.399735], [-75.461835, 6.399843], [-75.461828, 6.401236]], [[-75.460467, 6.401051], [-75.460373, 6.400857], [-75.460219, 6.400795], [-75.460101, 6.400906], [-75.46008, 6.401159], [-75.460215, 6.40126], [-75.460409, 6.401242], [-75.460467, 6.401051]]], [[[-75.460412, 6.402238], [-75.46052, 6.402486], [-75.461322, 6.402524], [-75.461673, 6.402673], [-75.461724, 6.402825], [-75.461652, 6.403189], [-75.461232, 6.403945], [-75.460861, 6.404014], [-75.460353, 6.403961], [-75.460308, 6.402549], [-75.460412, 6.402238]]], [[[-75.459517, 6.423117], [-75.45945, 6.422865], [-75.459513, 6.421883], [-75.459566, 6.422667], [-75.459517, 6.423117]]], [[[-75.46046, 6.368823], [-75.460316, 6.368903], [-75.459737, 6.36889], [-75.460079, 6.368687], [-75.460471, 6.368728], [-75.46046, 6.368823]]], [[[-75.462247, 6.410602], [-75.462259, 6.41178], [-75.462019, 6.411897], [-75.461304, 6.41187], [-75.461072, 6.411604], [-75.460978, 6.411098], [-75.46044, 6.410455], [-75.460483, 6.410014], [-75.461143, 6.409847], [-75.461125, 6.409029], [-75.4612, 6.408852], [-75.461358, 6.408941], [-75.461437, 6.40912], [-75.461768, 6.410321], [-75.462111, 6.410383], [-75.462247, 6.410602]], [[-75.461614, 6.410516], [-75.461409, 6.410374], [-75.461342, 6.410533], [-75.461439, 6.410619], [-75.461614, 6.410516]]], [[[-75.461152, 6.423599], [-75.460941, 6.423563], [-75.460959, 6.423297], [-75.46126, 6.42333], [-75.461265, 6.423524], [-75.461152, 6.423599]]], [[[-75.461242, 6.369203], [-75.46109, 6.369178], [-75.461073, 6.36912], [-75.461174, 6.36912], [-75.461242, 6.369203]]], [[[-75.463527, 6.414858], [-75.463319, 6.414884], [-75.462743, 6.414355], [-75.462015, 6.41412], [-75.462021, 6.413517], [-75.46164, 6.412865], [-75.461619, 6.412525], [-75.461777, 6.412449], [-75.462454, 6.412463], [-75.46268, 6.412557], [-75.462938, 6.41283], [-75.463624, 6.413879], [-75.463644, 6.414557], [-75.463527, 6.414858]], [[-75.46332, 6.414102], [-75.463167, 6.413838], [-75.462853, 6.413738], [-75.462563, 6.413762], [-75.462697, 6.414171], [-75.463037, 6.414519], [-75.46332, 6.414102]]], [[[-75.461765, 6.347023], [-75.461602, 6.34754], [-75.461527, 6.347451], [-75.461559, 6.346734], [-75.461694, 6.346818], [-75.461765, 6.347023]]], [[[-75.463039, 6.374678], [-75.462069, 6.374734], [-75.461851, 6.374645], [-75.46213, 6.374443], [-75.463039, 6.374678]]], [[[-75.462588, 6.375708], [-75.462273, 6.375795], [-75.462193, 6.375778], [-75.462588, 6.375708]]], [[[-75.465125, 6.409026], [-75.464383, 6.409126], [-75.464322, 6.410051], [-75.464574, 6.410303], [-75.464411, 6.410575], [-75.464145, 6.410554], [-75.463967, 6.409896], [-75.463865, 6.409793], [-75.463661, 6.409804], [-75.463508, 6.409919], [-75.463157, 6.410604], [-75.462903, 6.410444], [-75.46255, 6.409827], [-75.462474, 6.409257], [-75.462561, 6.408675], [-75.462828, 6.408386], [-75.463483, 6.408178], [-75.463663, 6.408005], [-75.463741, 6.407777], [-75.463506, 6.406905], [-75.463541, 6.406451], [-75.463424, 6.406337], [-75.463273, 6.406337], [-75.463206, 6.406142], [-75.463247, 6.4053], [-75.463576, 6.405129], [-75.463686, 6.404295], [-75.463862, 6.403907], [-75.464477, 6.403806], [-75.464807, 6.403591], [-75.46501, 6.403708], [-75.465002, 6.40411], [-75.464528, 6.404449], [-75.46444, 6.404971], [-75.464546, 6.405128], [-75.464975, 6.405323], [-75.46503, 6.405625], [-75.46469, 6.405945], [-75.464671, 6.406347], [-75.464964, 6.406562], [-75.465127, 6.40709], [-75.465451, 6.407243], [-75.465496, 6.407606], [-75.465448, 6.408686], [-75.46532, 6.408908], [-75.465125, 6.409026]], [[-75.463346, 6.408649], [-75.462856, 6.408892], [-75.462757, 6.409425], [-75.462885, 6.409701], [-75.463182, 6.409773], [-75.463392, 6.409583], [-75.463422, 6.408903], [-75.463346, 6.408649]], [[-75.463654, 6.405573], [-75.463684, 6.40608], [-75.464043, 6.405796], [-75.464194, 6.405491], [-75.464058, 6.405289], [-75.463855, 6.405268], [-75.463654, 6.405573]], [[-75.465002, 6.407743], [-75.464005, 6.4081], [-75.463901, 6.408287], [-75.463994, 6.408845], [-75.464311, 6.40903], [-75.46448, 6.408969], [-75.464693, 6.408682], [-75.464891, 6.408608], [-75.465027, 6.408397], [-75.465002, 6.407743]], [[-75.46436, 6.404238], [-75.464334, 6.403977], [-75.464225, 6.403935], [-75.464223, 6.404177], [-75.46436, 6.404238]]], [[[-75.462384, 6.361939], [-75.462276, 6.362054], [-75.462353, 6.361868], [-75.462384, 6.361939]]], [[[-75.463674, 6.361924], [-75.463487, 6.362272], [-75.46326, 6.362293], [-75.463139, 6.362212], [-75.463186, 6.362051], [-75.463434, 6.36183], [-75.463636, 6.361769], [-75.463674, 6.361924]]], [[[-75.463885, 6.416388], [-75.463477, 6.416503], [-75.46335, 6.416413], [-75.463698, 6.416147], [-75.463881, 6.416129], [-75.463885, 6.416388]]], [[[-75.46373, 6.375674], [-75.463553, 6.375829], [-75.463379, 6.375843], [-75.463403, 6.375573], [-75.463537, 6.375387], [-75.463763, 6.375505], [-75.46373, 6.375674]]], [[[-75.465146, 6.363534], [-75.464743, 6.364394], [-75.464365, 6.364788], [-75.464188, 6.364819], [-75.463447, 6.364632], [-75.463795, 6.364147], [-75.463619, 6.363494], [-75.4639, 6.363244], [-75.464086, 6.362782], [-75.464818, 6.362722], [-75.465064, 6.36282], [-75.465027, 6.363165], [-75.465146, 6.363534]], [[-75.464424, 6.363785], [-75.464372, 6.363507], [-75.463956, 6.363652], [-75.464279, 6.363961], [-75.464363, 6.363946], [-75.464424, 6.363785]]], [[[-75.463909, 6.374087], [-75.463681, 6.374127], [-75.46365, 6.374018], [-75.463855, 6.374007], [-75.463909, 6.374087]]], [[[-75.464684, 6.360138], [-75.464239, 6.360372], [-75.464016, 6.360342], [-75.463938, 6.36023], [-75.464183, 6.359875], [-75.464417, 6.359814], [-75.464868, 6.359864], [-75.464684, 6.360138]]], [[[-75.468346, 6.422968], [-75.468169, 6.424349], [-75.467645, 6.424796], [-75.467572, 6.424976], [-75.467359, 6.424808], [-75.466268, 6.424706], [-75.466135, 6.424627], [-75.466103, 6.423648], [-75.46623, 6.422979], [-75.466408, 6.422745], [-75.467187, 6.422657], [-75.467627, 6.422655], [-75.468115, 6.422726], [-75.467119, 6.422702], [-75.466614, 6.422841], [-75.466231, 6.423785], [-75.466218, 6.424231], [-75.466387, 6.42455], [-75.466996, 6.424629], [-75.467784, 6.424481], [-75.467957, 6.424201], [-75.468038, 6.42372], [-75.46823, 6.423419], [-75.468173, 6.422741], [-75.468323, 6.422842], [-75.468346, 6.422968]]], [[[-75.467271, 6.37094], [-75.466554, 6.371429], [-75.466196, 6.370854], [-75.467271, 6.37094]]], [[[-75.466125, 6.370556], [-75.466012, 6.370576], [-75.466014, 6.370546], [-75.466125, 6.370556]]], [[[-75.466548, 6.37197], [-75.466632, 6.372011], [-75.466632, 6.372028], [-75.466479, 6.372043], [-75.466548, 6.37197]]], [[[-75.468302, 6.406213], [-75.46811, 6.406592], [-75.467658, 6.406649], [-75.467387, 6.406574], [-75.467347, 6.405422], [-75.467549, 6.405015], [-75.468022, 6.404931], [-75.468355, 6.405154], [-75.468409, 6.405678], [-75.468302, 6.406213]]], [[[-75.467583, 6.361205], [-75.467372, 6.360901], [-75.467387, 6.360715], [-75.467539, 6.360731], [-75.467654, 6.360861], [-75.467668, 6.361188], [-75.467583, 6.361205]]], [[[-75.467567, 6.372875], [-75.467474, 6.372829], [-75.467467, 6.372729], [-75.467552, 6.372735], [-75.467567, 6.372875]]], [[[-75.467753, 6.371906], [-75.467472, 6.372055], [-75.467432, 6.372051], [-75.467531, 6.371865], [-75.467753, 6.371906]]], [[[-75.471894, 6.405822], [-75.471755, 6.406451], [-75.471585, 6.406751], [-75.470834, 6.407027], [-75.470623, 6.407311], [-75.470018, 6.407282], [-75.469801, 6.407161], [-75.469482, 6.407133], [-75.469329, 6.406951], [-75.469296, 6.406518], [-75.469395, 6.406078], [-75.470042, 6.405844], [-75.470312, 6.405633], [-75.470639, 6.405544], [-75.471465, 6.405586], [-75.471787, 6.405655], [-75.471894, 6.405822]], [[-75.470084, 6.406102], [-75.469984, 6.406221], [-75.470007, 6.406381], [-75.47014, 6.406276], [-75.470084, 6.406102]]], [[[-75.469605, 6.407652], [-75.469628, 6.40777], [-75.469545, 6.407715], [-75.469605, 6.407652]]], [[[-75.470695, 6.352397], [-75.470224, 6.352355], [-75.470132, 6.352227], [-75.470136, 6.352027], [-75.47036, 6.351555], [-75.470506, 6.351424], [-75.470866, 6.351374], [-75.471099, 6.351572], [-75.471133, 6.352006], [-75.471055, 6.352194], [-75.470695, 6.352397]]], [[[-75.476326, 6.368748], [-75.475776, 6.368899], [-75.475466, 6.368677], [-75.475251, 6.368627], [-75.47348, 6.368513], [-75.473285, 6.368669], [-75.47312, 6.369031], [-75.47277, 6.369187], [-75.472486, 6.369451], [-75.471946, 6.370451], [-75.471839, 6.370463], [-75.47155, 6.370227], [-75.471303, 6.369805], [-75.471297, 6.369312], [-75.471961, 6.368631], [-75.47206, 6.368431], [-75.472115, 6.367685], [-75.472342, 6.36728], [-75.472203, 6.366742], [-75.472581, 6.366568], [-75.472885, 6.366638], [-75.473069, 6.366558], [-75.473187, 6.365887], [-75.473166, 6.364929], [-75.4735, 6.36467], [-75.473602, 6.364762], [-75.47368, 6.365254], [-75.474197, 6.365369], [-75.474567, 6.365826], [-75.475036, 6.366012], [-75.475354, 6.366472], [-75.475413, 6.367061], [-75.476283, 6.367276], [-75.475932, 6.367854], [-75.476161, 6.368327], [-75.476608, 6.368544], [-75.476326, 6.368748]], [[-75.474196, 6.367154], [-75.473101, 6.367384], [-75.473012, 6.367604], [-75.473068, 6.367824], [-75.474455, 6.36801], [-75.474805, 6.367967], [-75.475063, 6.367816], [-75.474648, 6.367454], [-75.47459, 6.367309], [-75.474626, 6.367128], [-75.474963, 6.366789], [-75.474846, 6.366426], [-75.474402, 6.366076], [-75.474227, 6.365593], [-75.473346, 6.365377], [-75.473279, 6.365513], [-75.473661, 6.365902], [-75.474209, 6.366928], [-75.474196, 6.367154]]], [[[-75.475296, 6.369282], [-75.475017, 6.369436], [-75.474153, 6.369548], [-75.473997, 6.369235], [-75.474109, 6.369099], [-75.474394, 6.369079], [-75.475151, 6.369172], [-75.475296, 6.369282]]], [[[-75.475186, 6.406267], [-75.474501, 6.405652], [-75.474302, 6.405817], [-75.474184, 6.406392], [-75.47395, 6.406528], [-75.473769, 6.406529], [-75.473513, 6.406399], [-75.473199, 6.405836], [-75.472595, 6.40561], [-75.472545, 6.405519], [-75.473483, 6.405133], [-75.473875, 6.405161], [-75.47433, 6.404993], [-75.474942, 6.404943], [-75.475239, 6.405202], [-75.4753, 6.405462], [-75.475283, 6.40606], [-75.475186, 6.406267]]], [[[-75.475, 6.377325], [-75.474868, 6.377797], [-75.474836, 6.378165], [-75.47469, 6.378271], [-75.474482, 6.378021], [-75.474304, 6.377951], [-75.474035, 6.377958], [-75.473729, 6.378119], [-75.473399, 6.378068], [-75.472965, 6.377408], [-75.474412, 6.377268], [-75.474545, 6.377003], [-75.474694, 6.37696], [-75.475, 6.377325]]], [[[-75.474468, 6.360823], [-75.474181, 6.361535], [-75.473983, 6.361682], [-75.473736, 6.361645], [-75.473585, 6.361455], [-75.473283, 6.36069], [-75.473305, 6.360155], [-75.473495, 6.359974], [-75.474013, 6.359864], [-75.474268, 6.35997], [-75.474413, 6.360162], [-75.474812, 6.360264], [-75.47492, 6.360436], [-75.474915, 6.360672], [-75.474797, 6.360774], [-75.474468, 6.360823]], [[-75.474389, 6.36063], [-75.474247, 6.360349], [-75.473894, 6.360144], [-75.473662, 6.360188], [-75.473532, 6.360375], [-75.473584, 6.360653], [-75.473954, 6.360979], [-75.474275, 6.360952], [-75.474389, 6.36063]]], [[[-75.47438, 6.423226], [-75.474189, 6.423278], [-75.474069, 6.423251], [-75.47438, 6.423226]]], [[[-75.475514, 6.364472], [-75.475311, 6.364474], [-75.475275, 6.364465], [-75.475638, 6.364361], [-75.475514, 6.364472]]], [[[-75.474877, 6.36436], [-75.4747, 6.364563], [-75.474628, 6.364492], [-75.474576, 6.364312], [-75.474577, 6.363037], [-75.474697, 6.36325], [-75.474877, 6.36436]]], [[[-75.47554, 6.423637], [-75.475241, 6.423459], [-75.475181, 6.423231], [-75.475623, 6.42326], [-75.475658, 6.423519], [-75.47554, 6.423637]]], [[[-75.477108, 6.378037], [-75.476435, 6.37798], [-75.475707, 6.378047], [-75.476281, 6.377652], [-75.476798, 6.377816], [-75.477108, 6.378037]]], [[[-75.476694, 6.429617], [-75.476652, 6.429391], [-75.476702, 6.428627], [-75.476726, 6.429269], [-75.476694, 6.429617]]], [[[-75.478164, 6.412901], [-75.477796, 6.412896], [-75.477624, 6.412778], [-75.477613, 6.412677], [-75.477866, 6.412575], [-75.478302, 6.412692], [-75.478418, 6.412799], [-75.478164, 6.412901]]], [[[-75.479509, 6.362993], [-75.479354, 6.363869], [-75.478246, 6.364374], [-75.478133, 6.364303], [-75.477966, 6.363945], [-75.477611, 6.363792], [-75.477448, 6.363284], [-75.477532, 6.363091], [-75.477843, 6.362943], [-75.478067, 6.362609], [-75.478368, 6.362482], [-75.478618, 6.362218], [-75.478875, 6.362158], [-75.479012, 6.362197], [-75.479409, 6.362601], [-75.479509, 6.362993]], [[-75.479089, 6.363105], [-75.479014, 6.362779], [-75.47876, 6.362594], [-75.478636, 6.362631], [-75.478302, 6.363333], [-75.478269, 6.363657], [-75.478388, 6.363919], [-75.478553, 6.363859], [-75.479089, 6.363105]]], [[[-75.479002, 6.36899], [-75.47872, 6.369179], [-75.478151, 6.369255], [-75.477792, 6.369023], [-75.47771, 6.368313], [-75.477889, 6.368158], [-75.478689, 6.368168], [-75.478876, 6.368564], [-75.47915, 6.368767], [-75.479002, 6.36899]]], [[[-75.4813, 6.412861], [-75.480372, 6.411928], [-75.480016, 6.411741], [-75.479679, 6.411846], [-75.479252, 6.412137], [-75.47854, 6.41207], [-75.478476, 6.41178], [-75.478773, 6.411596], [-75.478854, 6.411407], [-75.478845, 6.410697], [-75.479159, 6.410565], [-75.480324, 6.410585], [-75.480741, 6.410719], [-75.480936, 6.410955], [-75.481241, 6.411072], [-75.481309, 6.411289], [-75.481191, 6.411636], [-75.481329, 6.412008], [-75.4813, 6.412861]], [[-75.48054, 6.411146], [-75.479471, 6.41104], [-75.479323, 6.411059], [-75.480118, 6.411493], [-75.480599, 6.411292], [-75.48054, 6.411146]]], [[[-75.484729, 6.418177], [-75.484628, 6.419806], [-75.484461, 6.419982], [-75.482855, 6.420281], [-75.482278, 6.420528], [-75.481397, 6.420481], [-75.481084, 6.420065], [-75.481034, 6.419871], [-75.480982, 6.417352], [-75.480214, 6.417168], [-75.480117, 6.417055], [-75.480084, 6.416677], [-75.480308, 6.4164], [-75.48104, 6.416361], [-75.481373, 6.416583], [-75.48184, 6.417257], [-75.482783, 6.417462], [-75.483088, 6.417905], [-75.484627, 6.418109], [-75.484729, 6.418177]], [[-75.48163, 6.419464], [-75.481908, 6.41998], [-75.482212, 6.42013], [-75.482499, 6.420146], [-75.482477, 6.419903], [-75.481783, 6.418666], [-75.481125, 6.418831], [-75.481106, 6.419028], [-75.481381, 6.419339], [-75.48163, 6.419464]], [[-75.481631, 6.417901], [-75.48152, 6.417245], [-75.481441, 6.41718], [-75.481269, 6.417213], [-75.481257, 6.417624], [-75.481409, 6.417824], [-75.481431, 6.418172], [-75.481549, 6.418274], [-75.481631, 6.417901]], [[-75.482675, 6.41912], [-75.483048, 6.419905], [-75.48408, 6.41979], [-75.484264, 6.41951], [-75.484039, 6.418553], [-75.484474, 6.418357], [-75.483977, 6.418268], [-75.483859, 6.418331], [-75.483776, 6.418535], [-75.483599, 6.418581], [-75.483406, 6.418501], [-75.483267, 6.418213], [-75.483079, 6.418228], [-75.482807, 6.418635], [-75.482364, 6.418885], [-75.482381, 6.419003], [-75.482675, 6.41912]]], [[[-75.482174, 6.367241], [-75.482042, 6.367207], [-75.481909, 6.366944], [-75.481128, 6.366876], [-75.480894, 6.365876], [-75.48103, 6.365404], [-75.481738, 6.365178], [-75.481932, 6.365324], [-75.482282, 6.366974], [-75.482174, 6.367241]]], [[[-75.482131, 6.414706], [-75.481912, 6.414247], [-75.481729, 6.413481], [-75.481793, 6.413214], [-75.482026, 6.413137], [-75.482449, 6.413251], [-75.482741, 6.414121], [-75.482755, 6.414567], [-75.482665, 6.414878], [-75.482453, 6.414942], [-75.482131, 6.414706]]], [[[-75.482226, 6.406618], [-75.481913, 6.406544], [-75.481809, 6.405741], [-75.481879, 6.405132], [-75.482072, 6.405044], [-75.482328, 6.405141], [-75.482441, 6.405631], [-75.482408, 6.406319], [-75.482226, 6.406618]]], [[[-75.482831, 6.372304], [-75.482392, 6.37234], [-75.482281, 6.372217], [-75.4825, 6.372131], [-75.482867, 6.37221], [-75.482831, 6.372304]]], [[[-75.481843, 6.371952], [-75.481719, 6.371512], [-75.481771, 6.370796], [-75.481896, 6.371032], [-75.481843, 6.371952]]], [[[-75.481982, 6.411049], [-75.481926, 6.410955], [-75.481958, 6.410786], [-75.482014, 6.410883], [-75.481982, 6.411049]]], [[[-75.484294, 6.422834], [-75.483906, 6.423563], [-75.483478, 6.423898], [-75.482615, 6.42401], [-75.48237, 6.423924], [-75.482205, 6.423738], [-75.48212, 6.42307], [-75.482239, 6.422589], [-75.48236, 6.422491], [-75.482973, 6.422381], [-75.483314, 6.422183], [-75.483441, 6.421994], [-75.483529, 6.421474], [-75.483664, 6.421339], [-75.483931, 6.421442], [-75.484339, 6.422363], [-75.484294, 6.422834]], [[-75.483924, 6.422665], [-75.483838, 6.422285], [-75.48356, 6.422362], [-75.48349, 6.422571], [-75.483593, 6.4229], [-75.483849, 6.422891], [-75.483924, 6.422665]]], [[[-75.48556, 6.412821], [-75.485343, 6.413421], [-75.485061, 6.413482], [-75.484892, 6.41339], [-75.484744, 6.412961], [-75.484217, 6.412876], [-75.48402, 6.412492], [-75.482312, 6.412129], [-75.482157, 6.412022], [-75.482223, 6.411832], [-75.482515, 6.411733], [-75.482616, 6.411602], [-75.482575, 6.41094], [-75.482647, 6.41058], [-75.483558, 6.409865], [-75.483763, 6.409424], [-75.48412, 6.409374], [-75.484389, 6.409443], [-75.484991, 6.409828], [-75.48533, 6.41023], [-75.485434, 6.411225], [-75.485396, 6.412347], [-75.48556, 6.412821]], [[-75.485096, 6.410387], [-75.484618, 6.410175], [-75.484234, 6.409848], [-75.48367, 6.409892], [-75.483379, 6.410388], [-75.483437, 6.410881], [-75.48283, 6.411203], [-75.483383, 6.411382], [-75.483605, 6.411954], [-75.483896, 6.412103], [-75.48441, 6.412092], [-75.484593, 6.411871], [-75.485159, 6.411738], [-75.485288, 6.411543], [-75.485278, 6.411173], [-75.485147, 6.410883], [-75.485096, 6.410387]]], [[[-75.485022, 6.415951], [-75.48445, 6.416386], [-75.484274, 6.416398], [-75.484041, 6.416089], [-75.483502, 6.415732], [-75.483431, 6.415605], [-75.483661, 6.415584], [-75.484095, 6.415776], [-75.48495, 6.415838], [-75.485022, 6.415951]]], [[[-75.48376, 6.374422], [-75.483451, 6.374611], [-75.483331, 6.374637], [-75.483446, 6.374443], [-75.48376, 6.374422]]], [[[-75.484629, 6.373951], [-75.484373, 6.3741], [-75.48433, 6.374099], [-75.484399, 6.373944], [-75.484629, 6.373951]]], [[[-75.487081, 6.423598], [-75.487078, 6.424033], [-75.487, 6.42375], [-75.486786, 6.423551], [-75.485924, 6.423583], [-75.485807, 6.423829], [-75.485894, 6.424319], [-75.486255, 6.424461], [-75.486912, 6.424423], [-75.487054, 6.42432], [-75.487081, 6.424485], [-75.486984, 6.424757], [-75.4867, 6.424877], [-75.486156, 6.424886], [-75.485757, 6.424654], [-75.485663, 6.424431], [-75.485674, 6.423723], [-75.486167, 6.423035], [-75.48644, 6.423038], [-75.486876, 6.423358], [-75.487081, 6.423598]]], [[[-75.487933, 6.398939], [-75.487821, 6.399002], [-75.487787, 6.398919], [-75.487855, 6.398881], [-75.487933, 6.398939]]], [[[-75.48963, 6.421626], [-75.489193, 6.422221], [-75.488917, 6.422295], [-75.488416, 6.422027], [-75.488305, 6.421757], [-75.48832, 6.421359], [-75.488469, 6.42126], [-75.489323, 6.421239], [-75.489561, 6.421302], [-75.489663, 6.421432], [-75.48963, 6.421626]]], [[[-75.467154, 6.39935], [-75.466999, 6.399435], [-75.466816, 6.399303], [-75.466813, 6.399016], [-75.466925, 6.398861], [-75.467122, 6.398861], [-75.467215, 6.398958], [-75.467154, 6.39935]]], [[[-75.484954, 6.392583], [-75.484883, 6.392803], [-75.484696, 6.392837], [-75.484566, 6.392704], [-75.484534, 6.392479], [-75.484651, 6.392359], [-75.48484, 6.392354], [-75.484954, 6.392583]]]]}, "properties": {"clase": 4, "area_ha": 1244.0410122069202}}, {"type": "Feature", "geometry": {"type": "MultiPolygon", "coordinates": [[[[-75.405851, 6.376473], [-75.405745, 6.376607], [-75.405667, 6.37654], [-75.405461, 6.375932], [-75.405424, 6.375526], [-75.405601, 6.375618], [-75.405789, 6.375951], [-75.405851, 6.376473]]], [[[-75.41094, 6.384908], [-75.410428, 6.384986], [-75.41031, 6.384911], [-75.41094, 6.384908]]], [[[-75.411237, 6.39359], [-75.410958, 6.39361], [-75.410811, 6.393442], [-75.410418, 6.392223], [-75.410517, 6.391944], [-75.410941, 6.39194], [-75.411087, 6.392083], [-75.411299, 6.392592], [-75.411424, 6.393456], [-75.411237, 6.39359]]], [[[-75.410845, 6.38124], [-75.410789, 6.381173], [-75.410822, 6.381061], [-75.410877, 6.381128], [-75.410845, 6.38124]]], [[[-75.416016, 6.389583], [-75.415842, 6.390028], [-75.41531, 6.390029], [-75.414895, 6.38957], [-75.414737, 6.38899], [-75.414461, 6.388797], [-75.414233, 6.388748], [-75.413996, 6.388995], [-75.413889, 6.38972], [-75.413404, 6.389896], [-75.413093, 6.390452], [-75.412516, 6.390545], [-75.412323, 6.390454], [-75.412106, 6.389992], [-75.412082, 6.389623], [-75.4121, 6.389065], [-75.412241, 6.388531], [-75.411901, 6.387822], [-75.411639, 6.387568], [-75.411714, 6.387086], [-75.411615, 6.386323], [-75.411771, 6.385874], [-75.413103, 6.38539], [-75.413525, 6.385476], [-75.413661, 6.385788], [-75.413693, 6.386348], [-75.413493, 6.386639], [-75.413348, 6.387157], [-75.413022, 6.387354], [-75.412964, 6.387868], [-75.413043, 6.388209], [-75.412908, 6.388518], [-75.412981, 6.388719], [-75.41325, 6.388993], [-75.413531, 6.389042], [-75.413671, 6.388888], [-75.413689, 6.388622], [-75.413405, 6.38829], [-75.413447, 6.3882], [-75.413865, 6.3881], [-75.414391, 6.388216], [-75.415076, 6.388455], [-75.415683, 6.388832], [-75.415929, 6.38911], [-75.416016, 6.389583]]], [[[-75.412896, 6.376755], [-75.412535, 6.376503], [-75.412481, 6.376368], [-75.412686, 6.376322], [-75.412862, 6.376392], [-75.412896, 6.376755]]], [[[-75.415057, 6.379758], [-75.414921, 6.380191], [-75.414455, 6.380491], [-75.414324, 6.380693], [-75.413904, 6.380898], [-75.413392, 6.380974], [-75.413, 6.380519], [-75.413154, 6.380473], [-75.413578, 6.380668], [-75.413964, 6.380546], [-75.414171, 6.380214], [-75.414295, 6.379708], [-75.414447, 6.379549], [-75.414836, 6.379505], [-75.415025, 6.379631], [-75.415057, 6.379758]]], [[[-75.415873, 6.393695], [-75.415287, 6.393612], [-75.415067, 6.393235], [-75.414518, 6.393158], [-75.414097, 6.392771], [-75.414194, 6.392554], [-75.414595, 6.392281], [-75.414736, 6.391896], [-75.415069, 6.391874], [-75.415384, 6.391667], [-75.415548, 6.391147], [-75.415687, 6.39103], [-75.415876, 6.391126], [-75.41595, 6.391319], [-75.416093, 6.392355], [-75.416125, 6.393274], [-75.416083, 6.393484], [-75.415873, 6.393695]]], [[[-75.415017, 6.378955], [-75.414757, 6.378947], [-75.41472, 6.37872], [-75.414941, 6.378784], [-75.415017, 6.378955]]], [[[-75.416107, 6.378443], [-75.415973, 6.378549], [-75.415764, 6.378483], [-75.41591, 6.378374], [-75.416107, 6.378443]]], [[[-75.418491, 6.386388], [-75.418396, 6.386948], [-75.418266, 6.38715], [-75.417759, 6.387249], [-75.417392, 6.387183], [-75.417416, 6.386393], [-75.417836, 6.385976], [-75.417771, 6.385764], [-75.417507, 6.385594], [-75.417478, 6.385414], [-75.417934, 6.384971], [-75.418126, 6.38502], [-75.418419, 6.385611], [-75.418491, 6.386388]]], [[[-75.417469, 6.384562], [-75.416946, 6.384443], [-75.416866, 6.384714], [-75.416916, 6.385397], [-75.416666, 6.385486], [-75.416484, 6.385453], [-75.416395, 6.385165], [-75.416401, 6.384708], [-75.416532, 6.384394], [-75.416827, 6.384053], [-75.416824, 6.38322], [-75.416565, 6.382297], [-75.416409, 6.382189], [-75.416041, 6.382199], [-75.415979, 6.382087], [-75.416053, 6.382002], [-75.416405, 6.381966], [-75.416816, 6.381753], [-75.417131, 6.381699], [-75.417917, 6.381974], [-75.418294, 6.382311], [-75.418348, 6.382616], [-75.417661, 6.382795], [-75.417404, 6.383043], [-75.417296, 6.383397], [-75.417321, 6.383749], [-75.417478, 6.383872], [-75.418071, 6.383988], [-75.418212, 6.384168], [-75.417928, 6.384518], [-75.417469, 6.384562]]], [[[-75.416473, 6.373444], [-75.41634, 6.373478], [-75.416356, 6.37331], [-75.416439, 6.373343], [-75.416473, 6.373444]]], [[[-75.417149, 6.389603], [-75.417008, 6.389406], [-75.417057, 6.389192], [-75.417142, 6.38931], [-75.417149, 6.389603]]], [[[-75.418089, 6.37697], [-75.417639, 6.377319], [-75.417492, 6.377228], [-75.417458, 6.376949], [-75.417575, 6.376835], [-75.418089, 6.37697]]], [[[-75.417975, 6.381316], [-75.417893, 6.381338], [-75.41789, 6.381308], [-75.417975, 6.381316]]], [[[-75.419003, 6.372405], [-75.418451, 6.37238], [-75.418132, 6.372186], [-75.417924, 6.371759], [-75.417973, 6.371325], [-75.419076, 6.371602], [-75.419118, 6.372129], [-75.419224, 6.372287], [-75.419003, 6.372405]]], [[[-75.419326, 6.39043], [-75.418995, 6.390507], [-75.418893, 6.390432], [-75.419326, 6.39043]]], [[[-75.419347, 6.394639], [-75.419144, 6.394471], [-75.419186, 6.393952], [-75.419321, 6.394087], [-75.419413, 6.394402], [-75.419347, 6.394639]]], [[[-75.419254, 6.343455], [-75.419034, 6.343438], [-75.419059, 6.343219], [-75.419234, 6.343308], [-75.419254, 6.343455]]], [[[-75.420085, 6.373654], [-75.42014, 6.374226], [-75.420015, 6.37437], [-75.419957, 6.373976], [-75.420085, 6.373654]]], [[[-75.421052, 6.388277], [-75.420721, 6.388383], [-75.420367, 6.38795], [-75.420337, 6.387641], [-75.420522, 6.387328], [-75.420861, 6.387394], [-75.421216, 6.387758], [-75.421254, 6.387989], [-75.421052, 6.388277]]], [[[-75.42297, 6.382143], [-75.422593, 6.382873], [-75.422635, 6.38321], [-75.422429, 6.383559], [-75.421602, 6.38419], [-75.42092, 6.384471], [-75.421199, 6.383831], [-75.421324, 6.383078], [-75.421232, 6.3828], [-75.420878, 6.382379], [-75.420766, 6.381944], [-75.42056, 6.3816], [-75.420548, 6.381352], [-75.421039, 6.381179], [-75.421241, 6.380952], [-75.421367, 6.381101], [-75.421761, 6.381205], [-75.422175, 6.381503], [-75.422738, 6.381162], [-75.422839, 6.381361], [-75.422861, 6.381929], [-75.42297, 6.382143]]], [[[-75.422594, 6.353362], [-75.42263, 6.354121], [-75.422429, 6.354241], [-75.422301, 6.354072], [-75.422299, 6.353509], [-75.422425, 6.353342], [-75.422594, 6.353362]]], [[[-75.423901, 6.344239], [-75.423765, 6.344289], [-75.423574, 6.344256], [-75.423732, 6.344204], [-75.423901, 6.344239]]], [[[-75.424678, 6.385546], [-75.424636, 6.385587], [-75.424612, 6.385537], [-75.424678, 6.385546]]], [[[-75.424302, 6.385304], [-75.423984, 6.385049], [-75.423951, 6.384887], [-75.424221, 6.384869], [-75.424395, 6.384988], [-75.424455, 6.385318], [-75.424302, 6.385304]]], [[[-75.426171, 6.332252], [-75.425967, 6.332202], [-75.425737, 6.331949], [-75.425133, 6.330827], [-75.424884, 6.330678], [-75.424519, 6.330607], [-75.424431, 6.33048], [-75.424464, 6.330387], [-75.425049, 6.330291], [-75.425199, 6.330074], [-75.425301, 6.329361], [-75.425194, 6.328394], [-75.425255, 6.328189], [-75.425435, 6.328249], [-75.42571, 6.328868], [-75.425651, 6.329438], [-75.425862, 6.330214], [-75.425966, 6.331431], [-75.426257, 6.332153], [-75.426171, 6.332252]]], [[[-75.427501, 6.375924], [-75.426653, 6.375996], [-75.425334, 6.375915], [-75.425258, 6.375797], [-75.425239, 6.375256], [-75.42535, 6.37451], [-75.425659, 6.374255], [-75.426216, 6.374151], [-75.426742, 6.374392], [-75.427338, 6.375016], [-75.427794, 6.375674], [-75.427743, 6.375821], [-75.427501, 6.375924]]], [[[-75.427947, 6.381593], [-75.427289, 6.382345], [-75.42681, 6.382431], [-75.425902, 6.382095], [-75.425906, 6.382009], [-75.426301, 6.381846], [-75.426303, 6.381678], [-75.426199, 6.381567], [-75.425832, 6.381469], [-75.425412, 6.381555], [-75.425894, 6.38108], [-75.42631, 6.380999], [-75.426677, 6.380698], [-75.427035, 6.380623], [-75.427269, 6.380682], [-75.427554, 6.380913], [-75.427843, 6.381289], [-75.427947, 6.381593]]], [[[-75.42617, 6.385028], [-75.42589, 6.385255], [-75.425922, 6.384822], [-75.426219, 6.384597], [-75.426287, 6.384757], [-75.42617, 6.385028]]], [[[-75.434159, 6.410827], [-75.434114, 6.411586], [-75.433514, 6.411397], [-75.433282, 6.411145], [-75.433044, 6.411043], [-75.432418, 6.411243], [-75.432634, 6.411681], [-75.433041, 6.411838], [-75.433207, 6.412038], [-75.433203, 6.412407], [-75.432964, 6.41254], [-75.432233, 6.412574], [-75.431922, 6.412471], [-75.431783, 6.412288], [-75.431742, 6.411907], [-75.43203, 6.411611], [-75.432225, 6.410961], [-75.432189, 6.410672], [-75.431945, 6.410541], [-75.431399, 6.410604], [-75.431346, 6.410957], [-75.431021, 6.410931], [-75.430595, 6.410735], [-75.430041, 6.410827], [-75.429799, 6.411091], [-75.429723, 6.411342], [-75.430179, 6.411601], [-75.430246, 6.412055], [-75.430078, 6.412237], [-75.429523, 6.412055], [-75.428938, 6.411545], [-75.428721, 6.410789], [-75.428313, 6.410543], [-75.42829, 6.410019], [-75.427975, 6.408868], [-75.427693, 6.408334], [-75.427718, 6.407389], [-75.428596, 6.406866], [-75.428892, 6.406898], [-75.429186, 6.407207], [-75.429218, 6.407507], [-75.42952, 6.408022], [-75.429559, 6.408261], [-75.42947, 6.408448], [-75.428804, 6.409121], [-75.428735, 6.409511], [-75.428832, 6.409802], [-75.429061, 6.409796], [-75.429508, 6.409455], [-75.430215, 6.409285], [-75.430385, 6.409108], [-75.431038, 6.409157], [-75.431428, 6.40955], [-75.431581, 6.409851], [-75.432245, 6.410249], [-75.43271, 6.410729], [-75.433108, 6.41083], [-75.433888, 6.410727], [-75.434159, 6.410827]], [[-75.430754, 6.40959], [-75.430474, 6.409388], [-75.430089, 6.409576], [-75.429829, 6.409947], [-75.429805, 6.410201], [-75.429894, 6.410428], [-75.430306, 6.410372], [-75.430726, 6.410111], [-75.430812, 6.409888], [-75.430754, 6.40959]]], [[[-75.432222, 6.3807], [-75.431926, 6.381463], [-75.431785, 6.381548], [-75.431102, 6.381584], [-75.430763, 6.381186], [-75.430417, 6.380995], [-75.430466, 6.380742], [-75.430898, 6.380571], [-75.430879, 6.380352], [-75.430202, 6.379969], [-75.429277, 6.380029], [-75.429209, 6.379936], [-75.429216, 6.379497], [-75.428885, 6.379219], [-75.428834, 6.378907], [-75.428515, 6.378771], [-75.428474, 6.378384], [-75.428705, 6.378182], [-75.429824, 6.378145], [-75.430104, 6.378029], [-75.430308, 6.377789], [-75.430559, 6.377835], [-75.430861, 6.378313], [-75.431356, 6.378433], [-75.431455, 6.378607], [-75.431341, 6.379008], [-75.430984, 6.379441], [-75.431052, 6.380012], [-75.4321, 6.38026], [-75.432207, 6.38044], [-75.432222, 6.3807]]], [[[-75.431447, 6.382095], [-75.431852, 6.382419], [-75.431576, 6.382482], [-75.431251, 6.38241], [-75.430791, 6.382639], [-75.430535, 6.382614], [-75.430397, 6.382499], [-75.430361, 6.382195], [-75.430519, 6.382026], [-75.431086, 6.381975], [-75.431447, 6.382095]]], [[[-75.429073, 6.377534], [-75.42887, 6.377584], [-75.428532, 6.377552], [-75.428735, 6.3775], [-75.429073, 6.377534]]], [[[-75.431406, 6.369043], [-75.431109, 6.369405], [-75.430724, 6.369488], [-75.43046, 6.36966], [-75.430366, 6.369879], [-75.43034, 6.370741], [-75.430222, 6.370932], [-75.429664, 6.370435], [-75.428766, 6.370854], [-75.428575, 6.369913], [-75.429331, 6.369773], [-75.429814, 6.369068], [-75.430409, 6.368963], [-75.431222, 6.368982], [-75.431406, 6.369043]]], [[[-75.429431, 6.382841], [-75.429154, 6.38272], [-75.429121, 6.382483], [-75.429441, 6.382755], [-75.429431, 6.382841]]], [[[-75.431085, 6.358925], [-75.430569, 6.359111], [-75.430463, 6.359476], [-75.429972, 6.359439], [-75.429945, 6.358629], [-75.430046, 6.3584], [-75.430847, 6.358363], [-75.431229, 6.358454], [-75.431338, 6.35867], [-75.431085, 6.358925]]], [[[-75.435119, 6.401971], [-75.434712, 6.40306], [-75.434044, 6.403266], [-75.433787, 6.403568], [-75.433775, 6.403841], [-75.434081, 6.404191], [-75.434119, 6.404368], [-75.434035, 6.404531], [-75.433593, 6.404718], [-75.433386, 6.404951], [-75.433296, 6.405606], [-75.432764, 6.40669], [-75.432944, 6.407224], [-75.432765, 6.407336], [-75.432437, 6.407377], [-75.431978, 6.407351], [-75.431576, 6.407204], [-75.430881, 6.406506], [-75.430723, 6.406045], [-75.430286, 6.405714], [-75.430274, 6.405602], [-75.430882, 6.405233], [-75.431812, 6.404932], [-75.432079, 6.404667], [-75.432973, 6.40418], [-75.433171, 6.403808], [-75.433428, 6.402794], [-75.43389, 6.402484], [-75.433889, 6.401873], [-75.434109, 6.401228], [-75.434681, 6.401331], [-75.435063, 6.401604], [-75.435119, 6.401971]]], [[[-75.432837, 6.400448], [-75.432446, 6.400632], [-75.432359, 6.400769], [-75.432591, 6.401913], [-75.432567, 6.402268], [-75.432477, 6.40231], [-75.431296, 6.402078], [-75.430629, 6.401785], [-75.430427, 6.401604], [-75.430631, 6.400994], [-75.431267, 6.400727], [-75.431376, 6.400372], [-75.431639, 6.400235], [-75.432089, 6.399535], [-75.432278, 6.399377], [-75.432457, 6.399499], [-75.432553, 6.399979], [-75.432837, 6.400448]]], [[[-75.430847, 6.37175], [-75.430714, 6.372151], [-75.43052, 6.372168], [-75.430561, 6.371914], [-75.430797, 6.371581], [-75.430847, 6.37175]]], [[[-75.432606, 6.363947], [-75.432645, 6.364398], [-75.432411, 6.364559], [-75.431838, 6.364539], [-75.431588, 6.364286], [-75.43167, 6.363767], [-75.431962, 6.363511], [-75.432211, 6.363574], [-75.432329, 6.36379], [-75.432606, 6.363947]]], [[[-75.434129, 6.356075], [-75.433864, 6.356581], [-75.43377, 6.357357], [-75.433542, 6.357426], [-75.43305, 6.357311], [-75.43269, 6.357425], [-75.432436, 6.357359], [-75.432126, 6.357102], [-75.431832, 6.356549], [-75.431775, 6.356012], [-75.431963, 6.355605], [-75.432263, 6.355515], [-75.43275, 6.355527], [-75.433568, 6.355705], [-75.433482, 6.356211], [-75.433646, 6.356393], [-75.433894, 6.356366], [-75.434129, 6.356075]]], [[[-75.43251, 6.37845], [-75.432396, 6.378528], [-75.432263, 6.378459], [-75.432421, 6.378404], [-75.43251, 6.37845]]], [[[-75.432808, 6.379019], [-75.432748, 6.379174], [-75.432774, 6.378986], [-75.432808, 6.379019]]], [[[-75.437278, 6.365018], [-75.437118, 6.365317], [-75.436795, 6.365501], [-75.436215, 6.365375], [-75.435186, 6.365475], [-75.434668, 6.36668], [-75.434686, 6.366912], [-75.434972, 6.367271], [-75.43471, 6.367488], [-75.434146, 6.367561], [-75.43361, 6.36738], [-75.433285, 6.36712], [-75.433252, 6.366268], [-75.433494, 6.366104], [-75.433904, 6.366005], [-75.434064, 6.366049], [-75.434263, 6.366273], [-75.434562, 6.366228], [-75.434723, 6.366045], [-75.434947, 6.365312], [-75.435215, 6.364826], [-75.43526, 6.36451], [-75.435156, 6.364046], [-75.434909, 6.363807], [-75.43451, 6.363632], [-75.434816, 6.363253], [-75.434594, 6.362909], [-75.434503, 6.362166], [-75.434738, 6.361792], [-75.434994, 6.360875], [-75.435125, 6.361207], [-75.435748, 6.361328], [-75.436076, 6.361512], [-75.436316, 6.362047], [-75.436821, 6.362536], [-75.436867, 6.362933], [-75.436778, 6.363757], [-75.437264, 6.364522], [-75.437278, 6.365018]]], [[[-75.43444, 6.368067], [-75.434585, 6.368216], [-75.435032, 6.369249], [-75.435085, 6.369791], [-75.434957, 6.370149], [-75.43436, 6.370346], [-75.433315, 6.370165], [-75.432949, 6.370242], [-75.432952, 6.370137], [-75.433371, 6.369961], [-75.43353, 6.369615], [-75.433365, 6.369335], [-75.43277, 6.369067], [-75.432797, 6.36865], [-75.433137, 6.36845], [-75.433596, 6.368746], [-75.433761, 6.368754], [-75.433948, 6.368585], [-75.434099, 6.36819], [-75.43444, 6.368067]]], [[[-75.434469, 6.370751], [-75.434601, 6.370923], [-75.434698, 6.371409], [-75.43474, 6.37203], [-75.434668, 6.372244], [-75.43449, 6.372098], [-75.434256, 6.371415], [-75.434286, 6.370827], [-75.434358, 6.370736], [-75.434469, 6.370751]]], [[[-75.434187, 6.358974], [-75.433969, 6.358948], [-75.433912, 6.358907], [-75.434187, 6.358974]]], [[[-75.43807, 6.408396], [-75.437845, 6.408538], [-75.436563, 6.408604], [-75.435824, 6.408842], [-75.435729, 6.409048], [-75.435948, 6.409285], [-75.435976, 6.409476], [-75.435769, 6.409716], [-75.435657, 6.410265], [-75.435459, 6.410509], [-75.435014, 6.410313], [-75.434878, 6.410038], [-75.434634, 6.409827], [-75.434734, 6.409131], [-75.43447, 6.408829], [-75.434467, 6.408335], [-75.434381, 6.408078], [-75.434865, 6.407472], [-75.435068, 6.407472], [-75.435361, 6.407324], [-75.435894, 6.407298], [-75.436493, 6.40689], [-75.436806, 6.407322], [-75.437629, 6.407515], [-75.437797, 6.407629], [-75.438, 6.408007], [-75.43807, 6.408396]]], [[[-75.437059, 6.355521], [-75.436946, 6.355947], [-75.436722, 6.356231], [-75.436264, 6.35627], [-75.436019, 6.35648], [-75.435386, 6.357705], [-75.435178, 6.35781], [-75.434955, 6.357788], [-75.434662, 6.35738], [-75.434639, 6.356988], [-75.43501, 6.356507], [-75.435376, 6.356227], [-75.435525, 6.355649], [-75.435848, 6.355187], [-75.435896, 6.354857], [-75.436848, 6.354619], [-75.437006, 6.35503], [-75.437059, 6.355521]]], [[[-75.436191, 6.376731], [-75.436098, 6.377217], [-75.4358, 6.377449], [-75.435541, 6.377465], [-75.435236, 6.377356], [-75.434811, 6.377003], [-75.434922, 6.376636], [-75.435206, 6.376536], [-75.435976, 6.376549], [-75.436191, 6.376731]]], [[[-75.435471, 6.352163], [-75.435373, 6.352798], [-75.435317, 6.352869], [-75.435177, 6.352844], [-75.434853, 6.352499], [-75.434809, 6.351907], [-75.434938, 6.351737], [-75.435389, 6.351706], [-75.435471, 6.352163]]], [[[-75.435324, 6.359318], [-75.435127, 6.359242], [-75.435031, 6.359042], [-75.435181, 6.358585], [-75.435373, 6.359064], [-75.435324, 6.359318]]], [[[-75.443438, 6.407543], [-75.442972, 6.407627], [-75.442534, 6.407544], [-75.441685, 6.406283], [-75.441345, 6.405995], [-75.441011, 6.405901], [-75.440607, 6.405074], [-75.440201, 6.404923], [-75.439862, 6.404518], [-75.439406, 6.404304], [-75.439404, 6.404076], [-75.439836, 6.403419], [-75.439918, 6.403137], [-75.43981, 6.402869], [-75.439609, 6.402752], [-75.439596, 6.402253], [-75.439359, 6.401782], [-75.439114, 6.40167], [-75.43852, 6.401832], [-75.437944, 6.401793], [-75.437729, 6.401639], [-75.43739, 6.401169], [-75.437103, 6.401157], [-75.436862, 6.401248], [-75.436052, 6.4012], [-75.435786, 6.401066], [-75.435465, 6.400666], [-75.435214, 6.400128], [-75.435286, 6.399903], [-75.43645, 6.399779], [-75.437348, 6.399897], [-75.437754, 6.399677], [-75.437738, 6.399452], [-75.437484, 6.399182], [-75.436411, 6.39891], [-75.436441, 6.397995], [-75.436543, 6.397552], [-75.437057, 6.397098], [-75.437384, 6.397031], [-75.43757, 6.397165], [-75.437269, 6.397849], [-75.437338, 6.398035], [-75.437586, 6.398235], [-75.437591, 6.398539], [-75.438429, 6.3987], [-75.43893, 6.398478], [-75.439379, 6.398478], [-75.439694, 6.398781], [-75.440236, 6.39894], [-75.440538, 6.399321], [-75.441132, 6.399547], [-75.441668, 6.400061], [-75.441245, 6.401058], [-75.440863, 6.401476], [-75.440823, 6.401806], [-75.440985, 6.402073], [-75.4415, 6.402442], [-75.441773, 6.403631], [-75.442047, 6.404146], [-75.442628, 6.404662], [-75.442758, 6.405641], [-75.442952, 6.405887], [-75.442992, 6.406659], [-75.443401, 6.407222], [-75.443438, 6.407543]]], [[[-75.435574, 6.382764], [-75.435513, 6.382888], [-75.435498, 6.382765], [-75.435574, 6.382764]]], [[[-75.443469, 6.379505], [-75.443376, 6.379726], [-75.442726, 6.379937], [-75.442583, 6.380791], [-75.442347, 6.381097], [-75.441144, 6.38133], [-75.438979, 6.381561], [-75.438803, 6.382838], [-75.438725, 6.381798], [-75.438451, 6.381433], [-75.438549, 6.381017], [-75.439023, 6.380352], [-75.43968, 6.380046], [-75.440406, 6.379287], [-75.440886, 6.379053], [-75.441339, 6.379035], [-75.441616, 6.378903], [-75.441702, 6.378566], [-75.441666, 6.377672], [-75.441481, 6.377271], [-75.440982, 6.377132], [-75.440818, 6.376997], [-75.440642, 6.376208], [-75.440889, 6.375818], [-75.440891, 6.375675], [-75.440406, 6.37538], [-75.440094, 6.375009], [-75.43996, 6.373674], [-75.439814, 6.373437], [-75.439516, 6.373525], [-75.438948, 6.374226], [-75.438734, 6.374373], [-75.438075, 6.37467], [-75.436896, 6.374858], [-75.436483, 6.374112], [-75.435705, 6.373822], [-75.435511, 6.373445], [-75.43551, 6.37325], [-75.436307, 6.372346], [-75.436632, 6.371515], [-75.436731, 6.370883], [-75.436998, 6.370973], [-75.437649, 6.371488], [-75.439161, 6.372206], [-75.439467, 6.372721], [-75.441587, 6.374879], [-75.442046, 6.375543], [-75.44216, 6.375882], [-75.442718, 6.376284], [-75.442852, 6.376886], [-75.442832, 6.377684], [-75.442714, 6.37806], [-75.442407, 6.378291], [-75.44239, 6.37886], [-75.442529, 6.379024], [-75.443275, 6.37933], [-75.443469, 6.379505]]], [[[-75.43818, 6.381581], [-75.4377, 6.381916], [-75.437286, 6.382291], [-75.437122, 6.382022], [-75.43682, 6.381804], [-75.436815, 6.381469], [-75.437015, 6.380774], [-75.437311, 6.380253], [-75.437542, 6.380088], [-75.437767, 6.380068], [-75.437937, 6.380234], [-75.437886, 6.380681], [-75.437961, 6.380966], [-75.43789, 6.381258], [-75.437982, 6.381493], [-75.43818, 6.381581]]], [[[-75.438319, 6.359011], [-75.437827, 6.359776], [-75.436847, 6.359342], [-75.436811, 6.359169], [-75.436917, 6.358904], [-75.437181, 6.35866], [-75.437722, 6.358455], [-75.438027, 6.358543], [-75.438233, 6.358705], [-75.438319, 6.359011]]], [[[-75.439971, 6.39709], [-75.439561, 6.396972], [-75.439706, 6.396331], [-75.439651, 6.395797], [-75.438156, 6.395733], [-75.438057, 6.395674], [-75.437913, 6.395167], [-75.437949, 6.395001], [-75.438805, 6.394694], [-75.439009, 6.394878], [-75.439262, 6.395413], [-75.439872, 6.39534], [-75.439982, 6.396062], [-75.440258, 6.396971], [-75.439971, 6.39709]]], [[[-75.438689, 6.356522], [-75.438458, 6.356623], [-75.438226, 6.356854], [-75.43829, 6.356558], [-75.438418, 6.356423], [-75.438636, 6.356387], [-75.438689, 6.356522]]], [[[-75.440223, 6.354728], [-75.440099, 6.354617], [-75.440194, 6.354476], [-75.440306, 6.354576], [-75.440223, 6.354728]]], [[[-75.442516, 6.411867], [-75.442144, 6.41184], [-75.441524, 6.411589], [-75.44104, 6.411281], [-75.440744, 6.410925], [-75.440605, 6.409735], [-75.44076, 6.408993], [-75.440927, 6.409084], [-75.441192, 6.409487], [-75.441376, 6.409621], [-75.441296, 6.409978], [-75.441469, 6.410552], [-75.442303, 6.411202], [-75.442508, 6.41158], [-75.442516, 6.411867]]], [[[-75.443597, 6.394629], [-75.443416, 6.394647], [-75.443318, 6.394469], [-75.443125, 6.394356], [-75.442541, 6.394378], [-75.442411, 6.394192], [-75.442593, 6.394095], [-75.443645, 6.394006], [-75.443697, 6.394375], [-75.443597, 6.394629]]], [[[-75.443432, 6.420312], [-75.443321, 6.420645], [-75.443254, 6.420372], [-75.443081, 6.420143], [-75.443367, 6.420093], [-75.443432, 6.420312]]], [[[-75.442819, 6.420138], [-75.442665, 6.420177], [-75.442653, 6.42014], [-75.442819, 6.420138]]], [[[-75.442853, 6.414358], [-75.442871, 6.4147], [-75.442782, 6.41483], [-75.442718, 6.414393], [-75.442853, 6.414358]]], [[[-75.444066, 6.360168], [-75.443835, 6.360282], [-75.443448, 6.360319], [-75.443003, 6.360285], [-75.442763, 6.360132], [-75.442921, 6.360038], [-75.44405, 6.359875], [-75.444176, 6.359981], [-75.444066, 6.360168]]], [[[-75.445216, 6.401558], [-75.444461, 6.401469], [-75.444464, 6.400824], [-75.44454, 6.400648], [-75.444957, 6.40064], [-75.445451, 6.401007], [-75.445566, 6.401371], [-75.445512, 6.401464], [-75.445216, 6.401558]]], [[[-75.44393, 6.401027], [-75.443834, 6.401386], [-75.44371, 6.40146], [-75.44297, 6.401247], [-75.443905, 6.400678], [-75.44393, 6.401027]]], [[[-75.443994, 6.398411], [-75.443692, 6.398698], [-75.44327, 6.398693], [-75.443121, 6.398587], [-75.443032, 6.398289], [-75.44314, 6.398196], [-75.443605, 6.398357], [-75.443945, 6.398304], [-75.443994, 6.398411]]], [[[-75.443953, 6.413506], [-75.443793, 6.413729], [-75.443554, 6.413786], [-75.443601, 6.413482], [-75.443733, 6.413324], [-75.443919, 6.413338], [-75.443953, 6.413506]]], [[[-75.445764, 6.410318], [-75.445609, 6.410964], [-75.444516, 6.410672], [-75.444142, 6.410212], [-75.444033, 6.409798], [-75.444047, 6.409393], [-75.444113, 6.409294], [-75.444594, 6.409305], [-75.444977, 6.409126], [-75.445449, 6.409154], [-75.445602, 6.409385], [-75.445764, 6.410318]]], [[[-75.444642, 6.352787], [-75.44444, 6.35305], [-75.444152, 6.352997], [-75.443838, 6.352623], [-75.443799, 6.3523], [-75.444002, 6.352214], [-75.444335, 6.352309], [-75.444623, 6.352516], [-75.444642, 6.352787]]], [[[-75.443874, 6.340678], [-75.443891, 6.340753], [-75.443864, 6.34077], [-75.443874, 6.340678]]], [[[-75.447061, 6.393251], [-75.44686, 6.39362], [-75.446631, 6.393794], [-75.445289, 6.394135], [-75.444496, 6.394508], [-75.444298, 6.394425], [-75.444245, 6.393838], [-75.44437, 6.393547], [-75.444979, 6.39332], [-75.445115, 6.392974], [-75.445378, 6.392856], [-75.445898, 6.392356], [-75.446519, 6.392223], [-75.447167, 6.392248], [-75.447211, 6.392691], [-75.447061, 6.393251]]], [[[-75.452496, 6.381448], [-75.452296, 6.382122], [-75.451993, 6.38234], [-75.451319, 6.382513], [-75.450746, 6.382529], [-75.450557, 6.382465], [-75.450273, 6.382156], [-75.449985, 6.381253], [-75.449608, 6.380591], [-75.449298, 6.380496], [-75.448669, 6.380505], [-75.447584, 6.380821], [-75.446604, 6.381464], [-75.446489, 6.381672], [-75.446442, 6.382197], [-75.446156, 6.382399], [-75.445935, 6.38229], [-75.445738, 6.382007], [-75.444966, 6.380462], [-75.444266, 6.379987], [-75.444224, 6.379829], [-75.444507, 6.379584], [-75.444711, 6.379111], [-75.444902, 6.37896], [-75.44556, 6.379297], [-75.446287, 6.379344], [-75.446508, 6.379462], [-75.446895, 6.379903], [-75.447555, 6.380228], [-75.448031, 6.380298], [-75.449513, 6.380256], [-75.449724, 6.379065], [-75.44987, 6.378973], [-75.450088, 6.379138], [-75.450291, 6.378967], [-75.450163, 6.378333], [-75.450266, 6.377841], [-75.450795, 6.37705], [-75.451083, 6.376969], [-75.451342, 6.377065], [-75.451626, 6.377306], [-75.452084, 6.377425], [-75.451954, 6.378381], [-75.451505, 6.379306], [-75.451368, 6.380697], [-75.451441, 6.38086], [-75.451604, 6.380925], [-75.451957, 6.38084], [-75.452159, 6.380619], [-75.452245, 6.380976], [-75.452496, 6.381448]]], [[[-75.444783, 6.378729], [-75.44476, 6.3786], [-75.444776, 6.37846], [-75.4448, 6.37857], [-75.444783, 6.378729]]], [[[-75.448759, 6.412784], [-75.448662, 6.413218], [-75.448749, 6.413618], [-75.448649, 6.413889], [-75.448469, 6.413901], [-75.448325, 6.413805], [-75.448248, 6.413507], [-75.448286, 6.413156], [-75.448164, 6.41301], [-75.447815, 6.412864], [-75.447625, 6.413091], [-75.447603, 6.413741], [-75.447237, 6.413799], [-75.44703, 6.413665], [-75.446766, 6.413211], [-75.445869, 6.412936], [-75.445754, 6.412547], [-75.445781, 6.411952], [-75.445853, 6.411867], [-75.446305, 6.411949], [-75.447285, 6.411852], [-75.447436, 6.411933], [-75.447713, 6.412436], [-75.447861, 6.412532], [-75.448676, 6.412579], [-75.448759, 6.412784]]], [[[-75.44772, 6.418695], [-75.447102, 6.420019], [-75.446888, 6.420085], [-75.446437, 6.420031], [-75.446398, 6.418994], [-75.446479, 6.418815], [-75.446887, 6.418623], [-75.447462, 6.418618], [-75.44772, 6.418695]]], [[[-75.448524, 6.356629], [-75.448287, 6.357308], [-75.448281, 6.357694], [-75.447985, 6.35816], [-75.447739, 6.359095], [-75.447522, 6.359452], [-75.44743, 6.359324], [-75.447524, 6.35893], [-75.447227, 6.358444], [-75.447494, 6.357852], [-75.447459, 6.357351], [-75.447225, 6.357181], [-75.446648, 6.357068], [-75.446196, 6.356794], [-75.44608, 6.356615], [-75.446083, 6.35613], [-75.446227, 6.355989], [-75.446717, 6.355942], [-75.447181, 6.356356], [-75.447346, 6.356411], [-75.447524, 6.356336], [-75.447722, 6.355937], [-75.44783, 6.35592], [-75.448369, 6.356108], [-75.448524, 6.356629]]], [[[-75.446605, 6.35927], [-75.446529, 6.359262], [-75.446545, 6.359048], [-75.446654, 6.359152], [-75.446605, 6.35927]]], [[[-75.447235, 6.388172], [-75.447145, 6.388195], [-75.446808, 6.388364], [-75.447118, 6.388151], [-75.447235, 6.388172]]], [[[-75.448386, 6.401571], [-75.447892, 6.401471], [-75.447541, 6.401179], [-75.447463, 6.400239], [-75.447171, 6.399366], [-75.447265, 6.399203], [-75.447587, 6.399165], [-75.447723, 6.399047], [-75.447734, 6.398702], [-75.447581, 6.3981], [-75.447743, 6.397931], [-75.447906, 6.397955], [-75.448109, 6.398306], [-75.448377, 6.398419], [-75.448341, 6.398536], [-75.448162, 6.398537], [-75.448032, 6.398638], [-75.44791, 6.399219], [-75.448, 6.399374], [-75.448411, 6.399594], [-75.448065, 6.399692], [-75.447955, 6.399954], [-75.44802, 6.400259], [-75.448401, 6.400871], [-75.448588, 6.40135], [-75.448576, 6.401466], [-75.448386, 6.401571]]], [[[-75.45424, 6.397181], [-75.454109, 6.397463], [-75.453486, 6.397741], [-75.453014, 6.398344], [-75.452821, 6.398425], [-75.452625, 6.398352], [-75.452419, 6.398052], [-75.451804, 6.397807], [-75.451634, 6.397332], [-75.451402, 6.397054], [-75.451182, 6.397027], [-75.450902, 6.397116], [-75.450098, 6.397072], [-75.449943, 6.396769], [-75.449595, 6.396468], [-75.449702, 6.396143], [-75.449669, 6.395987], [-75.449125, 6.395604], [-75.448901, 6.394973], [-75.448685, 6.394782], [-75.448631, 6.394382], [-75.448689, 6.39412], [-75.448911, 6.393902], [-75.449511, 6.393594], [-75.44964, 6.393597], [-75.449881, 6.393821], [-75.450086, 6.393843], [-75.450354, 6.393807], [-75.450514, 6.39361], [-75.450593, 6.39442], [-75.450765, 6.394727], [-75.451065, 6.394985], [-75.451126, 6.395447], [-75.452224, 6.396118], [-75.452316, 6.396279], [-75.452337, 6.396653], [-75.452474, 6.396857], [-75.45324, 6.397208], [-75.453661, 6.397226], [-75.454185, 6.396995], [-75.45424, 6.397181]]], [[[-75.450555, 6.392823], [-75.450588, 6.392325], [-75.45083, 6.392029], [-75.450819, 6.390658], [-75.450515, 6.390567], [-75.44904, 6.390667], [-75.448394, 6.39035], [-75.448051, 6.389679], [-75.448073, 6.389433], [-75.448247, 6.389123], [-75.447806, 6.388514], [-75.44813, 6.388308], [-75.448292, 6.388051], [-75.449824, 6.388056], [-75.450615, 6.388288], [-75.450894, 6.388275], [-75.45059, 6.388759], [-75.450509, 6.389211], [-75.451048, 6.389615], [-75.451133, 6.389917], [-75.451894, 6.390137], [-75.452935, 6.390648], [-75.453049, 6.390814], [-75.453267, 6.391676], [-75.453638, 6.391912], [-75.453422, 6.392038], [-75.451884, 6.392211], [-75.450671, 6.393016], [-75.450555, 6.392823]]], [[[-75.448079, 6.385585], [-75.447911, 6.385527], [-75.447884, 6.385291], [-75.448123, 6.38533], [-75.448155, 6.385526], [-75.448079, 6.385585]]], [[[-75.450869, 6.405507], [-75.450367, 6.40563], [-75.450051, 6.405515], [-75.450047, 6.404781], [-75.450214, 6.404395], [-75.450437, 6.404379], [-75.450805, 6.404609], [-75.450986, 6.405101], [-75.450955, 6.405412], [-75.450869, 6.405507]]], [[[-75.45138, 6.354781], [-75.451056, 6.355643], [-75.450642, 6.355134], [-75.450194, 6.353876], [-75.450014, 6.353542], [-75.449908, 6.353496], [-75.450216, 6.353358], [-75.450382, 6.353117], [-75.450216, 6.352658], [-75.45027, 6.352402], [-75.450769, 6.352134], [-75.451092, 6.351811], [-75.451257, 6.352644], [-75.451527, 6.353262], [-75.451516, 6.354125], [-75.45138, 6.354781]]], [[[-75.450948, 6.415048], [-75.450898, 6.414947], [-75.450931, 6.414795], [-75.450983, 6.414907], [-75.450948, 6.415048]]], [[[-75.455428, 6.367774], [-75.455268, 6.367947], [-75.454793, 6.367996], [-75.454663, 6.368095], [-75.454771, 6.369147], [-75.454571, 6.370434], [-75.454487, 6.370687], [-75.454183, 6.370943], [-75.453896, 6.370893], [-75.453344, 6.370031], [-75.45302, 6.369713], [-75.45203, 6.369459], [-75.451263, 6.369499], [-75.451, 6.369263], [-75.451099, 6.368663], [-75.451997, 6.36781], [-75.452516, 6.366566], [-75.452556, 6.367246], [-75.452426, 6.367758], [-75.452548, 6.367919], [-75.45317, 6.367948], [-75.453625, 6.367694], [-75.454406, 6.367667], [-75.454987, 6.367129], [-75.455198, 6.36661], [-75.455355, 6.366811], [-75.455428, 6.367774]]], [[[-75.45272, 6.366309], [-75.452557, 6.365988], [-75.452261, 6.365721], [-75.452216, 6.365415], [-75.452713, 6.365271], [-75.45293, 6.365062], [-75.453109, 6.36467], [-75.453315, 6.364588], [-75.453424, 6.364844], [-75.453178, 6.365201], [-75.453064, 6.366072], [-75.452879, 6.366291], [-75.45272, 6.366309]]], [[[-75.451128, 6.375553], [-75.451123, 6.375865], [-75.45109, 6.375941], [-75.451128, 6.375553]]], [[[-75.451258, 6.373331], [-75.45125, 6.373483], [-75.451174, 6.3735], [-75.451158, 6.373399], [-75.451258, 6.373331]]], [[[-75.452635, 6.410927], [-75.452499, 6.411019], [-75.452093, 6.411047], [-75.451568, 6.411013], [-75.451382, 6.410921], [-75.451559, 6.410791], [-75.452635, 6.410927]]], [[[-75.453309, 6.342323], [-75.452915, 6.342422], [-75.451694, 6.342405], [-75.451635, 6.341933], [-75.451718, 6.341478], [-75.452293, 6.341108], [-75.452491, 6.340787], [-75.452765, 6.340718], [-75.453335, 6.340753], [-75.453391, 6.341716], [-75.453309, 6.342323]]], [[[-75.452793, 6.343345], [-75.452496, 6.343741], [-75.452282, 6.343796], [-75.452226, 6.343734], [-75.452213, 6.343433], [-75.452344, 6.343207], [-75.45273, 6.343191], [-75.452793, 6.343345]]], [[[-75.453869, 6.344868], [-75.453372, 6.345008], [-75.452982, 6.344942], [-75.452707, 6.344605], [-75.452728, 6.34427], [-75.452913, 6.344105], [-75.453181, 6.344062], [-75.453785, 6.344177], [-75.454038, 6.344528], [-75.454008, 6.344722], [-75.453869, 6.344868]]], [[[-75.453269, 6.393682], [-75.453174, 6.393586], [-75.453179, 6.393474], [-75.453265, 6.393558], [-75.453269, 6.393682]]], [[[-75.455449, 6.432672], [-75.455381, 6.433555], [-75.455236, 6.43381], [-75.455012, 6.433985], [-75.45471, 6.434079], [-75.453685, 6.434079], [-75.453576, 6.433725], [-75.453591, 6.432369], [-75.453907, 6.432239], [-75.455138, 6.432392], [-75.455449, 6.432672]]], [[[-75.456579, 6.355494], [-75.456292, 6.35585], [-75.456283, 6.356785], [-75.456176, 6.357013], [-75.455802, 6.357053], [-75.455534, 6.356889], [-75.454814, 6.356802], [-75.454425, 6.356259], [-75.454178, 6.355722], [-75.453829, 6.355472], [-75.453822, 6.354112], [-75.454099, 6.354585], [-75.454521, 6.354878], [-75.455562, 6.355265], [-75.455693, 6.355228], [-75.455865, 6.354989], [-75.456043, 6.355187], [-75.456579, 6.355494]]], [[[-75.458914, 6.384061], [-75.45875, 6.384158], [-75.458672, 6.384445], [-75.458471, 6.384694], [-75.458311, 6.384779], [-75.456867, 6.384732], [-75.456272, 6.384575], [-75.455539, 6.384902], [-75.454713, 6.38505], [-75.454224, 6.385359], [-75.454004, 6.385021], [-75.454079, 6.384756], [-75.45475, 6.384762], [-75.455017, 6.384674], [-75.455336, 6.38426], [-75.455631, 6.383636], [-75.456153, 6.383294], [-75.45749, 6.383271], [-75.457937, 6.383621], [-75.458914, 6.384061]]], [[[-75.455209, 6.373097], [-75.454879, 6.373064], [-75.454775, 6.372907], [-75.454739, 6.372586], [-75.454816, 6.372377], [-75.455188, 6.372973], [-75.455209, 6.373097]]], [[[-75.454254, 6.372493], [-75.454235, 6.372969], [-75.454194, 6.373079], [-75.454083, 6.372699], [-75.454254, 6.372493]]], [[[-75.454135, 6.353191], [-75.454004, 6.35332], [-75.454044, 6.353144], [-75.454135, 6.353191]]], [[[-75.454405, 6.374533], [-75.454377, 6.374643], [-75.454321, 6.37456], [-75.454405, 6.374533]]], [[[-75.457868, 6.392508], [-75.457802, 6.393154], [-75.457534, 6.393406], [-75.45729, 6.39304], [-75.456742, 6.393165], [-75.456655, 6.392921], [-75.456657, 6.392322], [-75.45656, 6.392103], [-75.456419, 6.392016], [-75.456155, 6.392121], [-75.455682, 6.392749], [-75.455441, 6.392928], [-75.455046, 6.392554], [-75.454549, 6.39246], [-75.454514, 6.3921], [-75.454862, 6.391818], [-75.454702, 6.390847], [-75.455134, 6.390662], [-75.455324, 6.390295], [-75.455297, 6.390007], [-75.454915, 6.389392], [-75.454904, 6.389127], [-75.455369, 6.388714], [-75.455732, 6.38867], [-75.45624, 6.38882], [-75.456666, 6.389109], [-75.457015, 6.38962], [-75.457398, 6.3911], [-75.457771, 6.391958], [-75.457868, 6.392508]]], [[[-75.455877, 6.401384], [-75.455512, 6.401572], [-75.455445, 6.401685], [-75.455513, 6.401873], [-75.45583, 6.402126], [-75.455825, 6.402324], [-75.455608, 6.402399], [-75.455239, 6.40236], [-75.455131, 6.4022], [-75.455269, 6.401621], [-75.455072, 6.401409], [-75.454707, 6.40133], [-75.454628, 6.401123], [-75.454652, 6.400827], [-75.454778, 6.4007], [-75.455009, 6.400739], [-75.455877, 6.401384]]], [[[-75.455146, 6.381248], [-75.455063, 6.381338], [-75.454852, 6.381335], [-75.45466, 6.381122], [-75.454825, 6.381069], [-75.455146, 6.381248]]], [[[-75.455415, 6.38037], [-75.455269, 6.380516], [-75.455072, 6.380405], [-75.455178, 6.380171], [-75.455339, 6.380223], [-75.455415, 6.38037]]], [[[-75.455031, 6.379883], [-75.454812, 6.379745], [-75.454797, 6.379621], [-75.455117, 6.379586], [-75.455269, 6.379654], [-75.455179, 6.379872], [-75.455031, 6.379883]]], [[[-75.458402, 6.396161], [-75.458198, 6.396711], [-75.458007, 6.396823], [-75.457538, 6.396657], [-75.457242, 6.396714], [-75.457104, 6.396821], [-75.456932, 6.397289], [-75.456522, 6.397503], [-75.456289, 6.397521], [-75.456053, 6.397361], [-75.455857, 6.397021], [-75.455512, 6.396987], [-75.455249, 6.396806], [-75.455051, 6.396364], [-75.455038, 6.396039], [-75.455397, 6.395459], [-75.456221, 6.395094], [-75.457187, 6.394449], [-75.457396, 6.39458], [-75.458047, 6.394694], [-75.458226, 6.39484], [-75.458402, 6.396161]]], [[[-75.458055, 6.359387], [-75.457904, 6.359619], [-75.457238, 6.359792], [-75.456728, 6.360753], [-75.456121, 6.360475], [-75.455442, 6.360355], [-75.455127, 6.360015], [-75.455267, 6.359762], [-75.455674, 6.359654], [-75.455783, 6.359485], [-75.45544, 6.358156], [-75.456214, 6.357689], [-75.457182, 6.357652], [-75.457499, 6.357466], [-75.457769, 6.357599], [-75.457926, 6.358075], [-75.458055, 6.359387]]], [[[-75.461543, 6.364902], [-75.461502, 6.36606], [-75.461313, 6.366325], [-75.461221, 6.366661], [-75.461065, 6.366812], [-75.460745, 6.366826], [-75.460486, 6.366732], [-75.460101, 6.366241], [-75.459103, 6.365957], [-75.458299, 6.365307], [-75.457561, 6.365213], [-75.456887, 6.364863], [-75.456674, 6.364653], [-75.456416, 6.363664], [-75.455811, 6.363014], [-75.456226, 6.362276], [-75.456432, 6.361579], [-75.456703, 6.36145], [-75.457273, 6.361841], [-75.45788, 6.361909], [-75.458057, 6.362138], [-75.4582, 6.362607], [-75.458374, 6.362741], [-75.458585, 6.362739], [-75.459312, 6.362414], [-75.459391, 6.362276], [-75.459487, 6.361245], [-75.459374, 6.361105], [-75.459154, 6.361067], [-75.459209, 6.360357], [-75.459018, 6.359812], [-75.4605, 6.360388], [-75.460687, 6.360618], [-75.460779, 6.360969], [-75.460682, 6.362204], [-75.460295, 6.362731], [-75.459368, 6.363429], [-75.4593, 6.363644], [-75.459755, 6.364077], [-75.460082, 6.364156], [-75.460345, 6.364037], [-75.460616, 6.363527], [-75.460762, 6.363468], [-75.460761, 6.363617], [-75.460575, 6.363931], [-75.460587, 6.364188], [-75.460983, 6.364672], [-75.461543, 6.364902]]], [[[-75.455925, 6.353626], [-75.455864, 6.353499], [-75.455925, 6.353288], [-75.455977, 6.353451], [-75.455925, 6.353626]]], [[[-75.45747, 6.428594], [-75.457425, 6.429435], [-75.456853, 6.428846], [-75.456646, 6.428497], [-75.456587, 6.428189], [-75.456846, 6.428068], [-75.457095, 6.428078], [-75.457282, 6.428169], [-75.45747, 6.428594]]], [[[-75.456939, 6.376864], [-75.456641, 6.376551], [-75.456611, 6.376248], [-75.456941, 6.376564], [-75.456939, 6.376864]]], [[[-75.459219, 6.352819], [-75.459031, 6.353413], [-75.458287, 6.35341], [-75.457768, 6.353634], [-75.45755, 6.353893], [-75.45701, 6.353303], [-75.457072, 6.352782], [-75.457387, 6.352614], [-75.458367, 6.352696], [-75.459032, 6.352549], [-75.459141, 6.352588], [-75.459219, 6.352819]]], [[[-75.458799, 6.374652], [-75.459112, 6.376288], [-75.458752, 6.376583], [-75.458482, 6.376411], [-75.457892, 6.376346], [-75.45767, 6.375662], [-75.457861, 6.375042], [-75.458393, 6.374722], [-75.458799, 6.374652]]], [[[-75.460546, 6.433816], [-75.46041, 6.433965], [-75.460193, 6.433795], [-75.459831, 6.433792], [-75.459662, 6.43399], [-75.459475, 6.43406], [-75.458949, 6.434031], [-75.45874, 6.433924], [-75.458636, 6.433478], [-75.458621, 6.43283], [-75.458758, 6.432003], [-75.459006, 6.431857], [-75.459621, 6.431841], [-75.460335, 6.432212], [-75.460546, 6.433816]]], [[[-75.459268, 6.393772], [-75.45871, 6.393633], [-75.458711, 6.392566], [-75.458877, 6.391955], [-75.45903, 6.392022], [-75.459068, 6.392157], [-75.459125, 6.393062], [-75.459522, 6.393703], [-75.459268, 6.393772]]], [[[-75.459303, 6.370001], [-75.459086, 6.369891], [-75.459202, 6.369536], [-75.459344, 6.36968], [-75.459303, 6.370001]]], [[[-75.470278, 6.387832], [-75.470125, 6.388436], [-75.470281, 6.389168], [-75.470271, 6.389796], [-75.469709, 6.391162], [-75.469127, 6.393637], [-75.468793, 6.394486], [-75.468862, 6.394686], [-75.469085, 6.394886], [-75.469419, 6.395742], [-75.469796, 6.396381], [-75.469747, 6.396573], [-75.469385, 6.396757], [-75.469433, 6.397639], [-75.469049, 6.397783], [-75.46864, 6.398147], [-75.468417, 6.398477], [-75.468233, 6.398991], [-75.467598, 6.399177], [-75.467374, 6.399413], [-75.467197, 6.399808], [-75.466915, 6.399826], [-75.466768, 6.399984], [-75.46656, 6.400494], [-75.466539, 6.401134], [-75.466641, 6.401315], [-75.466979, 6.401406], [-75.46695, 6.401543], [-75.466511, 6.401581], [-75.466182, 6.40191], [-75.465696, 6.401772], [-75.464752, 6.401696], [-75.464503, 6.401474], [-75.464119, 6.400706], [-75.463544, 6.400374], [-75.463399, 6.400206], [-75.463277, 6.399511], [-75.463389, 6.398494], [-75.463324, 6.398148], [-75.462779, 6.397685], [-75.46209, 6.397379], [-75.461785, 6.396858], [-75.461687, 6.396307], [-75.461548, 6.396122], [-75.461385, 6.396088], [-75.461183, 6.396297], [-75.460946, 6.396373], [-75.46034, 6.396261], [-75.460155, 6.395984], [-75.460095, 6.395433], [-75.459743, 6.395223], [-75.459704, 6.394822], [-75.460679, 6.394482], [-75.460739, 6.394317], [-75.461019, 6.394123], [-75.461223, 6.393819], [-75.461513, 6.393691], [-75.461548, 6.392992], [-75.461606, 6.392887], [-75.461834, 6.392816], [-75.462087, 6.39286], [-75.462417, 6.393083], [-75.462794, 6.393793], [-75.463423, 6.394325], [-75.463579, 6.394833], [-75.463882, 6.395183], [-75.46435, 6.395286], [-75.465033, 6.395154], [-75.465313, 6.394844], [-75.46555, 6.394299], [-75.46591, 6.393999], [-75.466109, 6.393529], [-75.466885, 6.393258], [-75.467518, 6.392899], [-75.468115, 6.392322], [-75.468287, 6.391943], [-75.468726, 6.391542], [-75.468871, 6.391216], [-75.468935, 6.390704], [-75.468806, 6.389199], [-75.468847, 6.388832], [-75.46906, 6.388603], [-75.469523, 6.388371], [-75.469552, 6.387895], [-75.469741, 6.387637], [-75.470154, 6.387559], [-75.470278, 6.387832]], [[-75.467113, 6.397799], [-75.466941, 6.397677], [-75.46666, 6.397699], [-75.466472, 6.397946], [-75.466478, 6.398204], [-75.46666, 6.398349], [-75.466969, 6.398331], [-75.467176, 6.398095], [-75.467113, 6.397799]], [[-75.467234, 6.399102], [-75.467153, 6.398877], [-75.466895, 6.398885], [-75.466802, 6.399055], [-75.466834, 6.399335], [-75.467089, 6.399416], [-75.467234, 6.399102]]], [[[-75.464072, 6.3915], [-75.463486, 6.391733], [-75.46314, 6.392012], [-75.463126, 6.392196], [-75.463315, 6.392461], [-75.463303, 6.392585], [-75.462825, 6.392561], [-75.46248, 6.3922], [-75.462209, 6.391684], [-75.461936, 6.391459], [-75.46183, 6.390947], [-75.461718, 6.390802], [-75.460991, 6.390981], [-75.460149, 6.39099], [-75.459775, 6.390915], [-75.459685, 6.390668], [-75.459817, 6.389885], [-75.460419, 6.389634], [-75.460896, 6.389288], [-75.461194, 6.389211], [-75.461514, 6.389326], [-75.461661, 6.389916], [-75.462226, 6.389848], [-75.46253, 6.3899], [-75.462672, 6.389827], [-75.462751, 6.389639], [-75.46273, 6.388886], [-75.463475, 6.388904], [-75.463704, 6.38927], [-75.463938, 6.390263], [-75.46396, 6.391042], [-75.464072, 6.3915]]], [[[-75.460345, 6.401207], [-75.46008, 6.401159], [-75.460101, 6.400906], [-75.460219, 6.400795], [-75.460441, 6.400974], [-75.460453, 6.40112], [-75.460345, 6.401207]]], [[[-75.461511, 6.410602], [-75.461352, 6.410587], [-75.461409, 6.410374], [-75.4616, 6.410485], [-75.461511, 6.410602]]], [[[-75.462342, 6.386728], [-75.462118, 6.387055], [-75.461839, 6.38726], [-75.461713, 6.387263], [-75.461513, 6.386994], [-75.461304, 6.386097], [-75.461847, 6.38599], [-75.462198, 6.386095], [-75.462289, 6.386213], [-75.462342, 6.386728]]], [[[-75.461812, 6.388125], [-75.461708, 6.388083], [-75.46168, 6.388028], [-75.461835, 6.388067], [-75.461812, 6.388125]]], [[[-75.462351, 6.356524], [-75.462188, 6.35663], [-75.461962, 6.356564], [-75.462114, 6.356455], [-75.462351, 6.356524]]], [[[-75.463312, 6.414024], [-75.463037, 6.414519], [-75.462697, 6.414171], [-75.462563, 6.413762], [-75.462853, 6.413738], [-75.463242, 6.413891], [-75.463312, 6.414024]]], [[[-75.462581, 6.353912], [-75.462548, 6.354187], [-75.462294, 6.353959], [-75.462446, 6.353811], [-75.462581, 6.353912]]], [[[-75.465216, 6.407306], [-75.465257, 6.407344], [-75.465208, 6.407378], [-75.465216, 6.407306]]], [[[-75.465054, 6.408003], [-75.464973, 6.408529], [-75.464625, 6.408733], [-75.464448, 6.409004], [-75.464234, 6.409027], [-75.463996, 6.408878], [-75.463915, 6.408477], [-75.464098, 6.408082], [-75.464913, 6.407761], [-75.464983, 6.407771], [-75.465054, 6.408003]]], [[[-75.463409, 6.408787], [-75.463428, 6.40956], [-75.46335, 6.409691], [-75.463226, 6.409762], [-75.462927, 6.409726], [-75.462785, 6.409453], [-75.462825, 6.408931], [-75.463309, 6.408653], [-75.463409, 6.408787]]], [[[-75.463983, 6.371251], [-75.46387, 6.371999], [-75.463877, 6.372878], [-75.463718, 6.373033], [-75.463268, 6.372238], [-75.463028, 6.371612], [-75.463164, 6.371073], [-75.463677, 6.370504], [-75.463806, 6.370554], [-75.463983, 6.371251]]], [[[-75.463988, 6.383837], [-75.463515, 6.383782], [-75.463326, 6.383243], [-75.463602, 6.38325], [-75.464055, 6.383499], [-75.464191, 6.383752], [-75.463988, 6.383837]]], [[[-75.463536, 6.355235], [-75.463452, 6.355313], [-75.463329, 6.355263], [-75.463424, 6.355183], [-75.463536, 6.355235]]], [[[-75.46418, 6.405589], [-75.463807, 6.406018], [-75.463647, 6.406021], [-75.463654, 6.405573], [-75.463855, 6.405268], [-75.464057, 6.40529], [-75.464168, 6.405404], [-75.46418, 6.405589]]], [[[-75.464428, 6.363557], [-75.464324, 6.363972], [-75.46407, 6.363832], [-75.463956, 6.363652], [-75.464276, 6.363499], [-75.464428, 6.363557]]], [[[-75.464381, 6.404222], [-75.4642, 6.404126], [-75.464253, 6.403918], [-75.464389, 6.404075], [-75.464381, 6.404222]]], [[[-75.464344, 6.357367], [-75.464344, 6.357552], [-75.464305, 6.357569], [-75.464344, 6.357367]]], [[[-75.471358, 6.381176], [-75.471134, 6.381142], [-75.471076, 6.380988], [-75.471213, 6.380647], [-75.471515, 6.380342], [-75.47156, 6.380878], [-75.471525, 6.381028], [-75.471358, 6.381176]]], [[[-75.471455, 6.381676], [-75.471476, 6.381808], [-75.471263, 6.382023], [-75.470087, 6.3826], [-75.469941, 6.382744], [-75.470064, 6.382972], [-75.470664, 6.383082], [-75.47081, 6.383325], [-75.470662, 6.384195], [-75.470695, 6.384805], [-75.470575, 6.385012], [-75.470169, 6.384988], [-75.469863, 6.384715], [-75.469819, 6.383024], [-75.469739, 6.38285], [-75.469613, 6.382831], [-75.468762, 6.382971], [-75.468279, 6.383157], [-75.468159, 6.383263], [-75.468058, 6.383943], [-75.467935, 6.384131], [-75.466929, 6.384234], [-75.4664, 6.384062], [-75.466043, 6.384438], [-75.465648, 6.384378], [-75.465659, 6.384268], [-75.466128, 6.383991], [-75.466736, 6.383324], [-75.467475, 6.383057], [-75.468422, 6.381422], [-75.468553, 6.38153], [-75.468649, 6.381849], [-75.468938, 6.382031], [-75.469787, 6.382002], [-75.471455, 6.381676]]], [[[-75.468239, 6.423267], [-75.468036, 6.42372], [-75.467895, 6.424362], [-75.467626, 6.424557], [-75.466554, 6.424619], [-75.466275, 6.42442], [-75.466262, 6.423639], [-75.466422, 6.423418], [-75.466503, 6.422977], [-75.466819, 6.422749], [-75.468158, 6.422731], [-75.468239, 6.423267]]], [[[-75.470112, 6.381197], [-75.469442, 6.381232], [-75.469268, 6.381214], [-75.470112, 6.381197]]], [[[-75.470325, 6.401257], [-75.47, 6.401196], [-75.469694, 6.400794], [-75.469531, 6.40012], [-75.469579, 6.399663], [-75.46986, 6.399676], [-75.470426, 6.399879], [-75.470392, 6.400323], [-75.470527, 6.401053], [-75.470325, 6.401257]]], [[[-75.470118, 6.406101], [-75.470118, 6.406322], [-75.470007, 6.406381], [-75.470006, 6.406178], [-75.470118, 6.406101]]], [[[-75.47211, 6.392898], [-75.471858, 6.393445], [-75.471605, 6.393418], [-75.471612, 6.392894], [-75.471857, 6.39252], [-75.472138, 6.392525], [-75.47211, 6.392898]]], [[[-75.472443, 6.382271], [-75.472351, 6.38244], [-75.472197, 6.382489], [-75.472085, 6.382127], [-75.472312, 6.382033], [-75.472443, 6.382271]]], [[[-75.473801, 6.395227], [-75.473682, 6.395753], [-75.473409, 6.395961], [-75.473168, 6.395948], [-75.472808, 6.395743], [-75.472474, 6.395979], [-75.472338, 6.395927], [-75.472402, 6.395794], [-75.473004, 6.39552], [-75.473217, 6.395335], [-75.473322, 6.395035], [-75.473311, 6.394734], [-75.47349, 6.395038], [-75.473801, 6.395227]]], [[[-75.472391, 6.395054], [-75.472321, 6.395003], [-75.472338, 6.394835], [-75.472437, 6.39497], [-75.472391, 6.395054]]], [[[-75.477241, 6.38391], [-75.477107, 6.385186], [-75.476505, 6.385805], [-75.476363, 6.386283], [-75.476206, 6.387472], [-75.476147, 6.387561], [-75.475909, 6.387605], [-75.475846, 6.38772], [-75.475924, 6.388383], [-75.475881, 6.388763], [-75.475751, 6.388789], [-75.475429, 6.388641], [-75.475321, 6.388699], [-75.474958, 6.389347], [-75.47359, 6.39097], [-75.473774, 6.391201], [-75.474806, 6.390891], [-75.475348, 6.390921], [-75.475651, 6.391064], [-75.475671, 6.391173], [-75.475526, 6.391426], [-75.475141, 6.391739], [-75.47506, 6.391904], [-75.47521, 6.392621], [-75.475126, 6.392617], [-75.475012, 6.392209], [-75.474799, 6.392081], [-75.47462, 6.39214], [-75.474386, 6.392585], [-75.474062, 6.392115], [-75.473253, 6.391713], [-75.473421, 6.391003], [-75.473352, 6.390869], [-75.473078, 6.390712], [-75.472796, 6.390145], [-75.472831, 6.389431], [-75.472718, 6.388788], [-75.473001, 6.388622], [-75.473668, 6.388488], [-75.473958, 6.388269], [-75.47406, 6.387732], [-75.474005, 6.386853], [-75.474289, 6.386723], [-75.474323, 6.38604], [-75.474813, 6.385785], [-75.475074, 6.385377], [-75.475472, 6.385073], [-75.475482, 6.38479], [-75.475308, 6.384551], [-75.475492, 6.384434], [-75.47569, 6.384039], [-75.475776, 6.383478], [-75.475993, 6.383396], [-75.476443, 6.383453], [-75.476739, 6.383357], [-75.477087, 6.383624], [-75.477241, 6.38391]]], [[[-75.474237, 6.382401], [-75.474255, 6.383341], [-75.474083, 6.383648], [-75.473633, 6.383791], [-75.473101, 6.383501], [-75.472753, 6.382942], [-75.472802, 6.382799], [-75.473076, 6.382616], [-75.472871, 6.381586], [-75.472951, 6.381318], [-75.473201, 6.381263], [-75.473394, 6.381347], [-75.473553, 6.38173], [-75.473884, 6.381991], [-75.473932, 6.382329], [-75.474237, 6.382401]]], [[[-75.475006, 6.367883], [-75.474455, 6.36801], [-75.473888, 6.367888], [-75.473205, 6.367863], [-75.473035, 6.367776], [-75.473023, 6.36748], [-75.473096, 6.367387], [-75.474048, 6.367248], [-75.474211, 6.367093], [-75.474076, 6.366616], [-75.473622, 6.365846], [-75.473325, 6.365591], [-75.47329, 6.365406], [-75.473513, 6.36537], [-75.47373, 6.365523], [-75.474227, 6.365593], [-75.474402, 6.366076], [-75.474846, 6.366426], [-75.474955, 6.366674], [-75.474933, 6.366884], [-75.474626, 6.367128], [-75.474588, 6.367251], [-75.475022, 6.367734], [-75.475006, 6.367883]]], [[[-75.474352, 6.360837], [-75.474137, 6.361003], [-75.473759, 6.360853], [-75.473538, 6.360558], [-75.473602, 6.360236], [-75.473894, 6.360144], [-75.474192, 6.360304], [-75.474356, 6.360502], [-75.474352, 6.360837]]], [[[-75.485326, 6.404849], [-75.485033, 6.405987], [-75.484602, 6.406143], [-75.483687, 6.406052], [-75.483604, 6.405893], [-75.483419, 6.40437], [-75.483555, 6.404357], [-75.484482, 6.404835], [-75.484689, 6.404853], [-75.484808, 6.404635], [-75.484832, 6.403471], [-75.484984, 6.403386], [-75.48517, 6.403413], [-75.485263, 6.403543], [-75.485161, 6.404248], [-75.485326, 6.404849]]], [[[-75.483564, 6.403833], [-75.483276, 6.403539], [-75.482997, 6.403432], [-75.482902, 6.403262], [-75.482921, 6.402646], [-75.483218, 6.40239], [-75.482966, 6.401975], [-75.482999, 6.401787], [-75.483155, 6.401615], [-75.48315, 6.401468], [-75.482575, 6.401211], [-75.482248, 6.400925], [-75.481989, 6.400111], [-75.481534, 6.399885], [-75.481494, 6.399541], [-75.481802, 6.399343], [-75.481882, 6.399001], [-75.481438, 6.39863], [-75.481239, 6.39752], [-75.48098, 6.397068], [-75.480815, 6.396948], [-75.480502, 6.396932], [-75.480273, 6.397369], [-75.479738, 6.397602], [-75.479427, 6.397865], [-75.479321, 6.398331], [-75.477865, 6.398276], [-75.477623, 6.398199], [-75.477398, 6.397905], [-75.477004, 6.397721], [-75.476892, 6.397048], [-75.476673, 6.396418], [-75.476752, 6.396188], [-75.476994, 6.396058], [-75.477365, 6.396008], [-75.47848, 6.396029], [-75.478601, 6.395942], [-75.478664, 6.395735], [-75.479006, 6.39564], [-75.480095, 6.395661], [-75.48048, 6.395762], [-75.480763, 6.395959], [-75.480991, 6.39672], [-75.481212, 6.396875], [-75.481501, 6.396918], [-75.481845, 6.396856], [-75.482071, 6.396703], [-75.482182, 6.396217], [-75.48291, 6.396153], [-75.483158, 6.396325], [-75.483585, 6.397131], [-75.483646, 6.397944], [-75.483449, 6.398136], [-75.483222, 6.398642], [-75.482222, 6.398955], [-75.482143, 6.39905], [-75.482158, 6.399389], [-75.482703, 6.399574], [-75.482787, 6.399708], [-75.482776, 6.399953], [-75.482941, 6.400105], [-75.483625, 6.400128], [-75.483963, 6.399926], [-75.484382, 6.400415], [-75.485165, 6.400568], [-75.485292, 6.400701], [-75.485151, 6.401364], [-75.484507, 6.401938], [-75.484329, 6.402312], [-75.484218, 6.402839], [-75.483814, 6.403203], [-75.483564, 6.403833]]], [[[-75.476262, 6.396401], [-75.475899, 6.396814], [-75.475726, 6.397596], [-75.475583, 6.397827], [-75.47563, 6.398329], [-75.475809, 6.398557], [-75.476166, 6.39871], [-75.476394, 6.3987], [-75.476708, 6.3985], [-75.476905, 6.39856], [-75.477211, 6.398896], [-75.477258, 6.399301], [-75.47699, 6.399927], [-75.476686, 6.40005], [-75.476388, 6.400419], [-75.475424, 6.400603], [-75.475219, 6.400835], [-75.474934, 6.400864], [-75.474798, 6.400724], [-75.474818, 6.400222], [-75.475011, 6.400088], [-75.475868, 6.400106], [-75.475931, 6.399799], [-75.47584, 6.399416], [-75.474959, 6.399149], [-75.474423, 6.399368], [-75.473924, 6.399363], [-75.47378, 6.399251], [-75.473799, 6.399074], [-75.47403, 6.398718], [-75.474121, 6.398022], [-75.474275, 6.397741], [-75.47471, 6.397501], [-75.475393, 6.397414], [-75.475545, 6.397303], [-75.475642, 6.396908], [-75.475614, 6.396585], [-75.475341, 6.396432], [-75.475238, 6.396071], [-75.474939, 6.395912], [-75.475205, 6.395714], [-75.475371, 6.395379], [-75.475496, 6.395378], [-75.475889, 6.395969], [-75.47622, 6.396069], [-75.476262, 6.396401]]], [[[-75.477203, 6.400272], [-75.477292, 6.400416], [-75.477242, 6.4005], [-75.477148, 6.400457], [-75.477203, 6.400272]]], [[[-75.476515, 6.391683], [-75.476428, 6.391582], [-75.476454, 6.391498], [-75.476578, 6.391615], [-75.476515, 6.391683]]], [[[-75.478864, 6.388655], [-75.478333, 6.388922], [-75.477667, 6.388767], [-75.477569, 6.388479], [-75.477655, 6.387853], [-75.477917, 6.387812], [-75.478192, 6.387895], [-75.478467, 6.388408], [-75.478864, 6.388655]]], [[[-75.478279, 6.383538], [-75.478203, 6.383583], [-75.478105, 6.383571], [-75.478164, 6.383507], [-75.478279, 6.383538]]], [[[-75.479005, 6.363208], [-75.478553, 6.363859], [-75.478388, 6.363919], [-75.478269, 6.363657], [-75.478302, 6.363333], [-75.478558, 6.362739], [-75.478704, 6.362583], [-75.478946, 6.362711], [-75.479097, 6.362909], [-75.479005, 6.363208]]], [[[-75.47957, 6.385441], [-75.479492, 6.385498], [-75.478867, 6.38545], [-75.478774, 6.385258], [-75.478883, 6.385145], [-75.479263, 6.385138], [-75.479444, 6.385222], [-75.47957, 6.385441]]], [[[-75.480615, 6.4112], [-75.480566, 6.411323], [-75.480118, 6.411493], [-75.479507, 6.411173], [-75.479768, 6.411095], [-75.480615, 6.4112]]], [[[-75.479441, 6.384431], [-75.479329, 6.384622], [-75.479241, 6.384411], [-75.479271, 6.384153], [-75.479407, 6.384229], [-75.479441, 6.384431]]], [[[-75.481045, 6.380472], [-75.48078, 6.380461], [-75.480314, 6.380225], [-75.48011, 6.379669], [-75.480143, 6.379551], [-75.480684, 6.379533], [-75.481196, 6.379691], [-75.481173, 6.379944], [-75.481275, 6.380256], [-75.481045, 6.380472]]], [[[-75.488558, 6.396418], [-75.488316, 6.396422], [-75.488114, 6.396108], [-75.487945, 6.394878], [-75.48772, 6.394408], [-75.487872, 6.39377], [-75.487716, 6.393553], [-75.487516, 6.392958], [-75.486666, 6.393051], [-75.485815, 6.393271], [-75.485523, 6.393251], [-75.484767, 6.392991], [-75.484335, 6.393076], [-75.48438, 6.392473], [-75.483911, 6.392237], [-75.483423, 6.39219], [-75.48249, 6.392324], [-75.482186, 6.392454], [-75.482058, 6.393197], [-75.481649, 6.393497], [-75.481201, 6.393317], [-75.480885, 6.392982], [-75.480602, 6.392939], [-75.480621, 6.392815], [-75.480912, 6.392826], [-75.481114, 6.392706], [-75.481147, 6.392207], [-75.481311, 6.391796], [-75.481166, 6.391548], [-75.480789, 6.391522], [-75.480581, 6.391811], [-75.480625, 6.392378], [-75.480249, 6.392305], [-75.480157, 6.39093], [-75.480263, 6.390141], [-75.480324, 6.390113], [-75.480461, 6.390294], [-75.480618, 6.390342], [-75.481358, 6.389707], [-75.481528, 6.389386], [-75.481532, 6.389005], [-75.481425, 6.388708], [-75.481494, 6.388513], [-75.482227, 6.388448], [-75.482484, 6.388326], [-75.48251, 6.388466], [-75.482259, 6.388753], [-75.482372, 6.389045], [-75.482697, 6.389209], [-75.48339, 6.389176], [-75.483788, 6.389515], [-75.484039, 6.389607], [-75.484146, 6.389848], [-75.484699, 6.390455], [-75.484927, 6.391042], [-75.485145, 6.391208], [-75.485707, 6.391413], [-75.485895, 6.391385], [-75.486136, 6.391161], [-75.487047, 6.391251], [-75.486181, 6.391652], [-75.486124, 6.392218], [-75.48631, 6.392378], [-75.487488, 6.392535], [-75.488217, 6.392971], [-75.488328, 6.393769], [-75.488623, 6.394312], [-75.488443, 6.394797], [-75.488573, 6.395178], [-75.488532, 6.395891], [-75.48861, 6.396292], [-75.488558, 6.396418]], [[-75.484987, 6.392668], [-75.484798, 6.392353], [-75.48461, 6.392386], [-75.484526, 6.392568], [-75.484617, 6.392782], [-75.484735, 6.392848], [-75.484916, 6.392791], [-75.484987, 6.392668]]], [[[-75.48418, 6.389014], [-75.483997, 6.388185], [-75.483452, 6.388109], [-75.483351, 6.387988], [-75.483932, 6.387353], [-75.4841, 6.387465], [-75.484287, 6.388297], [-75.484502, 6.388474], [-75.484626, 6.388724], [-75.484709, 6.38906], [-75.484673, 6.389366], [-75.484386, 6.389478], [-75.48418, 6.389014]]], [[[-75.487797, 6.397106], [-75.487724, 6.397735], [-75.487544, 6.39791], [-75.487268, 6.397993], [-75.486616, 6.397918], [-75.486335, 6.397618], [-75.486356, 6.397059], [-75.486547, 6.396624], [-75.487287, 6.396566], [-75.487536, 6.396656], [-75.487706, 6.396835], [-75.487797, 6.397106]]], [[[-75.480674, 6.402625], [-75.480343, 6.40257], [-75.48025, 6.402097], [-75.480397, 6.40208], [-75.480691, 6.402299], [-75.480758, 6.402473], [-75.480674, 6.402625]]], [[[-75.484349, 6.418374], [-75.484114, 6.418468], [-75.484029, 6.41861], [-75.484229, 6.419307], [-75.484214, 6.419671], [-75.48386, 6.419867], [-75.483048, 6.419905], [-75.482774, 6.419237], [-75.48236, 6.418951], [-75.482447, 6.418792], [-75.482824, 6.418626], [-75.483202, 6.418166], [-75.483307, 6.418241], [-75.483396, 6.41851], [-75.483546, 6.418579], [-75.48375, 6.418545], [-75.483974, 6.418275], [-75.484349, 6.418374]]], [[[-75.482522, 6.420096], [-75.48236, 6.420231], [-75.481844, 6.419944], [-75.481641, 6.419481], [-75.481348, 6.419308], [-75.48106, 6.418904], [-75.48151, 6.418722], [-75.481881, 6.41892], [-75.482265, 6.419505], [-75.482522, 6.420096]]], [[[-75.481526, 6.418258], [-75.481404, 6.418107], [-75.481409, 6.417824], [-75.481257, 6.417624], [-75.481222, 6.417285], [-75.481339, 6.417192], [-75.481522, 6.41724], [-75.481629, 6.417573], [-75.481662, 6.41828], [-75.481526, 6.418258]]], [[[-75.485254, 6.411618], [-75.484735, 6.411835], [-75.484318, 6.412111], [-75.483614, 6.412116], [-75.483525, 6.411633], [-75.483383, 6.411382], [-75.482831, 6.411199], [-75.483437, 6.410881], [-75.483379, 6.410388], [-75.48367, 6.409892], [-75.484234, 6.409848], [-75.484618, 6.410175], [-75.485073, 6.410342], [-75.485306, 6.411376], [-75.485254, 6.411618]]], [[[-75.483923, 6.422485], [-75.483849, 6.422891], [-75.483593, 6.4229], [-75.48349, 6.422571], [-75.48356, 6.422362], [-75.483838, 6.422285], [-75.483923, 6.422485]]], [[[-75.48609, 6.393853], [-75.485853, 6.393903], [-75.485458, 6.393872], [-75.485695, 6.393819], [-75.48609, 6.393853]]], [[[-75.486812, 6.424377], [-75.486284, 6.424446], [-75.485898, 6.424317], [-75.485802, 6.423984], [-75.485868, 6.423629], [-75.486364, 6.423513], [-75.486991, 6.423565], [-75.487042, 6.424131], [-75.486812, 6.424377]]]]}, "properties": {"clase": 5, "area_ha": 571.8988775479584}}]}