{"type": "FeatureCollection", "name": "inundacion_amenaza", "crs": {"type": "name", "properties": {"name": "urn:ogc:def:crs:OGC:1.3:CRS84"}}, "features": [{"type": "Feature", "geometry": {"type": "MultiPolygon", "coordinates": [[[[-75.408618, 6.357957], [-75.408576, 6.357877], [-75.408626, 6.357823], [-75.408618, 6.357957]]], [[[-75.413618, 6.354458], [-75.413617, 6.354255], [-75.413673, 6.354244], [-75.413618, 6.354458]]], [[[-75.422555, 6.392579], [-75.422134, 6.392303], [-75.421632, 6.392208], [-75.422015, 6.392201], [-75.422555, 6.392579]]], [[[-75.421873, 6.391912], [-75.421549, 6.391853], [-75.422009, 6.391757], [-75.422043, 6.391371], [-75.4221, 6.391811], [-75.421873, 6.391912]]], [[[-75.421271, 6.391861], [-75.421027, 6.39204], [-75.42067, 6.392115], [-75.420292, 6.392374], [-75.420191, 6.392352], [-75.420264, 6.392166], [-75.420465, 6.391996], [-75.421271, 6.391861]]], [[[-75.420036, 6.392622], [-75.419671, 6.392686], [-75.419272, 6.392534], [-75.420036, 6.392622]]], [[[-75.419069, 6.392545], [-75.418343, 6.392471], [-75.418269, 6.392336], [-75.41848, 6.392451], [-75.419069, 6.392545]]], [[[-75.419307, 6.392322], [-75.418734, 6.39197], [-75.418701, 6.391744], [-75.418794, 6.391597], [-75.41909, 6.391606], [-75.418808, 6.391687], [-75.418781, 6.391941], [-75.419225, 6.392162], [-75.419307, 6.392322]]], [[[-75.419961, 6.38935], [-75.420045, 6.389297], [-75.420087, 6.389299], [-75.420056, 6.389342], [-75.419961, 6.38935]]], [[[-75.419492, 6.389384], [-75.419687, 6.389442], [-75.419741, 6.389491], [-75.419653, 6.389489], [-75.419492, 6.389384]]], [[[-75.42028, 6.340977], [-75.420058, 6.341448], [-75.419961, 6.34166], [-75.420109, 6.341247], [-75.42028, 6.340977]]], [[[-75.419921, 6.341955], [-75.419744, 6.342254], [-75.419944, 6.342405], [-75.419529, 6.342225], [-75.419921, 6.341955]]], [[[-75.420212, 6.342543], [-75.420227, 6.342608], [-75.420161, 6.342517], [-75.420212, 6.342543]]], [[[-75.420601, 6.389169], [-75.420462, 6.388972], [-75.420441, 6.388899], [-75.420515, 6.388975], [-75.420601, 6.389169]]], [[[-75.421208, 6.39047], [-75.420985, 6.3903], [-75.420995, 6.38997], [-75.421021, 6.390216], [-75.421208, 6.39047]]], [[[-75.420818, 6.389505], [-75.42088, 6.389674], [-75.420692, 6.389429], [-75.420818, 6.389505]]], [[[-75.420925, 6.389417], [-75.420989, 6.389436], [-75.420988, 6.389501], [-75.420925, 6.389417]]], [[[-75.420569, 6.342883], [-75.420426, 6.34281], [-75.420415, 6.342785], [-75.420569, 6.342883]]], [[[-75.421914, 6.399092], [-75.421708, 6.399208], [-75.421616, 6.399149], [-75.421734, 6.399064], [-75.421914, 6.399092]]], [[[-75.421403, 6.399332], [-75.421426, 6.399264], [-75.42151, 6.399214], [-75.421476, 6.399318], [-75.421403, 6.399332]]], [[[-75.421048, 6.399537], [-75.421217, 6.399421], [-75.421254, 6.399417], [-75.421048, 6.399537]]], [[[-75.425648, 6.394747], [-75.425515, 6.394733], [-75.425457, 6.394563], [-75.425673, 6.394533], [-75.425648, 6.394747]]], [[[-75.425766, 6.394932], [-75.425625, 6.395083], [-75.425599, 6.394998], [-75.425698, 6.394892], [-75.425766, 6.394932]]], [[[-75.425114, 6.395447], [-75.424154, 6.395792], [-75.423739, 6.39606], [-75.423652, 6.396044], [-75.424214, 6.395405], [-75.424241, 6.394937], [-75.424406, 6.394757], [-75.42433, 6.394568], [-75.424646, 6.394968], [-75.425134, 6.395108], [-75.425199, 6.39522], [-75.425114, 6.395447]]], [[[-75.42354, 6.395939], [-75.423027, 6.396257], [-75.422592, 6.39677], [-75.421931, 6.397024], [-75.421594, 6.397568], [-75.421506, 6.397986], [-75.421279, 6.397974], [-75.421595, 6.398427], [-75.421195, 6.398394], [-75.42111, 6.398124], [-75.42119, 6.397529], [-75.421754, 6.397005], [-75.421898, 6.396568], [-75.422261, 6.396423], [-75.42274, 6.396507], [-75.422954, 6.39599], [-75.422781, 6.395556], [-75.423727, 6.395353], [-75.42354, 6.395939]]], [[[-75.423554, 6.396449], [-75.423219, 6.396861], [-75.42297, 6.396931], [-75.42312, 6.396577], [-75.423426, 6.396274], [-75.423554, 6.396449]]], [[[-75.421368, 6.399032], [-75.421311, 6.398863], [-75.421395, 6.39875], [-75.421429, 6.398851], [-75.421368, 6.399032]]], [[[-75.42128, 6.343409], [-75.421214, 6.343259], [-75.421128, 6.343159], [-75.421261, 6.34327], [-75.42128, 6.343409]]], [[[-75.421828, 6.39048], [-75.42171, 6.390399], [-75.422061, 6.390431], [-75.422324, 6.390189], [-75.422465, 6.3899], [-75.422708, 6.38986], [-75.422201, 6.390403], [-75.421828, 6.39048]]], [[[-75.422278, 6.390922], [-75.422211, 6.390932], [-75.422156, 6.390859], [-75.422233, 6.390836], [-75.422278, 6.390922]]], [[[-75.42663, 6.406269], [-75.426406, 6.406355], [-75.426386, 6.406067], [-75.426155, 6.40585], [-75.425859, 6.405035], [-75.425889, 6.404922], [-75.426016, 6.404896], [-75.425854, 6.404644], [-75.42587, 6.404391], [-75.425777, 6.404261], [-75.425586, 6.404202], [-75.425627, 6.404153], [-75.425951, 6.40425], [-75.42603, 6.40467], [-75.426392, 6.405019], [-75.426462, 6.405334], [-75.426315, 6.405701], [-75.42665, 6.405649], [-75.426669, 6.405895], [-75.426804, 6.406082], [-75.42663, 6.406269]]], [[[-75.425633, 6.405151], [-75.425213, 6.405979], [-75.424966, 6.40606], [-75.424558, 6.40638], [-75.424089, 6.406009], [-75.423661, 6.405521], [-75.423515, 6.405187], [-75.423573, 6.404898], [-75.423496, 6.404705], [-75.423438, 6.404703], [-75.423423, 6.404981], [-75.42322, 6.405022], [-75.422696, 6.404648], [-75.422249, 6.404465], [-75.422229, 6.404322], [-75.422571, 6.404347], [-75.422516, 6.40413], [-75.422663, 6.404006], [-75.423469, 6.403978], [-75.424739, 6.403617], [-75.425304, 6.40358], [-75.425301, 6.403662], [-75.424797, 6.40387], [-75.424371, 6.40396], [-75.42429, 6.404212], [-75.424582, 6.404417], [-75.424722, 6.40469], [-75.425497, 6.404964], [-75.425633, 6.405151]]], [[[-75.425855, 6.406501], [-75.425767, 6.406631], [-75.425714, 6.406489], [-75.425855, 6.406501]]], [[[-75.425584, 6.406693], [-75.425434, 6.406987], [-75.425205, 6.406991], [-75.424941, 6.406758], [-75.424834, 6.406502], [-75.425089, 6.406165], [-75.425242, 6.406161], [-75.425584, 6.406693]]], [[[-75.424842, 6.40432], [-75.424934, 6.404162], [-75.425178, 6.404038], [-75.42546, 6.404299], [-75.425352, 6.404454], [-75.424993, 6.404577], [-75.424881, 6.404499], [-75.424842, 6.40432]]], [[[-75.422568, 6.391392], [-75.42254, 6.391265], [-75.422446, 6.391113], [-75.422573, 6.391231], [-75.422568, 6.391392]]], [[[-75.422514, 6.390579], [-75.422514, 6.390629], [-75.422438, 6.390629], [-75.422514, 6.390579]]], [[[-75.422366, 6.342069], [-75.422383, 6.34212], [-75.422332, 6.34212], [-75.422366, 6.342069]]], [[[-75.423003, 6.389446], [-75.422972, 6.389582], [-75.422945, 6.389633], [-75.423003, 6.389446]]], [[[-75.423733, 6.400635], [-75.423607, 6.400951], [-75.423185, 6.401079], [-75.423184, 6.400765], [-75.423526, 6.400814], [-75.423733, 6.400635]]], [[[-75.423221, 6.34145], [-75.423154, 6.341534], [-75.423089, 6.341561], [-75.423142, 6.341481], [-75.423221, 6.34145]]], [[[-75.423753, 6.392568], [-75.423545, 6.39243], [-75.423429, 6.392213], [-75.423641, 6.392348], [-75.423753, 6.392568]]], [[[-75.424037, 6.399372], [-75.423922, 6.39943], [-75.423851, 6.39937], [-75.423954, 6.399219], [-75.424037, 6.399372]]], [[[-75.42423, 6.399966], [-75.424015, 6.400432], [-75.423917, 6.400455], [-75.42423, 6.399966]]], [[[-75.424378, 6.393474], [-75.424258, 6.394017], [-75.424232, 6.393747], [-75.424315, 6.39352], [-75.424095, 6.393433], [-75.424068, 6.393302], [-75.424378, 6.393474]]], [[[-75.424009, 6.336315], [-75.423943, 6.336247], [-75.423891, 6.33612], [-75.423974, 6.33623], [-75.424009, 6.336315]]], [[[-75.425287, 6.399328], [-75.425189, 6.399563], [-75.424786, 6.399434], [-75.425197, 6.399291], [-75.425287, 6.399328]]], [[[-75.424473, 6.399379], [-75.42428, 6.399284], [-75.424265, 6.39924], [-75.424509, 6.399297], [-75.424473, 6.399379]]], [[[-75.424296, 6.329241], [-75.424075, 6.328731], [-75.424009, 6.328702], [-75.423959, 6.328799], [-75.423947, 6.328632], [-75.424182, 6.328809], [-75.424296, 6.329241]]], [[[-75.424182, 6.329438], [-75.42423, 6.329608], [-75.424218, 6.32981], [-75.424175, 6.329572], [-75.424182, 6.329438]]], [[[-75.424287, 6.341137], [-75.424169, 6.341165], [-75.424036, 6.341163], [-75.424248, 6.341091], [-75.424287, 6.341137]]], [[[-75.424348, 6.392542], [-75.424272, 6.392565], [-75.42427, 6.392534], [-75.424348, 6.392542]]], [[[-75.429575, 6.394483], [-75.429517, 6.394501], [-75.42945, 6.394421], [-75.429575, 6.394483]]], [[[-75.428606, 6.395432], [-75.428198, 6.39555], [-75.428189, 6.396115], [-75.426973, 6.396708], [-75.425756, 6.396923], [-75.42491, 6.396699], [-75.424806, 6.396604], [-75.425227, 6.396177], [-75.425779, 6.395862], [-75.425701, 6.396712], [-75.425893, 6.396812], [-75.426071, 6.396728], [-75.426267, 6.395882], [-75.426175, 6.395132], [-75.426387, 6.394276], [-75.426327, 6.394108], [-75.426066, 6.393992], [-75.425232, 6.393809], [-75.425053, 6.393657], [-75.424896, 6.393772], [-75.424742, 6.393442], [-75.424751, 6.39292], [-75.425156, 6.393156], [-75.425512, 6.393037], [-75.425739, 6.39283], [-75.425923, 6.392885], [-75.426341, 6.392764], [-75.426484, 6.392475], [-75.426401, 6.391938], [-75.426459, 6.391052], [-75.426609, 6.391836], [-75.426805, 6.391895], [-75.42712, 6.39115], [-75.427328, 6.39127], [-75.427457, 6.391475], [-75.427562, 6.391408], [-75.427597, 6.391132], [-75.427365, 6.390711], [-75.427596, 6.390705], [-75.427852, 6.39086], [-75.427995, 6.390822], [-75.428131, 6.390653], [-75.427914, 6.390508], [-75.428218, 6.390202], [-75.428419, 6.390501], [-75.42843, 6.390887], [-75.428543, 6.391217], [-75.429062, 6.391956], [-75.429136, 6.392448], [-75.429005, 6.392554], [-75.428936, 6.392789], [-75.428599, 6.392635], [-75.428117, 6.391516], [-75.427908, 6.391361], [-75.427763, 6.39199], [-75.427675, 6.391929], [-75.427615, 6.391639], [-75.42748, 6.391607], [-75.427279, 6.391862], [-75.427184, 6.392235], [-75.427382, 6.392806], [-75.427819, 6.393219], [-75.427488, 6.393169], [-75.427465, 6.393319], [-75.427593, 6.393708], [-75.427851, 6.393921], [-75.428151, 6.393326], [-75.428683, 6.392988], [-75.428813, 6.393021], [-75.429023, 6.3934], [-75.429241, 6.393349], [-75.429286, 6.393178], [-75.429422, 6.39327], [-75.429373, 6.393479], [-75.428872, 6.393501], [-75.428607, 6.393659], [-75.428185, 6.393338], [-75.428147, 6.393853], [-75.428326, 6.394096], [-75.428462, 6.394145], [-75.428784, 6.393963], [-75.429033, 6.393938], [-75.429366, 6.394653], [-75.42905, 6.395134], [-75.428606, 6.395432]], [[-75.427134, 6.391455], [-75.427163, 6.391653], [-75.427306, 6.391528], [-75.427319, 6.391336], [-75.427218, 6.39132], [-75.427134, 6.391455]]], [[[-75.428216, 6.392213], [-75.428097, 6.392061], [-75.428028, 6.39183], [-75.428198, 6.392111], [-75.428216, 6.392213]]], [[[-75.429678, 6.394433], [-75.430023, 6.394413], [-75.430074, 6.394492], [-75.429947, 6.394571], [-75.429687, 6.394545], [-75.429678, 6.394433]]], [[[-75.430604, 6.394161], [-75.430428, 6.394342], [-75.430302, 6.394369], [-75.430525, 6.394106], [-75.430604, 6.394161]]], [[[-75.430721, 6.394473], [-75.430763, 6.394539], [-75.430702, 6.39459], [-75.430629, 6.394512], [-75.430721, 6.394473]]], [[[-75.424678, 6.385217], [-75.424655, 6.385118], [-75.424705, 6.385112], [-75.424678, 6.385217]]], [[[-75.424707, 6.347992], [-75.424596, 6.347925], [-75.424666, 6.347719], [-75.424658, 6.347899], [-75.424707, 6.347992]]], [[[-75.425482, 6.339663], [-75.425298, 6.339902], [-75.425108, 6.340008], [-75.425482, 6.339663]]], [[[-75.424961, 6.340252], [-75.424661, 6.340623], [-75.424596, 6.340834], [-75.424654, 6.340583], [-75.424961, 6.340252]]], [[[-75.424659, 6.340304], [-75.424624, 6.340266], [-75.424673, 6.340266], [-75.424659, 6.340304]]], [[[-75.425219, 6.337117], [-75.42512, 6.337194], [-75.425043, 6.337118], [-75.425168, 6.337067], [-75.425219, 6.337117]]], [[[-75.429841, 6.397968], [-75.429558, 6.398715], [-75.428904, 6.398988], [-75.428443, 6.399671], [-75.427943, 6.399966], [-75.427701, 6.400317], [-75.427543, 6.40033], [-75.427374, 6.400203], [-75.427305, 6.400054], [-75.42735, 6.399897], [-75.428154, 6.39948], [-75.428524, 6.398627], [-75.428808, 6.398888], [-75.428985, 6.398826], [-75.42905, 6.39849], [-75.429728, 6.397664], [-75.429841, 6.397968]]], [[[-75.4272, 6.400153], [-75.42734, 6.400603], [-75.426997, 6.400203], [-75.426832, 6.400149], [-75.426873, 6.400882], [-75.426193, 6.401124], [-75.425885, 6.40035], [-75.425506, 6.399809], [-75.425686, 6.399768], [-75.426081, 6.399996], [-75.426372, 6.400032], [-75.426988, 6.399962], [-75.4272, 6.400153]]], [[[-75.425841, 6.345133], [-75.425686, 6.345501], [-75.425791, 6.345021], [-75.425841, 6.345133]]], [[[-75.4256, 6.345523], [-75.425509, 6.346078], [-75.425393, 6.346192], [-75.4256, 6.345523]]], [[[-75.425278, 6.346086], [-75.425239, 6.346076], [-75.425288, 6.346023], [-75.425278, 6.346086]]], [[[-75.4257, 6.344297], [-75.4256, 6.34431], [-75.425582, 6.344293], [-75.4257, 6.344297]]], [[[-75.425474, 6.344253], [-75.425356, 6.344276], [-75.425347, 6.344254], [-75.425474, 6.344253]]], [[[-75.426885, 6.386856], [-75.426854, 6.386792], [-75.426724, 6.386688], [-75.426854, 6.386724], [-75.426885, 6.386856]]], [[[-75.427413, 6.400874], [-75.427363, 6.400958], [-75.427226, 6.401015], [-75.427305, 6.400879], [-75.427413, 6.400874]]], [[[-75.427066, 6.340861], [-75.427127, 6.340731], [-75.4272, 6.340735], [-75.427209, 6.340775], [-75.427066, 6.340861]]], [[[-75.427606, 6.387506], [-75.427479, 6.387466], [-75.427407, 6.387207], [-75.427585, 6.387268], [-75.427606, 6.387506]]], [[[-75.427421, 6.328068], [-75.427713, 6.328776], [-75.427458, 6.328277], [-75.42732, 6.327717], [-75.427372, 6.327357], [-75.427686, 6.327114], [-75.427436, 6.327357], [-75.4274, 6.327499], [-75.427421, 6.328068]]], [[[-75.427776, 6.327461], [-75.427666, 6.327825], [-75.427761, 6.328253], [-75.427622, 6.327876], [-75.427776, 6.327461]]], [[[-75.427813, 6.328448], [-75.427914, 6.328664], [-75.427941, 6.328771], [-75.427813, 6.328448]]], [[[-75.427622, 6.321718], [-75.427628, 6.321599], [-75.427704, 6.321605], [-75.427828, 6.321677], [-75.427894, 6.32181], [-75.427622, 6.321718]]], [[[-75.428636, 6.389163], [-75.428503, 6.38881], [-75.428247, 6.388582], [-75.428618, 6.388794], [-75.428636, 6.389163]]], [[[-75.428311, 6.389516], [-75.428234, 6.389407], [-75.428234, 6.389306], [-75.42831, 6.389449], [-75.428311, 6.389516]]], [[[-75.428432, 6.341425], [-75.428376, 6.34147], [-75.428262, 6.341358], [-75.428432, 6.341425]]], [[[-75.429322, 6.396107], [-75.428819, 6.396739], [-75.428703, 6.39678], [-75.428814, 6.396084], [-75.42914, 6.396032], [-75.429322, 6.396107]]], [[[-75.428609, 6.39712], [-75.428701, 6.397284], [-75.428632, 6.397308], [-75.428609, 6.39712]]], [[[-75.439274, 6.384602], [-75.439109, 6.384708], [-75.439002, 6.384556], [-75.43897, 6.384242], [-75.439158, 6.384006], [-75.439297, 6.384048], [-75.439368, 6.384272], [-75.439274, 6.384602]]], [[[-75.438824, 6.383739], [-75.438926, 6.383672], [-75.438978, 6.383925], [-75.43883, 6.383903], [-75.438824, 6.383739]]], [[[-75.438605, 6.383793], [-75.438529, 6.384715], [-75.438759, 6.385134], [-75.438486, 6.38552], [-75.438179, 6.385294], [-75.438169, 6.385209], [-75.43831, 6.385096], [-75.438062, 6.38451], [-75.438222, 6.384372], [-75.438394, 6.384485], [-75.43848, 6.384445], [-75.438494, 6.384201], [-75.438349, 6.384126], [-75.438323, 6.383966], [-75.438774, 6.383434], [-75.438605, 6.383793]]], [[[-75.438111, 6.386238], [-75.436751, 6.386874], [-75.436587, 6.386847], [-75.436592, 6.38655], [-75.436834, 6.386147], [-75.436877, 6.385599], [-75.437151, 6.38476], [-75.436664, 6.385605], [-75.436487, 6.386083], [-75.436387, 6.386143], [-75.436481, 6.386374], [-75.436414, 6.38659], [-75.436264, 6.386729], [-75.43592, 6.386715], [-75.43556, 6.386508], [-75.435422, 6.38658], [-75.435263, 6.38638], [-75.435037, 6.386298], [-75.434581, 6.38657], [-75.433815, 6.386476], [-75.433157, 6.386835], [-75.433205, 6.38742], [-75.4326, 6.387575], [-75.432496, 6.387788], [-75.432827, 6.387721], [-75.432982, 6.387861], [-75.433107, 6.387864], [-75.43324, 6.387542], [-75.43339, 6.387526], [-75.433754, 6.388273], [-75.434376, 6.389148], [-75.434403, 6.389493], [-75.434035, 6.390197], [-75.433918, 6.390938], [-75.433642, 6.390904], [-75.433698, 6.391036], [-75.433901, 6.391102], [-75.433841, 6.391294], [-75.433387, 6.391612], [-75.432648, 6.391751], [-75.432688, 6.391945], [-75.432401, 6.392145], [-75.432124, 6.392094], [-75.432103, 6.39185], [-75.431905, 6.391503], [-75.431893, 6.391155], [-75.432362, 6.391009], [-75.432454, 6.390887], [-75.432854, 6.390863], [-75.432863, 6.390564], [-75.432532, 6.389902], [-75.431669, 6.388973], [-75.431586, 6.388715], [-75.431658, 6.388522], [-75.431539, 6.388369], [-75.431317, 6.388264], [-75.431078, 6.388286], [-75.430786, 6.388093], [-75.430816, 6.388739], [-75.430661, 6.388733], [-75.430613, 6.388507], [-75.430232, 6.388511], [-75.431428, 6.389711], [-75.431661, 6.390248], [-75.431628, 6.390431], [-75.431499, 6.390549], [-75.431166, 6.390455], [-75.43058, 6.389771], [-75.430434, 6.389508], [-75.43065, 6.389276], [-75.430347, 6.388948], [-75.429751, 6.388815], [-75.429319, 6.388936], [-75.428914, 6.389175], [-75.42895, 6.388781], [-75.429122, 6.388707], [-75.429162, 6.388847], [-75.429281, 6.388859], [-75.429424, 6.388511], [-75.429943, 6.388155], [-75.430793, 6.387883], [-75.431073, 6.387455], [-75.431471, 6.387117], [-75.432927, 6.386699], [-75.433577, 6.386017], [-75.434514, 6.385479], [-75.434907, 6.38553], [-75.436102, 6.386102], [-75.436513, 6.385818], [-75.436696, 6.385279], [-75.436617, 6.38506], [-75.436823, 6.385049], [-75.436939, 6.384798], [-75.43715, 6.384702], [-75.437315, 6.384791], [-75.437756, 6.385463], [-75.437971, 6.385494], [-75.438253, 6.385694], [-75.438345, 6.386043], [-75.438111, 6.386238]]], [[[-75.434611, 6.387051], [-75.434442, 6.387016], [-75.434505, 6.386841], [-75.434639, 6.386901], [-75.434611, 6.387051]]], [[[-75.43011, 6.389562], [-75.430317, 6.389987], [-75.430218, 6.390447], [-75.429829, 6.39059], [-75.429732, 6.390837], [-75.429528, 6.391017], [-75.4291, 6.390837], [-75.428939, 6.390619], [-75.428755, 6.390016], [-75.428798, 6.389773], [-75.429184, 6.389667], [-75.429807, 6.389338], [-75.43011, 6.389562]]], [[[-75.428886, 6.388695], [-75.428835, 6.388571], [-75.428916, 6.388545], [-75.428886, 6.388695]]], [[[-75.437945, 6.38476], [-75.437653, 6.384578], [-75.437649, 6.384538], [-75.437871, 6.384641], [-75.437945, 6.38476]]], [[[-75.43748, 6.384438], [-75.437417, 6.384339], [-75.437458, 6.383995], [-75.436527, 6.383437], [-75.43633, 6.383206], [-75.436313, 6.383062], [-75.436497, 6.382713], [-75.437129, 6.381985], [-75.43751, 6.381825], [-75.437514, 6.381631], [-75.437643, 6.381572], [-75.437741, 6.381643], [-75.43793, 6.382142], [-75.438517, 6.382564], [-75.438608, 6.383132], [-75.438529, 6.383356], [-75.438034, 6.383809], [-75.437916, 6.384306], [-75.43748, 6.384438]]], [[[-75.436969, 6.381644], [-75.43621, 6.382521], [-75.436476, 6.382183], [-75.436578, 6.38182], [-75.436836, 6.381585], [-75.436741, 6.381389], [-75.436451, 6.381456], [-75.437502, 6.380592], [-75.438009, 6.380463], [-75.438053, 6.380262], [-75.438117, 6.380269], [-75.438248, 6.380437], [-75.438098, 6.380452], [-75.438033, 6.380715], [-75.437289, 6.381473], [-75.436969, 6.381644]]], [[[-75.436009, 6.382838], [-75.435969, 6.382547], [-75.436096, 6.382538], [-75.436009, 6.382838]]], [[[-75.438978, 6.383072], [-75.438873, 6.383103], [-75.438844, 6.382973], [-75.43898, 6.382961], [-75.438978, 6.383072]]], [[[-75.439214, 6.383745], [-75.439123, 6.383764], [-75.439122, 6.383591], [-75.43922, 6.383619], [-75.439214, 6.383745]]], [[[-75.438407, 6.380275], [-75.438405, 6.380195], [-75.438576, 6.380154], [-75.439027, 6.380208], [-75.438407, 6.380275]]], [[[-75.438872, 6.379959], [-75.438348, 6.379659], [-75.438103, 6.379307], [-75.438119, 6.379098], [-75.438381, 6.37906], [-75.438527, 6.379452], [-75.438872, 6.379959]]], [[[-75.429017, 6.329462], [-75.428822, 6.329664], [-75.429023, 6.329388], [-75.42908, 6.329142], [-75.429017, 6.329462]]], [[[-75.428588, 6.329195], [-75.428709, 6.329284], [-75.428873, 6.329239], [-75.428717, 6.329326], [-75.428588, 6.329195]]], [[[-75.428608, 6.32979], [-75.428654, 6.330293], [-75.428566, 6.329702], [-75.428608, 6.32979]]], [[[-75.429052, 6.332141], [-75.429003, 6.332015], [-75.429016, 6.331787], [-75.429068, 6.332042], [-75.429052, 6.332141]]], [[[-75.428971, 6.331621], [-75.428829, 6.331398], [-75.428848, 6.331257], [-75.428971, 6.331621]]], [[[-75.429435, 6.400385], [-75.429393, 6.400551], [-75.429343, 6.400602], [-75.429435, 6.400385]]], [[[-75.429204, 6.340474], [-75.429153, 6.340549], [-75.429078, 6.340549], [-75.429204, 6.340474]]], [[[-75.43013, 6.395465], [-75.429791, 6.39557], [-75.429683, 6.395417], [-75.430081, 6.395403], [-75.43013, 6.395465]]], [[[-75.429248, 6.332635], [-75.429184, 6.332623], [-75.429186, 6.332524], [-75.429248, 6.332635]]], [[[-75.432314, 6.399716], [-75.432173, 6.399661], [-75.432064, 6.399741], [-75.432303, 6.400213], [-75.432232, 6.400416], [-75.432118, 6.400139], [-75.431928, 6.400025], [-75.431854, 6.399779], [-75.431602, 6.399684], [-75.431183, 6.399187], [-75.431272, 6.399407], [-75.43125, 6.399637], [-75.431334, 6.399718], [-75.43077, 6.400072], [-75.430016, 6.400046], [-75.429809, 6.399951], [-75.429705, 6.3998], [-75.429705, 6.399592], [-75.430024, 6.398943], [-75.43026, 6.399247], [-75.430572, 6.399206], [-75.430255, 6.399131], [-75.430115, 6.398725], [-75.430451, 6.398413], [-75.430887, 6.39835], [-75.431466, 6.398501], [-75.43183, 6.398497], [-75.431864, 6.398609], [-75.431758, 6.398731], [-75.431898, 6.399237], [-75.431695, 6.399564], [-75.431886, 6.399642], [-75.432322, 6.399557], [-75.432314, 6.399716]]], [[[-75.431903, 6.400321], [-75.431798, 6.40068], [-75.431501, 6.400908], [-75.431174, 6.400736], [-75.430926, 6.400347], [-75.431013, 6.400149], [-75.431357, 6.39994], [-75.43171, 6.399979], [-75.431903, 6.400321]]], [[[-75.430957, 6.40084], [-75.430754, 6.400564], [-75.430508, 6.400406], [-75.430516, 6.400218], [-75.430881, 6.400623], [-75.430957, 6.40084]]], [[[-75.42951, 6.332797], [-75.429464, 6.332735], [-75.429467, 6.332644], [-75.429512, 6.332712], [-75.42951, 6.332797]]], [[[-75.432226, 6.396421], [-75.43218, 6.396642], [-75.432256, 6.396706], [-75.43229, 6.396565], [-75.432276, 6.39677], [-75.43189, 6.397356], [-75.431562, 6.39754], [-75.430994, 6.397475], [-75.430749, 6.397263], [-75.430462, 6.397337], [-75.430262, 6.397153], [-75.430041, 6.39674], [-75.430141, 6.396682], [-75.430378, 6.396784], [-75.430587, 6.396656], [-75.431775, 6.396345], [-75.432116, 6.396326], [-75.432226, 6.396421]]], [[[-75.430065, 6.334902], [-75.42982, 6.335115], [-75.429899, 6.334953], [-75.430065, 6.334902]]], [[[-75.430201, 6.336367], [-75.430128, 6.336049], [-75.430131, 6.335766], [-75.430205, 6.336071], [-75.430201, 6.336367]]], [[[-75.429889, 6.335901], [-75.429902, 6.335998], [-75.429875, 6.336015], [-75.429889, 6.335901]]], [[[-75.430946, 6.333666], [-75.430932, 6.333716], [-75.430882, 6.333716], [-75.430946, 6.333666]]], [[[-75.43055, 6.333534], [-75.430258, 6.333635], [-75.430138, 6.333542], [-75.430369, 6.333595], [-75.43055, 6.333534]]], [[[-75.430242, 6.333853], [-75.430292, 6.333868], [-75.430232, 6.333891], [-75.430242, 6.333853]]], [[[-75.430732, 6.33346], [-75.430827, 6.333412], [-75.430944, 6.333423], [-75.430847, 6.333466], [-75.430732, 6.33346]]], [[[-75.430037, 6.334291], [-75.429971, 6.334139], [-75.429996, 6.333987], [-75.430054, 6.33419], [-75.430037, 6.334291]]], [[[-75.430998, 6.397721], [-75.430959, 6.397759], [-75.430912, 6.397712], [-75.430998, 6.397721]]], [[[-75.430799, 6.397688], [-75.430595, 6.397729], [-75.430548, 6.397701], [-75.430799, 6.397688]]], [[[-75.431602, 6.378478], [-75.431651, 6.37873], [-75.431647, 6.378865], [-75.431602, 6.378478]]], [[[-75.431392, 6.378961], [-75.431287, 6.379158], [-75.431138, 6.379301], [-75.431386, 6.378706], [-75.431392, 6.378961]]], [[[-75.431128, 6.379822], [-75.431113, 6.379959], [-75.431022, 6.380021], [-75.431067, 6.379863], [-75.431128, 6.379822]]], [[[-75.431278, 6.380277], [-75.431581, 6.379335], [-75.431521, 6.379875], [-75.431278, 6.380277]]], [[[-75.430866, 6.380117], [-75.430487, 6.380194], [-75.430868, 6.380768], [-75.430602, 6.380626], [-75.430458, 6.380225], [-75.430591, 6.380053], [-75.430866, 6.380117]]], [[[-75.43071, 6.338682], [-75.43047, 6.33816], [-75.430537, 6.338059], [-75.430882, 6.338266], [-75.430706, 6.338298], [-75.43071, 6.338682]]], [[[-75.430847, 6.339003], [-75.430831, 6.339264], [-75.430808, 6.339286], [-75.430847, 6.339003]]], [[[-75.430734, 6.339257], [-75.43071, 6.339475], [-75.430717, 6.339214], [-75.430734, 6.339257]]], [[[-75.431725, 6.401351], [-75.431659, 6.401336], [-75.431592, 6.401275], [-75.43168, 6.401299], [-75.431725, 6.401351]]], [[[-75.43138, 6.401237], [-75.431151, 6.401258], [-75.431083, 6.401207], [-75.431208, 6.401145], [-75.43138, 6.401237]]], [[[-75.431258, 6.377772], [-75.431266, 6.377864], [-75.431189, 6.377813], [-75.431258, 6.377772]]], [[[-75.431664, 6.381143], [-75.43143, 6.380949], [-75.431223, 6.380833], [-75.431448, 6.380904], [-75.431664, 6.381143]]], [[[-75.432203, 6.381094], [-75.431882, 6.380911], [-75.431861, 6.38078], [-75.432202, 6.380993], [-75.432203, 6.381094]]], [[[-75.431844, 6.380606], [-75.431568, 6.380618], [-75.431314, 6.380598], [-75.431844, 6.380606]]], [[[-75.434494, 6.393735], [-75.434079, 6.394581], [-75.432713, 6.395751], [-75.43215, 6.395708], [-75.431674, 6.395471], [-75.431816, 6.394654], [-75.432289, 6.394104], [-75.432214, 6.393821], [-75.4323, 6.393156], [-75.43261, 6.39291], [-75.433532, 6.39254], [-75.433946, 6.392566], [-75.434275, 6.392712], [-75.434642, 6.393255], [-75.434475, 6.393507], [-75.434494, 6.393735]]], [[[-75.431966, 6.401151], [-75.431895, 6.401107], [-75.43187, 6.401053], [-75.431982, 6.401093], [-75.431966, 6.401151]]], [[[-75.432942, 6.333071], [-75.432849, 6.33312], [-75.432722, 6.33312], [-75.432858, 6.333071], [-75.432942, 6.333071]]], [[[-75.431665, 6.33332], [-75.431694, 6.333353], [-75.431644, 6.333353], [-75.431665, 6.33332]]], [[[-75.433162, 6.402013], [-75.432736, 6.401781], [-75.432235, 6.401689], [-75.432013, 6.401463], [-75.432925, 6.401782], [-75.433162, 6.402013]]], [[[-75.432369, 6.337648], [-75.432249, 6.337666], [-75.431968, 6.337812], [-75.432083, 6.337639], [-75.432369, 6.337648]]], [[[-75.433135, 6.381268], [-75.432765, 6.381198], [-75.43243, 6.381379], [-75.432874, 6.381084], [-75.433157, 6.381202], [-75.433135, 6.381268]]], [[[-75.432739, 6.381528], [-75.432962, 6.381502], [-75.433104, 6.381507], [-75.432886, 6.381609], [-75.432739, 6.381528]]], [[[-75.432749, 6.401312], [-75.432639, 6.401262], [-75.432532, 6.401255], [-75.432673, 6.401228], [-75.432749, 6.401312]]], [[[-75.432818, 6.396576], [-75.432756, 6.396625], [-75.432817, 6.3965], [-75.432818, 6.396576]]], [[[-75.433579, 6.380841], [-75.433474, 6.380785], [-75.433385, 6.380709], [-75.433628, 6.38075], [-75.433579, 6.380841]]], [[[-75.43331, 6.330874], [-75.433116, 6.330858], [-75.433102, 6.330836], [-75.43331, 6.330874]]], [[[-75.434518, 6.387767], [-75.434253, 6.387792], [-75.433934, 6.387564], [-75.433871, 6.387359], [-75.433953, 6.387109], [-75.434055, 6.387117], [-75.434169, 6.387447], [-75.434554, 6.387585], [-75.434591, 6.387681], [-75.434518, 6.387767]]], [[[-75.434034, 6.381305], [-75.433976, 6.381263], [-75.433913, 6.38116], [-75.434015, 6.381234], [-75.434034, 6.381305]]], [[[-75.435037, 6.332925], [-75.434961, 6.332974], [-75.434809, 6.332975], [-75.434936, 6.332926], [-75.435037, 6.332925]]], [[[-75.434313, 6.33288], [-75.434095, 6.332857], [-75.434356, 6.332864], [-75.434313, 6.33288]]], [[[-75.433878, 6.3329], [-75.433852, 6.332855], [-75.433903, 6.332855], [-75.433878, 6.3329]]], [[[-75.434719, 6.394334], [-75.434519, 6.394359], [-75.434507, 6.394338], [-75.434664, 6.394239], [-75.434719, 6.394334]]], [[[-75.434477, 6.357361], [-75.434401, 6.357378], [-75.434434, 6.357326], [-75.434477, 6.357361]]], [[[-75.435529, 6.402023], [-75.435079, 6.402008], [-75.434973, 6.4019], [-75.435529, 6.402023]]], [[[-75.435101, 6.402299], [-75.43489, 6.402263], [-75.434863, 6.402182], [-75.435101, 6.402299]]], [[[-75.435647, 6.383277], [-75.435077, 6.383619], [-75.434946, 6.383838], [-75.434803, 6.383753], [-75.434835, 6.383524], [-75.435026, 6.383247], [-75.435632, 6.383001], [-75.435647, 6.383277]]], [[[-75.435572, 6.382825], [-75.435521, 6.382868], [-75.435521, 6.382818], [-75.435572, 6.382825]]], [[[-75.436438, 6.393795], [-75.435492, 6.394144], [-75.435244, 6.394084], [-75.435493, 6.393633], [-75.435521, 6.393285], [-75.435641, 6.393104], [-75.435715, 6.392714], [-75.435652, 6.392461], [-75.435962, 6.391195], [-75.43663, 6.391717], [-75.437409, 6.392102], [-75.437731, 6.392512], [-75.437759, 6.392695], [-75.437544, 6.39308], [-75.436438, 6.393795]]], [[[-75.43656, 6.384434], [-75.43642, 6.384495], [-75.435907, 6.384434], [-75.435796, 6.384342], [-75.435775, 6.384151], [-75.436004, 6.384137], [-75.43656, 6.384434]]], [[[-75.43601, 6.383497], [-75.436162, 6.383507], [-75.436243, 6.383615], [-75.435979, 6.383941], [-75.435926, 6.383657], [-75.43601, 6.383497]]], [[[-75.43598, 6.396628], [-75.435884, 6.396539], [-75.435961, 6.396464], [-75.436068, 6.396561], [-75.43598, 6.396628]]], [[[-75.436602, 6.397598], [-75.436441, 6.397701], [-75.436255, 6.39769], [-75.436548, 6.397366], [-75.436483, 6.397549], [-75.436602, 6.397598]]], [[[-75.436374, 6.397213], [-75.436312, 6.397275], [-75.436323, 6.397187], [-75.436374, 6.397213]]], [[[-75.437818, 6.374533], [-75.437699, 6.374553], [-75.437691, 6.374531], [-75.437818, 6.374533]]], [[[-75.438966, 6.377942], [-75.438898, 6.377894], [-75.438953, 6.377675], [-75.438999, 6.37784], [-75.438966, 6.377942]]], [[[-75.438482, 6.377776], [-75.438717, 6.37723], [-75.438592, 6.376602], [-75.438442, 6.376355], [-75.438502, 6.37611], [-75.438763, 6.37721], [-75.438754, 6.377659], [-75.438482, 6.377776]]], [[[-75.438234, 6.378028], [-75.438377, 6.378221], [-75.438385, 6.378274], [-75.438234, 6.378028]]], [[[-75.4379, 6.377676], [-75.437921, 6.377564], [-75.438022, 6.377589], [-75.437968, 6.377692], [-75.4379, 6.377676]]], [[[-75.438286, 6.37769], [-75.438242, 6.377792], [-75.438093, 6.377821], [-75.438152, 6.377696], [-75.438286, 6.37769]]], [[[-75.438533, 6.377321], [-75.438552, 6.377267], [-75.43857, 6.37713], [-75.438586, 6.377267], [-75.438533, 6.377321]]], [[[-75.438517, 6.377], [-75.438373, 6.376856], [-75.438439, 6.376673], [-75.438517, 6.377]]], [[[-75.437992, 6.363251], [-75.437942, 6.363276], [-75.437879, 6.363167], [-75.437992, 6.363251]]], [[[-75.438162, 6.369795], [-75.43813, 6.369869], [-75.438092, 6.369901], [-75.438055, 6.369776], [-75.438162, 6.369795]]], [[[-75.438322, 6.375907], [-75.438213, 6.376359], [-75.438155, 6.376241], [-75.438167, 6.376097], [-75.438322, 6.375907]]], [[[-75.43832, 6.37554], [-75.438246, 6.375489], [-75.438245, 6.375413], [-75.43832, 6.37554]]], [[[-75.438697, 6.367414], [-75.43856, 6.367717], [-75.438629, 6.367513], [-75.438561, 6.367259], [-75.438697, 6.367414]]], [[[-75.43844, 6.364921], [-75.438374, 6.36498], [-75.438384, 6.364836], [-75.43844, 6.364921]]], [[[-75.439398, 6.386825], [-75.438948, 6.38741], [-75.438702, 6.387372], [-75.438755, 6.38701], [-75.438698, 6.386855], [-75.438994, 6.386183], [-75.4392, 6.386083], [-75.439593, 6.386145], [-75.439712, 6.386279], [-75.439709, 6.386449], [-75.439439, 6.386657], [-75.439398, 6.386825]]], [[[-75.439547, 6.386951], [-75.439777, 6.386773], [-75.439888, 6.386798], [-75.439624, 6.387024], [-75.439547, 6.386951]]], [[[-75.441538, 6.396267], [-75.441252, 6.395979], [-75.441046, 6.396122], [-75.440967, 6.395897], [-75.441013, 6.395769], [-75.441361, 6.395894], [-75.441538, 6.396267]]], [[[-75.44086, 6.39621], [-75.440373, 6.395505], [-75.439246, 6.396052], [-75.438967, 6.395977], [-75.439115, 6.395744], [-75.440194, 6.395061], [-75.4402, 6.39535], [-75.440612, 6.395698], [-75.44086, 6.39621]]], [[[-75.441121, 6.39632], [-75.441128, 6.396396], [-75.441086, 6.39649], [-75.441062, 6.396407], [-75.441121, 6.39632]]], [[[-75.440987, 6.396703], [-75.441084, 6.396951], [-75.441056, 6.397179], [-75.440973, 6.39679], [-75.440987, 6.396703]]], [[[-75.440447, 6.383604], [-75.440151, 6.383846], [-75.439971, 6.383781], [-75.439647, 6.383307], [-75.43969, 6.383034], [-75.439932, 6.382931], [-75.440169, 6.383026], [-75.440424, 6.383321], [-75.440447, 6.383604]]], [[[-75.439497, 6.382681], [-75.43922, 6.382142], [-75.439267, 6.381863], [-75.439477, 6.381721], [-75.439586, 6.381795], [-75.439605, 6.382217], [-75.439792, 6.382821], [-75.439675, 6.382843], [-75.439497, 6.382681]]], [[[-75.438904, 6.381993], [-75.439021, 6.38199], [-75.439037, 6.382148], [-75.438913, 6.382088], [-75.438904, 6.381993]]], [[[-75.43933, 6.381288], [-75.439379, 6.381263], [-75.439366, 6.381328], [-75.43933, 6.381288]]], [[[-75.440063, 6.384269], [-75.440125, 6.384193], [-75.440114, 6.384357], [-75.440063, 6.384269]]], [[[-75.439016, 6.365238], [-75.43887, 6.365407], [-75.438805, 6.365416], [-75.438839, 6.365315], [-75.439016, 6.365238]]], [[[-75.439284, 6.400447], [-75.439043, 6.40034], [-75.439122, 6.400056], [-75.439411, 6.400306], [-75.439417, 6.400416], [-75.439284, 6.400447]]], [[[-75.440639, 6.378833], [-75.440337, 6.379296], [-75.440049, 6.379515], [-75.440513, 6.378924], [-75.440598, 6.378627], [-75.440695, 6.378586], [-75.440639, 6.378833]]], [[[-75.440401, 6.379445], [-75.440361, 6.379516], [-75.440336, 6.379495], [-75.440401, 6.379445]]], [[[-75.439626, 6.379812], [-75.438951, 6.379352], [-75.438898, 6.379286], [-75.439269, 6.37939], [-75.439626, 6.379812]]], [[[-75.439339, 6.377442], [-75.43918, 6.377427], [-75.439066, 6.377373], [-75.439294, 6.377371], [-75.439339, 6.377442]]], [[[-75.43968, 6.393369], [-75.439588, 6.393355], [-75.4395, 6.393261], [-75.439622, 6.393306], [-75.43968, 6.393369]]], [[[-75.439443, 6.393031], [-75.439398, 6.392816], [-75.439496, 6.392751], [-75.439443, 6.393031]]], [[[-75.439228, 6.392954], [-75.439184, 6.392979], [-75.439183, 6.392929], [-75.439228, 6.392954]]], [[[-75.43938, 6.399733], [-75.439381, 6.399875], [-75.439353, 6.399903], [-75.43938, 6.399733]]], [[[-75.440015, 6.394485], [-75.439695, 6.394797], [-75.439442, 6.394816], [-75.439422, 6.394459], [-75.439586, 6.394196], [-75.43942, 6.393865], [-75.439458, 6.393629], [-75.440053, 6.394136], [-75.440094, 6.394259], [-75.440015, 6.394485]]], [[[-75.439912, 6.362864], [-75.439815, 6.362792], [-75.439812, 6.362627], [-75.439912, 6.362864]]], [[[-75.440374, 6.385924], [-75.440548, 6.385969], [-75.440444, 6.386205], [-75.440289, 6.386103], [-75.440374, 6.385924]]], [[[-75.440963, 6.371394], [-75.440811, 6.371606], [-75.44089, 6.37127], [-75.440963, 6.371394]]], [[[-75.440673, 6.371431], [-75.440518, 6.371473], [-75.440669, 6.37129], [-75.440673, 6.371431]]], [[[-75.443112, 6.395659], [-75.442903, 6.395633], [-75.442875, 6.395577], [-75.443112, 6.395659]]], [[[-75.442833, 6.395385], [-75.4425, 6.395281], [-75.441455, 6.395255], [-75.440563, 6.394916], [-75.441236, 6.394674], [-75.441484, 6.395057], [-75.441672, 6.395192], [-75.442516, 6.395226], [-75.442833, 6.395385]]], [[[-75.442338, 6.39544], [-75.442339, 6.395531], [-75.442293, 6.395454], [-75.442338, 6.39544]]], [[[-75.442063, 6.395542], [-75.441588, 6.395613], [-75.441529, 6.395599], [-75.441782, 6.395491], [-75.442063, 6.395542]]], [[[-75.440277, 6.33065], [-75.440237, 6.330717], [-75.440208, 6.330667], [-75.440277, 6.33065]]], [[[-75.440711, 6.384248], [-75.440555, 6.384282], [-75.440563, 6.384133], [-75.440681, 6.384121], [-75.440711, 6.384248]]], [[[-75.441107, 6.376501], [-75.441078, 6.376574], [-75.441022, 6.376572], [-75.441107, 6.376501]]], [[[-75.444424, 6.386615], [-75.442295, 6.386343], [-75.441655, 6.386369], [-75.441296, 6.386665], [-75.441003, 6.387143], [-75.440883, 6.387122], [-75.441143, 6.386552], [-75.441317, 6.385765], [-75.441532, 6.385571], [-75.442893, 6.3854], [-75.44345, 6.385436], [-75.44412, 6.385859], [-75.444368, 6.386175], [-75.444475, 6.386542], [-75.444424, 6.386615]]], [[[-75.441148, 6.377566], [-75.441065, 6.377556], [-75.441091, 6.377507], [-75.441148, 6.377566]]], [[[-75.445356, 6.392366], [-75.444838, 6.392219], [-75.444324, 6.392604], [-75.444514, 6.392546], [-75.444386, 6.39278], [-75.444243, 6.39282], [-75.444257, 6.392695], [-75.443905, 6.392824], [-75.443737, 6.392674], [-75.443659, 6.392402], [-75.44385, 6.391864], [-75.443462, 6.392163], [-75.443236, 6.391921], [-75.442658, 6.391825], [-75.443441, 6.391751], [-75.444095, 6.391886], [-75.444168, 6.391755], [-75.444454, 6.391617], [-75.444371, 6.391303], [-75.44448, 6.391467], [-75.444547, 6.391887], [-75.444667, 6.391916], [-75.444951, 6.39173], [-75.444889, 6.391885], [-75.445113, 6.391916], [-75.445356, 6.392366]], [[-75.444101, 6.392465], [-75.444017, 6.392426], [-75.443945, 6.392536], [-75.444037, 6.392571], [-75.444101, 6.392465]], [[-75.444391, 6.392345], [-75.444465, 6.392056], [-75.444414, 6.392012], [-75.444255, 6.392303], [-75.444391, 6.392345]]], [[[-75.44479, 6.39249], [-75.444815, 6.392609], [-75.444714, 6.392423], [-75.44479, 6.39249]]], [[[-75.443918, 6.393024], [-75.443817, 6.393102], [-75.443729, 6.393097], [-75.443816, 6.392915], [-75.443918, 6.393024]]], [[[-75.444584, 6.391159], [-75.444531, 6.391083], [-75.44461, 6.391087], [-75.444584, 6.391159]]], [[[-75.442352, 6.392198], [-75.442427, 6.392581], [-75.44224, 6.39287], [-75.441717, 6.393025], [-75.441281, 6.392965], [-75.441347, 6.392817], [-75.441774, 6.392493], [-75.442352, 6.392198]]], [[[-75.444803, 6.391016], [-75.444646, 6.390723], [-75.444461, 6.390623], [-75.444227, 6.390755], [-75.444129, 6.391025], [-75.443672, 6.390788], [-75.443229, 6.390874], [-75.442961, 6.390822], [-75.441485, 6.388721], [-75.44137, 6.388406], [-75.441585, 6.388153], [-75.441537, 6.387731], [-75.442029, 6.387877], [-75.442237, 6.387513], [-75.443071, 6.388144], [-75.443856, 6.388313], [-75.444247, 6.388588], [-75.444486, 6.388995], [-75.444574, 6.389367], [-75.444502, 6.390328], [-75.445135, 6.389941], [-75.445136, 6.390223], [-75.444961, 6.390501], [-75.445077, 6.390561], [-75.445291, 6.390489], [-75.445157, 6.390758], [-75.445232, 6.390973], [-75.445192, 6.391156], [-75.444766, 6.391564], [-75.44472, 6.391324], [-75.444803, 6.391016]], [[-75.444062, 6.390836], [-75.443997, 6.390729], [-75.443909, 6.390808], [-75.443947, 6.390872], [-75.444062, 6.390836]]], [[[-75.441243, 6.376256], [-75.441273, 6.375967], [-75.441295, 6.375944], [-75.441243, 6.376256]]], [[[-75.441318, 6.33045], [-75.441199, 6.330492], [-75.441143, 6.330408], [-75.441284, 6.330399], [-75.441318, 6.33045]]], [[[-75.441454, 6.365692], [-75.441405, 6.365706], [-75.441405, 6.365658], [-75.441454, 6.365692]]], [[[-75.442208, 6.391424], [-75.441948, 6.391383], [-75.441886, 6.391137], [-75.442339, 6.39133], [-75.442208, 6.391424]]], [[[-75.447261, 6.383788], [-75.444557, 6.383682], [-75.44429, 6.383553], [-75.443581, 6.383706], [-75.443519, 6.383365], [-75.443251, 6.383123], [-75.442391, 6.383437], [-75.441993, 6.383756], [-75.442339, 6.383319], [-75.442928, 6.383156], [-75.443608, 6.382534], [-75.444413, 6.383112], [-75.444579, 6.383499], [-75.444878, 6.383075], [-75.445172, 6.382898], [-75.445516, 6.382396], [-75.44568, 6.382295], [-75.446263, 6.38264], [-75.446557, 6.383403], [-75.446782, 6.383414], [-75.447007, 6.383665], [-75.447261, 6.383788]]], [[[-75.442643, 6.329924], [-75.44242, 6.329921], [-75.44236, 6.329888], [-75.442643, 6.329924]]], [[[-75.442776, 6.384706], [-75.442728, 6.384769], [-75.442679, 6.384775], [-75.442704, 6.384659], [-75.442776, 6.384706]]], [[[-75.442991, 6.330784], [-75.442915, 6.330801], [-75.442915, 6.33075], [-75.442991, 6.330784]]], [[[-75.443425, 6.395755], [-75.443323, 6.395826], [-75.443397, 6.395681], [-75.443425, 6.395755]]], [[[-75.443596, 6.366099], [-75.44361, 6.366162], [-75.44358, 6.366163], [-75.443596, 6.366099]]], [[[-75.443594, 6.365929], [-75.443511, 6.36586], [-75.443587, 6.365859], [-75.443594, 6.365929]]], [[[-75.443806, 6.365709], [-75.443768, 6.365667], [-75.443816, 6.365641], [-75.443806, 6.365709]]], [[[-75.444917, 6.346392], [-75.444856, 6.346434], [-75.444917, 6.346344], [-75.444917, 6.346392]]], [[[-75.445619, 6.427614], [-75.445556, 6.427631], [-75.445506, 6.427614], [-75.445557, 6.427597], [-75.445619, 6.427614]]], [[[-75.445564, 6.392939], [-75.445548, 6.393052], [-75.445517, 6.393049], [-75.445564, 6.392939]]], [[[-75.449761, 6.386281], [-75.449482, 6.386547], [-75.448458, 6.386714], [-75.447932, 6.386928], [-75.447637, 6.386936], [-75.447076, 6.386778], [-75.446578, 6.386124], [-75.446691, 6.385687], [-75.446759, 6.384719], [-75.446909, 6.384593], [-75.447411, 6.384597], [-75.44807, 6.38434], [-75.448511, 6.384459], [-75.448752, 6.384385], [-75.449768, 6.384533], [-75.449873, 6.384671], [-75.449818, 6.385809], [-75.449554, 6.385922], [-75.44907, 6.385922], [-75.449707, 6.386053], [-75.449789, 6.38613], [-75.449761, 6.386281]], [[-75.448482, 6.385825], [-75.448697, 6.385877], [-75.448713, 6.385758], [-75.448577, 6.385742], [-75.448482, 6.385825]]], [[[-75.446864, 6.372639], [-75.446848, 6.372686], [-75.446825, 6.372627], [-75.446864, 6.372639]]], [[[-75.448994, 6.383028], [-75.448893, 6.383569], [-75.448766, 6.383703], [-75.448646, 6.3837], [-75.448532, 6.383363], [-75.448655, 6.382937], [-75.448891, 6.38274], [-75.448994, 6.383028]]], [[[-75.452497, 6.386245], [-75.451066, 6.386939], [-75.450124, 6.387162], [-75.451509, 6.386684], [-75.452336, 6.386263], [-75.452562, 6.386025], [-75.452497, 6.386245]]], [[[-75.451908, 6.385054], [-75.450942, 6.385256], [-75.450492, 6.385094], [-75.450192, 6.384689], [-75.450012, 6.384239], [-75.450095, 6.383457], [-75.450171, 6.383538], [-75.450116, 6.384037], [-75.450259, 6.384278], [-75.450439, 6.384038], [-75.45061, 6.384215], [-75.450728, 6.384206], [-75.450956, 6.383667], [-75.451131, 6.383561], [-75.451443, 6.383656], [-75.451735, 6.383972], [-75.452047, 6.384138], [-75.452339, 6.384495], [-75.452422, 6.384797], [-75.451908, 6.385054]]], [[[-75.451237, 6.381906], [-75.451387, 6.382075], [-75.450764, 6.381979], [-75.451237, 6.381906]]], [[[-75.451462, 6.381839], [-75.451494, 6.381678], [-75.451614, 6.381614], [-75.451462, 6.381839]]], [[[-75.45147, 6.382875], [-75.451353, 6.383112], [-75.45124, 6.383113], [-75.451357, 6.382875], [-75.45147, 6.382875]]], [[[-75.451266, 6.36662], [-75.451315, 6.366669], [-75.45123, 6.36666], [-75.451266, 6.36662]]], [[[-75.453815, 6.382263], [-75.45305, 6.38278], [-75.452583, 6.382852], [-75.452418, 6.382755], [-75.452312, 6.382394], [-75.452368, 6.381711], [-75.452227, 6.381379], [-75.452361, 6.380849], [-75.452204, 6.380727], [-75.45208, 6.380291], [-75.452238, 6.379987], [-75.452562, 6.379961], [-75.452681, 6.380263], [-75.453962, 6.381278], [-75.453767, 6.381705], [-75.454073, 6.38198], [-75.453815, 6.382263]]], [[[-75.452815, 6.361769], [-75.452777, 6.361736], [-75.452813, 6.361709], [-75.452815, 6.361769]]], [[[-75.467562, 6.383896], [-75.46741, 6.383907], [-75.467174, 6.384076], [-75.466531, 6.384096], [-75.466425, 6.383845], [-75.466532, 6.383755], [-75.466874, 6.383956], [-75.467324, 6.383857], [-75.467562, 6.383896]]], [[[-75.4663, 6.384009], [-75.465734, 6.383938], [-75.465523, 6.384155], [-75.465299, 6.384244], [-75.464968, 6.384056], [-75.465413, 6.383846], [-75.465372, 6.383645], [-75.465212, 6.383544], [-75.465439, 6.383399], [-75.465465, 6.383092], [-75.465238, 6.382288], [-75.464979, 6.381923], [-75.464792, 6.381812], [-75.464651, 6.381888], [-75.464768, 6.38243], [-75.464736, 6.382714], [-75.464907, 6.382968], [-75.465002, 6.383512], [-75.464828, 6.383854], [-75.46472, 6.383719], [-75.464185, 6.383738], [-75.464184, 6.38341], [-75.463984, 6.383348], [-75.463882, 6.38308], [-75.463521, 6.38283], [-75.46337, 6.382535], [-75.463411, 6.382463], [-75.463844, 6.382476], [-75.463724, 6.382202], [-75.46397, 6.382105], [-75.464272, 6.381548], [-75.464225, 6.381432], [-75.463825, 6.381374], [-75.463885, 6.381182], [-75.463745, 6.381036], [-75.463937, 6.381041], [-75.464028, 6.381249], [-75.464212, 6.381336], [-75.464527, 6.381302], [-75.465163, 6.381699], [-75.465306, 6.381961], [-75.465453, 6.382751], [-75.465743, 6.383303], [-75.465569, 6.383482], [-75.465752, 6.383477], [-75.465843, 6.38359], [-75.465795, 6.383726], [-75.465909, 6.383726], [-75.4663, 6.384009]], [[-75.464617, 6.382508], [-75.46459, 6.382214], [-75.464261, 6.382023], [-75.464149, 6.382055], [-75.464144, 6.382223], [-75.463965, 6.382423], [-75.464116, 6.38264], [-75.46441, 6.382808], [-75.464531, 6.382765], [-75.464617, 6.382508]], [[-75.464727, 6.383285], [-75.464551, 6.383416], [-75.464639, 6.383586], [-75.464803, 6.383466], [-75.464806, 6.38333], [-75.464727, 6.383285]]], [[[-75.463339, 6.381422], [-75.462891, 6.381939], [-75.46217, 6.382455], [-75.46143, 6.382553], [-75.460525, 6.382526], [-75.458944, 6.382658], [-75.458547, 6.382521], [-75.458089, 6.382105], [-75.457809, 6.381977], [-75.457507, 6.382278], [-75.457354, 6.382735], [-75.45705, 6.383221], [-75.456726, 6.383498], [-75.456041, 6.383742], [-75.45572, 6.384052], [-75.455467, 6.384172], [-75.455256, 6.384134], [-75.454825, 6.383752], [-75.454384, 6.384132], [-75.453993, 6.384699], [-75.453256, 6.384695], [-75.453281, 6.385352], [-75.452904, 6.385216], [-75.452921, 6.385064], [-75.453123, 6.38502], [-75.453217, 6.384677], [-75.454003, 6.384394], [-75.454282, 6.383991], [-75.454506, 6.383827], [-75.454977, 6.383659], [-75.455767, 6.383785], [-75.45654, 6.383349], [-75.456946, 6.382905], [-75.457393, 6.382032], [-75.457639, 6.381842], [-75.458579, 6.381744], [-75.459282, 6.381307], [-75.4601, 6.381147], [-75.462486, 6.381138], [-75.463477, 6.381033], [-75.463392, 6.381222], [-75.463174, 6.381309], [-75.463179, 6.38144], [-75.463339, 6.381422]]], [[[-75.455529, 6.383475], [-75.455533, 6.383379], [-75.455648, 6.383376], [-75.455638, 6.383472], [-75.455529, 6.383475]]], [[[-75.45568, 6.383053], [-75.455664, 6.38309], [-75.455637, 6.383039], [-75.45568, 6.383053]]], [[[-75.455565, 6.38233], [-75.45562, 6.382106], [-75.455877, 6.381942], [-75.456458, 6.381795], [-75.456627, 6.381885], [-75.456536, 6.382203], [-75.456271, 6.382488], [-75.455785, 6.38253], [-75.455565, 6.38233]]], [[[-75.464034, 6.380386], [-75.463969, 6.379518], [-75.464148, 6.379322], [-75.463757, 6.379043], [-75.463378, 6.379125], [-75.463347, 6.379038], [-75.463439, 6.378937], [-75.463863, 6.378876], [-75.464651, 6.378931], [-75.465226, 6.379026], [-75.465703, 6.37921], [-75.465822, 6.379372], [-75.465691, 6.38007], [-75.46588, 6.381048], [-75.466631, 6.381613], [-75.467157, 6.382323], [-75.467176, 6.382608], [-75.466783, 6.382831], [-75.466565, 6.382778], [-75.466486, 6.38264], [-75.466455, 6.382074], [-75.466031, 6.381596], [-75.465899, 6.381212], [-75.465671, 6.381294], [-75.465315, 6.381235], [-75.464845, 6.380794], [-75.464171, 6.380707], [-75.464034, 6.380386]]], [[[-75.462822, 6.378936], [-75.462703, 6.379137], [-75.462529, 6.379158], [-75.462527, 6.378698], [-75.462234, 6.378541], [-75.462194, 6.378374], [-75.462807, 6.37863], [-75.462822, 6.378936]]], [[[-75.46336, 6.379603], [-75.463455, 6.380199], [-75.463374, 6.380326], [-75.462258, 6.380881], [-75.461396, 6.380758], [-75.460917, 6.380452], [-75.460946, 6.380152], [-75.461136, 6.379857], [-75.461934, 6.379872], [-75.46278, 6.379238], [-75.463124, 6.379525], [-75.46336, 6.379603]]], [[[-75.460918, 6.37827], [-75.460576, 6.378285], [-75.460363, 6.37816], [-75.459871, 6.378263], [-75.459732, 6.378138], [-75.460119, 6.377756], [-75.46031, 6.377855], [-75.460918, 6.377751], [-75.461282, 6.377852], [-75.461334, 6.378036], [-75.460918, 6.37827]]], [[[-75.459416, 6.378587], [-75.459247, 6.378632], [-75.458875, 6.378542], [-75.459068, 6.378294], [-75.459369, 6.378122], [-75.459588, 6.378327], [-75.459416, 6.378587]]], [[[-75.4582, 6.37921], [-75.457894, 6.379479], [-75.457461, 6.379545], [-75.45678, 6.379129], [-75.457938, 6.37898], [-75.458399, 6.378827], [-75.4582, 6.37921]]], [[[-75.457221, 6.379915], [-75.456826, 6.379627], [-75.456625, 6.379692], [-75.456385, 6.379639], [-75.456338, 6.379365], [-75.456861, 6.379377], [-75.457166, 6.379549], [-75.457358, 6.379785], [-75.457221, 6.379915]]], [[[-75.465965, 6.379556], [-75.46601, 6.379878], [-75.465835, 6.379909], [-75.465965, 6.379556]]], [[[-75.466646, 6.383126], [-75.466462, 6.383305], [-75.466312, 6.383312], [-75.466327, 6.383032], [-75.466429, 6.382905], [-75.466655, 6.382998], [-75.466646, 6.383126]]], [[[-75.46678, 6.383236], [-75.467142, 6.383141], [-75.467281, 6.383357], [-75.467158, 6.38342], [-75.466841, 6.383374], [-75.46678, 6.383236]]], [[[-75.466212, 6.383624], [-75.466172, 6.383568], [-75.466217, 6.383482], [-75.466279, 6.383546], [-75.466212, 6.383624]]], [[[-75.464186, 6.380842], [-75.464091, 6.380809], [-75.464077, 6.380782], [-75.464186, 6.380842]]], [[[-75.465825, 6.382822], [-75.465468, 6.381595], [-75.465598, 6.381414], [-75.465737, 6.381467], [-75.465809, 6.381736], [-75.466197, 6.38236], [-75.466141, 6.383073], [-75.465976, 6.383067], [-75.465825, 6.382822]]], [[[-75.45302, 6.384296], [-75.452968, 6.384378], [-75.452955, 6.384242], [-75.45302, 6.384296]]], [[[-75.45871, 6.427913], [-75.458583, 6.427921], [-75.458507, 6.427871], [-75.458659, 6.427879], [-75.45871, 6.427913]]], [[[-75.458321, 6.428067], [-75.458202, 6.42811], [-75.45801, 6.428052], [-75.458236, 6.428033], [-75.458321, 6.428067]]], [[[-75.457866, 6.427877], [-75.457825, 6.427877], [-75.457797, 6.427802], [-75.457866, 6.427877]]], [[[-75.457641, 6.427692], [-75.457565, 6.4277], [-75.457557, 6.427664], [-75.457607, 6.427647], [-75.457641, 6.427692]]], [[[-75.458083, 6.381424], [-75.457499, 6.381449], [-75.457531, 6.381294], [-75.457743, 6.381097], [-75.457929, 6.381102], [-75.458146, 6.381263], [-75.458083, 6.381424]]], [[[-75.458116, 6.360501], [-75.457933, 6.360527], [-75.457893, 6.360511], [-75.458116, 6.360501]]], [[[-75.458544, 6.37775], [-75.458408, 6.377835], [-75.458361, 6.377942], [-75.458391, 6.377773], [-75.458544, 6.37775]]], [[[-75.459154, 6.380487], [-75.459148, 6.38032], [-75.459395, 6.380307], [-75.459356, 6.380494], [-75.459154, 6.380487]]], [[[-75.461477, 6.428388], [-75.46135, 6.428414], [-75.461283, 6.428398], [-75.461477, 6.428388]]], [[[-75.462871, 6.376505], [-75.462828, 6.37643], [-75.462841, 6.376342], [-75.462878, 6.376406], [-75.462871, 6.376505]]], [[[-75.462758, 6.376699], [-75.46268, 6.376818], [-75.462622, 6.377073], [-75.462579, 6.376811], [-75.462758, 6.376699]]], [[[-75.462625, 6.376544], [-75.462567, 6.376555], [-75.462588, 6.376522], [-75.462625, 6.376544]]], [[[-75.462573, 6.376357], [-75.46251, 6.376326], [-75.462648, 6.37628], [-75.462573, 6.376357]]], [[[-75.462331, 6.376662], [-75.462256, 6.376842], [-75.462082, 6.376778], [-75.462331, 6.376662]]], [[[-75.462173, 6.377204], [-75.462046, 6.377274], [-75.461961, 6.377244], [-75.462116, 6.377096], [-75.462173, 6.377204]]], [[[-75.462925, 6.429955], [-75.462894, 6.430044], [-75.462874, 6.42993], [-75.462925, 6.429955]]], [[[-75.46265, 6.429979], [-75.462584, 6.429979], [-75.462558, 6.429903], [-75.46265, 6.429979]]], [[[-75.462864, 6.367133], [-75.462814, 6.36715], [-75.462803, 6.367122], [-75.462864, 6.367133]]], [[[-75.463192, 6.37786], [-75.463041, 6.377702], [-75.462991, 6.377534], [-75.463217, 6.377712], [-75.463192, 6.37786]]], [[[-75.463485, 6.375895], [-75.463354, 6.376138], [-75.463454, 6.375773], [-75.463485, 6.375895]]], [[[-75.463406, 6.375491], [-75.463339, 6.375452], [-75.463373, 6.375404], [-75.463406, 6.375491]]], [[[-75.463411, 6.374629], [-75.463342, 6.374587], [-75.463313, 6.374545], [-75.463424, 6.37457], [-75.463411, 6.374629]]], [[[-75.463744, 6.428126], [-75.463694, 6.42815], [-75.463664, 6.42812], [-75.463744, 6.428126]]], [[[-75.464839, 6.378502], [-75.464403, 6.378224], [-75.464394, 6.378213], [-75.464749, 6.378225], [-75.46489, 6.378434], [-75.464839, 6.378502]]], [[[-75.464175, 6.37839], [-75.464155, 6.378288], [-75.464209, 6.378323], [-75.464175, 6.37839]]], [[[-75.463941, 6.378356], [-75.46388, 6.378331], [-75.463806, 6.378241], [-75.463884, 6.378256], [-75.463941, 6.378356]]], [[[-75.464362, 6.377936], [-75.4643, 6.377984], [-75.464362, 6.37786], [-75.464362, 6.377936]]], [[[-75.464586, 6.372137], [-75.464518, 6.372144], [-75.464492, 6.37206], [-75.464586, 6.372137]]], [[[-75.464736, 6.3738], [-75.464614, 6.373883], [-75.464554, 6.373621], [-75.464707, 6.373628], [-75.464736, 6.3738]]], [[[-75.464709, 6.37425], [-75.464695, 6.374453], [-75.464656, 6.374476], [-75.464626, 6.374171], [-75.464709, 6.37425]]], [[[-75.465182, 6.375842], [-75.465132, 6.375892], [-75.465132, 6.375816], [-75.465182, 6.375842]]], [[[-75.466662, 6.368636], [-75.466597, 6.368864], [-75.466493, 6.368913], [-75.466662, 6.368636]]], [[[-75.467041, 6.368311], [-75.466776, 6.367844], [-75.466692, 6.367759], [-75.466576, 6.367793], [-75.466559, 6.367681], [-75.466703, 6.367697], [-75.466847, 6.367852], [-75.467041, 6.368311]]], [[[-75.46677, 6.405324], [-75.466719, 6.405284], [-75.466728, 6.405219], [-75.46679, 6.405254], [-75.46677, 6.405324]]], [[[-75.466839, 6.384496], [-75.466773, 6.384493], [-75.466822, 6.384439], [-75.466839, 6.384496]]], [[[-75.466837, 6.369239], [-75.466796, 6.369216], [-75.466879, 6.369194], [-75.466837, 6.369239]]], [[[-75.466988, 6.372943], [-75.466925, 6.372957], [-75.466937, 6.372883], [-75.466988, 6.372943]]], [[[-75.467313, 6.371384], [-75.467239, 6.371289], [-75.467237, 6.371225], [-75.467355, 6.371318], [-75.467313, 6.371384]]], [[[-75.467194, 6.371622], [-75.467235, 6.37168], [-75.467202, 6.371706], [-75.467194, 6.371622]]], [[[-75.467356, 6.386258], [-75.467305, 6.386174], [-75.467305, 6.386136], [-75.467384, 6.386195], [-75.467356, 6.386258]]], [[[-75.467218, 6.386139], [-75.467161, 6.386046], [-75.467137, 6.385887], [-75.467207, 6.385981], [-75.467218, 6.386139]]], [[[-75.467105, 6.385602], [-75.46708, 6.385686], [-75.46708, 6.385564], [-75.467105, 6.385602]]], [[[-75.467921, 6.375308], [-75.467884, 6.375185], [-75.468044, 6.375308], [-75.467921, 6.375308]]], [[[-75.467715, 6.375028], [-75.467684, 6.375059], [-75.467638, 6.374954], [-75.467715, 6.375028]]], [[[-75.477169, 6.378179], [-75.476892, 6.378311], [-75.476655, 6.378098], [-75.476959, 6.378043], [-75.477169, 6.378179]]], [[[-75.476659, 6.378784], [-75.476957, 6.378759], [-75.477145, 6.378643], [-75.476993, 6.378803], [-75.476695, 6.378905], [-75.475934, 6.378717], [-75.475648, 6.379108], [-75.475574, 6.378805], [-75.475422, 6.378792], [-75.475164, 6.37858], [-75.474821, 6.378592], [-75.474689, 6.37829], [-75.474461, 6.378258], [-75.474344, 6.378423], [-75.474065, 6.378167], [-75.473778, 6.378127], [-75.473707, 6.378362], [-75.473885, 6.378698], [-75.474106, 6.378794], [-75.474393, 6.378753], [-75.474527, 6.378855], [-75.47415, 6.379076], [-75.474168, 6.379581], [-75.474017, 6.379963], [-75.474073, 6.379345], [-75.474018, 6.378944], [-75.473533, 6.37851], [-75.473366, 6.378052], [-75.473174, 6.377843], [-75.47309, 6.377956], [-75.473338, 6.3783], [-75.473487, 6.378852], [-75.473206, 6.378759], [-75.472572, 6.377605], [-75.472704, 6.377601], [-75.472713, 6.37688], [-75.472907, 6.376735], [-75.473309, 6.376693], [-75.473542, 6.376914], [-75.474016, 6.377016], [-75.474314, 6.377284], [-75.474934, 6.377387], [-75.475881, 6.378282], [-75.475604, 6.378159], [-75.47535, 6.378189], [-75.475965, 6.378394], [-75.476659, 6.378784]], [[-75.473895, 6.378009], [-75.474216, 6.377974], [-75.474309, 6.37793], [-75.474109, 6.377887], [-75.473895, 6.378009]], [[-75.474398, 6.378075], [-75.474932, 6.37821], [-75.475033, 6.378168], [-75.474398, 6.378075]]], [[[-75.473763, 6.379494], [-75.473516, 6.37989], [-75.473437, 6.379759], [-75.473465, 6.379543], [-75.47313, 6.379371], [-75.472919, 6.378859], [-75.473023, 6.378824], [-75.473647, 6.379009], [-75.473803, 6.379234], [-75.473763, 6.379494]]], [[[-75.473576, 6.380033], [-75.473547, 6.380066], [-75.473521, 6.380018], [-75.473576, 6.380033]]], [[[-75.472773, 6.379159], [-75.472618, 6.378793], [-75.472501, 6.378735], [-75.471772, 6.378951], [-75.471394, 6.378348], [-75.471348, 6.378137], [-75.471126, 6.377907], [-75.471352, 6.377805], [-75.471658, 6.378178], [-75.471929, 6.378269], [-75.472331, 6.378664], [-75.472595, 6.378731], [-75.472773, 6.379159]]], [[[-75.471699, 6.377909], [-75.47169, 6.377665], [-75.471944, 6.377745], [-75.472014, 6.377858], [-75.471952, 6.378023], [-75.471847, 6.378067], [-75.471699, 6.377909]]], [[[-75.472425, 6.377778], [-75.472626, 6.377892], [-75.472738, 6.378084], [-75.472232, 6.378039], [-75.472167, 6.377814], [-75.472425, 6.377778]]], [[[-75.472086, 6.377447], [-75.47169, 6.377394], [-75.471354, 6.377033], [-75.47112, 6.376911], [-75.470388, 6.376933], [-75.470199, 6.377095], [-75.4702, 6.377236], [-75.470315, 6.377365], [-75.471156, 6.377336], [-75.471353, 6.377459], [-75.471199, 6.377525], [-75.471078, 6.377779], [-75.470152, 6.378211], [-75.469683, 6.378302], [-75.469626, 6.378116], [-75.469286, 6.378077], [-75.469125, 6.378195], [-75.468965, 6.378651], [-75.468635, 6.378697], [-75.468288, 6.37894], [-75.467977, 6.378917], [-75.4677, 6.37901], [-75.46787, 6.378676], [-75.467829, 6.378129], [-75.468144, 6.376929], [-75.468319, 6.376716], [-75.468723, 6.376491], [-75.469178, 6.376388], [-75.471682, 6.376461], [-75.471839, 6.376701], [-75.471944, 6.376662], [-75.472482, 6.376917], [-75.472597, 6.377077], [-75.472489, 6.377396], [-75.472345, 6.377326], [-75.472086, 6.377447]], [[-75.468274, 6.378104], [-75.468982, 6.377815], [-75.468018, 6.37815], [-75.468274, 6.378104]]], [[[-75.472776, 6.37851], [-75.47238, 6.378508], [-75.472324, 6.378372], [-75.472719, 6.378372], [-75.472776, 6.37851]]], [[[-75.473357, 6.376023], [-75.473828, 6.375884], [-75.473964, 6.376027], [-75.473582, 6.376404], [-75.473063, 6.376244], [-75.473357, 6.376023]]], [[[-75.467897, 6.38361], [-75.468007, 6.383686], [-75.468039, 6.383879], [-75.467885, 6.383686], [-75.467897, 6.38361]]], [[[-75.468635, 6.375877], [-75.468496, 6.375985], [-75.468439, 6.376079], [-75.468444, 6.375908], [-75.468635, 6.375877]]], [[[-75.468177, 6.376025], [-75.468247, 6.375915], [-75.468278, 6.375912], [-75.468177, 6.376025]]], [[[-75.468544, 6.384369], [-75.46837, 6.384263], [-75.468306, 6.384043], [-75.468487, 6.38416], [-75.468544, 6.384369]]], [[[-75.468799, 6.40387], [-75.468706, 6.403791], [-75.46868, 6.403715], [-75.468785, 6.40374], [-75.468799, 6.40387]]], [[[-75.468653, 6.384612], [-75.468732, 6.384597], [-75.468732, 6.384651], [-75.468653, 6.384612]]], [[[-75.46925, 6.368724], [-75.469266, 6.368657], [-75.469331, 6.368594], [-75.469299, 6.368683], [-75.46925, 6.368724]]], [[[-75.46952, 6.372823], [-75.469492, 6.372882], [-75.46947, 6.372798], [-75.46952, 6.372823]]], [[[-75.469646, 6.385674], [-75.469638, 6.385822], [-75.469619, 6.385841], [-75.469571, 6.385761], [-75.469646, 6.385674]]], [[[-75.470184, 6.385791], [-75.470057, 6.386405], [-75.469959, 6.386467], [-75.469866, 6.386046], [-75.469985, 6.385738], [-75.470184, 6.385791]]], [[[-75.47214, 6.407292], [-75.472078, 6.407335], [-75.47214, 6.407242], [-75.47214, 6.407292]]], [[[-75.473775, 6.380628], [-75.473775, 6.380744], [-75.47369, 6.380661], [-75.473775, 6.380628]]], [[[-75.473914, 6.368634], [-75.473929, 6.368685], [-75.47388, 6.368685], [-75.473914, 6.368634]]], [[[-75.4746, 6.381238], [-75.474466, 6.381204], [-75.474433, 6.38117], [-75.474573, 6.381153], [-75.4746, 6.381238]]], [[[-75.474207, 6.380879], [-75.474151, 6.380625], [-75.474449, 6.380523], [-75.474372, 6.381028], [-75.474207, 6.380879]]], [[[-75.475366, 6.375143], [-75.475333, 6.375078], [-75.475207, 6.374974], [-75.475436, 6.375026], [-75.475366, 6.375143]]], [[[-75.474977, 6.375001], [-75.474804, 6.374782], [-75.47483, 6.374654], [-75.474967, 6.374719], [-75.474977, 6.375001]]], [[[-75.474761, 6.375257], [-75.474727, 6.375349], [-75.474608, 6.375322], [-75.474613, 6.375121], [-75.474761, 6.375257]]], [[[-75.475592, 6.382654], [-75.474984, 6.382522], [-75.47489, 6.382336], [-75.475194, 6.382208], [-75.475378, 6.382232], [-75.475592, 6.382654]]], [[[-75.475433, 6.381421], [-75.475323, 6.381438], [-75.475297, 6.381337], [-75.475416, 6.381353], [-75.475433, 6.381421]]], [[[-75.476539, 6.382505], [-75.476418, 6.382682], [-75.476452, 6.382978], [-75.476261, 6.383276], [-75.476321, 6.383031], [-75.476186, 6.38274], [-75.476187, 6.382485], [-75.475883, 6.382139], [-75.475679, 6.382064], [-75.47613, 6.38192], [-75.476433, 6.381959], [-75.476566, 6.382201], [-75.476539, 6.382505]]], [[[-75.476106, 6.383506], [-75.476072, 6.383468], [-75.47612, 6.383467], [-75.476106, 6.383506]]], [[[-75.422127, 6.399048], [-75.422102, 6.39899], [-75.422161, 6.39897], [-75.422127, 6.399048]]], [[[-75.430254, 6.39465], [-75.430179, 6.394687], [-75.43016, 6.394638], [-75.430254, 6.39465]]], [[[-75.437975, 6.38488], [-75.437969, 6.384965], [-75.437898, 6.384987], [-75.437897, 6.384866], [-75.437975, 6.38488]]], [[[-75.43554, 6.386703], [-75.435605, 6.386603], [-75.435634, 6.386682], [-75.43554, 6.386703]]], [[[-75.436599, 6.385981], [-75.436668, 6.385932], [-75.436729, 6.386003], [-75.436659, 6.386058], [-75.436599, 6.385981]]]]}, "properties": {"clase": 1, "area_ha": 165.86056428674686}}, {"type": "Feature", "geometry": {"type": "MultiPolygon", "coordinates": [[[[-75.40897, 6.358272], [-75.408752, 6.358291], [-75.40858, 6.3581], [-75.408718, 6.3582], [-75.40897, 6.358272]]], [[[-75.408739, 6.358412], [-75.408708, 6.358561], [-75.408666, 6.358601], [-75.408666, 6.358476], [-75.408739, 6.358412]]], [[[-75.409084, 6.36173], [-75.408928, 6.361688], [-75.40889, 6.361646], [-75.409084, 6.36173]]], [[[-75.413714, 6.355765], [-75.413715, 6.356019], [-75.413615, 6.356193], [-75.413614, 6.35604], [-75.413714, 6.355765]]], [[[-75.413547, 6.356044], [-75.41346, 6.356078], [-75.413552, 6.355984], [-75.413547, 6.356044]]], [[[-75.413579, 6.355891], [-75.413565, 6.355764], [-75.41359, 6.35573], [-75.413579, 6.355891]]], [[[-75.413633, 6.358369], [-75.413564, 6.358283], [-75.413551, 6.358232], [-75.413621, 6.358284], [-75.413633, 6.358369]]], [[[-75.413784, 6.354486], [-75.41367, 6.354735], [-75.41375, 6.354508], [-75.413682, 6.354365], [-75.413784, 6.354486]]], [[[-75.413723, 6.354921], [-75.413765, 6.354963], [-75.413716, 6.354989], [-75.413723, 6.354921]]], [[[-75.414149, 6.359685], [-75.414077, 6.359692], [-75.414047, 6.359637], [-75.414149, 6.359685]]], [[[-75.414961, 6.359693], [-75.414893, 6.359592], [-75.414918, 6.359567], [-75.414961, 6.359693]]], [[[-75.415193, 6.361402], [-75.415302, 6.361385], [-75.415331, 6.361415], [-75.41524, 6.361487], [-75.415193, 6.361402]]], [[[-75.41542, 6.360773], [-75.415444, 6.360731], [-75.415465, 6.360837], [-75.41542, 6.360773]]], [[[-75.418185, 6.385338], [-75.418118, 6.385329], [-75.418069, 6.385228], [-75.418152, 6.38527], [-75.418185, 6.385338]]], [[[-75.422417, 6.392444], [-75.421708, 6.392185], [-75.420733, 6.392649], [-75.420538, 6.392673], [-75.420741, 6.392621], [-75.421146, 6.3923], [-75.421585, 6.392157], [-75.422049, 6.39219], [-75.422417, 6.392444]]], [[[-75.422218, 6.391944], [-75.421263, 6.391956], [-75.420536, 6.392398], [-75.420283, 6.392426], [-75.420661, 6.392116], [-75.420979, 6.392059], [-75.421216, 6.39191], [-75.422159, 6.3919], [-75.422085, 6.391216], [-75.422218, 6.391944]]], [[[-75.420088, 6.392332], [-75.420111, 6.392261], [-75.420136, 6.39235], [-75.420088, 6.392332]]], [[[-75.419824, 6.392597], [-75.419617, 6.392611], [-75.419447, 6.392535], [-75.419824, 6.392597]]], [[[-75.419404, 6.392293], [-75.418819, 6.391947], [-75.418792, 6.391783], [-75.418876, 6.391661], [-75.419216, 6.391648], [-75.419444, 6.392066], [-75.419404, 6.392293]]], [[[-75.419214, 6.392538], [-75.418483, 6.392448], [-75.418354, 6.392378], [-75.418328, 6.392251], [-75.419214, 6.392538]]], [[[-75.419087, 6.3786], [-75.419006, 6.378532], [-75.419005, 6.378503], [-75.419087, 6.3786]]], [[[-75.42178, 6.39068], [-75.421665, 6.390621], [-75.421431, 6.390554], [-75.421665, 6.390587], [-75.42178, 6.39068]]], [[[-75.421264, 6.390452], [-75.421245, 6.390501], [-75.421165, 6.39036], [-75.421264, 6.390452]]], [[[-75.421519, 6.390369], [-75.421751, 6.390436], [-75.421912, 6.390563], [-75.421701, 6.390505], [-75.421519, 6.390369]]], [[[-75.421062, 6.39027], [-75.421014, 6.390196], [-75.421038, 6.390069], [-75.421079, 6.390185], [-75.421062, 6.39027]]], [[[-75.421003, 6.389843], [-75.420939, 6.389739], [-75.420887, 6.389572], [-75.420987, 6.389739], [-75.421003, 6.389843]]], [[[-75.421157, 6.390062], [-75.421173, 6.389924], [-75.421205, 6.390108], [-75.421157, 6.390062]]], [[[-75.420258, 6.389498], [-75.420097, 6.38964], [-75.420057, 6.389647], [-75.420258, 6.389498]]], [[[-75.420203, 6.389314], [-75.420287, 6.389192], [-75.420264, 6.388906], [-75.42037, 6.389233], [-75.420291, 6.389346], [-75.420203, 6.389314]]], [[[-75.420378, 6.388775], [-75.420453, 6.388949], [-75.420599, 6.389197], [-75.420453, 6.389017], [-75.420378, 6.388775]]], [[[-75.420995, 6.339391], [-75.420961, 6.340108], [-75.420705, 6.340545], [-75.420921, 6.340041], [-75.420969, 6.339415], [-75.420884, 6.339339], [-75.420678, 6.339348], [-75.420516, 6.339544], [-75.420427, 6.339321], [-75.420957, 6.339338], [-75.420995, 6.339391]]], [[[-75.420517, 6.340467], [-75.420385, 6.34087], [-75.420201, 6.341191], [-75.42057, 6.339707], [-75.420517, 6.340467]]], [[[-75.420513, 6.340868], [-75.420449, 6.341036], [-75.420416, 6.341046], [-75.420513, 6.340868]]], [[[-75.420315, 6.34127], [-75.420177, 6.341628], [-75.42011, 6.341735], [-75.420315, 6.34127]]], [[[-75.420094, 6.341899], [-75.420078, 6.341985], [-75.420011, 6.342113], [-75.420023, 6.342023], [-75.420094, 6.341899]]], [[[-75.42001, 6.342207], [-75.420175, 6.342317], [-75.420186, 6.342345], [-75.42001, 6.342207]]], [[[-75.420115, 6.342477], [-75.419774, 6.342223], [-75.4199, 6.342002], [-75.419908, 6.342302], [-75.420115, 6.342477]]], [[[-75.419959, 6.341798], [-75.419992, 6.341601], [-75.420073, 6.341459], [-75.420008, 6.341713], [-75.419959, 6.341798]]], [[[-75.420642, 6.342911], [-75.420389, 6.342759], [-75.420296, 6.342667], [-75.420642, 6.342911]]], [[[-75.42017, 6.388378], [-75.420094, 6.388293], [-75.420091, 6.388258], [-75.420178, 6.388284], [-75.42017, 6.388378]]], [[[-75.42024, 6.386145], [-75.420212, 6.386066], [-75.420227, 6.38599], [-75.420256, 6.386055], [-75.42024, 6.386145]]], [[[-75.426394, 6.394405], [-75.426284, 6.394689], [-75.426316, 6.394516], [-75.426104, 6.394495], [-75.425902, 6.394188], [-75.425745, 6.394135], [-75.425492, 6.394249], [-75.425911, 6.394401], [-75.425927, 6.394537], [-75.425805, 6.394667], [-75.425558, 6.394506], [-75.4254, 6.394726], [-75.42496, 6.394484], [-75.425115, 6.394404], [-75.425354, 6.394428], [-75.425135, 6.393955], [-75.425341, 6.393886], [-75.426218, 6.39405], [-75.426359, 6.394185], [-75.426394, 6.394405]]], [[[-75.425629, 6.394995], [-75.425713, 6.395066], [-75.42578, 6.394973], [-75.425637, 6.395195], [-75.425514, 6.395122], [-75.425629, 6.394995]]], [[[-75.425537, 6.395437], [-75.425411, 6.395566], [-75.424476, 6.39578], [-75.423969, 6.396036], [-75.423931, 6.396234], [-75.42439, 6.396089], [-75.424613, 6.396223], [-75.423979, 6.396856], [-75.422256, 6.397554], [-75.42157, 6.398274], [-75.421245, 6.398004], [-75.421511, 6.397979], [-75.42164, 6.397464], [-75.421931, 6.397024], [-75.422733, 6.396667], [-75.42318, 6.396097], [-75.423799, 6.396026], [-75.424164, 6.395786], [-75.425108, 6.395398], [-75.425192, 6.395239], [-75.425132, 6.395111], [-75.424658, 6.394979], [-75.4245, 6.394723], [-75.424717, 6.39492], [-75.425399, 6.395134], [-75.425536, 6.395271], [-75.425537, 6.395437]], [[-75.423073, 6.396519], [-75.423006, 6.39653], [-75.422945, 6.396781], [-75.423057, 6.396637], [-75.423073, 6.396519]], [[-75.423559, 6.396387], [-75.423422, 6.39627], [-75.423295, 6.396352], [-75.422971, 6.39693], [-75.423306, 6.396782], [-75.423559, 6.396387]]], [[[-75.421548, 6.398536], [-75.422009, 6.398635], [-75.422132, 6.399006], [-75.421671, 6.399083], [-75.421613, 6.399162], [-75.421672, 6.399235], [-75.421532, 6.399295], [-75.421418, 6.399012], [-75.421459, 6.398645], [-75.421548, 6.398536]]], [[[-75.421003, 6.399609], [-75.421305, 6.399385], [-75.421379, 6.399374], [-75.421003, 6.399609]]], [[[-75.422142, 6.343947], [-75.421467, 6.343337], [-75.421452, 6.343246], [-75.421619, 6.343209], [-75.421642, 6.343347], [-75.422142, 6.343947]]], [[[-75.421469, 6.343623], [-75.42129, 6.343388], [-75.421287, 6.343303], [-75.421469, 6.343623]]], [[[-75.421137, 6.343155], [-75.420998, 6.343113], [-75.420929, 6.343044], [-75.421137, 6.343155]]], [[[-75.42105, 6.342937], [-75.421389, 6.343038], [-75.421389, 6.343044], [-75.42105, 6.342937]]], [[[-75.421842, 6.343906], [-75.421639, 6.343827], [-75.421563, 6.343723], [-75.421842, 6.343906]]], [[[-75.422085, 6.38771], [-75.422026, 6.38762], [-75.422059, 6.387563], [-75.422117, 6.387631], [-75.422085, 6.38771]]], [[[-75.422547, 6.36123], [-75.422259, 6.361288], [-75.422181, 6.361258], [-75.422547, 6.36123]]], [[[-75.422202, 6.361413], [-75.422397, 6.361544], [-75.422421, 6.361651], [-75.422202, 6.361413]]], [[[-75.422003, 6.361076], [-75.421985, 6.360941], [-75.422132, 6.360926], [-75.422192, 6.361027], [-75.422104, 6.360974], [-75.422003, 6.361076]]], [[[-75.422212, 6.404341], [-75.422229, 6.404391], [-75.422201, 6.404403], [-75.422212, 6.404341]]], [[[-75.422398, 6.390252], [-75.422478, 6.390193], [-75.422878, 6.389806], [-75.422663, 6.390086], [-75.422398, 6.390252]]], [[[-75.423568, 6.341251], [-75.423863, 6.341193], [-75.423367, 6.341351], [-75.423568, 6.341251]]], [[[-75.423018, 6.341375], [-75.423128, 6.341258], [-75.423305, 6.341206], [-75.423136, 6.34134], [-75.423018, 6.341375]]], [[[-75.423905, 6.34095], [-75.423694, 6.34101], [-75.42397, 6.340854], [-75.423905, 6.34095]]], [[[-75.42288, 6.341684], [-75.422914, 6.34172], [-75.422838, 6.341746], [-75.42288, 6.341684]]], [[[-75.422472, 6.341829], [-75.422668, 6.341644], [-75.422723, 6.341627], [-75.422472, 6.341829]]], [[[-75.422653, 6.344546], [-75.422665, 6.344605], [-75.422597, 6.344603], [-75.422653, 6.344546]]], [[[-75.422764, 6.363712], [-75.42269, 6.363712], [-75.42269, 6.363636], [-75.422764, 6.363712]]], [[[-75.423865, 6.392615], [-75.423654, 6.392581], [-75.42339, 6.392266], [-75.423609, 6.39249], [-75.423865, 6.392615]]], [[[-75.423056, 6.392683], [-75.422919, 6.392619], [-75.422912, 6.392587], [-75.423056, 6.392683]]], [[[-75.423558, 6.404786], [-75.423498, 6.405103], [-75.423311, 6.405154], [-75.423204, 6.405094], [-75.423429, 6.404976], [-75.423455, 6.40472], [-75.423558, 6.404786]]], [[[-75.42366, 6.40064], [-75.423407, 6.400813], [-75.423255, 6.400734], [-75.42366, 6.40064]]], [[[-75.432187, 6.395789], [-75.431984, 6.395823], [-75.431962, 6.395902], [-75.432051, 6.396227], [-75.432221, 6.396313], [-75.431451, 6.39642], [-75.431145, 6.396565], [-75.430596, 6.396653], [-75.43038, 6.396783], [-75.430083, 6.39667], [-75.429905, 6.396761], [-75.42972, 6.397078], [-75.429658, 6.397705], [-75.429055, 6.39848], [-75.428985, 6.398825], [-75.428808, 6.398888], [-75.428532, 6.398621], [-75.428154, 6.39948], [-75.427334, 6.39991], [-75.427306, 6.400116], [-75.427608, 6.400452], [-75.42743, 6.400412], [-75.427433, 6.400586], [-75.427183, 6.400136], [-75.426985, 6.399959], [-75.426143, 6.400005], [-75.425703, 6.399768], [-75.425563, 6.399774], [-75.425765, 6.399543], [-75.426366, 6.399336], [-75.426617, 6.399405], [-75.42681, 6.399683], [-75.427047, 6.399644], [-75.427356, 6.398962], [-75.427521, 6.398837], [-75.427912, 6.398792], [-75.428206, 6.398469], [-75.428585, 6.397371], [-75.428741, 6.397262], [-75.428627, 6.396988], [-75.429078, 6.396402], [-75.429468, 6.396158], [-75.429748, 6.396568], [-75.430003, 6.396652], [-75.430183, 6.396533], [-75.430266, 6.396358], [-75.431275, 6.395988], [-75.431424, 6.395675], [-75.431417, 6.395344], [-75.431685, 6.395208], [-75.431589, 6.395061], [-75.431421, 6.395126], [-75.431435, 6.394951], [-75.432331, 6.394059], [-75.431822, 6.394609], [-75.431715, 6.395093], [-75.431751, 6.395299], [-75.431665, 6.39545], [-75.432002, 6.395656], [-75.432558, 6.395809], [-75.432604, 6.395898], [-75.432443, 6.395971], [-75.432187, 6.395789]]], [[[-75.425243, 6.399517], [-75.425274, 6.399306], [-75.42466, 6.399386], [-75.424329, 6.399266], [-75.424311, 6.398982], [-75.424471, 6.398936], [-75.424824, 6.39914], [-75.42524, 6.399114], [-75.425522, 6.399374], [-75.425408, 6.399509], [-75.425243, 6.399517]]], [[[-75.42397, 6.399184], [-75.423893, 6.399239], [-75.423837, 6.399352], [-75.423887, 6.399109], [-75.42397, 6.399184]]], [[[-75.432253, 6.3965], [-75.432273, 6.39672], [-75.432254, 6.396737], [-75.432176, 6.396551], [-75.432253, 6.3965]]], [[[-75.432177, 6.393491], [-75.43228, 6.393346], [-75.432205, 6.393643], [-75.432177, 6.393491]]], [[[-75.424373, 6.399811], [-75.424291, 6.399845], [-75.423883, 6.400358], [-75.424156, 6.39994], [-75.424299, 6.399818], [-75.424373, 6.399811]]], [[[-75.423843, 6.335433], [-75.423859, 6.335597], [-75.423805, 6.335398], [-75.423843, 6.335433]]], [[[-75.424128, 6.393334], [-75.42405, 6.393233], [-75.424057, 6.393154], [-75.424267, 6.393331], [-75.424128, 6.393334]]], [[[-75.424183, 6.336359], [-75.424138, 6.336298], [-75.424152, 6.336241], [-75.42419, 6.336291], [-75.424183, 6.336359]]], [[[-75.423926, 6.336089], [-75.424012, 6.336331], [-75.423864, 6.336016], [-75.423926, 6.336089]]], [[[-75.426428, 6.406112], [-75.426271, 6.406437], [-75.426192, 6.406147], [-75.425716, 6.405836], [-75.42567, 6.406315], [-75.425836, 6.406302], [-75.425974, 6.406426], [-75.425916, 6.406506], [-75.425727, 6.406515], [-75.425727, 6.406723], [-75.425458, 6.406585], [-75.425224, 6.40618], [-75.42495, 6.40629], [-75.424754, 6.406629], [-75.424531, 6.406409], [-75.424966, 6.40606], [-75.425208, 6.40599], [-75.425522, 6.40541], [-75.425523, 6.405602], [-75.425652, 6.405601], [-75.425928, 6.405346], [-75.426064, 6.405464], [-75.426199, 6.40592], [-75.426428, 6.406112]]], [[[-75.42595, 6.404929], [-75.425756, 6.404737], [-75.425705, 6.404257], [-75.425853, 6.404391], [-75.42586, 6.404677], [-75.42605, 6.40491], [-75.42595, 6.404929]]], [[[-75.425395, 6.404829], [-75.425429, 6.404948], [-75.425274, 6.404825], [-75.424856, 6.404739], [-75.425126, 6.404743], [-75.425353, 6.404455], [-75.425519, 6.404387], [-75.425526, 6.40463], [-75.425395, 6.404829]]], [[[-75.424307, 6.406263], [-75.424233, 6.406278], [-75.424214, 6.40621], [-75.424307, 6.406263]]], [[[-75.423887, 6.334177], [-75.423863, 6.334364], [-75.42387, 6.334137], [-75.423887, 6.334177]]], [[[-75.425265, 6.403754], [-75.425114, 6.403945], [-75.42514, 6.404065], [-75.424882, 6.40421], [-75.424811, 6.404381], [-75.424302, 6.40424], [-75.424371, 6.403952], [-75.424798, 6.40387], [-75.425126, 6.403688], [-75.425265, 6.403754]]], [[[-75.424389, 6.393785], [-75.424323, 6.394319], [-75.424306, 6.393726], [-75.424452, 6.393598], [-75.424503, 6.393674], [-75.424389, 6.393785]]], [[[-75.424796, 6.393677], [-75.424736, 6.393557], [-75.424772, 6.39346], [-75.42482, 6.393574], [-75.424796, 6.393677]]], [[[-75.42474, 6.393247], [-75.424633, 6.392913], [-75.424495, 6.392725], [-75.424739, 6.392891], [-75.42474, 6.393247]]], [[[-75.424019, 6.328844], [-75.424012, 6.328708], [-75.424154, 6.328855], [-75.424254, 6.329173], [-75.424019, 6.328844]]], [[[-75.425, 6.396992], [-75.42454, 6.396827], [-75.424694, 6.396711], [-75.425056, 6.39671], [-75.425615, 6.396947], [-75.425433, 6.397024], [-75.425, 6.396992]]], [[[-75.425371, 6.339735], [-75.425257, 6.339899], [-75.425159, 6.339947], [-75.425371, 6.339735]]], [[[-75.425061, 6.339849], [-75.425219, 6.339575], [-75.42536, 6.339479], [-75.425061, 6.339849]]], [[[-75.424917, 6.340263], [-75.42462, 6.340632], [-75.424572, 6.340973], [-75.424469, 6.340998], [-75.424539, 6.340691], [-75.424917, 6.340263]]], [[[-75.424828, 6.34798], [-75.424672, 6.347907], [-75.424714, 6.347777], [-75.424828, 6.34798]]], [[[-75.424866, 6.347694], [-75.424876, 6.347809], [-75.424898, 6.347873], [-75.424842, 6.347809], [-75.424866, 6.347694]]], [[[-75.424719, 6.336747], [-75.424656, 6.336749], [-75.424646, 6.33671], [-75.424719, 6.336747]]], [[[-75.425007, 6.346882], [-75.424971, 6.346856], [-75.42502, 6.346831], [-75.425007, 6.346882]]], [[[-75.425117, 6.337324], [-75.425057, 6.337149], [-75.425063, 6.337144], [-75.425127, 6.337191], [-75.425117, 6.337324]]], [[[-75.425464, 6.351944], [-75.425258, 6.351767], [-75.42507, 6.351469], [-75.425258, 6.351604], [-75.425464, 6.351944]]], [[[-75.425166, 6.346314], [-75.425279, 6.346032], [-75.425338, 6.345955], [-75.425166, 6.346314]]], [[[-75.425638, 6.352701], [-75.425287, 6.352618], [-75.425177, 6.352517], [-75.425638, 6.352701]]], [[[-75.42545, 6.386603], [-75.425442, 6.386679], [-75.425391, 6.386679], [-75.42545, 6.386603]]], [[[-75.425364, 6.338338], [-75.425289, 6.338329], [-75.425335, 6.338199], [-75.425364, 6.338338]]], [[[-75.425894, 6.407056], [-75.425723, 6.407372], [-75.425652, 6.407421], [-75.425894, 6.407056]]], [[[-75.426257, 6.395621], [-75.426032, 6.396784], [-75.425741, 6.396779], [-75.42571, 6.396285], [-75.426125, 6.395286], [-75.426257, 6.395621]], [[-75.425808, 6.396677], [-75.425846, 6.396457], [-75.425807, 6.396423], [-75.425808, 6.396677]]], [[[-75.425767, 6.344853], [-75.425754, 6.344678], [-75.425754, 6.344608], [-75.425767, 6.344853]]], [[[-75.425658, 6.344366], [-75.425566, 6.34449], [-75.425531, 6.344315], [-75.425658, 6.344366]]], [[[-75.425774, 6.345189], [-75.425561, 6.34557], [-75.425536, 6.345717], [-75.425575, 6.345486], [-75.425774, 6.345189]]], [[[-75.426763, 6.386788], [-75.426857, 6.386802], [-75.426887, 6.386926], [-75.426763, 6.386788]]], [[[-75.427317, 6.39144], [-75.427147, 6.39161], [-75.427123, 6.391534], [-75.427263, 6.391308], [-75.427317, 6.39144]]], [[[-75.427798, 6.40114], [-75.427661, 6.400954], [-75.427725, 6.400738], [-75.427799, 6.401118], [-75.428082, 6.401196], [-75.427798, 6.40114]]], [[[-75.427521, 6.400984], [-75.427196, 6.401111], [-75.427498, 6.400845], [-75.427521, 6.400984]]], [[[-75.427401, 6.340909], [-75.427233, 6.341067], [-75.427157, 6.341109], [-75.427401, 6.340909]]], [[[-75.427072, 6.340934], [-75.427184, 6.34077], [-75.427341, 6.340786], [-75.427072, 6.340934]]], [[[-75.437606, 6.386512], [-75.436621, 6.387337], [-75.436867, 6.387719], [-75.43683, 6.387933], [-75.436176, 6.387632], [-75.436036, 6.387717], [-75.436672, 6.38828], [-75.436785, 6.388296], [-75.436905, 6.388172], [-75.437027, 6.38827], [-75.437056, 6.388499], [-75.437285, 6.388816], [-75.43753, 6.389931], [-75.436834, 6.389847], [-75.436375, 6.389904], [-75.435473, 6.38937], [-75.435102, 6.389615], [-75.434722, 6.389623], [-75.434372, 6.390393], [-75.434388, 6.390713], [-75.434275, 6.391053], [-75.433948, 6.391413], [-75.433499, 6.391613], [-75.433919, 6.391163], [-75.433698, 6.391036], [-75.433642, 6.390904], [-75.433918, 6.390938], [-75.434035, 6.390196], [-75.434332, 6.389654], [-75.434366, 6.389435], [-75.434158, 6.388858], [-75.4335, 6.387807], [-75.433456, 6.387543], [-75.433564, 6.387232], [-75.433462, 6.387148], [-75.43324, 6.387227], [-75.433155, 6.386824], [-75.433353, 6.386781], [-75.433815, 6.386476], [-75.434581, 6.38657], [-75.435037, 6.386298], [-75.435263, 6.38638], [-75.435422, 6.38658], [-75.43556, 6.386508], [-75.43592, 6.386715], [-75.436264, 6.386729], [-75.436414, 6.38659], [-75.436481, 6.386374], [-75.436387, 6.386143], [-75.436487, 6.386083], [-75.436664, 6.385605], [-75.437159, 6.384771], [-75.436951, 6.38522], [-75.436861, 6.386058], [-75.436623, 6.386437], [-75.436582, 6.386838], [-75.43675, 6.386871], [-75.437345, 6.386547], [-75.437606, 6.386512]], [[-75.434574, 6.387673], [-75.434444, 6.387523], [-75.434171, 6.387449], [-75.434055, 6.387117], [-75.433953, 6.387109], [-75.433871, 6.387359], [-75.43402, 6.387655], [-75.434347, 6.387825], [-75.434501, 6.387803], [-75.434574, 6.387673]], [[-75.434707, 6.387509], [-75.434587, 6.387315], [-75.434245, 6.38709], [-75.434418, 6.387355], [-75.434707, 6.387509]], [[-75.434474, 6.386894], [-75.434458, 6.387014], [-75.434625, 6.387045], [-75.434638, 6.386875], [-75.434474, 6.386894]]], [[[-75.433207, 6.391698], [-75.432875, 6.391845], [-75.432713, 6.392116], [-75.432401, 6.392215], [-75.431299, 6.391864], [-75.430573, 6.391879], [-75.430361, 6.391512], [-75.430673, 6.391026], [-75.430333, 6.390819], [-75.430113, 6.390817], [-75.429923, 6.391108], [-75.430003, 6.392943], [-75.429949, 6.393096], [-75.429786, 6.393059], [-75.429455, 6.392696], [-75.429413, 6.392154], [-75.429259, 6.391756], [-75.428953, 6.391635], [-75.429073, 6.3911], [-75.428859, 6.390766], [-75.42876, 6.390092], [-75.428839, 6.390129], [-75.429022, 6.390738], [-75.429499, 6.390996], [-75.42971, 6.390865], [-75.429861, 6.390572], [-75.430109, 6.390519], [-75.430261, 6.390388], [-75.430313, 6.389818], [-75.430149, 6.389522], [-75.42988, 6.389337], [-75.429001, 6.389692], [-75.428984, 6.389157], [-75.42975, 6.388819], [-75.430347, 6.388948], [-75.43065, 6.389276], [-75.430434, 6.389508], [-75.43058, 6.389771], [-75.431166, 6.390455], [-75.431499, 6.390549], [-75.43165, 6.390376], [-75.431638, 6.390155], [-75.431333, 6.389558], [-75.430977, 6.389153], [-75.431024, 6.38891], [-75.430674, 6.388805], [-75.430362, 6.388533], [-75.430583, 6.388499], [-75.430668, 6.388741], [-75.430823, 6.388731], [-75.430827, 6.388103], [-75.431066, 6.388327], [-75.431066, 6.38853], [-75.431209, 6.388438], [-75.431197, 6.388283], [-75.43153, 6.388369], [-75.431664, 6.388563], [-75.431602, 6.388861], [-75.432532, 6.389902], [-75.432886, 6.390677], [-75.432854, 6.390863], [-75.432454, 6.390887], [-75.432362, 6.391008], [-75.432055, 6.391042], [-75.431896, 6.391145], [-75.431906, 6.3915], [-75.432102, 6.391848], [-75.432121, 6.392085], [-75.432389, 6.392143], [-75.43269, 6.391963], [-75.432648, 6.391751], [-75.433207, 6.391698]], [[-75.431352, 6.388791], [-75.431234, 6.388626], [-75.431139, 6.388638], [-75.431129, 6.388827], [-75.431289, 6.388972], [-75.431352, 6.388791]]], [[[-75.429944, 6.393631], [-75.430497, 6.393703], [-75.430633, 6.393865], [-75.430619, 6.394097], [-75.430416, 6.394174], [-75.430294, 6.394363], [-75.430635, 6.394209], [-75.43017, 6.394584], [-75.430247, 6.394747], [-75.430198, 6.394912], [-75.430514, 6.395273], [-75.430263, 6.395402], [-75.429675, 6.395393], [-75.42977, 6.395623], [-75.429711, 6.395679], [-75.429322, 6.395648], [-75.429348, 6.395476], [-75.429485, 6.395374], [-75.429497, 6.39505], [-75.429632, 6.394737], [-75.429544, 6.394473], [-75.429316, 6.394363], [-75.42946, 6.3947], [-75.429432, 6.394982], [-75.428655, 6.395585], [-75.428243, 6.396041], [-75.428232, 6.39553], [-75.42888, 6.395365], [-75.429369, 6.394749], [-75.429112, 6.393991], [-75.428875, 6.393934], [-75.428393, 6.394115], [-75.428142, 6.393809], [-75.428204, 6.393321], [-75.428623, 6.393675], [-75.42887, 6.3935], [-75.429273, 6.393522], [-75.429441, 6.39343], [-75.429433, 6.393283], [-75.429079, 6.393051], [-75.428976, 6.392856], [-75.428978, 6.39261], [-75.429159, 6.392375], [-75.429124, 6.392146], [-75.429212, 6.392353], [-75.429152, 6.392708], [-75.429302, 6.393016], [-75.429498, 6.393201], [-75.430011, 6.393377], [-75.429944, 6.393631]], [[-75.430002, 6.394421], [-75.42979, 6.39428], [-75.429692, 6.394317], [-75.429654, 6.394474], [-75.42992, 6.394538], [-75.430002, 6.394421]]], [[[-75.428849, 6.391625], [-75.428459, 6.39106], [-75.428325, 6.390139], [-75.428504, 6.390514], [-75.428627, 6.391264], [-75.428849, 6.391625]]], [[[-75.427969, 6.393654], [-75.427897, 6.393922], [-75.427676, 6.393803], [-75.427488, 6.393465], [-75.427485, 6.393168], [-75.427889, 6.393298], [-75.427969, 6.393654]]], [[[-75.437295, 6.388176], [-75.437258, 6.387927], [-75.437426, 6.387575], [-75.437514, 6.387554], [-75.437586, 6.387659], [-75.437414, 6.388019], [-75.437399, 6.388284], [-75.437295, 6.388176]]], [[[-75.429044, 6.32926], [-75.428822, 6.329801], [-75.428798, 6.330275], [-75.428813, 6.329634], [-75.429044, 6.32926]]], [[[-75.428685, 6.330478], [-75.428608, 6.329826], [-75.428455, 6.329422], [-75.42866, 6.329928], [-75.428685, 6.330478]]], [[[-75.428254, 6.329093], [-75.428194, 6.329129], [-75.428168, 6.329096], [-75.428254, 6.329093]]], [[[-75.428211, 6.328926], [-75.427855, 6.328723], [-75.427589, 6.327983], [-75.427596, 6.327712], [-75.427779, 6.327342], [-75.427621, 6.32794], [-75.427913, 6.32869], [-75.428416, 6.329009], [-75.428637, 6.329272], [-75.428831, 6.329299], [-75.428621, 6.329339], [-75.428211, 6.328926]]], [[[-75.427725, 6.328783], [-75.427705, 6.32899], [-75.427677, 6.3287], [-75.427544, 6.328458], [-75.427548, 6.328261], [-75.427725, 6.328783]]], [[[-75.427446, 6.328117], [-75.427411, 6.327488], [-75.427746, 6.327006], [-75.427464, 6.327665], [-75.427446, 6.328117]]], [[[-75.427811, 6.321785], [-75.427688, 6.321822], [-75.427654, 6.321763], [-75.427682, 6.321737], [-75.427811, 6.321785]]], [[[-75.428201, 6.392128], [-75.428079, 6.391866], [-75.428132, 6.391722], [-75.428262, 6.39182], [-75.428342, 6.392226], [-75.428201, 6.392128]]], [[[-75.428371, 6.389551], [-75.428288, 6.389438], [-75.428278, 6.389161], [-75.428353, 6.389381], [-75.428371, 6.389551]]], [[[-75.428215, 6.3228], [-75.428142, 6.322726], [-75.428144, 6.322649], [-75.428215, 6.3228]]], [[[-75.428141, 6.323269], [-75.428107, 6.323254], [-75.428132, 6.323193], [-75.428141, 6.323269]]], [[[-75.428131, 6.322501], [-75.428068, 6.32225], [-75.428068, 6.322221], [-75.428131, 6.322501]]], [[[-75.428418, 6.341417], [-75.428341, 6.341386], [-75.428337, 6.341327], [-75.428442, 6.341314], [-75.428418, 6.341417]]], [[[-75.428659, 6.324064], [-75.42865, 6.324148], [-75.428549, 6.324174], [-75.428591, 6.324081], [-75.428659, 6.324064]]], [[[-75.429191, 6.33238], [-75.429164, 6.332444], [-75.429117, 6.332255], [-75.429191, 6.33238]]], [[[-75.429064, 6.33183], [-75.429046, 6.332029], [-75.429014, 6.331749], [-75.429064, 6.33183]]], [[[-75.429336, 6.332335], [-75.429286, 6.332198], [-75.429374, 6.332361], [-75.429336, 6.332335]]], [[[-75.429433, 6.332507], [-75.429488, 6.33277], [-75.429602, 6.332975], [-75.429405, 6.332656], [-75.429433, 6.332507]]], [[[-75.42894, 6.331512], [-75.428865, 6.331375], [-75.428864, 6.331198], [-75.42894, 6.331393], [-75.42894, 6.331512]]], [[[-75.429042, 6.331086], [-75.429006, 6.330832], [-75.429047, 6.330747], [-75.429042, 6.331086]]], [[[-75.429121, 6.328749], [-75.429098, 6.328676], [-75.429172, 6.328676], [-75.429121, 6.328749]]], [[[-75.429846, 6.340246], [-75.429606, 6.340273], [-75.429556, 6.340256], [-75.429846, 6.340246]]], [[[-75.430112, 6.39886], [-75.430162, 6.398846], [-75.430163, 6.398893], [-75.430112, 6.39886]]], [[[-75.430543, 6.33479], [-75.430462, 6.334671], [-75.430432, 6.334578], [-75.430578, 6.334732], [-75.430543, 6.33479]]], [[[-75.430091, 6.335192], [-75.430018, 6.335308], [-75.430003, 6.335372], [-75.429984, 6.335275], [-75.430091, 6.335192]]], [[[-75.429881, 6.335454], [-75.429852, 6.335185], [-75.430169, 6.3348], [-75.429903, 6.335202], [-75.429881, 6.335454]]], [[[-75.42997, 6.335726], [-75.429905, 6.336211], [-75.429857, 6.336025], [-75.42997, 6.335726]]], [[[-75.430139, 6.33614], [-75.430225, 6.336435], [-75.430323, 6.336622], [-75.430157, 6.336367], [-75.430139, 6.33614]]], [[[-75.431126, 6.333577], [-75.430534, 6.333814], [-75.430345, 6.333832], [-75.431126, 6.333577]]], [[[-75.429971, 6.333462], [-75.429911, 6.333442], [-75.429912, 6.333377], [-75.429971, 6.333462]]], [[[-75.430075, 6.333479], [-75.430249, 6.333669], [-75.430251, 6.333698], [-75.430156, 6.333673], [-75.430075, 6.333479]]], [[[-75.430347, 6.333646], [-75.430423, 6.333586], [-75.430516, 6.333561], [-75.430441, 6.333629], [-75.430347, 6.333646]]], [[[-75.430978, 6.333478], [-75.430723, 6.333492], [-75.431043, 6.333439], [-75.430978, 6.333478]]], [[[-75.43086, 6.399471], [-75.430809, 6.399439], [-75.430819, 6.399186], [-75.430876, 6.399353], [-75.43086, 6.399471]]], [[[-75.430576, 6.399195], [-75.430278, 6.399273], [-75.430232, 6.399146], [-75.430576, 6.399195]]], [[[-75.431321, 6.397883], [-75.431072, 6.39782], [-75.431037, 6.397791], [-75.431321, 6.397883]]], [[[-75.433453, 6.381221], [-75.433232, 6.381118], [-75.433228, 6.380884], [-75.433327, 6.380751], [-75.433695, 6.380885], [-75.433835, 6.381075], [-75.433719, 6.381037], [-75.433453, 6.381221]]], [[[-75.432966, 6.381249], [-75.43248, 6.381417], [-75.432375, 6.381377], [-75.432828, 6.381178], [-75.432966, 6.381249]]], [[[-75.433055, 6.381487], [-75.432828, 6.381539], [-75.432542, 6.381529], [-75.432749, 6.381461], [-75.433055, 6.381487]]], [[[-75.432323, 6.381494], [-75.432295, 6.381528], [-75.432267, 6.381479], [-75.432323, 6.381494]]], [[[-75.43217, 6.381381], [-75.431997, 6.381362], [-75.431984, 6.381339], [-75.43217, 6.381381]]], [[[-75.432282, 6.381223], [-75.431935, 6.381118], [-75.431848, 6.380978], [-75.431998, 6.380995], [-75.432282, 6.381223]]], [[[-75.431659, 6.38108], [-75.431448, 6.380915], [-75.431409, 6.380848], [-75.431659, 6.38108]]], [[[-75.431149, 6.380455], [-75.431157, 6.380233], [-75.431574, 6.379101], [-75.43152, 6.379544], [-75.431214, 6.380456], [-75.431331, 6.380586], [-75.431726, 6.380683], [-75.431845, 6.380803], [-75.431251, 6.380668], [-75.431149, 6.380455]]], [[[-75.430845, 6.380723], [-75.430675, 6.380582], [-75.430536, 6.380192], [-75.430892, 6.380159], [-75.431057, 6.380036], [-75.430908, 6.380229], [-75.430605, 6.380256], [-75.430632, 6.380436], [-75.430845, 6.380723]]], [[[-75.431189, 6.379762], [-75.431143, 6.379318], [-75.431361, 6.378947], [-75.431469, 6.378476], [-75.431297, 6.379635], [-75.431189, 6.379762]]], [[[-75.430852, 6.400593], [-75.430642, 6.400438], [-75.430641, 6.400356], [-75.430852, 6.400593]]], [[[-75.430744, 6.394461], [-75.430728, 6.394508], [-75.430705, 6.394449], [-75.430744, 6.394461]]], [[[-75.431505, 6.398471], [-75.4312, 6.398446], [-75.43112, 6.39839], [-75.431505, 6.398471]]], [[[-75.430707, 6.338628], [-75.430652, 6.338414], [-75.4307, 6.338286], [-75.430864, 6.338376], [-75.430707, 6.338628]]], [[[-75.431032, 6.399919], [-75.431057, 6.39986], [-75.431154, 6.399833], [-75.431103, 6.399911], [-75.431032, 6.399919]]], [[[-75.431699, 6.399694], [-75.431726, 6.399754], [-75.431644, 6.399726], [-75.431699, 6.399694]]], [[[-75.431316, 6.399693], [-75.431248, 6.399636], [-75.431271, 6.399407], [-75.431178, 6.399208], [-75.431474, 6.399553], [-75.431316, 6.399693]]], [[[-75.431463, 6.401196], [-75.431309, 6.401195], [-75.431239, 6.401084], [-75.431463, 6.401196]]], [[[-75.431458, 6.3987], [-75.431428, 6.398855], [-75.431421, 6.398686], [-75.431458, 6.3987]]], [[[-75.432804, 6.333086], [-75.432142, 6.333189], [-75.431527, 6.333369], [-75.432245, 6.333129], [-75.432804, 6.333086]]], [[[-75.43284, 6.332879], [-75.432964, 6.332859], [-75.432975, 6.33288], [-75.43284, 6.332879]]], [[[-75.431839, 6.401065], [-75.431848, 6.400977], [-75.431879, 6.401098], [-75.431839, 6.401065]]], [[[-75.432197, 6.400229], [-75.43217, 6.400425], [-75.432095, 6.400098], [-75.432197, 6.400229]]], [[[-75.431994, 6.400383], [-75.431875, 6.400434], [-75.431947, 6.400277], [-75.431994, 6.400383]]], [[[-75.431926, 6.337937], [-75.431836, 6.337967], [-75.431794, 6.337951], [-75.431847, 6.337891], [-75.431926, 6.337937]]], [[[-75.432274, 6.337525], [-75.432142, 6.337683], [-75.432111, 6.337695], [-75.43217, 6.337526], [-75.432274, 6.337525]]], [[[-75.432883, 6.39719], [-75.432891, 6.397667], [-75.432778, 6.39699], [-75.432883, 6.39719]]], [[[-75.43284, 6.397797], [-75.432909, 6.397879], [-75.432881, 6.397962], [-75.43284, 6.397797]]], [[[-75.43278, 6.398142], [-75.432829, 6.39816], [-75.432694, 6.398233], [-75.43278, 6.398142]]], [[[-75.433046, 6.387873], [-75.432951, 6.387845], [-75.432899, 6.387737], [-75.433058, 6.387771], [-75.433046, 6.387873]]], [[[-75.433554, 6.415314], [-75.433586, 6.415285], [-75.433586, 6.415336], [-75.433554, 6.415314]]], [[[-75.433231, 6.330864], [-75.433244, 6.331083], [-75.43321, 6.331134], [-75.433156, 6.330889], [-75.433231, 6.330864]]], [[[-75.43345, 6.368812], [-75.433514, 6.368708], [-75.43357, 6.36871], [-75.43345, 6.368812]]], [[[-75.434811, 6.393234], [-75.434739, 6.393457], [-75.434559, 6.393632], [-75.434575, 6.393785], [-75.434181, 6.394538], [-75.434121, 6.394384], [-75.434503, 6.393856], [-75.434467, 6.39355], [-75.434627, 6.393179], [-75.434219, 6.392645], [-75.433643, 6.392494], [-75.434582, 6.392372], [-75.434788, 6.392443], [-75.434908, 6.392735], [-75.434567, 6.392562], [-75.434742, 6.392772], [-75.434811, 6.393234]]], [[[-75.434708, 6.394265], [-75.434602, 6.394233], [-75.434491, 6.394312], [-75.434602, 6.394171], [-75.434708, 6.394265]]], [[[-75.433668, 6.401929], [-75.433646, 6.401975], [-75.433618, 6.401958], [-75.433668, 6.401929]]], [[[-75.43529, 6.332722], [-75.43506, 6.332896], [-75.434924, 6.332934], [-75.43529, 6.332722]]], [[[-75.434687, 6.33297], [-75.434577, 6.333021], [-75.434437, 6.333012], [-75.434635, 6.332955], [-75.434687, 6.33297]]], [[[-75.433705, 6.333121], [-75.433544, 6.333113], [-75.43341, 6.333071], [-75.433522, 6.333053], [-75.433705, 6.333121]]], [[[-75.433728, 6.332907], [-75.43435, 6.332872], [-75.434529, 6.332827], [-75.434172, 6.332929], [-75.433728, 6.332907]]], [[[-75.433979, 6.416189], [-75.433877, 6.416158], [-75.433865, 6.416113], [-75.433979, 6.416189]]], [[[-75.434601, 6.381462], [-75.434511, 6.38147], [-75.434453, 6.381415], [-75.434601, 6.381375], [-75.434601, 6.381462]]], [[[-75.434225, 6.381424], [-75.434074, 6.381276], [-75.434323, 6.381399], [-75.434225, 6.381424]]], [[[-75.43731, 6.39204], [-75.436635, 6.391716], [-75.436251, 6.391302], [-75.437073, 6.391741], [-75.43731, 6.39204]]], [[[-75.435693, 6.391194], [-75.435424, 6.391433], [-75.435313, 6.391433], [-75.435467, 6.391217], [-75.435693, 6.391194]]], [[[-75.435889, 6.391459], [-75.435652, 6.392456], [-75.435687, 6.392947], [-75.435521, 6.393285], [-75.435532, 6.393623], [-75.435254, 6.394013], [-75.435292, 6.394169], [-75.435201, 6.393932], [-75.435454, 6.393149], [-75.435497, 6.392551], [-75.435688, 6.392087], [-75.435728, 6.39158], [-75.435841, 6.391412], [-75.435889, 6.391459]]], [[[-75.435172, 6.40226], [-75.435074, 6.402257], [-75.434947, 6.402181], [-75.435087, 6.402209], [-75.435172, 6.40226]]], [[[-75.436562, 6.384327], [-75.435848, 6.38411], [-75.435499, 6.384171], [-75.435238, 6.383942], [-75.435036, 6.383892], [-75.435177, 6.383525], [-75.435661, 6.383257], [-75.435691, 6.383073], [-75.435606, 6.382892], [-75.436035, 6.383398], [-75.435942, 6.383562], [-75.435958, 6.383905], [-75.436041, 6.383925], [-75.436256, 6.383731], [-75.436292, 6.383994], [-75.436677, 6.384251], [-75.436562, 6.384327]]], [[[-75.435524, 6.402097], [-75.435445, 6.40208], [-75.435368, 6.402018], [-75.435479, 6.402028], [-75.435524, 6.402097]]], [[[-75.435827, 6.396592], [-75.435855, 6.396558], [-75.435881, 6.396606], [-75.435827, 6.396592]]], [[[-75.439796, 6.384492], [-75.439766, 6.384386], [-75.439912, 6.38428], [-75.439989, 6.38444], [-75.439796, 6.384492]]], [[[-75.439738, 6.38418], [-75.439228, 6.384691], [-75.439391, 6.384448], [-75.439358, 6.384061], [-75.439266, 6.383958], [-75.438986, 6.384076], [-75.439015, 6.384783], [-75.438803, 6.383931], [-75.43903, 6.383894], [-75.438868, 6.383495], [-75.439032, 6.383259], [-75.439167, 6.383299], [-75.439338, 6.383672], [-75.439444, 6.383692], [-75.439572, 6.383553], [-75.439567, 6.382885], [-75.439813, 6.382775], [-75.439492, 6.381776], [-75.439286, 6.381886], [-75.439269, 6.382376], [-75.439036, 6.382174], [-75.439025, 6.381977], [-75.438895, 6.382003], [-75.438894, 6.38211], [-75.438832, 6.382021], [-75.43888, 6.38186], [-75.439361, 6.381621], [-75.439385, 6.381324], [-75.43929, 6.380978], [-75.439386, 6.380752], [-75.43954, 6.380867], [-75.439716, 6.381196], [-75.439772, 6.382403], [-75.440159, 6.382879], [-75.440094, 6.382973], [-75.43988, 6.382939], [-75.439699, 6.383025], [-75.439669, 6.383353], [-75.43996, 6.383747], [-75.440218, 6.383788], [-75.440458, 6.38351], [-75.44043, 6.383335], [-75.440252, 6.383121], [-75.440355, 6.383029], [-75.440576, 6.383509], [-75.440476, 6.383703], [-75.440507, 6.383841], [-75.439982, 6.384142], [-75.439738, 6.38418]], [[-75.439221, 6.383712], [-75.439162, 6.383587], [-75.439113, 6.383597], [-75.439152, 6.3838], [-75.439221, 6.383712]]], [[[-75.439081, 6.382979], [-75.438307, 6.384041], [-75.438486, 6.384209], [-75.438437, 6.384455], [-75.438155, 6.38439], [-75.437949, 6.384729], [-75.437607, 6.384531], [-75.437916, 6.384306], [-75.438034, 6.383809], [-75.438529, 6.383356], [-75.438608, 6.383132], [-75.438517, 6.382564], [-75.43793, 6.382142], [-75.437741, 6.381643], [-75.437643, 6.381572], [-75.437514, 6.381631], [-75.43751, 6.381825], [-75.437191, 6.381918], [-75.436334, 6.382856], [-75.436126, 6.382953], [-75.436052, 6.382857], [-75.436101, 6.382613], [-75.436406, 6.382348], [-75.436849, 6.381724], [-75.437277, 6.381473], [-75.438033, 6.380715], [-75.43811, 6.380432], [-75.438364, 6.380443], [-75.437969, 6.380948], [-75.437953, 6.381082], [-75.438028, 6.381136], [-75.438282, 6.380926], [-75.438536, 6.381089], [-75.438583, 6.381243], [-75.438506, 6.381416], [-75.438176, 6.381649], [-75.438347, 6.381719], [-75.438497, 6.382234], [-75.439081, 6.382979]], [[-75.437097, 6.381748], [-75.43696, 6.381789], [-75.43658, 6.382209], [-75.436461, 6.382484], [-75.436789, 6.382202], [-75.437097, 6.381748]], [[-75.438997, 6.383029], [-75.438947, 6.382944], [-75.438841, 6.382979], [-75.438877, 6.383112], [-75.438997, 6.383029]]], [[[-75.438154, 6.38478], [-75.438243, 6.385167], [-75.438073, 6.385178], [-75.437925, 6.385042], [-75.438, 6.384843], [-75.438154, 6.38478]]], [[[-75.437851, 6.385436], [-75.437751, 6.385482], [-75.437749, 6.385427], [-75.437851, 6.385436]]], [[[-75.438502, 6.380336], [-75.438629, 6.380265], [-75.438944, 6.380289], [-75.438502, 6.380336]]], [[[-75.438541, 6.380629], [-75.438588, 6.380741], [-75.438471, 6.380826], [-75.438408, 6.380717], [-75.438541, 6.380629]]], [[[-75.436162, 6.332398], [-75.436035, 6.332506], [-75.436107, 6.332288], [-75.436162, 6.332398]]], [[[-75.436528, 6.397491], [-75.43652, 6.397567], [-75.436469, 6.397568], [-75.436528, 6.397491]]], [[[-75.437313, 6.4222], [-75.437103, 6.422105], [-75.437085, 6.42202], [-75.437313, 6.4222]]], [[[-75.437458, 6.331366], [-75.437444, 6.331203], [-75.437469, 6.33116], [-75.437458, 6.331366]]], [[[-75.437863, 6.392679], [-75.437764, 6.392579], [-75.43773, 6.392496], [-75.437863, 6.392679]]], [[[-75.438153, 6.388118], [-75.438058, 6.388785], [-75.438003, 6.388882], [-75.437833, 6.388569], [-75.437821, 6.388263], [-75.438099, 6.387645], [-75.438153, 6.388118]]], [[[-75.438132, 6.374847], [-75.438107, 6.374963], [-75.438115, 6.374808], [-75.438132, 6.374847]]], [[[-75.437889, 6.374578], [-75.437865, 6.37462], [-75.437844, 6.374539], [-75.437889, 6.374578]]], [[[-75.438228, 6.363158], [-75.437997, 6.363147], [-75.437917, 6.363098], [-75.438228, 6.363158]]], [[[-75.438875, 6.377877], [-75.438757, 6.377987], [-75.43863, 6.378013], [-75.438791, 6.377894], [-75.438875, 6.377877]]], [[[-75.438407, 6.37787], [-75.438095, 6.377873], [-75.438529, 6.377527], [-75.438714, 6.377267], [-75.438473, 6.377747], [-75.438726, 6.377727], [-75.438407, 6.37787]]], [[[-75.438198, 6.378066], [-75.43833, 6.378265], [-75.438332, 6.378326], [-75.438198, 6.378066]]], [[[-75.438555, 6.385546], [-75.438701, 6.385301], [-75.438792, 6.385095], [-75.438769, 6.385282], [-75.438555, 6.385546]]], [[[-75.438252, 6.385755], [-75.438224, 6.385655], [-75.438119, 6.385596], [-75.43826, 6.385616], [-75.438252, 6.385755]]], [[[-75.438398, 6.385928], [-75.438435, 6.386107], [-75.438363, 6.386153], [-75.438398, 6.385928]]], [[[-75.438102, 6.370211], [-75.438186, 6.370039], [-75.438266, 6.370012], [-75.438102, 6.370211]]], [[[-75.438527, 6.376685], [-75.438242, 6.37643], [-75.438193, 6.376296], [-75.438527, 6.376685]]], [[[-75.438482, 6.376098], [-75.438492, 6.376216], [-75.438419, 6.376359], [-75.438397, 6.376211], [-75.438482, 6.376098]]], [[[-75.43839, 6.364906], [-75.438328, 6.364932], [-75.438339, 6.364825], [-75.43839, 6.364906]]], [[[-75.438269, 6.364789], [-75.438201, 6.364692], [-75.438253, 6.364616], [-75.438269, 6.364789]]], [[[-75.438323, 6.366153], [-75.438315, 6.366229], [-75.438264, 6.366229], [-75.438323, 6.366153]]], [[[-75.439577, 6.387368], [-75.439385, 6.387429], [-75.439319, 6.387186], [-75.439371, 6.387054], [-75.439513, 6.386972], [-75.439686, 6.387036], [-75.439888, 6.386851], [-75.439577, 6.387368]]], [[[-75.43916, 6.387323], [-75.438477, 6.387584], [-75.43864, 6.387182], [-75.43865, 6.386693], [-75.438871, 6.386425], [-75.438698, 6.386853], [-75.43873, 6.387406], [-75.439011, 6.387377], [-75.439129, 6.387087], [-75.439356, 6.386919], [-75.43916, 6.387323]]], [[[-75.438685, 6.387774], [-75.438636, 6.387827], [-75.438547, 6.387776], [-75.438607, 6.387677], [-75.438685, 6.387774]]], [[[-75.439651, 6.386542], [-75.439726, 6.386334], [-75.43964, 6.386182], [-75.439113, 6.38607], [-75.439113, 6.385974], [-75.439287, 6.385873], [-75.439596, 6.385912], [-75.439961, 6.386244], [-75.440149, 6.3863], [-75.440046, 6.386526], [-75.439651, 6.386542]]], [[[-75.440219, 6.386011], [-75.44027, 6.385985], [-75.44041, 6.386208], [-75.440549, 6.386043], [-75.440444, 6.385853], [-75.440592, 6.385938], [-75.440447, 6.386302], [-75.440338, 6.386254], [-75.440219, 6.386011]]], [[[-75.438212, 6.329484], [-75.438196, 6.329551], [-75.43817, 6.329501], [-75.438212, 6.329484]]], [[[-75.438871, 6.379888], [-75.43855, 6.379545], [-75.438407, 6.379122], [-75.438785, 6.379635], [-75.438871, 6.379888]]], [[[-75.438525, 6.367817], [-75.43849, 6.367779], [-75.438539, 6.367778], [-75.438525, 6.367817]]], [[[-75.438663, 6.371], [-75.43857, 6.371018], [-75.438548, 6.370991], [-75.438663, 6.371]]], [[[-75.439088, 6.365398], [-75.439096, 6.365477], [-75.439039, 6.365511], [-75.439088, 6.365398]]], [[[-75.438862, 6.365511], [-75.438974, 6.365294], [-75.43906, 6.365259], [-75.438862, 6.365511]]], [[[-75.439536, 6.379806], [-75.439194, 6.379636], [-75.439026, 6.379436], [-75.439536, 6.379806]]], [[[-75.439525, 6.377447], [-75.43914, 6.377473], [-75.438991, 6.377407], [-75.439525, 6.377447]]], [[[-75.439125, 6.377594], [-75.439309, 6.377617], [-75.439086, 6.377611], [-75.439125, 6.377594]]], [[[-75.439258, 6.369157], [-75.439202, 6.369246], [-75.439167, 6.369382], [-75.439169, 6.36922], [-75.439258, 6.369157]]], [[[-75.439481, 6.365072], [-75.439292, 6.365027], [-75.43926, 6.364996], [-75.439481, 6.365072]]], [[[-75.439475, 6.330235], [-75.439371, 6.330269], [-75.439278, 6.330238], [-75.439362, 6.330204], [-75.439475, 6.330235]]], [[[-75.439751, 6.364886], [-75.439665, 6.364911], [-75.439758, 6.364848], [-75.439751, 6.364886]]], [[[-75.440395, 6.390669], [-75.44004, 6.390876], [-75.439915, 6.390843], [-75.440003, 6.390422], [-75.440386, 6.390155], [-75.440501, 6.390184], [-75.440587, 6.39039], [-75.440395, 6.390669]]], [[[-75.439855, 6.361761], [-75.43979, 6.361837], [-75.439751, 6.361846], [-75.439784, 6.361795], [-75.439855, 6.361761]]], [[[-75.440039, 6.394508], [-75.439988, 6.394463], [-75.440084, 6.394375], [-75.440039, 6.394508]]], [[[-75.439923, 6.362983], [-75.43984, 6.362874], [-75.439838, 6.362854], [-75.439931, 6.362907], [-75.439923, 6.362983]]], [[[-75.4406, 6.389707], [-75.440195, 6.389774], [-75.440018, 6.389621], [-75.440181, 6.388937], [-75.440345, 6.388583], [-75.440527, 6.388456], [-75.44068, 6.389282], [-75.4406, 6.389707]]], [[[-75.440676, 6.378693], [-75.440697, 6.378737], [-75.440662, 6.378742], [-75.440676, 6.378693]]], [[[-75.440604, 6.378983], [-75.440458, 6.379271], [-75.440031, 6.379608], [-75.440604, 6.378983]]], [[[-75.440666, 6.37923], [-75.44065, 6.379425], [-75.440448, 6.379472], [-75.440605, 6.379402], [-75.440666, 6.37923]]], [[[-75.443332, 6.395667], [-75.443291, 6.395863], [-75.443249, 6.395903], [-75.443332, 6.395667]]], [[[-75.442884, 6.395414], [-75.442047, 6.395338], [-75.441973, 6.39531], [-75.442387, 6.39527], [-75.442884, 6.395414]]], [[[-75.441804, 6.39548], [-75.441514, 6.39559], [-75.441469, 6.39556], [-75.441529, 6.395489], [-75.441804, 6.39548]]], [[[-75.441528, 6.395323], [-75.440715, 6.395144], [-75.440501, 6.395029], [-75.441528, 6.395323]]], [[[-75.443215, 6.395522], [-75.443227, 6.395484], [-75.44328, 6.395533], [-75.443215, 6.395522]]], [[[-75.441473, 6.395974], [-75.441536, 6.396133], [-75.441268, 6.395817], [-75.441008, 6.395781], [-75.44105, 6.396373], [-75.440921, 6.396002], [-75.440937, 6.396244], [-75.440613, 6.395698], [-75.4402, 6.39535], [-75.440188, 6.395084], [-75.44025, 6.395067], [-75.440457, 6.395455], [-75.440631, 6.395523], [-75.44099, 6.395485], [-75.441473, 6.395974]]], [[[-75.443171, 6.396001], [-75.443199, 6.396106], [-75.443195, 6.396128], [-75.443139, 6.396078], [-75.443171, 6.396001]]], [[[-75.440159, 6.330616], [-75.440092, 6.330507], [-75.440042, 6.330291], [-75.440144, 6.330418], [-75.440159, 6.330616]]], [[[-75.441042, 6.370963], [-75.440856, 6.371259], [-75.44081, 6.371522], [-75.440838, 6.371174], [-75.441042, 6.370963]]], [[[-75.440241, 6.371568], [-75.440216, 6.371697], [-75.440224, 6.371536], [-75.440241, 6.371568]]], [[[-75.440365, 6.371473], [-75.440545, 6.371489], [-75.440623, 6.371522], [-75.440494, 6.371541], [-75.440365, 6.371473]]], [[[-75.440802, 6.376875], [-75.44076, 6.37702], [-75.440705, 6.377024], [-75.440802, 6.376875]]], [[[-75.440536, 6.377112], [-75.440428, 6.377213], [-75.440314, 6.37744], [-75.440384, 6.377193], [-75.440536, 6.377112]]], [[[-75.440637, 6.384248], [-75.440637, 6.384315], [-75.440527, 6.384371], [-75.440637, 6.384248]]], [[[-75.441256, 6.385802], [-75.441188, 6.38608], [-75.441177, 6.386172], [-75.441154, 6.386046], [-75.441256, 6.385802]]], [[[-75.441161, 6.386373], [-75.440899, 6.38704], [-75.440957, 6.387213], [-75.440812, 6.387262], [-75.440747, 6.387123], [-75.440822, 6.386759], [-75.441161, 6.386373]]], [[[-75.444092, 6.391802], [-75.444113, 6.391895], [-75.443683, 6.391744], [-75.442656, 6.391788], [-75.442507, 6.391582], [-75.442346, 6.391561], [-75.442135, 6.391709], [-75.442235, 6.391898], [-75.442358, 6.39174], [-75.442438, 6.391756], [-75.442327, 6.39227], [-75.441915, 6.392416], [-75.441251, 6.392852], [-75.440883, 6.392588], [-75.441246, 6.391217], [-75.441093, 6.390608], [-75.441499, 6.390838], [-75.441553, 6.391079], [-75.441831, 6.391115], [-75.442029, 6.391445], [-75.44227, 6.391422], [-75.442257, 6.391225], [-75.442743, 6.391481], [-75.443056, 6.391267], [-75.442978, 6.391148], [-75.442679, 6.391139], [-75.442237, 6.390966], [-75.441599, 6.390457], [-75.441623, 6.390388], [-75.442001, 6.390322], [-75.442102, 6.390075], [-75.441731, 6.389308], [-75.441269, 6.388735], [-75.441457, 6.387722], [-75.441562, 6.387794], [-75.441595, 6.388069], [-75.441566, 6.388208], [-75.441395, 6.388329], [-75.441371, 6.388492], [-75.441653, 6.389057], [-75.442369, 6.389893], [-75.442465, 6.390146], [-75.442969, 6.390829], [-75.443236, 6.39088], [-75.443683, 6.390791], [-75.443998, 6.390974], [-75.443929, 6.391489], [-75.443788, 6.391508], [-75.443451, 6.391344], [-75.443382, 6.391565], [-75.444092, 6.391802]]], [[[-75.441113, 6.396883], [-75.441099, 6.397041], [-75.441035, 6.39673], [-75.441113, 6.396883]]], [[[-75.441201, 6.376365], [-75.441119, 6.376388], [-75.441211, 6.376325], [-75.441201, 6.376365]]], [[[-75.441356, 6.330203], [-75.441441, 6.330144], [-75.441549, 6.330117], [-75.441419, 6.330221], [-75.441356, 6.330203]]], [[[-75.441409, 6.369645], [-75.441418, 6.369755], [-75.44141, 6.3698], [-75.441409, 6.369645]]], [[[-75.442323, 6.385509], [-75.442086, 6.385563], [-75.441873, 6.385553], [-75.442104, 6.385485], [-75.442323, 6.385509]]], [[[-75.444846, 6.383695], [-75.444022, 6.383959], [-75.44379, 6.383888], [-75.443864, 6.383793], [-75.444207, 6.383715], [-75.444846, 6.383695]]], [[[-75.443534, 6.383798], [-75.443483, 6.38354], [-75.443191, 6.383301], [-75.443013, 6.38326], [-75.442286, 6.383551], [-75.441926, 6.383951], [-75.44232, 6.383492], [-75.443193, 6.383123], [-75.443363, 6.383173], [-75.443519, 6.383367], [-75.443534, 6.383798]]], [[[-75.443124, 6.384065], [-75.443057, 6.384081], [-75.443011, 6.383986], [-75.443103, 6.38396], [-75.443124, 6.384065]]], [[[-75.442105, 6.364737], [-75.442091, 6.364688], [-75.442138, 6.364688], [-75.442105, 6.364737]]], [[[-75.44281, 6.384539], [-75.442662, 6.384751], [-75.442608, 6.384703], [-75.442725, 6.384494], [-75.44281, 6.384539]]], [[[-75.444435, 6.386279], [-75.444134, 6.385859], [-75.443765, 6.385572], [-75.443377, 6.385393], [-75.442912, 6.385353], [-75.443422, 6.385324], [-75.444359, 6.385692], [-75.444462, 6.385936], [-75.444435, 6.386279]]], [[[-75.442719, 6.34979], [-75.442677, 6.349832], [-75.442652, 6.349781], [-75.442719, 6.34979]]], [[[-75.442829, 6.330722], [-75.442785, 6.330587], [-75.442812, 6.3304], [-75.442892, 6.330643], [-75.442829, 6.330722]]], [[[-75.444058, 6.365571], [-75.444051, 6.365652], [-75.444003, 6.365629], [-75.444058, 6.365571]]], [[[-75.443797, 6.36574], [-75.443852, 6.365591], [-75.443904, 6.365584], [-75.443797, 6.36574]]], [[[-75.443479, 6.366008], [-75.443513, 6.366009], [-75.443488, 6.366082], [-75.443479, 6.366008]]], [[[-75.445318, 6.39242], [-75.444802, 6.392309], [-75.444405, 6.392569], [-75.444795, 6.39218], [-75.444996, 6.392199], [-75.445318, 6.39242]]], [[[-75.444207, 6.392762], [-75.44398, 6.392941], [-75.443776, 6.392865], [-75.443823, 6.392783], [-75.443956, 6.392843], [-75.444207, 6.392762]]], [[[-75.444492, 6.412045], [-75.444393, 6.412037], [-75.444437, 6.41196], [-75.444492, 6.412045]]], [[[-75.444787, 6.391539], [-75.444719, 6.391524], [-75.444656, 6.391344], [-75.444769, 6.391454], [-75.444787, 6.391539]]], [[[-75.444978, 6.346202], [-75.444878, 6.346391], [-75.44485, 6.346405], [-75.4449, 6.346228], [-75.444978, 6.346202]]], [[[-75.447384, 6.384039], [-75.447017, 6.384026], [-75.445898, 6.383783], [-75.446913, 6.383795], [-75.447651, 6.383902], [-75.447384, 6.384039]]], [[[-75.448605, 6.384468], [-75.448071, 6.384278], [-75.447531, 6.384565], [-75.446838, 6.38461], [-75.446741, 6.384832], [-75.446692, 6.385678], [-75.446534, 6.386071], [-75.446486, 6.384741], [-75.44658, 6.384563], [-75.447004, 6.384443], [-75.447544, 6.384481], [-75.447968, 6.384293], [-75.448188, 6.384246], [-75.448502, 6.384339], [-75.448605, 6.384468]]], [[[-75.44916, 6.386671], [-75.448372, 6.386777], [-75.447884, 6.387013], [-75.447725, 6.387032], [-75.447054, 6.386815], [-75.446851, 6.386634], [-75.446752, 6.386414], [-75.446875, 6.386479], [-75.447011, 6.386743], [-75.447753, 6.386986], [-75.44845, 6.386715], [-75.44916, 6.386671]]], [[[-75.447315, 6.410476], [-75.447299, 6.410524], [-75.447277, 6.410465], [-75.447315, 6.410476]]], [[[-75.447829, 6.392606], [-75.44791, 6.392631], [-75.447792, 6.392632], [-75.447829, 6.392606]]], [[[-75.452116, 6.385021], [-75.450911, 6.38533], [-75.450401, 6.385291], [-75.450105, 6.38493], [-75.449971, 6.384176], [-75.45027, 6.384831], [-75.450621, 6.385179], [-75.452116, 6.385021]]], [[[-75.45014, 6.385396], [-75.449708, 6.386398], [-75.449796, 6.386187], [-75.449755, 6.386072], [-75.448996, 6.385932], [-75.449792, 6.385847], [-75.449871, 6.385695], [-75.449849, 6.385349], [-75.449897, 6.385417], [-75.45014, 6.385396]]], [[[-75.44864, 6.385917], [-75.448497, 6.385926], [-75.448443, 6.385862], [-75.44867, 6.385728], [-75.44864, 6.385917]]], [[[-75.44882, 6.383644], [-75.448844, 6.383867], [-75.44867, 6.383937], [-75.448444, 6.383646], [-75.448528, 6.383595], [-75.448669, 6.383729], [-75.44882, 6.383644]]], [[[-75.449281, 6.384495], [-75.449069, 6.384426], [-75.448941, 6.384439], [-75.449124, 6.384414], [-75.449281, 6.384495]]], [[[-75.4494, 6.384088], [-75.449336, 6.384134], [-75.449289, 6.3841], [-75.4494, 6.384088]]], [[[-75.452487, 6.386187], [-75.451095, 6.386863], [-75.450136, 6.387119], [-75.450137, 6.387329], [-75.449914, 6.387226], [-75.450037, 6.38705], [-75.451461, 6.386642], [-75.452487, 6.386187]]], [[[-75.449755, 6.387129], [-75.449646, 6.387002], [-75.449579, 6.386956], [-75.449726, 6.38702], [-75.449755, 6.387129]]], [[[-75.450069, 6.387653], [-75.449965, 6.387702], [-75.449923, 6.387677], [-75.44998, 6.387586], [-75.450069, 6.387653]]], [[[-75.451231, 6.383509], [-75.450873, 6.383617], [-75.450821, 6.383582], [-75.450967, 6.383475], [-75.451231, 6.383509]]], [[[-75.450861, 6.383757], [-75.450801, 6.384123], [-75.450621, 6.38422], [-75.450611, 6.384073], [-75.450861, 6.383757]]], [[[-75.451369, 6.366459], [-75.45122, 6.366483], [-75.451434, 6.366389], [-75.451369, 6.366459]]], [[[-75.45163, 6.381653], [-75.451545, 6.381846], [-75.451484, 6.382077], [-75.451443, 6.381846], [-75.45163, 6.381653]]], [[[-75.451575, 6.383001], [-75.451499, 6.382971], [-75.451594, 6.382881], [-75.451575, 6.383001]]], [[[-75.452272, 6.384421], [-75.451946, 6.384055], [-75.451615, 6.383855], [-75.45157, 6.383663], [-75.45176, 6.383766], [-75.452, 6.384048], [-75.452272, 6.384421]]], [[[-75.452369, 6.381766], [-75.452305, 6.382076], [-75.452258, 6.381518], [-75.452369, 6.381766]]], [[[-75.452364, 6.380842], [-75.452272, 6.381158], [-75.452245, 6.381181], [-75.452294, 6.38082], [-75.452364, 6.380842]]], [[[-75.455172, 6.381577], [-75.455015, 6.38182], [-75.45423, 6.382314], [-75.454138, 6.382483], [-75.454149, 6.382731], [-75.453461, 6.382811], [-75.452867, 6.383011], [-75.45246, 6.382957], [-75.452504, 6.382863], [-75.452963, 6.382797], [-75.453462, 6.382582], [-75.453889, 6.382196], [-75.453994, 6.38198], [-75.453767, 6.381705], [-75.453951, 6.381333], [-75.453894, 6.381184], [-75.452799, 6.380357], [-75.452572, 6.380033], [-75.453063, 6.380468], [-75.453999, 6.381046], [-75.455061, 6.381267], [-75.455178, 6.381402], [-75.455172, 6.381577]]], [[[-75.454351, 6.382603], [-75.454362, 6.382681], [-75.454278, 6.382693], [-75.454265, 6.382616], [-75.454351, 6.382603]]], [[[-75.467245, 6.383856], [-75.4668, 6.383944], [-75.466441, 6.383734], [-75.466587, 6.383687], [-75.466928, 6.383882], [-75.467245, 6.383856]]], [[[-75.466286, 6.383956], [-75.465899, 6.383721], [-75.465793, 6.383725], [-75.465857, 6.383609], [-75.465807, 6.383507], [-75.465569, 6.383434], [-75.465831, 6.383334], [-75.465855, 6.383142], [-75.465574, 6.382277], [-75.465406, 6.381337], [-75.465249, 6.381217], [-75.465673, 6.38127], [-75.465894, 6.381213], [-75.466031, 6.381596], [-75.466455, 6.382074], [-75.466506, 6.382711], [-75.466724, 6.382832], [-75.467058, 6.382736], [-75.466859, 6.382919], [-75.466615, 6.382945], [-75.466407, 6.38275], [-75.466338, 6.382397], [-75.466216, 6.382849], [-75.466082, 6.382088], [-75.465809, 6.381736], [-75.465731, 6.381459], [-75.465487, 6.381461], [-75.465663, 6.382436], [-75.465858, 6.382939], [-75.465996, 6.383096], [-75.466164, 6.383114], [-75.466351, 6.382853], [-75.466321, 6.383282], [-75.466145, 6.383302], [-75.466187, 6.383771], [-75.466286, 6.383956]], [[-75.466432, 6.382102], [-75.466339, 6.382018], [-75.466167, 6.382008], [-75.466297, 6.382097], [-75.466432, 6.382102]]], [[[-75.465734, 6.38323], [-75.465484, 6.38279], [-75.46528, 6.381905], [-75.465735, 6.382997], [-75.465734, 6.38323]]], [[[-75.465009, 6.381606], [-75.464508, 6.381296], [-75.464062, 6.381271], [-75.463977, 6.381103], [-75.464221, 6.38122], [-75.464708, 6.381182], [-75.464773, 6.381045], [-75.464898, 6.381024], [-75.465225, 6.381599], [-75.465009, 6.381606]]], [[[-75.46409, 6.380853], [-75.464074, 6.380921], [-75.464015, 6.380871], [-75.46409, 6.380853]]], [[[-75.464652, 6.380862], [-75.464458, 6.380786], [-75.464455, 6.380722], [-75.464842, 6.380787], [-75.464652, 6.380862]]], [[[-75.466744, 6.383464], [-75.466997, 6.383444], [-75.467183, 6.383473], [-75.467059, 6.383583], [-75.466863, 6.383604], [-75.466744, 6.383464]]], [[[-75.463749, 6.380759], [-75.463368, 6.380905], [-75.463381, 6.381026], [-75.463228, 6.381078], [-75.462976, 6.381068], [-75.462984, 6.380822], [-75.462915, 6.380786], [-75.462343, 6.380954], [-75.461456, 6.381027], [-75.461148, 6.381155], [-75.45975, 6.381187], [-75.459126, 6.381369], [-75.458579, 6.381744], [-75.457639, 6.381842], [-75.457393, 6.382032], [-75.456946, 6.382905], [-75.45654, 6.383349], [-75.45589, 6.38367], [-75.455742, 6.383831], [-75.455177, 6.383656], [-75.454617, 6.383768], [-75.454372, 6.383926], [-75.453883, 6.384469], [-75.453217, 6.384677], [-75.453107, 6.38502], [-75.452955, 6.385087], [-75.452999, 6.384796], [-75.453481, 6.384508], [-75.453684, 6.384195], [-75.454055, 6.384149], [-75.454435, 6.383773], [-75.455679, 6.383166], [-75.455639, 6.383054], [-75.45535, 6.383004], [-75.455508, 6.382286], [-75.45567, 6.382499], [-75.456168, 6.382531], [-75.456487, 6.382303], [-75.456674, 6.381781], [-75.456877, 6.381804], [-75.456804, 6.382194], [-75.456891, 6.382316], [-75.457335, 6.381793], [-75.45761, 6.381677], [-75.457956, 6.38166], [-75.457902, 6.381555], [-75.45736, 6.381532], [-75.457361, 6.381321], [-75.45769, 6.381005], [-75.458134, 6.38097], [-75.45836, 6.38083], [-75.458614, 6.380505], [-75.458724, 6.380206], [-75.459478, 6.380137], [-75.459698, 6.380225], [-75.459986, 6.380505], [-75.460388, 6.380504], [-75.461013, 6.379901], [-75.461333, 6.37976], [-75.461757, 6.379709], [-75.462084, 6.379453], [-75.462258, 6.378992], [-75.462153, 6.378492], [-75.462355, 6.378614], [-75.462411, 6.378803], [-75.462527, 6.378873], [-75.462445, 6.379025], [-75.462541, 6.37917], [-75.462713, 6.379206], [-75.462802, 6.379097], [-75.462892, 6.378859], [-75.462859, 6.378622], [-75.463079, 6.378823], [-75.462932, 6.378952], [-75.46292, 6.379104], [-75.463933, 6.379501], [-75.464035, 6.379862], [-75.464035, 6.380386], [-75.463749, 6.380759]], [[-75.455604, 6.383356], [-75.455519, 6.38338], [-75.455533, 6.383484], [-75.455646, 6.383471], [-75.455604, 6.383356]], [[-75.458167, 6.38131], [-75.458101, 6.381184], [-75.45785, 6.381071], [-75.457682, 6.381128], [-75.457477, 6.381406], [-75.458013, 6.381462], [-75.458167, 6.38131]], [[-75.45938, 6.380346], [-75.459205, 6.380303], [-75.459111, 6.380462], [-75.45929, 6.380503], [-75.45938, 6.380346]], [[-75.463474, 6.379936], [-75.463361, 6.379601], [-75.463186, 6.379563], [-75.46278, 6.379238], [-75.461934, 6.379872], [-75.461136, 6.379857], [-75.460892, 6.380346], [-75.460982, 6.380533], [-75.461396, 6.380756], [-75.462392, 6.38091], [-75.462955, 6.380487], [-75.463395, 6.380304], [-75.463474, 6.379936]]], [[[-75.462371, 6.381127], [-75.462129, 6.381168], [-75.462061, 6.381139], [-75.462371, 6.381127]]], [[[-75.453024, 6.3844], [-75.452956, 6.384203], [-75.452993, 6.384142], [-75.453117, 6.384324], [-75.453024, 6.3844]]], [[[-75.463191, 6.378904], [-75.463367, 6.37889], [-75.463642, 6.378864], [-75.463329, 6.37909], [-75.463191, 6.378904]]], [[[-75.463913, 6.379189], [-75.464131, 6.379288], [-75.464137, 6.379379], [-75.463963, 6.379329], [-75.463913, 6.379189]]], [[[-75.463716, 6.379092], [-75.463636, 6.379095], [-75.463576, 6.379117], [-75.463689, 6.379009], [-75.463716, 6.379092]]], [[[-75.452862, 6.363737], [-75.4528, 6.363739], [-75.452866, 6.363594], [-75.452862, 6.363737]]], [[[-75.454426, 6.379165], [-75.453935, 6.37902], [-75.454566, 6.379136], [-75.454426, 6.379165]]], [[[-75.456178, 6.381877], [-75.45579, 6.381989], [-75.455649, 6.381977], [-75.455975, 6.381822], [-75.456178, 6.381877]]], [[[-75.456274, 6.381397], [-75.455793, 6.381516], [-75.455684, 6.381432], [-75.456034, 6.381237], [-75.456236, 6.381281], [-75.456274, 6.381397]]], [[[-75.455747, 6.350477], [-75.455756, 6.350429], [-75.455806, 6.350428], [-75.455747, 6.350477]]], [[[-75.458148, 6.379318], [-75.458288, 6.379184], [-75.458357, 6.379065], [-75.458311, 6.379203], [-75.458148, 6.379318]]], [[[-75.457725, 6.379672], [-75.457315, 6.379639], [-75.456959, 6.379426], [-75.456692, 6.379369], [-75.456688, 6.379061], [-75.457441, 6.379543], [-75.458057, 6.379423], [-75.457933, 6.379603], [-75.457725, 6.379672]]], [[[-75.459032, 6.427882], [-75.458879, 6.427858], [-75.459069, 6.427865], [-75.459032, 6.427882]]], [[[-75.458753, 6.428039], [-75.458603, 6.428066], [-75.458525, 6.428049], [-75.458753, 6.428039]]], [[[-75.458403, 6.427999], [-75.457988, 6.428012], [-75.457845, 6.427805], [-75.458054, 6.427966], [-75.458403, 6.427999]]], [[[-75.458007, 6.427774], [-75.458421, 6.427827], [-75.458531, 6.427911], [-75.458007, 6.427774]]], [[[-75.458828, 6.377632], [-75.458569, 6.377777], [-75.458381, 6.377966], [-75.458535, 6.377744], [-75.458828, 6.377632]]], [[[-75.458167, 6.378113], [-75.458037, 6.378162], [-75.457846, 6.378264], [-75.457969, 6.378128], [-75.458167, 6.378113]]], [[[-75.457668, 6.378496], [-75.457596, 6.378473], [-75.457734, 6.378424], [-75.457668, 6.378496]]], [[[-75.458305, 6.378825], [-75.457919, 6.379012], [-75.457776, 6.379013], [-75.458305, 6.378825]]], [[[-75.46135, 6.377981], [-75.461228, 6.377811], [-75.461046, 6.37776], [-75.460341, 6.377843], [-75.460526, 6.377732], [-75.461021, 6.377717], [-75.461381, 6.377871], [-75.46135, 6.377981]]], [[[-75.461253, 6.378166], [-75.461314, 6.378266], [-75.461247, 6.37836], [-75.460545, 6.378667], [-75.460069, 6.378522], [-75.459266, 6.37877], [-75.459089, 6.378682], [-75.459117, 6.378598], [-75.459295, 6.378628], [-75.459521, 6.3785], [-75.459587, 6.378306], [-75.459495, 6.378137], [-75.45964, 6.378032], [-75.459715, 6.378032], [-75.459655, 6.37824], [-75.459747, 6.378289], [-75.460363, 6.378159], [-75.460733, 6.378328], [-75.461253, 6.378166]]], [[[-75.460179, 6.428482], [-75.460057, 6.428379], [-75.460045, 6.428333], [-75.460179, 6.428482]]], [[[-75.461512, 6.428543], [-75.461303, 6.428595], [-75.461221, 6.428566], [-75.461512, 6.428543]]], [[[-75.461255, 6.428418], [-75.461029, 6.428424], [-75.461007, 6.428419], [-75.461255, 6.428418]]], [[[-75.462336, 6.429199], [-75.462402, 6.429272], [-75.462428, 6.429419], [-75.46234, 6.429279], [-75.462336, 6.429199]]], [[[-75.462203, 6.429082], [-75.462226, 6.42904], [-75.462254, 6.42913], [-75.462203, 6.429082]]], [[[-75.462791, 6.428511], [-75.462436, 6.428668], [-75.462182, 6.428656], [-75.462791, 6.428511]]], [[[-75.462853, 6.37648], [-75.462799, 6.376435], [-75.462807, 6.376369], [-75.462853, 6.37648]]], [[[-75.462736, 6.376652], [-75.46271, 6.376713], [-75.462604, 6.37677], [-75.462659, 6.376692], [-75.462736, 6.376652]]], [[[-75.462371, 6.376706], [-75.462322, 6.376688], [-75.462432, 6.37664], [-75.462371, 6.376706]]], [[[-75.462564, 6.376952], [-75.462538, 6.377117], [-75.462128, 6.377097], [-75.461881, 6.377228], [-75.462338, 6.376923], [-75.462564, 6.376952]]], [[[-75.46197, 6.376851], [-75.462073, 6.37679], [-75.462246, 6.376818], [-75.462139, 6.376881], [-75.46197, 6.376851]]], [[[-75.46344, 6.378182], [-75.463101, 6.378044], [-75.462733, 6.377453], [-75.462847, 6.377459], [-75.463163, 6.377838], [-75.463487, 6.378018], [-75.46354, 6.378134], [-75.46344, 6.378182]]], [[[-75.462798, 6.367213], [-75.4628, 6.367275], [-75.462789, 6.367275], [-75.462798, 6.367213]]], [[[-75.464088, 6.428249], [-75.464055, 6.428342], [-75.464002, 6.428292], [-75.464088, 6.428249]]], [[[-75.463579, 6.428356], [-75.463702, 6.428367], [-75.463454, 6.42843], [-75.463579, 6.428356]]], [[[-75.463347, 6.428286], [-75.463578, 6.42813], [-75.463792, 6.428171], [-75.463347, 6.428286]]], [[[-75.463504, 6.375632], [-75.463294, 6.376105], [-75.463145, 6.376116], [-75.463504, 6.375632]]], [[[-75.463441, 6.375443], [-75.463424, 6.375342], [-75.46348, 6.37537], [-75.463441, 6.375443]]], [[[-75.46361, 6.367118], [-75.46361, 6.36718], [-75.463599, 6.36718], [-75.46361, 6.367118]]], [[[-75.46432, 6.371771], [-75.464306, 6.371823], [-75.46427, 6.371771], [-75.46432, 6.371771]]], [[[-75.464437, 6.379278], [-75.464454, 6.379354], [-75.464426, 6.379371], [-75.464437, 6.379278]]], [[[-75.46478, 6.373611], [-75.464681, 6.373603], [-75.464725, 6.373527], [-75.46478, 6.373611]]], [[[-75.465297, 6.383784], [-75.464987, 6.383844], [-75.464931, 6.383847], [-75.465178, 6.383758], [-75.465297, 6.383784]]], [[[-75.466203, 6.355414], [-75.46617, 6.355398], [-75.466195, 6.355337], [-75.466203, 6.355414]]], [[[-75.466455, 6.384259], [-75.466393, 6.384272], [-75.466391, 6.384242], [-75.466455, 6.384259]]], [[[-75.466945, 6.369209], [-75.466627, 6.369296], [-75.466575, 6.369266], [-75.466945, 6.369209]]], [[[-75.466716, 6.407183], [-75.466655, 6.407225], [-75.466716, 6.407132], [-75.466716, 6.407183]]], [[[-75.466805, 6.384398], [-75.466772, 6.384568], [-75.466815, 6.384743], [-75.466738, 6.384534], [-75.466805, 6.384398]]], [[[-75.46669, 6.38474], [-75.466642, 6.38487], [-75.466632, 6.384866], [-75.46669, 6.38474]]], [[[-75.467047, 6.368396], [-75.466741, 6.367873], [-75.466624, 6.367748], [-75.466807, 6.367891], [-75.467047, 6.368396]]], [[[-75.466792, 6.368152], [-75.466719, 6.368084], [-75.466721, 6.368032], [-75.466792, 6.368152]]], [[[-75.467318, 6.371413], [-75.467202, 6.371548], [-75.467286, 6.371299], [-75.467318, 6.371413]]], [[[-75.46701, 6.371606], [-75.466992, 6.371442], [-75.467101, 6.371402], [-75.46701, 6.371606]]], [[[-75.467172, 6.372968], [-75.467149, 6.37301], [-75.467124, 6.372943], [-75.467172, 6.372968]]], [[[-75.467127, 6.370289], [-75.467101, 6.370349], [-75.467064, 6.370285], [-75.467127, 6.370289]]], [[[-75.46737, 6.386289], [-75.467351, 6.386371], [-75.46732, 6.386213], [-75.46737, 6.386289]]], [[[-75.467298, 6.386474], [-75.467225, 6.386475], [-75.46726, 6.386412], [-75.467298, 6.386474]]], [[[-75.468035, 6.375265], [-75.467925, 6.375249], [-75.467894, 6.37517], [-75.468035, 6.375265]]], [[[-75.467755, 6.375026], [-75.467545, 6.374838], [-75.467601, 6.374709], [-75.467755, 6.375026]]], [[[-75.468115, 6.388073], [-75.46774, 6.38797], [-75.467687, 6.387923], [-75.468115, 6.388073]]], [[[-75.468212, 6.378138], [-75.468043, 6.378164], [-75.467907, 6.378157], [-75.468138, 6.378056], [-75.468212, 6.378138]]], [[[-75.467905, 6.376402], [-75.467986, 6.376195], [-75.468166, 6.376056], [-75.467905, 6.376402]]], [[[-75.468515, 6.388753], [-75.46849, 6.388687], [-75.468495, 6.388624], [-75.468528, 6.388682], [-75.468515, 6.388753]]], [[[-75.469196, 6.377761], [-75.469087, 6.377845], [-75.468985, 6.377871], [-75.469129, 6.377778], [-75.469196, 6.377761]]], [[[-75.469156, 6.369321], [-75.469127, 6.369236], [-75.469288, 6.369154], [-75.469156, 6.369321]]], [[[-75.469713, 6.373019], [-75.469645, 6.373027], [-75.469607, 6.372979], [-75.469713, 6.373019]]], [[[-75.469442, 6.37283], [-75.46949, 6.372839], [-75.469492, 6.372887], [-75.469442, 6.37283]]], [[[-75.46983, 6.405018], [-75.46966, 6.404829], [-75.469649, 6.404776], [-75.469853, 6.404936], [-75.46983, 6.405018]]], [[[-75.469795, 6.367804], [-75.46976, 6.367766], [-75.469809, 6.367765], [-75.469795, 6.367804]]], [[[-75.47085, 6.376905], [-75.470781, 6.377018], [-75.470951, 6.377135], [-75.470984, 6.377298], [-75.470573, 6.377398], [-75.470234, 6.377315], [-75.470199, 6.377095], [-75.470379, 6.37693], [-75.471006, 6.376856], [-75.471281, 6.376942], [-75.471177, 6.376991], [-75.47085, 6.376905]]], [[[-75.474323, 6.377255], [-75.473931, 6.376966], [-75.473542, 6.376914], [-75.473349, 6.376694], [-75.472859, 6.376743], [-75.472738, 6.376862], [-75.472749, 6.377385], [-75.472641, 6.377595], [-75.472497, 6.377479], [-75.472614, 6.377164], [-75.472539, 6.376967], [-75.472017, 6.376687], [-75.471845, 6.376704], [-75.471818, 6.37655], [-75.471878, 6.37646], [-75.472019, 6.37646], [-75.472306, 6.376673], [-75.472569, 6.376737], [-75.473369, 6.376671], [-75.473948, 6.376915], [-75.474323, 6.377255]]], [[[-75.472248, 6.377764], [-75.472154, 6.377858], [-75.472232, 6.378039], [-75.472702, 6.378159], [-75.472818, 6.378297], [-75.472804, 6.378484], [-75.472651, 6.378348], [-75.472322, 6.378383], [-75.472372, 6.37851], [-75.472618, 6.378553], [-75.472473, 6.378636], [-75.472684, 6.378745], [-75.472346, 6.378678], [-75.472014, 6.378331], [-75.471564, 6.378106], [-75.471355, 6.377702], [-75.471523, 6.377597], [-75.471732, 6.378012], [-75.471887, 6.378068], [-75.472021, 6.377855], [-75.471892, 6.37768], [-75.47212, 6.377589], [-75.47196, 6.37744], [-75.472336, 6.377344], [-75.472248, 6.377764]]], [[[-75.471925, 6.376888], [-75.472098, 6.377023], [-75.472136, 6.377091], [-75.471925, 6.376888]]], [[[-75.473076, 6.37933], [-75.472979, 6.379201], [-75.472977, 6.379142], [-75.473061, 6.379189], [-75.473076, 6.37933]]], [[[-75.473575, 6.427189], [-75.473468, 6.427198], [-75.473389, 6.427229], [-75.473456, 6.427166], [-75.473575, 6.427189]]], [[[-75.474071, 6.379266], [-75.473867, 6.378801], [-75.473565, 6.378837], [-75.473118, 6.377894], [-75.473362, 6.378076], [-75.473611, 6.378596], [-75.473947, 6.378841], [-75.474071, 6.379266]]], [[[-75.474046, 6.379579], [-75.474038, 6.379715], [-75.474007, 6.379747], [-75.473974, 6.379591], [-75.474046, 6.379579]]], [[[-75.473652, 6.379865], [-75.4738, 6.379352], [-75.47368, 6.378957], [-75.473744, 6.378902], [-75.473865, 6.379068], [-75.473911, 6.37939], [-75.473652, 6.379865]]], [[[-75.473971, 6.376073], [-75.473914, 6.376324], [-75.473771, 6.376378], [-75.473906, 6.376086], [-75.473971, 6.376073]]], [[[-75.47392, 6.368604], [-75.47387, 6.368805], [-75.473803, 6.368872], [-75.47392, 6.368604]]], [[[-75.475033, 6.378166], [-75.4745, 6.378158], [-75.474398, 6.378075], [-75.475033, 6.378166]]], [[[-75.474213, 6.377957], [-75.474111, 6.377964], [-75.473882, 6.378021], [-75.474104, 6.377895], [-75.474213, 6.377957]]], [[[-75.474123, 6.380879], [-75.473996, 6.38072], [-75.473995, 6.380625], [-75.474102, 6.380743], [-75.474123, 6.380879]]], [[[-75.474439, 6.421163], [-75.474456, 6.421213], [-75.474405, 6.421214], [-75.474439, 6.421163]]], [[[-75.474431, 6.380945], [-75.474431, 6.381005], [-75.474415, 6.380994], [-75.474431, 6.380945]]], [[[-75.475172, 6.37517], [-75.474881, 6.375087], [-75.474635, 6.374813], [-75.474659, 6.374696], [-75.474809, 6.374746], [-75.475015, 6.37503], [-75.475343, 6.375109], [-75.475172, 6.37517]]], [[[-75.474993, 6.408903], [-75.474919, 6.408853], [-75.474927, 6.408757], [-75.475016, 6.408835], [-75.474993, 6.408903]]], [[[-75.47526, 6.381443], [-75.475232, 6.381366], [-75.475235, 6.381286], [-75.475306, 6.381396], [-75.47526, 6.381443]]], [[[-75.476165, 6.382666], [-75.475777, 6.382426], [-75.47565, 6.382178], [-75.475681, 6.382092], [-75.475883, 6.382142], [-75.476151, 6.382403], [-75.47622, 6.382536], [-75.476165, 6.382666]]], [[[-75.475409, 6.382154], [-75.475591, 6.382591], [-75.475424, 6.382446], [-75.475409, 6.382154]]], [[[-75.477153, 6.378279], [-75.477045, 6.378422], [-75.476971, 6.378387], [-75.477153, 6.378279]]], [[[-75.476834, 6.378455], [-75.476218, 6.378094], [-75.476162, 6.377965], [-75.476234, 6.377835], [-75.476545, 6.37785], [-75.476834, 6.378455]]], [[[-75.476713, 6.378736], [-75.477069, 6.378661], [-75.476869, 6.378792], [-75.476577, 6.378779], [-75.476124, 6.378474], [-75.47535, 6.378166], [-75.475689, 6.378179], [-75.476006, 6.378383], [-75.476349, 6.37839], [-75.476713, 6.378736]]], [[[-75.487457, 6.412437], [-75.487492, 6.412463], [-75.487428, 6.412501], [-75.487457, 6.412437]]], [[[-75.489742, 6.423021], [-75.489703, 6.422993], [-75.489812, 6.422972], [-75.489742, 6.423021]]], [[[-75.439538, 6.383436], [-75.439393, 6.383441], [-75.439471, 6.383305], [-75.439538, 6.383436]]], [[[-75.464228, 6.380961], [-75.464182, 6.381109], [-75.464143, 6.38101], [-75.464228, 6.380961]]], [[[-75.47391, 6.379605], [-75.473856, 6.37973], [-75.473813, 6.379638], [-75.47391, 6.379605]]]]}, "properties": {"clase": 2, "area_ha": 87.3732796464444}}, {"type": "Feature", "geometry": {"type": "MultiPolygon", "coordinates": [[[[-75.47658, 6.374992], [-75.475736, 6.375615], [-75.474864, 6.375445], [-75.474062, 6.375537], [-75.473861, 6.375646], [-75.47452, 6.376512], [-75.475166, 6.377552], [-75.47494, 6.377387], [-75.474381, 6.377275], [-75.473948, 6.376915], [-75.473486, 6.376707], [-75.472418, 6.37672], [-75.471896, 6.376421], [-75.469178, 6.376388], [-75.468723, 6.376491], [-75.468319, 6.376716], [-75.468202, 6.376867], [-75.467781, 6.378255], [-75.467442, 6.378794], [-75.466805, 6.379261], [-75.466028, 6.379387], [-75.465846, 6.379787], [-75.46587, 6.380267], [-75.466096, 6.380938], [-75.466678, 6.381418], [-75.466965, 6.381885], [-75.467343, 6.382279], [-75.467266, 6.383026], [-75.467339, 6.383195], [-75.467584, 6.383508], [-75.46817, 6.383976], [-75.468597, 6.384535], [-75.469393, 6.385037], [-75.469842, 6.385615], [-75.469817, 6.386194], [-75.469981, 6.386433], [-75.470363, 6.386704], [-75.470819, 6.387413], [-75.470821, 6.387945], [-75.471027, 6.388548], [-75.470966, 6.388843], [-75.470606, 6.389066], [-75.470551, 6.389186], [-75.470558, 6.390709], [-75.47043, 6.391237], [-75.470479, 6.391878], [-75.470023, 6.392276], [-75.469668, 6.392842], [-75.469475, 6.394021], [-75.469207, 6.394663], [-75.469312, 6.394842], [-75.46971, 6.39492], [-75.469872, 6.395046], [-75.47007, 6.395692], [-75.469979, 6.395724], [-75.469696, 6.395075], [-75.469373, 6.395057], [-75.469195, 6.395626], [-75.469283, 6.396325], [-75.469168, 6.397194], [-75.469028, 6.39761], [-75.469248, 6.397915], [-75.469271, 6.398146], [-75.469031, 6.398846], [-75.468677, 6.399191], [-75.468496, 6.399835], [-75.468184, 6.400518], [-75.468172, 6.400734], [-75.469248, 6.401466], [-75.469686, 6.402077], [-75.470376, 6.402683], [-75.470621, 6.403103], [-75.470738, 6.403973], [-75.471148, 6.403952], [-75.471294, 6.404053], [-75.47177, 6.405257], [-75.472501, 6.405724], [-75.47282, 6.406333], [-75.473367, 6.406787], [-75.473634, 6.407364], [-75.474096, 6.407731], [-75.474893, 6.408748], [-75.474666, 6.408633], [-75.473993, 6.40772], [-75.473596, 6.407446], [-75.473219, 6.406675], [-75.472752, 6.406512], [-75.47246, 6.405872], [-75.471543, 6.405173], [-75.47128, 6.40422], [-75.470605, 6.403956], [-75.470557, 6.403145], [-75.470442, 6.4029], [-75.469642, 6.402209], [-75.46951, 6.401906], [-75.469186, 6.401536], [-75.468234, 6.400983], [-75.467996, 6.401602], [-75.46789, 6.40261], [-75.468231, 6.403054], [-75.468418, 6.403477], [-75.468635, 6.403643], [-75.468328, 6.403461], [-75.46808, 6.402995], [-75.467923, 6.402861], [-75.467678, 6.40286], [-75.467463, 6.403085], [-75.467605, 6.404107], [-75.466984, 6.405044], [-75.466902, 6.405475], [-75.466921, 6.406056], [-75.466736, 6.406339], [-75.466674, 6.406986], [-75.466148, 6.407506], [-75.466095, 6.407809], [-75.46565, 6.408589], [-75.465852, 6.408943], [-75.465873, 6.409157], [-75.465654, 6.409927], [-75.465608, 6.410412], [-75.465776, 6.411252], [-75.466845, 6.412726], [-75.466922, 6.413248], [-75.467358, 6.414245], [-75.467435, 6.414762], [-75.467964, 6.416109], [-75.468024, 6.41656], [-75.467449, 6.415067], [-75.467256, 6.41425], [-75.46697, 6.413642], [-75.466789, 6.412853], [-75.465566, 6.411081], [-75.465501, 6.410403], [-75.465712, 6.409058], [-75.465481, 6.408599], [-75.465929, 6.407907], [-75.466014, 6.407507], [-75.466585, 6.406929], [-75.466679, 6.406211], [-75.466841, 6.405953], [-75.466832, 6.405212], [-75.467519, 6.403964], [-75.467372, 6.403112], [-75.467736, 6.402455], [-75.46795, 6.401379], [-75.468017, 6.400551], [-75.468578, 6.39925], [-75.468964, 6.39872], [-75.469189, 6.398151], [-75.468989, 6.397608], [-75.46917, 6.396359], [-75.469147, 6.395596], [-75.469238, 6.395299], [-75.469113, 6.394643], [-75.46939, 6.393974], [-75.469473, 6.392909], [-75.469834, 6.392275], [-75.470347, 6.39168], [-75.470472, 6.389342], [-75.470528, 6.389076], [-75.470844, 6.38854], [-75.470712, 6.388126], [-75.470693, 6.387458], [-75.470222, 6.386818], [-75.469639, 6.38641], [-75.469608, 6.385556], [-75.469035, 6.384982], [-75.46774, 6.383997], [-75.467321, 6.383857], [-75.466827, 6.383858], [-75.466477, 6.383676], [-75.466388, 6.383811], [-75.466485, 6.384057], [-75.466794, 6.384243], [-75.466761, 6.384496], [-75.467137, 6.385413], [-75.4676, 6.387331], [-75.468005, 6.387906], [-75.468582, 6.388226], [-75.4686, 6.388895], [-75.468507, 6.388814], [-75.468461, 6.388243], [-75.467699, 6.387882], [-75.467532, 6.387695], [-75.467019, 6.38547], [-75.466208, 6.383805], [-75.466252, 6.383507], [-75.46614, 6.383323], [-75.466193, 6.383264], [-75.466335, 6.383353], [-75.46648, 6.383298], [-75.467161, 6.382635], [-75.467201, 6.382418], [-75.466602, 6.381581], [-75.46588, 6.381048], [-75.465691, 6.38007], [-75.465814, 6.379462], [-75.465766, 6.379258], [-75.464295, 6.378877], [-75.463231, 6.378865], [-75.463261, 6.379036], [-75.463819, 6.379125], [-75.463959, 6.379286], [-75.463883, 6.379399], [-75.463591, 6.379398], [-75.462886, 6.379071], [-75.462923, 6.378947], [-75.463103, 6.378849], [-75.463002, 6.37871], [-75.462218, 6.378362], [-75.462136, 6.378525], [-75.462258, 6.379019], [-75.462084, 6.379455], [-75.461757, 6.379709], [-75.461333, 6.37976], [-75.461013, 6.379901], [-75.460388, 6.380504], [-75.459986, 6.380505], [-75.459698, 6.380225], [-75.459478, 6.380137], [-75.458801, 6.38018], [-75.45867, 6.380275], [-75.458557, 6.380596], [-75.458248, 6.380918], [-75.457709, 6.380982], [-75.457455, 6.38116], [-75.45737, 6.381513], [-75.457902, 6.381555], [-75.45798, 6.381628], [-75.457335, 6.381793], [-75.45696, 6.382283], [-75.456805, 6.382262], [-75.456858, 6.381952], [-75.456682, 6.381813], [-75.455634, 6.381964], [-75.45534, 6.382918], [-75.455367, 6.383022], [-75.455586, 6.383042], [-75.455654, 6.38316], [-75.454544, 6.383741], [-75.454124, 6.384096], [-75.45374, 6.384161], [-75.453489, 6.384499], [-75.453103, 6.384694], [-75.452651, 6.385869], [-75.452409, 6.386179], [-75.451545, 6.386606], [-75.449898, 6.387163], [-75.450416, 6.387622], [-75.450753, 6.38766], [-75.450689, 6.387901], [-75.451051, 6.388197], [-75.450976, 6.388279], [-75.449888, 6.387371], [-75.449696, 6.386999], [-75.448534, 6.387313], [-75.447568, 6.387425], [-75.445905, 6.387056], [-75.443551, 6.386916], [-75.442019, 6.386725], [-75.441735, 6.386803], [-75.441533, 6.387086], [-75.441254, 6.388624], [-75.441927, 6.389586], [-75.442102, 6.39015], [-75.442001, 6.39032], [-75.441587, 6.390422], [-75.442237, 6.390966], [-75.442679, 6.391139], [-75.442978, 6.391148], [-75.443056, 6.391267], [-75.442832, 6.391465], [-75.442655, 6.391466], [-75.441839, 6.391051], [-75.441577, 6.391093], [-75.441499, 6.390838], [-75.441093, 6.390608], [-75.441247, 6.391215], [-75.440949, 6.392435], [-75.440283, 6.392673], [-75.439448, 6.39277], [-75.439383, 6.392987], [-75.439774, 6.393599], [-75.440198, 6.39402], [-75.440262, 6.394636], [-75.440543, 6.395016], [-75.441232, 6.39529], [-75.442294, 6.395325], [-75.443206, 6.395499], [-75.443309, 6.395626], [-75.44318, 6.395961], [-75.443156, 6.395671], [-75.442872, 6.39554], [-75.442325, 6.395449], [-75.441619, 6.395522], [-75.441553, 6.395698], [-75.441879, 6.396424], [-75.44181, 6.396483], [-75.441346, 6.395756], [-75.44108, 6.395503], [-75.440919, 6.395416], [-75.440628, 6.395523], [-75.440385, 6.395393], [-75.440089, 6.394614], [-75.439988, 6.394073], [-75.439626, 6.393707], [-75.439579, 6.393512], [-75.439256, 6.393054], [-75.438901, 6.392793], [-75.438472, 6.392941], [-75.437571, 6.393662], [-75.436873, 6.394087], [-75.434769, 6.394866], [-75.435259, 6.395909], [-75.435612, 6.396418], [-75.436107, 6.396708], [-75.436286, 6.396919], [-75.43655, 6.397023], [-75.437255, 6.397746], [-75.437662, 6.398007], [-75.438096, 6.398138], [-75.438623, 6.398567], [-75.438791, 6.398956], [-75.439166, 6.399371], [-75.439276, 6.399748], [-75.43945, 6.399958], [-75.4402, 6.400234], [-75.440638, 6.400577], [-75.44069, 6.400816], [-75.440599, 6.401245], [-75.441086, 6.401646], [-75.441066, 6.401868], [-75.441286, 6.402661], [-75.44139, 6.403609], [-75.441562, 6.403805], [-75.441919, 6.40392], [-75.442529, 6.404935], [-75.442779, 6.405209], [-75.442942, 6.405328], [-75.443504, 6.405308], [-75.443878, 6.405387], [-75.444649, 6.405919], [-75.445257, 6.406039], [-75.446848, 6.406897], [-75.447185, 6.407386], [-75.447624, 6.407543], [-75.44779, 6.408061], [-75.44844, 6.408366], [-75.449218, 6.408923], [-75.449423, 6.41002], [-75.449727, 6.410381], [-75.4507, 6.410354], [-75.450955, 6.410488], [-75.451293, 6.410932], [-75.451868, 6.410865], [-75.452285, 6.410945], [-75.452625, 6.411266], [-75.453053, 6.412052], [-75.453865, 6.411763], [-75.454049, 6.411786], [-75.454125, 6.411993], [-75.454486, 6.412346], [-75.45508, 6.413218], [-75.456581, 6.413943], [-75.457046, 6.414346], [-75.457323, 6.414795], [-75.457979, 6.415455], [-75.458213, 6.416014], [-75.458576, 6.416454], [-75.458665, 6.416797], [-75.458631, 6.416921], [-75.457888, 6.415495], [-75.457229, 6.414835], [-75.456761, 6.414195], [-75.455565, 6.413516], [-75.45503, 6.413333], [-75.453999, 6.411944], [-75.453617, 6.411964], [-75.453177, 6.412189], [-75.452867, 6.412134], [-75.452625, 6.411483], [-75.45232, 6.411039], [-75.45136, 6.410979], [-75.450491, 6.410441], [-75.449902, 6.410555], [-75.449679, 6.410502], [-75.449339, 6.410084], [-75.449127, 6.409028], [-75.448409, 6.408468], [-75.447724, 6.408169], [-75.447541, 6.407701], [-75.44738, 6.407585], [-75.447291, 6.407659], [-75.447189, 6.408077], [-75.446995, 6.408301], [-75.447115, 6.408787], [-75.447043, 6.409217], [-75.447249, 6.410288], [-75.447868, 6.411339], [-75.448211, 6.411663], [-75.448843, 6.411815], [-75.449684, 6.412416], [-75.450349, 6.412613], [-75.450649, 6.413332], [-75.451171, 6.413911], [-75.45182, 6.414136], [-75.451906, 6.414408], [-75.451813, 6.414958], [-75.451716, 6.41421], [-75.451138, 6.414054], [-75.450515, 6.413353], [-75.450467, 6.413052], [-75.450276, 6.41267], [-75.450069, 6.412576], [-75.449995, 6.413009], [-75.450104, 6.413689], [-75.450587, 6.414361], [-75.451053, 6.41459], [-75.451165, 6.414844], [-75.451187, 6.415334], [-75.450983, 6.416343], [-75.451204, 6.417131], [-75.45121, 6.41774], [-75.451073, 6.416941], [-75.450813, 6.416183], [-75.451071, 6.41558], [-75.451066, 6.414877], [-75.45091, 6.414639], [-75.450481, 6.41444], [-75.450017, 6.413787], [-75.449859, 6.413171], [-75.449305, 6.413723], [-75.449018, 6.414247], [-75.448805, 6.415687], [-75.448112, 6.416797], [-75.448107, 6.417312], [-75.448045, 6.416794], [-75.448729, 6.415512], [-75.4489, 6.414194], [-75.449549, 6.413231], [-75.449697, 6.412721], [-75.449604, 6.412507], [-75.449066, 6.412053], [-75.448715, 6.411884], [-75.448193, 6.411775], [-75.447919, 6.411587], [-75.447206, 6.410406], [-75.446938, 6.409177], [-75.44702, 6.408769], [-75.446844, 6.408352], [-75.447114, 6.40781], [-75.446914, 6.40717], [-75.446581, 6.406857], [-75.445218, 6.406135], [-75.444607, 6.406014], [-75.443766, 6.405447], [-75.442723, 6.405317], [-75.441949, 6.404202], [-75.441716, 6.403994], [-75.441394, 6.403859], [-75.441257, 6.403627], [-75.441227, 6.402863], [-75.441053, 6.402351], [-75.441038, 6.401924], [-75.440591, 6.401318], [-75.440527, 6.400567], [-75.440185, 6.400336], [-75.439563, 6.400251], [-75.43928, 6.400128], [-75.438999, 6.399403], [-75.438734, 6.399135], [-75.43848, 6.39866], [-75.437919, 6.398255], [-75.437516, 6.398114], [-75.436606, 6.397467], [-75.436269, 6.397067], [-75.435496, 6.396592], [-75.434766, 6.395393], [-75.434444, 6.395039], [-75.434288, 6.395038], [-75.433748, 6.395385], [-75.433098, 6.396029], [-75.432927, 6.396325], [-75.43279, 6.397041], [-75.432816, 6.397798], [-75.432673, 6.398227], [-75.432389, 6.398392], [-75.431857, 6.398514], [-75.430904, 6.39835], [-75.430372, 6.398467], [-75.430123, 6.398745], [-75.430241, 6.399155], [-75.430019, 6.398933], [-75.429712, 6.399609], [-75.429711, 6.399821], [-75.429811, 6.399974], [-75.430012, 6.400067], [-75.430569, 6.400102], [-75.430935, 6.400009], [-75.431437, 6.399686], [-75.431674, 6.399719], [-75.432163, 6.400293], [-75.432097, 6.400565], [-75.431842, 6.400986], [-75.431895, 6.401104], [-75.432319, 6.401297], [-75.432654, 6.401305], [-75.433304, 6.40172], [-75.434045, 6.401567], [-75.434896, 6.401973], [-75.435595, 6.402079], [-75.436088, 6.402455], [-75.436199, 6.402674], [-75.436199, 6.403086], [-75.436348, 6.403263], [-75.436875, 6.403541], [-75.437312, 6.403602], [-75.437568, 6.403792], [-75.438545, 6.403862], [-75.438709, 6.404107], [-75.438757, 6.404526], [-75.438917, 6.404921], [-75.439104, 6.405124], [-75.439539, 6.405353], [-75.439946, 6.40602], [-75.440077, 6.406546], [-75.440321, 6.407035], [-75.440687, 6.407373], [-75.441837, 6.408119], [-75.442401, 6.409252], [-75.442548, 6.409885], [-75.44292, 6.410594], [-75.443624, 6.411475], [-75.443935, 6.41173], [-75.444319, 6.411856], [-75.444388, 6.411967], [-75.443827, 6.411817], [-75.443057, 6.41101], [-75.44259, 6.410234], [-75.442363, 6.409418], [-75.441999, 6.408882], [-75.441903, 6.408482], [-75.441404, 6.407917], [-75.440594, 6.407545], [-75.440424, 6.407379], [-75.440069, 6.406784], [-75.439893, 6.406102], [-75.439535, 6.40551], [-75.438979, 6.405153], [-75.438721, 6.404741], [-75.438625, 6.40418], [-75.438505, 6.403997], [-75.437482, 6.403851], [-75.437264, 6.403686], [-75.43681, 6.403592], [-75.436258, 6.40332], [-75.436057, 6.403076], [-75.436022, 6.402632], [-75.435661, 6.40232], [-75.434941, 6.402217], [-75.434007, 6.401819], [-75.433262, 6.402033], [-75.432827, 6.401704], [-75.432093, 6.401525], [-75.431173, 6.401009], [-75.430713, 6.400401], [-75.430387, 6.4002], [-75.429598, 6.400205], [-75.429043, 6.401106], [-75.428497, 6.40153], [-75.427974, 6.401669], [-75.426767, 6.401768], [-75.426254, 6.40192], [-75.42607, 6.401852], [-75.425816, 6.401536], [-75.425046, 6.400006], [-75.424651, 6.399822], [-75.42435, 6.399843], [-75.423651, 6.400581], [-75.423284, 6.400718], [-75.42299, 6.401382], [-75.422493, 6.401722], [-75.421956, 6.401629], [-75.421078, 6.400708], [-75.420775, 6.400704], [-75.420512, 6.400994], [-75.420451, 6.401347], [-75.420963, 6.401911], [-75.421817, 6.403243], [-75.422108, 6.403905], [-75.422153, 6.404427], [-75.422054, 6.404521], [-75.422065, 6.404278], [-75.421928, 6.404007], [-75.421808, 6.403394], [-75.421015, 6.402123], [-75.420387, 6.401403], [-75.420422, 6.401038], [-75.420559, 6.400798], [-75.420906, 6.400497], [-75.42094, 6.39999], [-75.421075, 6.399632], [-75.422079, 6.399008], [-75.422106, 6.398844], [-75.422011, 6.398645], [-75.421694, 6.398455], [-75.421782, 6.398147], [-75.422074, 6.397714], [-75.422458, 6.397449], [-75.423979, 6.396856], [-75.424613, 6.396223], [-75.42439, 6.396089], [-75.423931, 6.396234], [-75.423969, 6.396036], [-75.424476, 6.39578], [-75.42541, 6.395565], [-75.425534, 6.39542], [-75.425533, 6.395254], [-75.424477, 6.394711], [-75.424366, 6.394431], [-75.424327, 6.393961], [-75.424477, 6.393644], [-75.424102, 6.393146], [-75.423435, 6.392987], [-75.423012, 6.392652], [-75.422599, 6.392522], [-75.422141, 6.392247], [-75.421429, 6.392207], [-75.420612, 6.392633], [-75.419196, 6.39251], [-75.418448, 6.392321], [-75.419345, 6.392321], [-75.419525, 6.39203], [-75.419988, 6.391888], [-75.420078, 6.391927], [-75.42011, 6.392314], [-75.420298, 6.392407], [-75.420777, 6.392247], [-75.421263, 6.391956], [-75.422022, 6.39196], [-75.422166, 6.39169], [-75.422031, 6.390987], [-75.421753, 6.390648], [-75.42136, 6.390526], [-75.421214, 6.390398], [-75.420876, 6.389632], [-75.420701, 6.389471], [-75.420375, 6.38944], [-75.419738, 6.389682], [-75.418943, 6.389507], [-75.418628, 6.389364], [-75.417877, 6.388754], [-75.416839, 6.388388], [-75.416296, 6.388295], [-75.415713, 6.387835], [-75.414976, 6.387472], [-75.415096, 6.387426], [-75.415899, 6.387834], [-75.41635, 6.388192], [-75.41802, 6.388673], [-75.418675, 6.389251], [-75.418994, 6.389423], [-75.419679, 6.389502], [-75.420294, 6.389337], [-75.420342, 6.389076], [-75.420048, 6.388411], [-75.419799, 6.388344], [-75.419437, 6.388412], [-75.419344, 6.388319], [-75.419342, 6.387734], [-75.419586, 6.38707], [-75.419579, 6.386705], [-75.418884, 6.386191], [-75.418226, 6.385362], [-75.418927, 6.386078], [-75.419852, 6.386737], [-75.419503, 6.387538], [-75.41948, 6.388018], [-75.420191, 6.388474], [-75.420595, 6.389181], [-75.421087, 6.389778], [-75.421283, 6.390232], [-75.421656, 6.390497], [-75.422013, 6.390462], [-75.422445, 6.39021], [-75.422782, 6.389873], [-75.42301, 6.389333], [-75.422977, 6.388852], [-75.423099, 6.388624], [-75.423086, 6.388461], [-75.422769, 6.388097], [-75.422333, 6.387888], [-75.42216, 6.387702], [-75.422499, 6.387769], [-75.423162, 6.388129], [-75.423266, 6.388408], [-75.423263, 6.388887], [-75.423106, 6.389861], [-75.422846, 6.390271], [-75.422582, 6.390519], [-75.422212, 6.39069], [-75.422174, 6.390858], [-75.422444, 6.391203], [-75.422725, 6.391796], [-75.423177, 6.39197], [-75.423503, 6.392452], [-75.423807, 6.392596], [-75.424225, 6.392568], [-75.424518, 6.392779], [-75.424665, 6.39305], [-75.424807, 6.393685], [-75.424961, 6.393842], [-75.425104, 6.393862], [-75.425162, 6.394115], [-75.425374, 6.394373], [-75.425278, 6.394448], [-75.425021, 6.394411], [-75.424949, 6.39459], [-75.425366, 6.394746], [-75.425825, 6.394656], [-75.425936, 6.394415], [-75.425492, 6.394249], [-75.425692, 6.394124], [-75.425942, 6.394196], [-75.426074, 6.394473], [-75.426276, 6.394547], [-75.426128, 6.395167], [-75.425852, 6.395644], [-75.424895, 6.396451], [-75.42455, 6.396862], [-75.425173, 6.396988], [-75.426172, 6.396899], [-75.427194, 6.396631], [-75.427993, 6.396267], [-75.428325, 6.396016], [-75.428841, 6.395403], [-75.429432, 6.394982], [-75.42946, 6.3947], [-75.429319, 6.394372], [-75.429583, 6.394583], [-75.429652, 6.394792], [-75.429514, 6.394988], [-75.429486, 6.395372], [-75.429353, 6.395466], [-75.429314, 6.39564], [-75.429672, 6.395679], [-75.430445, 6.395331], [-75.430502, 6.395204], [-75.430231, 6.394971], [-75.430243, 6.394681], [-75.43017, 6.394577], [-75.430599, 6.394176], [-75.430618, 6.393873], [-75.430383, 6.393664], [-75.429974, 6.393647], [-75.429896, 6.393349], [-75.429479, 6.393148], [-75.429202, 6.392824], [-75.429179, 6.392158], [-75.428552, 6.391026], [-75.428391, 6.390073], [-75.428416, 6.389587], [-75.428168, 6.388798], [-75.427718, 6.388435], [-75.427588, 6.38809], [-75.427178, 6.387751], [-75.426891, 6.387218], [-75.426683, 6.38709], [-75.426434, 6.38672], [-75.426093, 6.386556], [-75.425581, 6.386543], [-75.425381, 6.386377], [-75.425231, 6.385977], [-75.425274, 6.385643], [-75.424681, 6.385239], [-75.424912, 6.384799], [-75.424766, 6.384526], [-75.42447, 6.384423], [-75.42383, 6.3845], [-75.422966, 6.384428], [-75.423005, 6.383727], [-75.423278, 6.38282], [-75.422373, 6.382484], [-75.422015, 6.382111], [-75.421523, 6.381768], [-75.421429, 6.3816], [-75.421359, 6.381048], [-75.420782, 6.380749], [-75.419729, 6.379639], [-75.419444, 6.379027], [-75.418983, 6.378389], [-75.419053, 6.377861], [-75.418812, 6.376993], [-75.418334, 6.375975], [-75.417887, 6.375511], [-75.417395, 6.373759], [-75.416496, 6.372766], [-75.41629, 6.372432], [-75.417452, 6.373576], [-75.41799, 6.375443], [-75.418424, 6.375931], [-75.41857, 6.37639], [-75.418878, 6.376839], [-75.419136, 6.377849], [-75.419142, 6.378453], [-75.419499, 6.378918], [-75.419687, 6.379378], [-75.420063, 6.379912], [-75.420867, 6.380673], [-75.421429, 6.380988], [-75.421657, 6.38169], [-75.422292, 6.382292], [-75.423289, 6.382736], [-75.423302, 6.383207], [-75.423024, 6.384325], [-75.423422, 6.384419], [-75.424602, 6.384381], [-75.424923, 6.384509], [-75.425052, 6.384823], [-75.424823, 6.385142], [-75.425031, 6.385388], [-75.425387, 6.385611], [-75.425373, 6.386093], [-75.425534, 6.386371], [-75.425713, 6.386483], [-75.425907, 6.386464], [-75.425982, 6.386033], [-75.426076, 6.386225], [-75.426404, 6.386417], [-75.42731, 6.387234], [-75.427619, 6.387859], [-75.428047, 6.388411], [-75.428404, 6.388715], [-75.428698, 6.38929], [-75.428894, 6.389151], [-75.428998, 6.389582], [-75.428788, 6.389779], [-75.428746, 6.390047], [-75.42886, 6.390773], [-75.429073, 6.391101], [-75.428951, 6.391627], [-75.429203, 6.391688], [-75.429316, 6.391863], [-75.429517, 6.392812], [-75.429953, 6.393121], [-75.430026, 6.392185], [-75.429861, 6.391235], [-75.429961, 6.390964], [-75.430113, 6.390818], [-75.430333, 6.390819], [-75.430673, 6.391026], [-75.430362, 6.391502], [-75.430563, 6.391873], [-75.431298, 6.391864], [-75.432402, 6.392215], [-75.432775, 6.39207], [-75.432887, 6.391845], [-75.433607, 6.391593], [-75.434185, 6.391191], [-75.434371, 6.390885], [-75.434411, 6.390274], [-75.434722, 6.389623], [-75.435102, 6.389615], [-75.435473, 6.38937], [-75.436375, 6.389904], [-75.436833, 6.389848], [-75.437523, 6.389939], [-75.437408, 6.389227], [-75.437251, 6.388737], [-75.437058, 6.388501], [-75.437033, 6.388279], [-75.436907, 6.388174], [-75.436785, 6.388296], [-75.436672, 6.38828], [-75.436035, 6.387683], [-75.436351, 6.38769], [-75.43682, 6.388024], [-75.436867, 6.387719], [-75.436638, 6.387386], [-75.436642, 6.387253], [-75.436942, 6.387126], [-75.437852, 6.386373], [-75.43837, 6.386141], [-75.438442, 6.386004], [-75.43825, 6.385615], [-75.437789, 6.385405], [-75.437738, 6.385181], [-75.437428, 6.384822], [-75.436277, 6.383939], [-75.436204, 6.383562], [-75.435309, 6.382521], [-75.434751, 6.381705], [-75.433765, 6.381371], [-75.432396, 6.381494], [-75.431875, 6.381293], [-75.431352, 6.380839], [-75.430737, 6.38061], [-75.430607, 6.380255], [-75.430966, 6.380163], [-75.431262, 6.379695], [-75.431459, 6.378787], [-75.431534, 6.377949], [-75.431336, 6.377797], [-75.430724, 6.377682], [-75.430335, 6.377382], [-75.429818, 6.377287], [-75.42974, 6.37703], [-75.42998, 6.376401], [-75.428931, 6.376047], [-75.428701, 6.37576], [-75.4286, 6.375354], [-75.428962, 6.375962], [-75.429856, 6.376219], [-75.43005, 6.376359], [-75.430053, 6.376611], [-75.429865, 6.376916], [-75.429898, 6.377209], [-75.430484, 6.377329], [-75.430851, 6.377667], [-75.431391, 6.37772], [-75.431653, 6.377909], [-75.431527, 6.379277], [-75.431366, 6.379856], [-75.431161, 6.380239], [-75.431227, 6.380593], [-75.431715, 6.380776], [-75.43191, 6.381106], [-75.432383, 6.381359], [-75.433567, 6.381201], [-75.433777, 6.381068], [-75.434251, 6.381414], [-75.434876, 6.381558], [-75.435824, 6.382876], [-75.437234, 6.384345], [-75.437735, 6.384786], [-75.437908, 6.384775], [-75.437986, 6.384617], [-75.438077, 6.384645], [-75.438122, 6.38482], [-75.43792, 6.384869], [-75.437918, 6.385014], [-75.438497, 6.385578], [-75.438764, 6.385194], [-75.438541, 6.384709], [-75.438543, 6.384089], [-75.438947, 6.383025], [-75.438812, 6.382618], [-75.43841, 6.382079], [-75.438347, 6.381719], [-75.438176, 6.381649], [-75.438502, 6.381466], [-75.438586, 6.381123], [-75.438364, 6.380932], [-75.438031, 6.381098], [-75.437964, 6.381017], [-75.438418, 6.380395], [-75.439095, 6.380214], [-75.437887, 6.377853], [-75.438027, 6.377627], [-75.438419, 6.377445], [-75.438583, 6.377214], [-75.438457, 6.376894], [-75.438504, 6.376657], [-75.438225, 6.376196], [-75.438398, 6.375892], [-75.438397, 6.375693], [-75.438072, 6.374757], [-75.43763, 6.374407], [-75.437286, 6.373885], [-75.437751, 6.374342], [-75.43797, 6.374368], [-75.438179, 6.373892], [-75.438753, 6.373526], [-75.439464, 6.372728], [-75.439583, 6.372312], [-75.43951, 6.371803], [-75.439069, 6.371397], [-75.438424, 6.371084], [-75.437888, 6.370616], [-75.437638, 6.37053], [-75.437532, 6.369943], [-75.437194, 6.369288], [-75.436712, 6.368839], [-75.436475, 6.368805], [-75.436103, 6.368916], [-75.435602, 6.368693], [-75.435008, 6.368839], [-75.434013, 6.368681], [-75.433491, 6.368889], [-75.432975, 6.368845], [-75.432658, 6.368672], [-75.432651, 6.368287], [-75.432424, 6.368068], [-75.431541, 6.367739], [-75.430677, 6.367963], [-75.430317, 6.367934], [-75.429443, 6.367244], [-75.428792, 6.367007], [-75.428496, 6.366672], [-75.428166, 6.366497], [-75.427288, 6.366413], [-75.426453, 6.366092], [-75.42554, 6.36589], [-75.424358, 6.365801], [-75.423883, 6.365619], [-75.423662, 6.365442], [-75.42349, 6.364787], [-75.422784, 6.363684], [-75.422561, 6.362403], [-75.422262, 6.361712], [-75.422009, 6.361516], [-75.421523, 6.361494], [-75.421187, 6.361707], [-75.419636, 6.360805], [-75.419216, 6.360653], [-75.418738, 6.360615], [-75.418072, 6.360854], [-75.417158, 6.361056], [-75.416422, 6.361097], [-75.416035, 6.361227], [-75.415503, 6.361002], [-75.415312, 6.361644], [-75.415018, 6.361535], [-75.414638, 6.361574], [-75.414368, 6.361301], [-75.414177, 6.361326], [-75.413798, 6.361462], [-75.413424, 6.36172], [-75.413239, 6.361738], [-75.412716, 6.362148], [-75.411138, 6.362467], [-75.410736, 6.362779], [-75.410304, 6.362567], [-75.409809, 6.362472], [-75.409482, 6.362031], [-75.408665, 6.361734], [-75.408358, 6.361535], [-75.407932, 6.360887], [-75.407926, 6.3606], [-75.408169, 6.360009], [-75.40824, 6.359175], [-75.408516, 6.358486], [-75.408466, 6.357718], [-75.408108, 6.357019], [-75.408041, 6.356434], [-75.40822, 6.35701], [-75.408573, 6.357557], [-75.408617, 6.358119], [-75.408781, 6.358341], [-75.408426, 6.359085], [-75.408225, 6.360173], [-75.408057, 6.360616], [-75.408071, 6.360961], [-75.408603, 6.361571], [-75.40938, 6.36185], [-75.409968, 6.362371], [-75.410731, 6.362617], [-75.411194, 6.362354], [-75.411996, 6.362243], [-75.41266, 6.362046], [-75.413744, 6.361354], [-75.414288, 6.361163], [-75.414457, 6.361171], [-75.414656, 6.361407], [-75.414902, 6.361468], [-75.415207, 6.361408], [-75.415295, 6.361285], [-75.415342, 6.36085], [-75.415277, 6.360513], [-75.415051, 6.360332], [-75.414974, 6.360041], [-75.414836, 6.359881], [-75.414252, 6.359758], [-75.414037, 6.359593], [-75.413959, 6.359291], [-75.413625, 6.358854], [-75.413135, 6.357712], [-75.413109, 6.356778], [-75.413252, 6.35636], [-75.413536, 6.355915], [-75.413543, 6.35476], [-75.413652, 6.354492], [-75.413705, 6.355034], [-75.413621, 6.356046], [-75.41327, 6.356492], [-75.413188, 6.356843], [-75.413293, 6.357875], [-75.413646, 6.358442], [-75.413784, 6.358857], [-75.414056, 6.359206], [-75.414121, 6.359457], [-75.414398, 6.359657], [-75.415017, 6.359801], [-75.415126, 6.360128], [-75.415346, 6.360378], [-75.415574, 6.360868], [-75.416002, 6.361014], [-75.41667, 6.361022], [-75.418067, 6.360763], [-75.418682, 6.360558], [-75.419229, 6.360555], [-75.420154, 6.360958], [-75.420703, 6.361323], [-75.421154, 6.361474], [-75.421867, 6.361308], [-75.422117, 6.361019], [-75.422219, 6.361432], [-75.422454, 6.361787], [-75.422692, 6.362413], [-75.422913, 6.363592], [-75.423641, 6.36484], [-75.423732, 6.365372], [-75.423934, 6.365534], [-75.424429, 6.365742], [-75.425433, 6.365801], [-75.426515, 6.366036], [-75.427141, 6.366312], [-75.42841, 6.366474], [-75.428721, 6.366815], [-75.429485, 6.367155], [-75.430206, 6.36777], [-75.430635, 6.367854], [-75.431621, 6.367695], [-75.432666, 6.368034], [-75.432761, 6.368203], [-75.432787, 6.368612], [-75.433044, 6.368755], [-75.433376, 6.368801], [-75.43391, 6.36861], [-75.434991, 6.368706], [-75.4357, 6.368618], [-75.43619, 6.368814], [-75.436583, 6.368643], [-75.437191, 6.369144], [-75.437462, 6.369652], [-75.43778, 6.369709], [-75.438017, 6.369598], [-75.438148, 6.36937], [-75.43812, 6.36859], [-75.438419, 6.368199], [-75.43865, 6.367616], [-75.438577, 6.367219], [-75.438316, 6.366975], [-75.437732, 6.366759], [-75.437469, 6.366532], [-75.437227, 6.366485], [-75.436927, 6.366038], [-75.436591, 6.36459], [-75.436432, 6.364231], [-75.436167, 6.364156], [-75.435769, 6.363889], [-75.435298, 6.363308], [-75.434884, 6.362953], [-75.434345, 6.362177], [-75.433867, 6.361901], [-75.432891, 6.361754], [-75.432616, 6.361517], [-75.432278, 6.361436], [-75.432667, 6.361435], [-75.433051, 6.361655], [-75.433935, 6.361842], [-75.434415, 6.362118], [-75.434941, 6.36287], [-75.435439, 6.363277], [-75.435951, 6.363883], [-75.436638, 6.364322], [-75.436791, 6.364784], [-75.436836, 6.365532], [-75.437099, 6.366096], [-75.437617, 6.366441], [-75.437774, 6.366645], [-75.438071, 6.366694], [-75.438033, 6.365943], [-75.437737, 6.364895], [-75.437555, 6.364683], [-75.436887, 6.363342], [-75.43664, 6.363084], [-75.436454, 6.362715], [-75.436366, 6.361835], [-75.436004, 6.360853], [-75.436065, 6.360241], [-75.435971, 6.359981], [-75.435733, 6.359686], [-75.4351, 6.359252], [-75.434415, 6.358595], [-75.434071, 6.357993], [-75.432997, 6.356605], [-75.432487, 6.356255], [-75.431602, 6.355934], [-75.431428, 6.35579], [-75.432497, 6.356141], [-75.432979, 6.356447], [-75.434733, 6.358784], [-75.435262, 6.359256], [-75.435465, 6.35929], [-75.435367, 6.358687], [-75.434666, 6.357746], [-75.434436, 6.357293], [-75.434698, 6.355687], [-75.434629, 6.355298], [-75.434331, 6.354723], [-75.434226, 6.353992], [-75.433686, 6.353532], [-75.4334, 6.353104], [-75.432924, 6.352619], [-75.432311, 6.352132], [-75.431913, 6.351959], [-75.431856, 6.351819], [-75.432913, 6.352498], [-75.433539, 6.35311], [-75.433789, 6.353507], [-75.434283, 6.353915], [-75.434383, 6.354641], [-75.434711, 6.355273], [-75.434783, 6.355706], [-75.434517, 6.357237], [-75.434755, 6.357705], [-75.435323, 6.358426], [-75.435725, 6.359463], [-75.436066, 6.360013], [-75.436104, 6.360873], [-75.436286, 6.361231], [-75.436624, 6.362618], [-75.436883, 6.363137], [-75.437247, 6.363568], [-75.437435, 6.364084], [-75.437897, 6.364883], [-75.438027, 6.365346], [-75.438124, 6.365388], [-75.438266, 6.364725], [-75.43825, 6.363636], [-75.438134, 6.363331], [-75.437701, 6.363036], [-75.437817, 6.36258], [-75.437651, 6.362076], [-75.43778, 6.361554], [-75.437732, 6.360892], [-75.437433, 6.360154], [-75.437144, 6.360092], [-75.437072, 6.359909], [-75.436575, 6.359456], [-75.436375, 6.35795], [-75.436895, 6.356181], [-75.437281, 6.355585], [-75.437372, 6.355288], [-75.437294, 6.354711], [-75.436959, 6.353589], [-75.437293, 6.352826], [-75.437299, 6.352287], [-75.437176, 6.352034], [-75.436425, 6.351698], [-75.435626, 6.350948], [-75.435282, 6.350233], [-75.434693, 6.34973], [-75.43468, 6.349288], [-75.434945, 6.349819], [-75.435476, 6.350332], [-75.435649, 6.350843], [-75.436287, 6.351505], [-75.437262, 6.352014], [-75.43739, 6.352318], [-75.437384, 6.352879], [-75.437049, 6.353645], [-75.437411, 6.354788], [-75.437464, 6.35533], [-75.437365, 6.35567], [-75.436948, 6.356284], [-75.436789, 6.357158], [-75.436522, 6.357584], [-75.436457, 6.357985], [-75.436651, 6.35942], [-75.437236, 6.359991], [-75.437506, 6.360124], [-75.437784, 6.360802], [-75.437854, 6.361369], [-75.437727, 6.361921], [-75.4379, 6.362645], [-75.437827, 6.362998], [-75.438405, 6.363339], [-75.438305, 6.363661], [-75.43829, 6.365187], [-75.438092, 6.365648], [-75.438186, 6.366012], [-75.438365, 6.365952], [-75.438589, 6.365671], [-75.438778, 6.365622], [-75.439229, 6.365069], [-75.439637, 6.365015], [-75.439883, 6.364455], [-75.440553, 6.364051], [-75.440784, 6.363735], [-75.440742, 6.363451], [-75.44044, 6.363163], [-75.439862, 6.363043], [-75.439725, 6.362706], [-75.439696, 6.362278], [-75.439759, 6.362139], [-75.439676, 6.361905], [-75.439972, 6.361346], [-75.43996, 6.360981], [-75.440062, 6.360642], [-75.43993, 6.360375], [-75.439462, 6.360051], [-75.4391, 6.359388], [-75.439204, 6.359015], [-75.439546, 6.3584], [-75.439233, 6.359431], [-75.439549, 6.360011], [-75.439911, 6.3602], [-75.440113, 6.360608], [-75.440071, 6.361357], [-75.439767, 6.361859], [-75.439805, 6.362747], [-75.439959, 6.362984], [-75.440471, 6.363065], [-75.440856, 6.36349], [-75.440836, 6.363773], [-75.440699, 6.36404], [-75.44004, 6.364424], [-75.439746, 6.365061], [-75.439307, 6.365231], [-75.438847, 6.365749], [-75.438564, 6.365877], [-75.438294, 6.366185], [-75.438291, 6.366557], [-75.438702, 6.367234], [-75.438787, 6.367516], [-75.438581, 6.367917], [-75.438542, 6.368184], [-75.438282, 6.368622], [-75.438219, 6.369583], [-75.437834, 6.369867], [-75.437702, 6.370081], [-75.437692, 6.370304], [-75.437779, 6.370452], [-75.439006, 6.369441], [-75.439553, 6.368404], [-75.441256, 6.366334], [-75.441446, 6.365845], [-75.441401, 6.365529], [-75.442634, 6.364142], [-75.442931, 6.363408], [-75.443293, 6.363328], [-75.44339, 6.36322], [-75.443412, 6.362761], [-75.443615, 6.36213], [-75.44376, 6.362073], [-75.444066, 6.362121], [-75.444394, 6.361845], [-75.444394, 6.361169], [-75.444985, 6.360521], [-75.444818, 6.3602], [-75.44482, 6.360005], [-75.444988, 6.359717], [-75.445101, 6.359218], [-75.445645, 6.358395], [-75.445992, 6.35691], [-75.445868, 6.35581], [-75.446078, 6.355422], [-75.446108, 6.355161], [-75.445991, 6.355056], [-75.445334, 6.35486], [-75.445211, 6.354733], [-75.44504, 6.353839], [-75.445115, 6.353145], [-75.444872, 6.352446], [-75.444412, 6.352041], [-75.443757, 6.351739], [-75.443228, 6.350957], [-75.44321, 6.350137], [-75.443036, 6.349944], [-75.442767, 6.34988], [-75.44289, 6.349623], [-75.442907, 6.349235], [-75.442573, 6.348368], [-75.442677, 6.348019], [-75.44297, 6.347586], [-75.444188, 6.346822], [-75.444776, 6.346347], [-75.444465, 6.346753], [-75.44302, 6.34761], [-75.442747, 6.348029], [-75.44268, 6.348375], [-75.44297, 6.349099], [-75.442991, 6.349726], [-75.443301, 6.349945], [-75.443376, 6.350114], [-75.443301, 6.350918], [-75.444003, 6.35176], [-75.444449, 6.351953], [-75.445064, 6.352463], [-75.445232, 6.353332], [-75.445088, 6.353808], [-75.445217, 6.35455], [-75.445445, 6.354856], [-75.446048, 6.354976], [-75.446192, 6.355114], [-75.446177, 6.35544], [-75.445959, 6.35586], [-75.446107, 6.357116], [-75.44586, 6.357622], [-75.445681, 6.358647], [-75.445353, 6.35891], [-75.445166, 6.359191], [-75.445108, 6.359677], [-75.444945, 6.360114], [-75.44508, 6.360544], [-75.444451, 6.361199], [-75.444552, 6.361698], [-75.444465, 6.361977], [-75.444123, 6.362237], [-75.443673, 6.362242], [-75.443436, 6.363228], [-75.443377, 6.363308], [-75.443017, 6.363491], [-75.442738, 6.364271], [-75.442381, 6.364524], [-75.441774, 6.365191], [-75.441584, 6.365529], [-75.441372, 6.366341], [-75.439621, 6.368476], [-75.4391, 6.369471], [-75.438221, 6.370209], [-75.438074, 6.370451], [-75.438129, 6.370663], [-75.438671, 6.371042], [-75.439593, 6.371474], [-75.439809, 6.371901], [-75.440079, 6.371883], [-75.440207, 6.371754], [-75.44024, 6.37154], [-75.440624, 6.371475], [-75.441047, 6.370694], [-75.441271, 6.370146], [-75.441467, 6.369077], [-75.441982, 6.368131], [-75.442363, 6.36766], [-75.442784, 6.367401], [-75.443014, 6.366968], [-75.443069, 6.366628], [-75.443833, 6.365677], [-75.444134, 6.365469], [-75.444457, 6.365397], [-75.44458, 6.365264], [-75.445475, 6.365305], [-75.445931, 6.365124], [-75.446449, 6.365049], [-75.446664, 6.364747], [-75.447351, 6.36426], [-75.447586, 6.363612], [-75.447679, 6.363552], [-75.447733, 6.36361], [-75.447374, 6.36437], [-75.446693, 6.364912], [-75.446574, 6.365115], [-75.445454, 6.36545], [-75.444447, 6.365471], [-75.443937, 6.36571], [-75.44314, 6.366707], [-75.44308, 6.36709], [-75.442934, 6.367313], [-75.442938, 6.367578], [-75.442601, 6.367596], [-75.442362, 6.367807], [-75.441633, 6.368979], [-75.441421, 6.369563], [-75.441336, 6.370332], [-75.440859, 6.371152], [-75.440765, 6.37157], [-75.440378, 6.371678], [-75.439719, 6.3724], [-75.439582, 6.37278], [-75.438812, 6.373601], [-75.438269, 6.374044], [-75.438202, 6.374645], [-75.438449, 6.375568], [-75.438428, 6.376343], [-75.438607, 6.376684], [-75.438672, 6.377214], [-75.438613, 6.377469], [-75.438185, 6.377688], [-75.438146, 6.377839], [-75.438578, 6.377791], [-75.438928, 6.377443], [-75.439373, 6.377489], [-75.439878, 6.3774], [-75.441139, 6.376408], [-75.44129, 6.376189], [-75.44137, 6.376209], [-75.440193, 6.377448], [-75.439037, 6.377625], [-75.438773, 6.377903], [-75.438404, 6.378001], [-75.43834, 6.378107], [-75.438482, 6.37857], [-75.439084, 6.379548], [-75.439375, 6.379745], [-75.439651, 6.379784], [-75.440096, 6.379589], [-75.440475, 6.379232], [-75.440797, 6.378526], [-75.441211, 6.378024], [-75.441209, 6.377377], [-75.441557, 6.377031], [-75.441786, 6.376936], [-75.442456, 6.377077], [-75.4444, 6.376983], [-75.44473, 6.376812], [-75.445575, 6.376], [-75.445746, 6.375542], [-75.446267, 6.374762], [-75.446214, 6.373265], [-75.446556, 6.373207], [-75.446781, 6.372973], [-75.44686, 6.372397], [-75.447343, 6.371717], [-75.447381, 6.371358], [-75.447629, 6.370884], [-75.448242, 6.370529], [-75.448361, 6.370317], [-75.448358, 6.370008], [-75.448997, 6.369443], [-75.449261, 6.369021], [-75.450346, 6.36839], [-75.450309, 6.367724], [-75.450408, 6.367514], [-75.450342, 6.367144], [-75.450444, 6.36678], [-75.451214, 6.366525], [-75.451408, 6.366223], [-75.451671, 6.365187], [-75.452046, 6.36491], [-75.452411, 6.364834], [-75.45258, 6.364688], [-75.452667, 6.363781], [-75.45283, 6.363135], [-75.452759, 6.362377], [-75.452797, 6.361468], [-75.452599, 6.361085], [-75.452506, 6.360624], [-75.452246, 6.360157], [-75.452223, 6.359857], [-75.451988, 6.359523], [-75.452044, 6.359098], [-75.45196, 6.357954], [-75.451744, 6.357364], [-75.451841, 6.356939], [-75.451562, 6.356142], [-75.451351, 6.355868], [-75.451234, 6.354687], [-75.450777, 6.354208], [-75.450586, 6.353302], [-75.450351, 6.353118], [-75.450303, 6.352961], [-75.450385, 6.352686], [-75.450778, 6.352077], [-75.450845, 6.351278], [-75.45106, 6.350798], [-75.451078, 6.350503], [-75.451652, 6.349864], [-75.451994, 6.349143], [-75.451657, 6.347816], [-75.451531, 6.346451], [-75.451383, 6.345953], [-75.451524, 6.344791], [-75.452211, 6.343388], [-75.452157, 6.343744], [-75.451607, 6.344815], [-75.451475, 6.345722], [-75.451634, 6.346538], [-75.451668, 6.347617], [-75.452077, 6.348808], [-75.452098, 6.349185], [-75.451735, 6.349978], [-75.451166, 6.350585], [-75.450957, 6.351244], [-75.450875, 6.352113], [-75.450384, 6.352944], [-75.450682, 6.353182], [-75.450861, 6.354029], [-75.451359, 6.354631], [-75.451417, 6.355412], [-75.451914, 6.356971], [-75.451916, 6.35742], [-75.452052, 6.358023], [-75.452114, 6.359501], [-75.45236, 6.359778], [-75.452339, 6.360113], [-75.452651, 6.360634], [-75.452741, 6.361053], [-75.4529, 6.361339], [-75.452926, 6.362979], [-75.452688, 6.364682], [-75.452494, 6.364934], [-75.452082, 6.365022], [-75.451902, 6.365251], [-75.45167, 6.365372], [-75.45153, 6.366401], [-75.45068, 6.36685], [-75.450479, 6.367045], [-75.450545, 6.367607], [-75.450449, 6.367782], [-75.450514, 6.368156], [-75.450435, 6.368493], [-75.449293, 6.369164], [-75.449123, 6.36949], [-75.448524, 6.370052], [-75.448462, 6.370405], [-75.44819, 6.370814], [-75.447634, 6.370958], [-75.447438, 6.371774], [-75.446949, 6.372483], [-75.446828, 6.373086], [-75.446585, 6.373318], [-75.446314, 6.373399], [-75.446378, 6.374727], [-75.445674, 6.376031], [-75.444843, 6.376883], [-75.444529, 6.377017], [-75.443683, 6.377122], [-75.442858, 6.377098], [-75.442463, 6.377204], [-75.441895, 6.377031], [-75.441606, 6.377118], [-75.441329, 6.377429], [-75.441328, 6.378129], [-75.440753, 6.378806], [-75.440627, 6.379376], [-75.440393, 6.379445], [-75.440168, 6.379676], [-75.43974, 6.379911], [-75.439515, 6.380235], [-75.439845, 6.381343], [-75.439883, 6.382329], [-75.440527, 6.383125], [-75.440647, 6.383471], [-75.440598, 6.383827], [-75.440163, 6.384137], [-75.440123, 6.38434], [-75.440749, 6.384355], [-75.441463, 6.384209], [-75.441934, 6.38394], [-75.442421, 6.383491], [-75.443014, 6.383322], [-75.443288, 6.383377], [-75.443491, 6.383601], [-75.443538, 6.383811], [-75.443897, 6.383973], [-75.444584, 6.383758], [-75.445318, 6.383723], [-75.44677, 6.383928], [-75.447369, 6.384093], [-75.447553, 6.38404], [-75.447702, 6.383866], [-75.448463, 6.383766], [-75.448652, 6.383935], [-75.448882, 6.383901], [-75.449022, 6.384064], [-75.449875, 6.384205], [-75.450037, 6.384472], [-75.45014, 6.38513], [-75.450406, 6.385324], [-75.451157, 6.3853], [-75.452162, 6.385049], [-75.452426, 6.384832], [-75.452347, 6.384477], [-75.451765, 6.38379], [-75.451203, 6.38355], [-75.4515, 6.38338], [-75.4516, 6.383068], [-75.451566, 6.382553], [-75.451464, 6.382426], [-75.451557, 6.382314], [-75.451537, 6.38196], [-75.451657, 6.38152], [-75.451587, 6.380646], [-75.451657, 6.380026], [-75.451814, 6.379692], [-75.452188, 6.379328], [-75.452827, 6.379077], [-75.453635, 6.379046], [-75.454751, 6.379179], [-75.456453, 6.37868], [-75.457394, 6.378539], [-75.457733, 6.378414], [-75.459034, 6.377532], [-75.460156, 6.377075], [-75.461326, 6.377313], [-75.461582, 6.377255], [-75.461835, 6.377115], [-75.461973, 6.376923], [-75.462265, 6.376829], [-75.462596, 6.376569], [-75.462722, 6.376148], [-75.4633, 6.375689], [-75.463654, 6.375104], [-75.463608, 6.37493], [-75.463412, 6.374735], [-75.46223, 6.374685], [-75.462098, 6.37461], [-75.462936, 6.374547], [-75.463383, 6.374613], [-75.463658, 6.374789], [-75.463774, 6.375253], [-75.463246, 6.375995], [-75.462875, 6.376329], [-75.462744, 6.376608], [-75.461714, 6.377291], [-75.461641, 6.377366], [-75.461722, 6.377479], [-75.46257, 6.377568], [-75.463212, 6.378129], [-75.463598, 6.378195], [-75.464072, 6.378409], [-75.464315, 6.377255], [-75.46468, 6.376906], [-75.464774, 6.376595], [-75.465186, 6.376316], [-75.465246, 6.376128], [-75.465025, 6.375511], [-75.464752, 6.374268], [-75.464791, 6.373469], [-75.464609, 6.372748], [-75.464631, 6.372137], [-75.464193, 6.371927], [-75.464007, 6.371424], [-75.463931, 6.369939], [-75.46366, 6.369234], [-75.463604, 6.368805], [-75.463614, 6.368599], [-75.46382, 6.368315], [-75.463789, 6.368157], [-75.463654, 6.36798], [-75.462975, 6.367726], [-75.462394, 6.366496], [-75.462024, 6.366187], [-75.46162, 6.365635], [-75.461459, 6.365219], [-75.461369, 6.364271], [-75.460925, 6.364147], [-75.460411, 6.363612], [-75.459951, 6.363584], [-75.459373, 6.363295], [-75.459168, 6.362961], [-75.459336, 6.362213], [-75.459258, 6.36201], [-75.458866, 6.361774], [-75.458529, 6.361259], [-75.458213, 6.361226], [-75.458006, 6.361327], [-75.457764, 6.361192], [-75.457644, 6.360907], [-75.457745, 6.360348], [-75.457475, 6.359998], [-75.457307, 6.35942], [-75.456787, 6.358291], [-75.456221, 6.35749], [-75.456057, 6.356805], [-75.456162, 6.35641], [-75.456139, 6.356123], [-75.455193, 6.355173], [-75.454972, 6.354727], [-75.454953, 6.35432], [-75.455032, 6.353884], [-75.455314, 6.353368], [-75.455252, 6.35196], [-75.455373, 6.35152], [-75.455408, 6.350916], [-75.455523, 6.350675], [-75.455915, 6.350285], [-75.45599, 6.350077], [-75.455899, 6.349731], [-75.455564, 6.349447], [-75.455525, 6.349299], [-75.455608, 6.348919], [-75.455917, 6.348274], [-75.455929, 6.3473], [-75.456757, 6.344566], [-75.456923, 6.344161], [-75.457088, 6.343894], [-75.457477, 6.34352], [-75.457582, 6.343248], [-75.457537, 6.343561], [-75.457039, 6.344023], [-75.456868, 6.344335], [-75.456628, 6.345096], [-75.456528, 6.345832], [-75.45598, 6.347398], [-75.455998, 6.34831], [-75.45562, 6.349231], [-75.455647, 6.349361], [-75.456018, 6.349761], [-75.4561, 6.350213], [-75.455512, 6.350918], [-75.455465, 6.351565], [-75.455299, 6.352193], [-75.455422, 6.353248], [-75.455007, 6.354193], [-75.455009, 6.354614], [-75.455221, 6.35506], [-75.455877, 6.355634], [-75.456314, 6.356207], [-75.456329, 6.356348], [-75.456144, 6.356665], [-75.456318, 6.357416], [-75.456861, 6.358197], [-75.45759, 6.359951], [-75.457741, 6.360089], [-75.457882, 6.360433], [-75.458213, 6.360634], [-75.457731, 6.360731], [-75.457781, 6.36098], [-75.457953, 6.361151], [-75.458662, 6.36122], [-75.458959, 6.361694], [-75.459295, 6.361899], [-75.459395, 6.362199], [-75.459294, 6.362977], [-75.459481, 6.363232], [-75.460052, 6.3635], [-75.460517, 6.363538], [-75.460906, 6.363979], [-75.461511, 6.36415], [-75.461488, 6.364916], [-75.461655, 6.36545], [-75.462158, 6.366146], [-75.462573, 6.366485], [-75.462908, 6.367484], [-75.463398, 6.367785], [-75.463686, 6.367786], [-75.463762, 6.367665], [-75.463675, 6.367171], [-75.46374, 6.366109], [-75.463648, 6.365761], [-75.463363, 6.365373], [-75.463397, 6.36498], [-75.462944, 6.364401], [-75.462689, 6.363735], [-75.462028, 6.362721], [-75.46094, 6.362136], [-75.460645, 6.36169], [-75.460102, 6.361163], [-75.459811, 6.360298], [-75.459872, 6.359502], [-75.4595, 6.35868], [-75.459371, 6.358128], [-75.459416, 6.357261], [-75.45911, 6.356472], [-75.459623, 6.355029], [-75.459669, 6.354355], [-75.459841, 6.353845], [-75.459831, 6.353373], [-75.460297, 6.352982], [-75.460258, 6.352368], [-75.460395, 6.351514], [-75.460868, 6.350807], [-75.460875, 6.350103], [-75.461028, 6.349805], [-75.460906, 6.350809], [-75.46042, 6.351805], [-75.460352, 6.352551], [-75.460453, 6.353083], [-75.460344, 6.353248], [-75.459938, 6.353363], [-75.459948, 6.354018], [-75.459795, 6.35424], [-75.459715, 6.355036], [-75.459236, 6.356482], [-75.459519, 6.357164], [-75.459439, 6.357879], [-75.459971, 6.359646], [-75.459936, 6.360336], [-75.460086, 6.360964], [-75.460743, 6.361649], [-75.46103, 6.362149], [-75.461785, 6.362421], [-75.461962, 6.362377], [-75.461612, 6.361516], [-75.461638, 6.361281], [-75.462234, 6.360719], [-75.46292, 6.360524], [-75.463145, 6.360052], [-75.463162, 6.359573], [-75.463372, 6.359186], [-75.463853, 6.358827], [-75.464711, 6.358469], [-75.465077, 6.358046], [-75.465503, 6.357987], [-75.4657, 6.357859], [-75.465786, 6.357435], [-75.465677, 6.356983], [-75.4657, 6.356448], [-75.466129, 6.355364], [-75.46645, 6.354989], [-75.467176, 6.354571], [-75.467522, 6.354262], [-75.467827, 6.353424], [-75.468054, 6.353103], [-75.4681, 6.35271], [-75.468204, 6.352658], [-75.468169, 6.353084], [-75.467922, 6.353461], [-75.467599, 6.354316], [-75.467275, 6.354608], [-75.466516, 6.355068], [-75.466198, 6.355394], [-75.466119, 6.35577], [-75.465912, 6.356086], [-75.465768, 6.356559], [-75.465877, 6.357572], [-75.465823, 6.357927], [-75.46567, 6.358036], [-75.465165, 6.358108], [-75.464681, 6.358635], [-75.464088, 6.358824], [-75.463597, 6.359126], [-75.463254, 6.359598], [-75.463207, 6.360172], [-75.46307, 6.36052], [-75.462896, 6.360656], [-75.462282, 6.360762], [-75.461825, 6.361388], [-75.461873, 6.361864], [-75.462102, 6.36249], [-75.46301, 6.364257], [-75.463429, 6.364816], [-75.463461, 6.36526], [-75.463768, 6.365776], [-75.463817, 6.36715], [-75.464075, 6.368012], [-75.464059, 6.368174], [-75.463753, 6.368635], [-75.463683, 6.368914], [-75.464022, 6.369978], [-75.464055, 6.371277], [-75.464193, 6.371711], [-75.464627, 6.371948], [-75.464751, 6.372148], [-75.464723, 6.37265], [-75.464909, 6.373548], [-75.464853, 6.374082], [-75.465171, 6.375087], [-75.465168, 6.375514], [-75.465456, 6.376186], [-75.465354, 6.376559], [-75.464946, 6.376729], [-75.464846, 6.376989], [-75.464418, 6.377349], [-75.464297, 6.377941], [-75.464353, 6.37817], [-75.464616, 6.378414], [-75.464975, 6.378554], [-75.465966, 6.378759], [-75.466445, 6.37896], [-75.466706, 6.378907], [-75.467147, 6.378379], [-75.467616, 6.37708], [-75.468224, 6.375834], [-75.468107, 6.375382], [-75.46767, 6.374734], [-75.467552, 6.374143], [-75.466975, 6.372795], [-75.466938, 6.37219], [-75.467093, 6.371352], [-75.467052, 6.370563], [-75.466787, 6.36992], [-75.466715, 6.369471], [-75.466529, 6.369355], [-75.466404, 6.36908], [-75.466794, 6.368515], [-75.466675, 6.367838], [-75.466931, 6.368206], [-75.466966, 6.368461], [-75.466571, 6.369022], [-75.466562, 6.369235], [-75.466878, 6.369309], [-75.4669, 6.369913], [-75.467182, 6.37061], [-75.46723, 6.371402], [-75.46706, 6.372083], [-75.467065, 6.37264], [-75.467704, 6.374118], [-75.467805, 6.374806], [-75.46831, 6.375505], [-75.468446, 6.376034], [-75.470208, 6.375942], [-75.470646, 6.375796], [-75.47068, 6.375651], [-75.470455, 6.375002], [-75.470572, 6.374457], [-75.47018, 6.373374], [-75.470052, 6.373229], [-75.469578, 6.373081], [-75.468947, 6.372479], [-75.468739, 6.371791], [-75.468991, 6.371207], [-75.468878, 6.370789], [-75.46894, 6.370436], [-75.469376, 6.369924], [-75.469372, 6.369702], [-75.469162, 6.369369], [-75.469314, 6.36906], [-75.469282, 6.368725], [-75.469593, 6.368331], [-75.469632, 6.368025], [-75.469818, 6.367636], [-75.469574, 6.366867], [-75.469606, 6.366496], [-75.469815, 6.365998], [-75.469901, 6.365502], [-75.469909, 6.366069], [-75.469731, 6.366445], [-75.469665, 6.366863], [-75.469728, 6.367146], [-75.470057, 6.367618], [-75.469807, 6.367947], [-75.469722, 6.36834], [-75.469415, 6.368804], [-75.469445, 6.369002], [-75.469331, 6.36939], [-75.469467, 6.36971], [-75.46947, 6.369972], [-75.469369, 6.370193], [-75.469096, 6.370424], [-75.468987, 6.370785], [-75.469126, 6.37132], [-75.468881, 6.371733], [-75.468963, 6.372223], [-75.469552, 6.372958], [-75.47006, 6.373094], [-75.47024, 6.373289], [-75.470709, 6.374423], [-75.470532, 6.375086], [-75.470912, 6.375664], [-75.471113, 6.375797], [-75.471687, 6.37593], [-75.472672, 6.375894], [-75.473306, 6.375751], [-75.474126, 6.375411], [-75.474788, 6.375279], [-75.474457, 6.37476], [-75.474209, 6.374076], [-75.473688, 6.37395], [-75.473442, 6.373671], [-75.473381, 6.373447], [-75.473462, 6.37267], [-75.473287, 6.372022], [-75.473557, 6.371182], [-75.47334, 6.370818], [-75.47292, 6.370449], [-75.472883, 6.369735], [-75.473369, 6.368793], [-75.473125, 6.366798], [-75.472882, 6.366011], [-75.472913, 6.364713], [-75.473086, 6.364126], [-75.473341, 6.363842], [-75.473398, 6.363891], [-75.473175, 6.364139], [-75.47295, 6.364711], [-75.472958, 6.365617], [-75.473443, 6.368288], [-75.47339, 6.369094], [-75.473446, 6.369258], [-75.473634, 6.369118], [-75.473897, 6.368459], [-75.474094, 6.368428], [-75.473866, 6.368687], [-75.473611, 6.369362], [-75.473374, 6.369443], [-75.473096, 6.369693], [-75.47304, 6.370379], [-75.473586, 6.370895], [-75.473726, 6.371192], [-75.473432, 6.37198], [-75.473544, 6.372353], [-75.473726, 6.372404], [-75.474034, 6.372278], [-75.47437, 6.371863], [-75.474531, 6.371851], [-75.474263, 6.372223], [-75.473665, 6.372587], [-75.473487, 6.373163], [-75.473498, 6.373486], [-75.473701, 6.37383], [-75.474284, 6.373973], [-75.474468, 6.374442], [-75.474621, 6.37461], [-75.474652, 6.374838], [-75.474917, 6.375091], [-75.47545, 6.375153], [-75.47658, 6.374992]], [[-75.423988, 6.399379], [-75.423994, 6.399127], [-75.423904, 6.399086], [-75.423856, 6.399375], [-75.423988, 6.399379]], [[-75.425476, 6.399445], [-75.425192, 6.399118], [-75.424797, 6.399152], [-75.424512, 6.398961], [-75.424286, 6.398987], [-75.42429, 6.399282], [-75.424381, 6.399365], [-75.424606, 6.399336], [-75.42525, 6.399579], [-75.425476, 6.399445]], [[-75.434852, 6.392566], [-75.434561, 6.392367], [-75.434006, 6.392494], [-75.433566, 6.392489], [-75.433117, 6.39265], [-75.432443, 6.393043], [-75.432193, 6.393486], [-75.432236, 6.394136], [-75.431431, 6.394961], [-75.431421, 6.395127], [-75.431589, 6.395061], [-75.431685, 6.395208], [-75.431417, 6.395344], [-75.431396, 6.395781], [-75.431168, 6.396062], [-75.430266, 6.396358], [-75.430143, 6.396578], [-75.42992, 6.396655], [-75.429748, 6.396568], [-75.429319, 6.396071], [-75.429024, 6.396012], [-75.428773, 6.396115], [-75.428681, 6.396312], [-75.428544, 6.397546], [-75.42829, 6.398384], [-75.428094, 6.398695], [-75.427901, 6.398815], [-75.427583, 6.398819], [-75.427412, 6.398906], [-75.426977, 6.399684], [-75.42681, 6.399683], [-75.426617, 6.399405], [-75.426367, 6.399335], [-75.425914, 6.399472], [-75.425516, 6.39971], [-75.425679, 6.400378], [-75.426194, 6.401399], [-75.426563, 6.40139], [-75.427419, 6.401097], [-75.427526, 6.401023], [-75.427497, 6.400821], [-75.427584, 6.400758], [-75.427704, 6.400785], [-75.427658, 6.401016], [-75.427814, 6.401188], [-75.428373, 6.401107], [-75.428689, 6.400937], [-75.428991, 6.400508], [-75.429752, 6.398645], [-75.430114, 6.398059], [-75.430386, 6.397823], [-75.430872, 6.39777], [-75.43203, 6.398072], [-75.432263, 6.397979], [-75.43236, 6.397515], [-75.432317, 6.396581], [-75.432263, 6.396327], [-75.43205, 6.396192], [-75.432018, 6.395812], [-75.432197, 6.395769], [-75.432395, 6.395917], [-75.432572, 6.3959], [-75.433674, 6.3949], [-75.434214, 6.394521], [-75.434575, 6.393785], [-75.434561, 6.393628], [-75.43482, 6.393286], [-75.434745, 6.392782], [-75.434567, 6.392528], [-75.434917, 6.392761], [-75.434852, 6.392566]], [[-75.425743, 6.395107], [-75.425738, 6.394886], [-75.425519, 6.395083], [-75.425613, 6.395187], [-75.425743, 6.395107]], [[-75.431872, 6.40025], [-75.431644, 6.399957], [-75.431356, 6.399943], [-75.431103, 6.400054], [-75.430923, 6.400345], [-75.431076, 6.400641], [-75.431477, 6.400915], [-75.431628, 6.400856], [-75.431916, 6.400521], [-75.431872, 6.40025]], [[-75.434721, 6.394257], [-75.434596, 6.394182], [-75.434504, 6.394374], [-75.434713, 6.394387], [-75.434721, 6.394257]], [[-75.437768, 6.392525], [-75.437357, 6.391995], [-75.436951, 6.391645], [-75.436282, 6.391232], [-75.436036, 6.3912], [-75.435711, 6.391679], [-75.435413, 6.393367], [-75.435202, 6.394106], [-75.435598, 6.39413], [-75.436787, 6.393668], [-75.43755, 6.393055], [-75.437779, 6.392685], [-75.437768, 6.392525]], [[-75.4357, 6.391242], [-75.435527, 6.391182], [-75.43532, 6.391441], [-75.4355, 6.391402], [-75.4357, 6.391242]], [[-75.437359, 6.388294], [-75.437552, 6.387614], [-75.437488, 6.387567], [-75.437256, 6.387926], [-75.437359, 6.388294]], [[-75.438004, 6.388877], [-75.438158, 6.387733], [-75.438089, 6.387643], [-75.437819, 6.388264], [-75.437833, 6.388569], [-75.438004, 6.388877]], [[-75.438592, 6.380732], [-75.438569, 6.380633], [-75.43843, 6.380632], [-75.438443, 6.380798], [-75.438592, 6.380732]], [[-75.440203, 6.386309], [-75.439899, 6.386199], [-75.439596, 6.385912], [-75.439236, 6.385893], [-75.438688, 6.38662], [-75.438617, 6.386892], [-75.438666, 6.387115], [-75.438511, 6.387504], [-75.438713, 6.38751], [-75.439126, 6.387344], [-75.439458, 6.386671], [-75.440108, 6.386493], [-75.440203, 6.386309]], [[-75.438654, 6.387696], [-75.438575, 6.387689], [-75.438554, 6.3878], [-75.438657, 6.387815], [-75.438654, 6.387696]], [[-75.440544, 6.383481], [-75.440424, 6.383069], [-75.440206, 6.383025], [-75.440119, 6.382789], [-75.439772, 6.382403], [-75.439733, 6.381204], [-75.4394, 6.380661], [-75.439285, 6.381007], [-75.439336, 6.38158], [-75.439193, 6.381748], [-75.43888, 6.381858], [-75.438823, 6.381972], [-75.438888, 6.382113], [-75.439189, 6.382299], [-75.439466, 6.382717], [-75.439595, 6.383502], [-75.439385, 6.383701], [-75.43911, 6.383291], [-75.438878, 6.383441], [-75.438807, 6.38399], [-75.438975, 6.384775], [-75.439262, 6.38469], [-75.439738, 6.384179], [-75.439982, 6.384142], [-75.440507, 6.383841], [-75.440544, 6.383481]], [[-75.439917, 6.386836], [-75.439669, 6.386798], [-75.43944, 6.386936], [-75.439316, 6.387176], [-75.439365, 6.387422], [-75.439617, 6.387346], [-75.439917, 6.386836]], [[-75.43954, 6.383424], [-75.43951, 6.383321], [-75.439447, 6.383307], [-75.439407, 6.383465], [-75.43954, 6.383424]], [[-75.439944, 6.384313], [-75.439843, 6.384296], [-75.43978, 6.384496], [-75.439925, 6.384496], [-75.439944, 6.384313]], [[-75.440468, 6.390198], [-75.440263, 6.390196], [-75.439958, 6.390453], [-75.439896, 6.390683], [-75.439952, 6.390897], [-75.440542, 6.390568], [-75.440575, 6.39036], [-75.440468, 6.390198]], [[-75.440662, 6.389515], [-75.440586, 6.388528], [-75.440527, 6.388456], [-75.440345, 6.388583], [-75.440136, 6.389044], [-75.44003, 6.389693], [-75.440183, 6.389772], [-75.44051, 6.389766], [-75.440662, 6.389515]], [[-75.440572, 6.385993], [-75.440468, 6.385864], [-75.440262, 6.386014], [-75.440355, 6.3863], [-75.440516, 6.386211], [-75.440572, 6.385993]], [[-75.444467, 6.38628], [-75.444337, 6.38575], [-75.443409, 6.385317], [-75.442943, 6.385313], [-75.441576, 6.38555], [-75.441283, 6.385751], [-75.441093, 6.386464], [-75.440824, 6.386852], [-75.440781, 6.387175], [-75.440925, 6.387215], [-75.44128, 6.386681], [-75.441655, 6.386369], [-75.442295, 6.386343], [-75.444417, 6.386635], [-75.444467, 6.38628]], [[-75.442809, 6.38448], [-75.442622, 6.384579], [-75.442672, 6.384756], [-75.44279, 6.384685], [-75.442809, 6.38448]], [[-75.45014, 6.385396], [-75.4499, 6.385375], [-75.449827, 6.384643], [-75.449585, 6.384483], [-75.448129, 6.384283], [-75.44742, 6.384504], [-75.446773, 6.384476], [-75.446597, 6.38455], [-75.446492, 6.384727], [-75.446487, 6.385619], [-75.446582, 6.386261], [-75.446965, 6.386756], [-75.447625, 6.387018], [-75.447884, 6.387013], [-75.448273, 6.386805], [-75.449536, 6.386515], [-75.449871, 6.386049], [-75.45014, 6.385396]], [[-75.455122, 6.381681], [-75.45519, 6.381484], [-75.455061, 6.381267], [-75.454046, 6.381116], [-75.452837, 6.380325], [-75.45257, 6.379964], [-75.45233, 6.379949], [-75.452095, 6.380069], [-75.452317, 6.382371], [-75.452417, 6.382772], [-75.452562, 6.382985], [-75.452869, 6.383013], [-75.453461, 6.382811], [-75.454149, 6.382731], [-75.454138, 6.382483], [-75.45423, 6.382314], [-75.455122, 6.381681]], [[-75.45312, 6.384344], [-75.453107, 6.384201], [-75.453004, 6.384155], [-75.452997, 6.384407], [-75.45312, 6.384344]], [[-75.456283, 6.381339], [-75.456074, 6.381226], [-75.455676, 6.38145], [-75.45607, 6.381511], [-75.456283, 6.381339]], [[-75.458402, 6.379034], [-75.458421, 6.37877], [-75.4576, 6.379042], [-75.456827, 6.379067], [-75.456551, 6.379322], [-75.456354, 6.379326], [-75.456294, 6.379496], [-75.45653, 6.379677], [-75.45684, 6.379633], [-75.45699, 6.379838], [-75.45725, 6.379925], [-75.457365, 6.379807], [-75.457204, 6.379643], [-75.457476, 6.379696], [-75.457851, 6.379638], [-75.458086, 6.379478], [-75.458402, 6.379034]], [[-75.461303, 6.377815], [-75.460883, 6.377705], [-75.460427, 6.377811], [-75.460083, 6.377794], [-75.459545, 6.378097], [-75.459182, 6.37819], [-75.458776, 6.378528], [-75.459029, 6.378586], [-75.459188, 6.378739], [-75.460069, 6.378522], [-75.460527, 6.378666], [-75.461298, 6.378322], [-75.461245, 6.37813], [-75.461442, 6.377953], [-75.461303, 6.377815]], [[-75.463992, 6.36817], [-75.46391, 6.367907], [-75.463825, 6.367866], [-75.463992, 6.36817]], [[-75.467282, 6.383451], [-75.467106, 6.383087], [-75.46698, 6.383068], [-75.466787, 6.383178], [-75.46674, 6.383453], [-75.466844, 6.383555], [-75.467096, 6.383592], [-75.467282, 6.383451]], [[-75.474006, 6.376216], [-75.473969, 6.376021], [-75.473844, 6.375942], [-75.473324, 6.376088], [-75.473165, 6.376232], [-75.473636, 6.376383], [-75.474006, 6.376216]]], [[[-75.442639, 6.349644], [-75.442077, 6.348914], [-75.442094, 6.348267], [-75.441354, 6.347716], [-75.441291, 6.34519], [-75.441106, 6.344254], [-75.441219, 6.344423], [-75.44137, 6.345119], [-75.44141, 6.347611], [-75.441557, 6.347799], [-75.442145, 6.348194], [-75.442191, 6.348958], [-75.442639, 6.349644]]], [[[-75.431203, 6.355588], [-75.430227, 6.35528], [-75.429708, 6.355004], [-75.42853, 6.354575], [-75.4257, 6.352721], [-75.425616, 6.352169], [-75.426005, 6.352788], [-75.427041, 6.353559], [-75.427515, 6.353714], [-75.427354, 6.352625], [-75.427034, 6.35188], [-75.426901, 6.351116], [-75.426713, 6.350588], [-75.426033, 6.349819], [-75.425485, 6.349534], [-75.425422, 6.349118], [-75.425551, 6.349425], [-75.426315, 6.349919], [-75.426791, 6.350494], [-75.427081, 6.351857], [-75.427345, 6.352386], [-75.427513, 6.353343], [-75.427767, 6.353946], [-75.42841, 6.354396], [-75.430918, 6.3554], [-75.431203, 6.355588]]], [[[-75.42538, 6.348749], [-75.425071, 6.348194], [-75.424757, 6.347912], [-75.424753, 6.347653], [-75.425042, 6.346641], [-75.42541, 6.34576], [-75.425451, 6.345408], [-75.425613, 6.345114], [-75.425648, 6.34451], [-75.425879, 6.343831], [-75.425814, 6.343449], [-75.426214, 6.34292], [-75.426598, 6.341867], [-75.427229, 6.340873], [-75.427615, 6.340858], [-75.428345, 6.341141], [-75.42844, 6.341061], [-75.428468, 6.340736], [-75.428575, 6.340608], [-75.42926, 6.340311], [-75.429649, 6.340267], [-75.428562, 6.340721], [-75.428457, 6.341312], [-75.428124, 6.341271], [-75.427737, 6.340999], [-75.42742, 6.340936], [-75.427172, 6.34113], [-75.426744, 6.341822], [-75.426359, 6.342659], [-75.426267, 6.343099], [-75.425994, 6.343421], [-75.425967, 6.344033], [-75.425765, 6.34463], [-75.425682, 6.345313], [-75.424832, 6.347473], [-75.42491, 6.347874], [-75.425361, 6.34843], [-75.42538, 6.348749]]], [[[-75.430048, 6.340229], [-75.43031, 6.340057], [-75.430643, 6.339578], [-75.430855, 6.338313], [-75.430548, 6.337671], [-75.430316, 6.336785], [-75.429932, 6.336098], [-75.429921, 6.335252], [-75.430195, 6.334782], [-75.430198, 6.334555], [-75.429956, 6.333594], [-75.42954, 6.333021], [-75.429211, 6.332376], [-75.428521, 6.329535], [-75.428209, 6.329122], [-75.427793, 6.328954], [-75.427451, 6.328008], [-75.42747, 6.327626], [-75.427946, 6.326449], [-75.427912, 6.325637], [-75.428155, 6.325654], [-75.428682, 6.325951], [-75.428875, 6.325825], [-75.428571, 6.325325], [-75.428498, 6.324912], [-75.428298, 6.3245], [-75.428355, 6.323998], [-75.428048, 6.323334], [-75.428054, 6.322949], [-75.427812, 6.321791], [-75.427965, 6.321926], [-75.4281, 6.322363], [-75.42815, 6.32325], [-75.428557, 6.324074], [-75.42844, 6.324465], [-75.428621, 6.324911], [-75.428639, 6.325197], [-75.428951, 6.325727], [-75.428897, 6.325912], [-75.428694, 6.32603], [-75.428462, 6.325966], [-75.42816, 6.325731], [-75.427986, 6.325765], [-75.428049, 6.326179], [-75.428001, 6.32673], [-75.427577, 6.327831], [-75.427784, 6.328532], [-75.427977, 6.328806], [-75.4284, 6.32905], [-75.428696, 6.32941], [-75.42917, 6.32874], [-75.430426, 6.328037], [-75.430911, 6.327376], [-75.430794, 6.327846], [-75.430608, 6.328099], [-75.430133, 6.32831], [-75.429179, 6.328964], [-75.428934, 6.329352], [-75.428761, 6.329953], [-75.428779, 6.330305], [-75.429009, 6.330836], [-75.429037, 6.331244], [-75.429236, 6.332122], [-75.429418, 6.332405], [-75.429413, 6.33266], [-75.42958, 6.332922], [-75.429932, 6.333179], [-75.430192, 6.333599], [-75.430687, 6.333574], [-75.432562, 6.33283], [-75.43289, 6.331478], [-75.433184, 6.33096], [-75.432747, 6.332451], [-75.432816, 6.332832], [-75.434014, 6.332933], [-75.435782, 6.332486], [-75.435964, 6.332303], [-75.435958, 6.331665], [-75.436184, 6.331837], [-75.436336, 6.331835], [-75.436602, 6.331663], [-75.436808, 6.331354], [-75.437347, 6.331306], [-75.437448, 6.331226], [-75.437688, 6.330653], [-75.438051, 6.330479], [-75.438209, 6.330188], [-75.438272, 6.329926], [-75.438158, 6.329566], [-75.438321, 6.329666], [-75.43854, 6.329556], [-75.43932, 6.330084], [-75.439684, 6.329991], [-75.439963, 6.330049], [-75.440182, 6.330183], [-75.44033, 6.330432], [-75.442417, 6.329916], [-75.442671, 6.330017], [-75.442814, 6.330338], [-75.442802, 6.330487], [-75.442566, 6.330081], [-75.442432, 6.330051], [-75.440216, 6.330555], [-75.439832, 6.330162], [-75.439261, 6.33019], [-75.438599, 6.329864], [-75.438426, 6.329967], [-75.438116, 6.330634], [-75.437675, 6.330833], [-75.437517, 6.331348], [-75.437328, 6.331445], [-75.436892, 6.331468], [-75.436615, 6.331839], [-75.436177, 6.331998], [-75.436081, 6.332405], [-75.435878, 6.332577], [-75.434337, 6.33305], [-75.43247, 6.333077], [-75.430394, 6.333825], [-75.430277, 6.334029], [-75.430508, 6.334881], [-75.4304, 6.335043], [-75.430092, 6.335161], [-75.429991, 6.335313], [-75.430171, 6.336357], [-75.430399, 6.336746], [-75.430622, 6.33757], [-75.430881, 6.338016], [-75.431182, 6.338232], [-75.431791, 6.337994], [-75.431396, 6.338388], [-75.430974, 6.338626], [-75.430641, 6.339849], [-75.430304, 6.340246], [-75.430048, 6.340229]]], [[[-75.428478, 6.375123], [-75.427977, 6.374644], [-75.42757, 6.374454], [-75.427292, 6.374205], [-75.426828, 6.3734], [-75.42655, 6.373164], [-75.426407, 6.372501], [-75.426052, 6.371909], [-75.425706, 6.371671], [-75.425459, 6.371227], [-75.425859, 6.3717], [-75.426094, 6.371848], [-75.426241, 6.372179], [-75.42645, 6.37238], [-75.426566, 6.37301], [-75.427019, 6.373494], [-75.427417, 6.374283], [-75.428212, 6.374689], [-75.428602, 6.375106], [-75.428478, 6.375123]]], [[[-75.425267, 6.371153], [-75.425045, 6.371143], [-75.424976, 6.37111], [-75.425112, 6.371076], [-75.425267, 6.371153]]], [[[-75.421921, 6.387474], [-75.421312, 6.387082], [-75.420878, 6.387034], [-75.420694, 6.386892], [-75.420035, 6.386053], [-75.419637, 6.385393], [-75.418768, 6.383337], [-75.418515, 6.383156], [-75.417971, 6.383021], [-75.417416, 6.382456], [-75.416843, 6.381478], [-75.416685, 6.381054], [-75.41662, 6.380016], [-75.416357, 6.379273], [-75.416099, 6.377979], [-75.415923, 6.377648], [-75.415297, 6.377072], [-75.41584, 6.37744], [-75.416187, 6.377935], [-75.416236, 6.378406], [-75.416677, 6.379902], [-75.416747, 6.380928], [-75.417204, 6.381924], [-75.417537, 6.382413], [-75.418041, 6.382918], [-75.418636, 6.383091], [-75.418842, 6.383238], [-75.41971, 6.385285], [-75.420151, 6.386005], [-75.420776, 6.386738], [-75.421417, 6.387015], [-75.421921, 6.387474]]], [[[-75.417854, 6.385069], [-75.416257, 6.383711], [-75.416092, 6.383437], [-75.416005, 6.382963], [-75.416136, 6.383137], [-75.416216, 6.383515], [-75.416438, 6.383831], [-75.417397, 6.384581], [-75.417854, 6.385069]]], [[[-75.431376, 6.398657], [-75.431426, 6.398615], [-75.431426, 6.398665], [-75.431376, 6.398657]]], [[[-75.462496, 6.378637], [-75.462589, 6.378719], [-75.462531, 6.378871], [-75.462446, 6.378705], [-75.462496, 6.378637]]], [[[-75.475071, 6.408937], [-75.475492, 6.409442], [-75.475847, 6.410083], [-75.476462, 6.41063], [-75.476628, 6.410875], [-75.475791, 6.410152], [-75.475071, 6.408937]]], [[[-75.442447, 6.391562], [-75.442504, 6.391715], [-75.442329, 6.391762], [-75.442286, 6.39186], [-75.44213, 6.39178], [-75.44222, 6.39162], [-75.442447, 6.391562]]], [[[-75.44454, 6.412179], [-75.44491, 6.413887], [-75.444898, 6.415076], [-75.444783, 6.413533], [-75.444529, 6.412518], [-75.44454, 6.412179]]], [[[-75.418902, 6.391746], [-75.41897, 6.391847], [-75.418944, 6.391872], [-75.418902, 6.391746]]], [[[-75.425561, 6.339259], [-75.425461, 6.339579], [-75.424589, 6.340639], [-75.424434, 6.341025], [-75.423513, 6.341274], [-75.422602, 6.341852], [-75.421986, 6.342441], [-75.421499, 6.343238], [-75.421548, 6.34337], [-75.422644, 6.344452], [-75.422568, 6.344598], [-75.422061, 6.344893], [-75.421926, 6.345063], [-75.42219, 6.347209], [-75.422818, 6.349425], [-75.423577, 6.349849], [-75.423739, 6.350204], [-75.424301, 6.350272], [-75.42476, 6.350507], [-75.424931, 6.350778], [-75.424993, 6.351342], [-75.424808, 6.350729], [-75.424598, 6.350482], [-75.423757, 6.350272], [-75.42348, 6.34989], [-75.422874, 6.349512], [-75.422648, 6.349239], [-75.42214, 6.347476], [-75.421841, 6.345107], [-75.421913, 6.34485], [-75.422323, 6.344585], [-75.422323, 6.34438], [-75.421969, 6.343998], [-75.421554, 6.343713], [-75.421102, 6.343148], [-75.420165, 6.342541], [-75.419932, 6.342146], [-75.420064, 6.341501], [-75.420547, 6.340445], [-75.420591, 6.339367], [-75.420882, 6.339378], [-75.42093, 6.339968], [-75.420648, 6.340728], [-75.420238, 6.341385], [-75.420087, 6.342108], [-75.420301, 6.342448], [-75.42114, 6.342991], [-75.421457, 6.34287], [-75.422341, 6.34191], [-75.424434, 6.34052], [-75.425211, 6.339713], [-75.425438, 6.339331], [-75.425344, 6.338318], [-75.424936, 6.33718], [-75.424112, 6.336459], [-75.423834, 6.335982], [-75.423697, 6.335525], [-75.423692, 6.335112], [-75.423858, 6.334611], [-75.423921, 6.333969], [-75.424209, 6.333569], [-75.424128, 6.333133], [-75.42388, 6.332598], [-75.423752, 6.331674], [-75.423976, 6.331146], [-75.423992, 6.330309], [-75.424239, 6.329813], [-75.424073, 6.328931], [-75.424277, 6.329345], [-75.424331, 6.329835], [-75.424281, 6.33009], [-75.424117, 6.330334], [-75.424067, 6.331175], [-75.423857, 6.331665], [-75.423931, 6.332329], [-75.424262, 6.333124], [-75.424348, 6.333621], [-75.424283, 6.33382], [-75.424128, 6.333895], [-75.424008, 6.334102], [-75.423826, 6.335328], [-75.424187, 6.336329], [-75.424824, 6.336863], [-75.425043, 6.337158], [-75.425184, 6.337725], [-75.425438, 6.338265], [-75.425561, 6.339259]]], [[[-75.423051, 6.396499], [-75.422995, 6.396739], [-75.422945, 6.396781], [-75.423051, 6.396499]]], [[[-75.423414, 6.405285], [-75.423354, 6.405189], [-75.423447, 6.405053], [-75.423465, 6.405225], [-75.423414, 6.405285]]], [[[-75.423859, 6.405729], [-75.423895, 6.405827], [-75.423808, 6.405704], [-75.423859, 6.405729]]], [[[-75.424925, 6.352413], [-75.424179, 6.352267], [-75.424023, 6.352152], [-75.424517, 6.352232], [-75.424925, 6.352413]]], [[[-75.42623, 6.406461], [-75.42576, 6.407181], [-75.4257, 6.407418], [-75.425716, 6.407645], [-75.426083, 6.408315], [-75.425555, 6.407908], [-75.425093, 6.407137], [-75.424413, 6.406395], [-75.425018, 6.406872], [-75.425382, 6.406955], [-75.425561, 6.406869], [-75.425923, 6.406452], [-75.425846, 6.406309], [-75.425671, 6.406315], [-75.425654, 6.405907], [-75.425749, 6.405782], [-75.426286, 6.406224], [-75.42623, 6.406461]]], [[[-75.425566, 6.40563], [-75.425455, 6.405574], [-75.425635, 6.405095], [-75.425361, 6.404781], [-75.425533, 6.404625], [-75.425553, 6.404405], [-75.42537, 6.404149], [-75.425121, 6.403996], [-75.425142, 6.403892], [-75.425544, 6.404133], [-75.42572, 6.404379], [-75.425876, 6.405374], [-75.425566, 6.40563]]], [[[-75.425231, 6.404547], [-75.425128, 6.404748], [-75.424795, 6.404695], [-75.424676, 6.404586], [-75.42463, 6.404343], [-75.424748, 6.404343], [-75.424946, 6.40457], [-75.425231, 6.404547]]], [[[-75.427487, 6.400586], [-75.427402, 6.400527], [-75.427484, 6.400405], [-75.427583, 6.400487], [-75.427487, 6.400586]]], [[[-75.425828, 6.396677], [-75.425774, 6.396576], [-75.425807, 6.396423], [-75.425862, 6.396536], [-75.425828, 6.396677]]], [[[-75.426018, 6.39618], [-75.426086, 6.396281], [-75.42606, 6.396314], [-75.426018, 6.39618]]], [[[-75.428365, 6.410798], [-75.428262, 6.410589], [-75.428288, 6.409998], [-75.42812, 6.409435], [-75.428339, 6.40999], [-75.428303, 6.410569], [-75.428365, 6.410798]]], [[[-75.430782, 6.412709], [-75.430263, 6.412367], [-75.429341, 6.411953], [-75.428896, 6.411522], [-75.429649, 6.412031], [-75.430575, 6.412506], [-75.430782, 6.412709]]], [[[-75.429932, 6.39436], [-75.429839, 6.394426], [-75.429681, 6.394376], [-75.429777, 6.394281], [-75.429932, 6.39436]]], [[[-75.431353, 6.388928], [-75.431289, 6.388972], [-75.431129, 6.388827], [-75.431163, 6.388614], [-75.431302, 6.388689], [-75.431353, 6.388928]]], [[[-75.431079, 6.38853], [-75.431042, 6.388426], [-75.431198, 6.388324], [-75.431222, 6.388421], [-75.431079, 6.38853]]], [[[-75.430848, 6.388393], [-75.430761, 6.388453], [-75.430757, 6.388398], [-75.430848, 6.388393]]], [[[-75.430999, 6.388889], [-75.430843, 6.389022], [-75.430724, 6.388971], [-75.430282, 6.388588], [-75.430999, 6.388889]]], [[[-75.432392, 6.414099], [-75.432078, 6.413871], [-75.431755, 6.413439], [-75.432119, 6.413736], [-75.432392, 6.414099]]], [[[-75.433559, 6.387324], [-75.433257, 6.387542], [-75.433155, 6.387764], [-75.432493, 6.387771], [-75.432601, 6.387575], [-75.433212, 6.387451], [-75.433389, 6.387131], [-75.433536, 6.387154], [-75.433559, 6.387324]]], [[[-75.434387, 6.416588], [-75.43409, 6.416378], [-75.433999, 6.416257], [-75.434191, 6.416344], [-75.434387, 6.416588]]], [[[-75.433761, 6.416006], [-75.433638, 6.415833], [-75.433507, 6.415322], [-75.433249, 6.414788], [-75.433495, 6.415033], [-75.433761, 6.416006]]], [[[-75.43469, 6.387534], [-75.43435, 6.387282], [-75.434245, 6.38709], [-75.434655, 6.387388], [-75.43469, 6.387534]]], [[[-75.436433, 6.419096], [-75.436194, 6.418083], [-75.435824, 6.417735], [-75.434984, 6.417264], [-75.434695, 6.416882], [-75.435137, 6.417263], [-75.436276, 6.417959], [-75.436433, 6.419096]]], [[[-75.437097, 6.38175], [-75.436564, 6.382433], [-75.436461, 6.382484], [-75.43658, 6.382209], [-75.43696, 6.381789], [-75.437097, 6.38175]]], [[[-75.436342, 6.382573], [-75.43628, 6.38265], [-75.436246, 6.38265], [-75.436263, 6.382531], [-75.436342, 6.382573]]], [[[-75.437076, 6.41983], [-75.436987, 6.41972], [-75.43673, 6.419449], [-75.43707, 6.419704], [-75.437076, 6.41983]]], [[[-75.437318, 6.420302], [-75.437275, 6.421112], [-75.437082, 6.421845], [-75.437318, 6.420302]]], [[[-75.437315, 6.422295], [-75.437385, 6.423124], [-75.437364, 6.423295], [-75.437315, 6.422295]]], [[[-75.437765, 6.423964], [-75.437789, 6.424068], [-75.43769, 6.423913], [-75.437765, 6.423964]]], [[[-75.439435, 6.425953], [-75.439319, 6.425649], [-75.438822, 6.425137], [-75.43932, 6.425502], [-75.439435, 6.425953]]], [[[-75.44008, 6.426691], [-75.439622, 6.426468], [-75.439422, 6.426293], [-75.44008, 6.426691]]], [[[-75.441344, 6.426777], [-75.440949, 6.426833], [-75.440758, 6.426817], [-75.440893, 6.426767], [-75.441344, 6.426777]]], [[[-75.441157, 6.396726], [-75.441091, 6.397381], [-75.441103, 6.396911], [-75.440952, 6.396508], [-75.440905, 6.396064], [-75.441157, 6.396726]]], [[[-75.443703, 6.426784], [-75.44339, 6.426662], [-75.443151, 6.426623], [-75.443462, 6.426627], [-75.443703, 6.426784]]], [[[-75.444679, 6.391621], [-75.444563, 6.391898], [-75.444411, 6.391309], [-75.443903, 6.39169], [-75.443378, 6.391527], [-75.443451, 6.391344], [-75.443887, 6.391522], [-75.443951, 6.391157], [-75.444197, 6.391047], [-75.444593, 6.391282], [-75.444679, 6.391621]]], [[[-75.445005, 6.427419], [-75.444628, 6.427309], [-75.44446, 6.427204], [-75.445005, 6.427419]]], [[[-75.45099, 6.394502], [-75.449774, 6.393549], [-75.449311, 6.393442], [-75.448881, 6.393131], [-75.448275, 6.392916], [-75.447896, 6.392678], [-75.44606, 6.393055], [-75.445689, 6.392942], [-75.445446, 6.392747], [-75.444874, 6.392632], [-75.444759, 6.392336], [-75.444886, 6.392253], [-75.44511, 6.392317], [-75.445722, 6.392781], [-75.446099, 6.392946], [-75.448026, 6.392627], [-75.448433, 6.392881], [-75.448877, 6.392974], [-75.44941, 6.393384], [-75.450004, 6.39356], [-75.450516, 6.394066], [-75.450921, 6.394334], [-75.45099, 6.394502]]], [[[-75.445844, 6.427675], [-75.445733, 6.427713], [-75.445625, 6.427673], [-75.445777, 6.427609], [-75.445844, 6.427675]]], [[[-75.450809, 6.383681], [-75.450833, 6.383759], [-75.450802, 6.383759], [-75.450809, 6.383681]]], [[[-75.473791, 6.427337], [-75.473022, 6.427329], [-75.47259, 6.427079], [-75.472162, 6.427175], [-75.471596, 6.426791], [-75.470784, 6.426691], [-75.470685, 6.426769], [-75.470693, 6.427251], [-75.47014, 6.427633], [-75.469815, 6.42831], [-75.469638, 6.428447], [-75.469371, 6.428427], [-75.469247, 6.428239], [-75.469074, 6.428218], [-75.468266, 6.428618], [-75.467847, 6.428396], [-75.466807, 6.428135], [-75.465473, 6.428176], [-75.464736, 6.427782], [-75.464059, 6.428248], [-75.463398, 6.428435], [-75.462899, 6.428475], [-75.462428, 6.428626], [-75.4619, 6.428509], [-75.461938, 6.428684], [-75.462879, 6.430109], [-75.46294, 6.430582], [-75.462814, 6.430856], [-75.462839, 6.430264], [-75.462066, 6.429109], [-75.461669, 6.428666], [-75.461324, 6.428567], [-75.460525, 6.428551], [-75.459439, 6.427964], [-75.458348, 6.428004], [-75.457943, 6.427876], [-75.457026, 6.427178], [-75.456666, 6.426574], [-75.455963, 6.426274], [-75.455241, 6.426265], [-75.45479, 6.426168], [-75.454394, 6.42553], [-75.454268, 6.426066], [-75.453898, 6.426339], [-75.45361, 6.426861], [-75.453366, 6.427886], [-75.453519, 6.428023], [-75.454443, 6.428272], [-75.45506, 6.42927], [-75.455119, 6.429439], [-75.455056, 6.429463], [-75.4544, 6.428359], [-75.453644, 6.428134], [-75.453219, 6.427899], [-75.453361, 6.427564], [-75.453411, 6.427028], [-75.453801, 6.42635], [-75.454205, 6.425873], [-75.454133, 6.425239], [-75.453693, 6.424324], [-75.45366, 6.423586], [-75.453507, 6.423083], [-75.452855, 6.422364], [-75.452451, 6.421528], [-75.452436, 6.421304], [-75.452682, 6.420928], [-75.452727, 6.42063], [-75.452246, 6.419929], [-75.451528, 6.419248], [-75.451156, 6.418568], [-75.451134, 6.418224], [-75.451572, 6.419163], [-75.452356, 6.419919], [-75.452867, 6.420611], [-75.452538, 6.421294], [-75.452532, 6.421524], [-75.452969, 6.422379], [-75.453351, 6.422703], [-75.453562, 6.423004], [-75.453706, 6.423458], [-75.453791, 6.424452], [-75.454512, 6.4255], [-75.45471, 6.425954], [-75.455093, 6.426183], [-75.455987, 6.426193], [-75.456737, 6.426513], [-75.457166, 6.427132], [-75.458178, 6.427866], [-75.458632, 6.427927], [-75.459443, 6.427841], [-75.460397, 6.428367], [-75.460731, 6.428444], [-75.462149, 6.42841], [-75.462438, 6.428474], [-75.463928, 6.428144], [-75.464734, 6.42755], [-75.465474, 6.42806], [-75.466732, 6.428049], [-75.468319, 6.428392], [-75.468858, 6.428146], [-75.469253, 6.428116], [-75.469632, 6.428355], [-75.470018, 6.42761], [-75.470328, 6.427314], [-75.470625, 6.427168], [-75.470556, 6.426777], [-75.470694, 6.426618], [-75.471494, 6.426633], [-75.47206, 6.426967], [-75.472572, 6.426939], [-75.473024, 6.427198], [-75.473749, 6.42723], [-75.473791, 6.427337]]], [[[-75.455773, 6.383696], [-75.455725, 6.383662], [-75.455735, 6.383535], [-75.455802, 6.383583], [-75.455773, 6.383696]]], [[[-75.462974, 6.380972], [-75.462333, 6.381104], [-75.461401, 6.381087], [-75.462342, 6.380954], [-75.462896, 6.380769], [-75.462996, 6.380819], [-75.462974, 6.380972]]], [[[-75.465867, 6.383237], [-75.465784, 6.383377], [-75.465718, 6.382944], [-75.465498, 6.382626], [-75.465224, 6.381619], [-75.464989, 6.381261], [-75.464954, 6.381049], [-75.464792, 6.381008], [-75.464724, 6.381182], [-75.464225, 6.381221], [-75.46389, 6.381012], [-75.463193, 6.381377], [-75.463194, 6.381283], [-75.46334, 6.381258], [-75.463464, 6.381106], [-75.463363, 6.380912], [-75.464209, 6.380689], [-75.464493, 6.380859], [-75.465043, 6.380938], [-75.465402, 6.381333], [-75.465574, 6.382278], [-75.465867, 6.383237]], [[-75.46416, 6.380845], [-75.464119, 6.380783], [-75.464012, 6.380828], [-75.464074, 6.380921], [-75.46416, 6.380845]]], [[[-75.46643, 6.382122], [-75.466204, 6.382052], [-75.466173, 6.381994], [-75.466378, 6.382041], [-75.46643, 6.382122]]], [[[-75.466517, 6.382889], [-75.466407, 6.382866], [-75.466239, 6.382974], [-75.466338, 6.382397], [-75.466398, 6.382733], [-75.466517, 6.382889]]], [[[-75.474385, 6.421157], [-75.473996, 6.420726], [-75.473268, 6.420965], [-75.473006, 6.420943], [-75.471928, 6.420442], [-75.470866, 6.420321], [-75.47077, 6.420217], [-75.470633, 6.419829], [-75.469306, 6.419674], [-75.468665, 6.41929], [-75.468033, 6.418553], [-75.46733, 6.418149], [-75.467204, 6.417915], [-75.467185, 6.417644], [-75.467669, 6.417308], [-75.46791, 6.416866], [-75.46784, 6.417251], [-75.46735, 6.417644], [-75.467268, 6.417934], [-75.467411, 6.418109], [-75.468106, 6.418489], [-75.468279, 6.418778], [-75.468879, 6.41931], [-75.469561, 6.419618], [-75.47072, 6.419751], [-75.470814, 6.420201], [-75.471373, 6.420306], [-75.471856, 6.420285], [-75.472929, 6.420811], [-75.473261, 6.42086], [-75.473823, 6.420657], [-75.474188, 6.420687], [-75.474291, 6.420781], [-75.474385, 6.421157]]], [[[-75.468971, 6.377854], [-75.468579, 6.378023], [-75.468289, 6.378042], [-75.468971, 6.377854]]], [[[-75.46964, 6.404725], [-75.469347, 6.40428], [-75.469025, 6.403969], [-75.469538, 6.404381], [-75.46964, 6.404725]]], [[[-75.472031, 6.407256], [-75.471809, 6.406824], [-75.471508, 6.406727], [-75.470423, 6.405793], [-75.469893, 6.405097], [-75.470707, 6.405932], [-75.471474, 6.406572], [-75.471866, 6.406686], [-75.472031, 6.407256]]], [[[-75.470281, 6.364183], [-75.470089, 6.364683], [-75.469928, 6.365138], [-75.47001, 6.364646], [-75.470281, 6.364183]]], [[[-75.476277, 6.383106], [-75.476107, 6.384158], [-75.475234, 6.385267], [-75.475334, 6.38484], [-75.475781, 6.384426], [-75.475985, 6.38411], [-75.476092, 6.383575], [-75.476056, 6.383148], [-75.475483, 6.382394], [-75.475306, 6.381836], [-75.47506, 6.381507], [-75.474607, 6.381185], [-75.474168, 6.381141], [-75.473957, 6.380998], [-75.473804, 6.380386], [-75.472903, 6.379302], [-75.472667, 6.378736], [-75.472451, 6.37863], [-75.472788, 6.378532], [-75.472815, 6.378339], [-75.472639, 6.377931], [-75.472347, 6.377687], [-75.472348, 6.377542], [-75.472472, 6.377578], [-75.472847, 6.378034], [-75.473189, 6.37874], [-75.473468, 6.378887], [-75.473759, 6.37879], [-75.473915, 6.378851], [-75.47402, 6.379403], [-75.473938, 6.380089], [-75.47399, 6.380705], [-75.474244, 6.380975], [-75.474616, 6.381019], [-75.47516, 6.381272], [-75.475536, 6.382094], [-75.475828, 6.382475], [-75.476069, 6.382631], [-75.476277, 6.383106]], [[-75.473884, 6.379429], [-75.473762, 6.378935], [-75.473382, 6.378958], [-75.473024, 6.378869], [-75.472922, 6.378922], [-75.473066, 6.379328], [-75.473403, 6.379517], [-75.473533, 6.379857], [-75.473715, 6.379784], [-75.473884, 6.379429]]], [[[-75.472128, 6.377653], [-75.471546, 6.37756], [-75.471377, 6.377654], [-75.471316, 6.37743], [-75.471019, 6.377265], [-75.47078, 6.376984], [-75.470949, 6.376905], [-75.471336, 6.376968], [-75.471506, 6.377234], [-75.472128, 6.377653]]], [[[-75.479339, 6.379193], [-75.477729, 6.378929], [-75.477263, 6.378629], [-75.476664, 6.378734], [-75.476418, 6.37844], [-75.475823, 6.378246], [-75.475483, 6.377851], [-75.475882, 6.377966], [-75.476167, 6.377672], [-75.476663, 6.377761], [-75.477121, 6.378012], [-75.47754, 6.378591], [-75.477891, 6.378902], [-75.478425, 6.378731], [-75.479339, 6.379193]], [[-75.477156, 6.378159], [-75.476598, 6.37799], [-75.476414, 6.377768], [-75.476232, 6.377805], [-75.476085, 6.377998], [-75.476802, 6.378472], [-75.476857, 6.378341], [-75.477014, 6.37842], [-75.477173, 6.378329], [-75.477156, 6.378159]]], [[[-75.481499, 6.375965], [-75.480446, 6.376519], [-75.480069, 6.376574], [-75.479292, 6.375851], [-75.478826, 6.37513], [-75.479001, 6.37512], [-75.479479, 6.3754], [-75.479955, 6.376161], [-75.480309, 6.376421], [-75.480483, 6.376437], [-75.480826, 6.376295], [-75.481659, 6.375706], [-75.481499, 6.375965]]], [[[-75.481554, 6.380903], [-75.481163, 6.381478], [-75.481339, 6.380878], [-75.481145, 6.380407], [-75.481197, 6.379894], [-75.480767, 6.3796], [-75.480202, 6.379538], [-75.480932, 6.379602], [-75.481233, 6.379806], [-75.481265, 6.380442], [-75.481554, 6.380903]]], [[[-75.484179, 6.387869], [-75.48391, 6.387444], [-75.483517, 6.387482], [-75.483055, 6.387199], [-75.482861, 6.387192], [-75.482578, 6.387462], [-75.482466, 6.387893], [-75.482165, 6.388445], [-75.482185, 6.388712], [-75.482322, 6.388941], [-75.482394, 6.389906], [-75.483036, 6.390748], [-75.483127, 6.391261], [-75.48338, 6.391891], [-75.48299, 6.392363], [-75.482801, 6.392775], [-75.482775, 6.393959], [-75.482892, 6.394975], [-75.482821, 6.395848], [-75.482291, 6.396635], [-75.482126, 6.39719], [-75.482138, 6.397646], [-75.481827, 6.398269], [-75.481955, 6.398495], [-75.481899, 6.398579], [-75.481755, 6.39845], [-75.481753, 6.398151], [-75.482085, 6.397503], [-75.482077, 6.397102], [-75.48225, 6.396555], [-75.482651, 6.395978], [-75.482737, 6.395664], [-75.482808, 6.394944], [-75.482709, 6.393828], [-75.482735, 6.392803], [-75.482926, 6.39233], [-75.483275, 6.391928], [-75.483318, 6.391768], [-75.483033, 6.391337], [-75.483022, 6.391064], [-75.482871, 6.39068], [-75.482336, 6.389949], [-75.482258, 6.389008], [-75.482036, 6.388763], [-75.481944, 6.388798], [-75.481797, 6.389182], [-75.481343, 6.389482], [-75.480875, 6.390294], [-75.480765, 6.390651], [-75.480703, 6.390676], [-75.480685, 6.390592], [-75.480774, 6.3903], [-75.480979, 6.390069], [-75.481288, 6.389419], [-75.481779, 6.3891], [-75.481891, 6.388374], [-75.482281, 6.388066], [-75.482456, 6.387467], [-75.4829, 6.386995], [-75.482664, 6.386276], [-75.482984, 6.386016], [-75.483007, 6.385891], [-75.482301, 6.384186], [-75.48267, 6.384745], [-75.483067, 6.385981], [-75.482774, 6.386233], [-75.482796, 6.386444], [-75.483417, 6.387273], [-75.48366, 6.387396], [-75.484026, 6.387349], [-75.484179, 6.387869]]], [[[-75.482009, 6.383992], [-75.481811, 6.38393], [-75.481795, 6.383905], [-75.482009, 6.383992]]], [[[-75.481843, 6.38347], [-75.481753, 6.383567], [-75.481773, 6.383167], [-75.481291, 6.382728], [-75.481159, 6.382283], [-75.481394, 6.38279], [-75.481896, 6.383081], [-75.481843, 6.38347]]], [[[-75.48262, 6.375929], [-75.482281, 6.37592], [-75.482016, 6.375769], [-75.48262, 6.375929]]], [[[-75.482575, 6.37543], [-75.48249, 6.375208], [-75.482531, 6.375131], [-75.482575, 6.37543]]], [[[-75.483738, 6.374434], [-75.483685, 6.374415], [-75.483796, 6.374367], [-75.483738, 6.374434]]], [[[-75.483365, 6.374633], [-75.483538, 6.37456], [-75.483286, 6.374709], [-75.483365, 6.374633]]], [[[-75.483075, 6.374852], [-75.482871, 6.374965], [-75.482767, 6.375], [-75.482856, 6.374914], [-75.483075, 6.374852]]], [[[-75.485583, 6.373243], [-75.485008, 6.373607], [-75.484656, 6.373963], [-75.484328, 6.374119], [-75.485256, 6.373334], [-75.485583, 6.373243]]], [[[-75.484937, 6.389715], [-75.48465, 6.38918], [-75.484503, 6.388576], [-75.484323, 6.388375], [-75.484426, 6.388397], [-75.484597, 6.388668], [-75.484937, 6.389715]]], [[[-75.486821, 6.390748], [-75.486741, 6.390733], [-75.4867, 6.390672], [-75.486768, 6.390679], [-75.486821, 6.390748]]], [[[-75.486553, 6.390522], [-75.486158, 6.390336], [-75.485676, 6.390348], [-75.48532, 6.390149], [-75.485869, 6.390289], [-75.486202, 6.390251], [-75.486553, 6.390522]]], [[[-75.489285, 6.408469], [-75.488814, 6.408973], [-75.489039, 6.409625], [-75.489082, 6.410169], [-75.489252, 6.410448], [-75.489134, 6.411011], [-75.489082, 6.411056], [-75.489175, 6.410394], [-75.489026, 6.410314], [-75.488678, 6.410706], [-75.488442, 6.411415], [-75.488017, 6.411586], [-75.487718, 6.411836], [-75.487466, 6.412582], [-75.48679, 6.413508], [-75.487464, 6.412468], [-75.487659, 6.411702], [-75.487921, 6.411506], [-75.48827, 6.411403], [-75.488462, 6.411218], [-75.48861, 6.410693], [-75.48901, 6.409953], [-75.488961, 6.409593], [-75.48874, 6.409063], [-75.48919, 6.408434], [-75.489095, 6.408153], [-75.489264, 6.40827], [-75.489285, 6.408469]]], [[[-75.486832, 6.413863], [-75.48652, 6.414695], [-75.486194, 6.41598], [-75.485521, 6.416736], [-75.485674, 6.418708], [-75.485537, 6.418553], [-75.485484, 6.41812], [-75.485508, 6.416669], [-75.486096, 6.415945], [-75.486381, 6.415114], [-75.486562, 6.414238], [-75.486832, 6.413863]]], [[[-75.489196, 6.423294], [-75.488743, 6.423821], [-75.488395, 6.424431], [-75.487981, 6.424743], [-75.487484, 6.424999], [-75.488268, 6.424509], [-75.488664, 6.423657], [-75.489196, 6.423294]]], [[[-75.487442, 6.391512], [-75.487503, 6.391734], [-75.487405, 6.391467], [-75.487442, 6.391512]]], [[[-75.487222, 6.391273], [-75.487168, 6.39127], [-75.48717, 6.391236], [-75.487222, 6.391273]]], [[[-75.488353, 6.40557], [-75.488079, 6.405178], [-75.487826, 6.405126], [-75.487572, 6.405282], [-75.487294, 6.405657], [-75.48739, 6.405361], [-75.48808, 6.404793], [-75.488353, 6.40557]]], [[[-75.488623, 6.394325], [-75.488568, 6.394577], [-75.488469, 6.394137], [-75.488276, 6.393763], [-75.488232, 6.393163], [-75.487958, 6.392827], [-75.488212, 6.392962], [-75.488326, 6.393771], [-75.488623, 6.394325]]], [[[-75.488615, 6.403978], [-75.488509, 6.404238], [-75.488423, 6.4043], [-75.488615, 6.403978]]], [[[-75.488693, 6.40692], [-75.488432, 6.406399], [-75.48843, 6.406209], [-75.488693, 6.40692]]], [[[-75.488628, 6.39529], [-75.488595, 6.395485], [-75.488486, 6.395704], [-75.488522, 6.395117], [-75.488628, 6.39529]]], [[[-75.489436, 6.396901], [-75.489373, 6.397202], [-75.489243, 6.396738], [-75.488695, 6.396411], [-75.489363, 6.39673], [-75.489436, 6.396901]]], [[[-75.488844, 6.413515], [-75.488769, 6.413363], [-75.488768, 6.413275], [-75.48888, 6.413438], [-75.488844, 6.413515]]], [[[-75.48905, 6.412627], [-75.488855, 6.413023], [-75.489045, 6.412245], [-75.489038, 6.411829], [-75.489088, 6.412313], [-75.48905, 6.412627]]], [[[-75.491215, 6.421604], [-75.49097, 6.42105], [-75.490985, 6.420414], [-75.490864, 6.419689], [-75.490389, 6.418662], [-75.490414, 6.418208], [-75.490237, 6.417883], [-75.49008, 6.416762], [-75.489753, 6.416219], [-75.489168, 6.41565], [-75.489816, 6.416164], [-75.490196, 6.41688], [-75.490314, 6.417774], [-75.490522, 6.418148], [-75.490469, 6.418553], [-75.490965, 6.419778], [-75.491056, 6.420861], [-75.491215, 6.421604]]], [[[-75.489045, 6.415397], [-75.488873, 6.415012], [-75.488872, 6.414178], [-75.489045, 6.415397]]], [[[-75.489141, 6.401523], [-75.489024, 6.402139], [-75.488862, 6.402313], [-75.489141, 6.401523]]], [[[-75.489246, 6.398142], [-75.489143, 6.39874], [-75.489113, 6.39877], [-75.489246, 6.398142]]], [[[-75.489392, 6.400892], [-75.489292, 6.400996], [-75.489421, 6.400543], [-75.489152, 6.399183], [-75.489465, 6.400522], [-75.489392, 6.400892]]], [[[-75.490355, 6.422816], [-75.489983, 6.422963], [-75.489718, 6.423026], [-75.490142, 6.422825], [-75.490355, 6.422816]]], [[[-75.491121, 6.422133], [-75.490928, 6.422498], [-75.490751, 6.4226], [-75.491121, 6.422133]]]]}, "properties": {"clase": 3, "area_ha": 311.35088648509685}}]}